// Validating benchmarks:
// ***** BenchmarkRunner: Start   *****
// ***** Found 120 benchmark(s) in total *****
// ***** Building 3 exe(s) in Parallel: Start   *****
// ***** Done, took 00:00:27 (27.94 sec)   *****
// ***** Failed to build in Parallel, switching to sequential build   *****
// ***** Done, took 00:00:04 (4.63 sec)   *****
// Found 6 benchmarks:
//   DapperTypeHandlerBenchmarks.Parse_TenantCode_ValidObject: .NET 10.0(Runtime=.NET 10.0, Toolchain=net10.0)
//   DapperTypeHandlerBenchmarks.Parse_TenantCode_Null: .NET 10.0(Runtime=.NET 10.0, Toolchain=net10.0)
//   DapperTypeHandlerBenchmarks.Parse_TenantCode_ValidObject: .NET 8.0(Runtime=.NET 8.0, Toolchain=net8.0)
//   DapperTypeHandlerBenchmarks.Parse_TenantCode_Null: .NET 8.0(Runtime=.NET 8.0, Toolchain=net8.0)
//   DapperTypeHandlerBenchmarks.Parse_TenantCode_ValidObject: .NET 9.0(Runtime=.NET 9.0, Toolchain=net9.0)
//   DapperTypeHandlerBenchmarks.Parse_TenantCode_Null: .NET 9.0(Runtime=.NET 9.0, Toolchain=net9.0)

// **************************
// Benchmark: DapperTypeHandlerBenchmarks.Parse_TenantCode_ValidObject: .NET 10.0(Runtime=.NET 10.0, Toolchain=net10.0)
// *** Execute ***
// Launch: 1 / 1
// Execute: dotnet "EricksonLopez.ValueObjects.Benchmarks-.NET 10.0-1.dll" --anonymousPipes 127 129 --benchmarkName EricksonLopez.ValueObjects.Benchmarks.DapperTypeHandlerBenchmarks.Parse_TenantCode_ValidObject --job ".NET 10.0" --benchmarkId 0 in /home/runner/work/dotnet-value-objects/dotnet-value-objects/benchmarks/EricksonLopez.ValueObjects.Benchmarks/bin/Release/net10.0/EricksonLopez.ValueObjects.Benchmarks-.NET 10.0-1/bin/Release/net10.0
// Failed to set up high priority (Permission denied). In order to run benchmarks with high priority, make sure you have the right permissions.
// BeforeAnythingElse

System.Reflection.TargetInvocationException: Exception has been thrown by the target of an invocation.
 ---> System.InvalidOperationException: Cannot access Value of a failed result. Error: [Validation] TenantCode.InvalidFormat: Tenant code must be DNS-friendly lowercase text using letters, digits, and hyphens.
   at EricksonLopez.Result.Result`1.get_Value()
   at EricksonLopez.ValueObjects.Benchmarks.DapperTypeHandlerBenchmarks..ctor() in /_/benchmarks/EricksonLopez.ValueObjects.Benchmarks/DapperTypeHandlerBenchmarks.cs:line 17
   at BenchmarkDotNet.Autogenerated.Runnable_0..ctor() in /_/benchmarks/EricksonLopez.ValueObjects.Benchmarks/bin/Release/net10.0/EricksonLopez.ValueObjects.Benchmarks-.NET 10.0-1/EricksonLopez.ValueObjects.Benchmarks-.NET 10.0-1.notcs:line 190
   at BenchmarkDotNet.Autogenerated.Runnable_0.Run(IHost host, String benchmarkName) in /_/benchmarks/EricksonLopez.ValueObjects.Benchmarks/bin/Release/net10.0/EricksonLopez.ValueObjects.Benchmarks-.NET 10.0-1/EricksonLopez.ValueObjects.Benchmarks-.NET 10.0-1.notcs:line 138
   at System.Reflection.MethodBaseInvoker.InterpretedInvoke_Method(Object obj, IntPtr* args)
   at System.Reflection.MethodBaseInvoker.InvokeDirectByRefWithFewArgs(Object obj, Span`1 copyOfArgs, BindingFlags invokeAttr)
   --- End of inner exception stack trace ---
   at System.Reflection.MethodBaseInvoker.InvokeDirectByRefWithFewArgs(Object obj, Span`1 copyOfArgs, BindingFlags invokeAttr)
   at System.Reflection.MethodBaseInvoker.InvokeWithFewArgs(Object obj, BindingFlags invokeAttr, Binder binder, Object[] parameters, CultureInfo culture)
   at System.Reflection.RuntimeMethodInfo.Invoke(Object obj, BindingFlags invokeAttr, Binder binder, Object[] parameters, CultureInfo culture)
   at BenchmarkDotNet.Autogenerated.UniqueProgramName.AfterAssemblyLoadingAttached(String[] args) in /_/benchmarks/EricksonLopez.ValueObjects.Benchmarks/bin/Release/net10.0/EricksonLopez.ValueObjects.Benchmarks-.NET 10.0-1/EricksonLopez.ValueObjects.Benchmarks-.NET 10.0-1.notcs:line 57
// AfterAll
No Workload Results were obtained from the run.
// Benchmark Process 3979 has exited with code 255.

// ** Remained 119 (99.2 %) benchmark(s) to run. Estimated finish 2026-08-30 7:38 (0h 0m from now) **
// **************************
// Benchmark: DapperTypeHandlerBenchmarks.Parse_TenantCode_Null: .NET 10.0(Runtime=.NET 10.0, Toolchain=net10.0)
// *** Execute ***
// Launch: 1 / 1
// Execute: dotnet "EricksonLopez.ValueObjects.Benchmarks-.NET 10.0-1.dll" --anonymousPipes 127 129 --benchmarkName EricksonLopez.ValueObjects.Benchmarks.DapperTypeHandlerBenchmarks.Parse_TenantCode_Null --job ".NET 10.0" --benchmarkId 1 in /home/runner/work/dotnet-value-objects/dotnet-value-objects/benchmarks/EricksonLopez.ValueObjects.Benchmarks/bin/Release/net10.0/EricksonLopez.ValueObjects.Benchmarks-.NET 10.0-1/bin/Release/net10.0
// Failed to set up high priority (Permission denied). In order to run benchmarks with high priority, make sure you have the right permissions.
// BeforeAnythingElse

System.Reflection.TargetInvocationException: Exception has been thrown by the target of an invocation.
 ---> System.InvalidOperationException: Cannot access Value of a failed result. Error: [Validation] TenantCode.InvalidFormat: Tenant code must be DNS-friendly lowercase text using letters, digits, and hyphens.
   at EricksonLopez.Result.Result`1.get_Value()
   at EricksonLopez.ValueObjects.Benchmarks.DapperTypeHandlerBenchmarks..ctor() in /_/benchmarks/EricksonLopez.ValueObjects.Benchmarks/DapperTypeHandlerBenchmarks.cs:line 17
   at BenchmarkDotNet.Autogenerated.Runnable_1..ctor() in /_/benchmarks/EricksonLopez.ValueObjects.Benchmarks/bin/Release/net10.0/EricksonLopez.ValueObjects.Benchmarks-.NET 10.0-1/EricksonLopez.ValueObjects.Benchmarks-.NET 10.0-1.notcs:line 387
   at BenchmarkDotNet.Autogenerated.Runnable_1.Run(IHost host, String benchmarkName) in /_/benchmarks/EricksonLopez.ValueObjects.Benchmarks/bin/Release/net10.0/EricksonLopez.ValueObjects.Benchmarks-.NET 10.0-1/EricksonLopez.ValueObjects.Benchmarks-.NET 10.0-1.notcs:line 335
   at System.Reflection.MethodBaseInvoker.InterpretedInvoke_Method(Object obj, IntPtr* args)
   at System.Reflection.MethodBaseInvoker.InvokeDirectByRefWithFewArgs(Object obj, Span`1 copyOfArgs, BindingFlags invokeAttr)
   --- End of inner exception stack trace ---
   at System.Reflection.MethodBaseInvoker.InvokeDirectByRefWithFewArgs(Object obj, Span`1 copyOfArgs, BindingFlags invokeAttr)
   at System.Reflection.MethodBaseInvoker.InvokeWithFewArgs(Object obj, BindingFlags invokeAttr, Binder binder, Object[] parameters, CultureInfo culture)
   at System.Reflection.RuntimeMethodInfo.Invoke(Object obj, BindingFlags invokeAttr, Binder binder, Object[] parameters, CultureInfo culture)
   at BenchmarkDotNet.Autogenerated.UniqueProgramName.AfterAssemblyLoadingAttached(String[] args) in /_/benchmarks/EricksonLopez.ValueObjects.Benchmarks/bin/Release/net10.0/EricksonLopez.ValueObjects.Benchmarks-.NET 10.0-1/EricksonLopez.ValueObjects.Benchmarks-.NET 10.0-1.notcs:line 57
// AfterAll
No Workload Results were obtained from the run.
// Benchmark Process 3987 has exited with code 255.

// ** Remained 118 (98.3 %) benchmark(s) to run. Estimated finish 2026-08-30 7:37 (0h 0m from now) **
// Build Error: Standard output: 
  
 Standard error: 
   Determining projects to restore...
/home/runner/work/dotnet-value-objects/dotnet-value-objects/benchmarks/EricksonLopez.ValueObjects.Benchmarks/bin/Release/net10.0/EricksonLopez.ValueObjects.Benchmarks-.NET 8.0-2/BenchmarkDotNet.Autogenerated.csproj : error NU1201: Project EricksonLopez.ValueObjects.Benchmarks is not compatible with net8.0 (.NETCoreApp,Version=v8.0). Project EricksonLopez.ValueObjects.Benchmarks supports: net10.0 (.NETCoreApp,Version=v10.0)
  Failed to restore /home/runner/work/dotnet-value-objects/dotnet-value-objects/benchmarks/EricksonLopez.ValueObjects.Benchmarks/bin/Release/net10.0/EricksonLopez.ValueObjects.Benchmarks-.NET 8.0-2/BenchmarkDotNet.Autogenerated.csproj (in 272 ms).
  5 of 6 projects are up-to-date for restore.

// BenchmarkDotNet has failed to build the auto-generated boilerplate code.
// It can be found in /home/runner/work/dotnet-value-objects/dotnet-value-objects/benchmarks/EricksonLopez.ValueObjects.Benchmarks/bin/Release/net10.0/EricksonLopez.ValueObjects.Benchmarks-.NET 8.0-2
// Please follow the troubleshooting guide: https://benchmarkdotnet.org/articles/guides/troubleshooting.html

// ** Remained 117 (97.5 %) benchmark(s) to run. Estimated finish 2026-08-30 7:37 (0h 0m from now) **
// Build Error: Standard output: 
  
 Standard error: 
   Determining projects to restore...
/home/runner/work/dotnet-value-objects/dotnet-value-objects/benchmarks/EricksonLopez.ValueObjects.Benchmarks/bin/Release/net10.0/EricksonLopez.ValueObjects.Benchmarks-.NET 8.0-2/BenchmarkDotNet.Autogenerated.csproj : error NU1201: Project EricksonLopez.ValueObjects.Benchmarks is not compatible with net8.0 (.NETCoreApp,Version=v8.0). Project EricksonLopez.ValueObjects.Benchmarks supports: net10.0 (.NETCoreApp,Version=v10.0)
  Failed to restore /home/runner/work/dotnet-value-objects/dotnet-value-objects/benchmarks/EricksonLopez.ValueObjects.Benchmarks/bin/Release/net10.0/EricksonLopez.ValueObjects.Benchmarks-.NET 8.0-2/BenchmarkDotNet.Autogenerated.csproj (in 272 ms).
  5 of 6 projects are up-to-date for restore.

// BenchmarkDotNet has failed to build the auto-generated boilerplate code.
// It can be found in /home/runner/work/dotnet-value-objects/dotnet-value-objects/benchmarks/EricksonLopez.ValueObjects.Benchmarks/bin/Release/net10.0/EricksonLopez.ValueObjects.Benchmarks-.NET 8.0-2
// Please follow the troubleshooting guide: https://benchmarkdotnet.org/articles/guides/troubleshooting.html

// ** Remained 116 (96.7 %) benchmark(s) to run. Estimated finish 2026-08-30 7:37 (0h 0m from now) **
// Build Error: Standard output: 
  
 Standard error: 
   Determining projects to restore...
/home/runner/work/dotnet-value-objects/dotnet-value-objects/benchmarks/EricksonLopez.ValueObjects.Benchmarks/bin/Release/net10.0/EricksonLopez.ValueObjects.Benchmarks-.NET 9.0-3/BenchmarkDotNet.Autogenerated.csproj : error NU1201: Project EricksonLopez.ValueObjects.Benchmarks is not compatible with net9.0 (.NETCoreApp,Version=v9.0). Project EricksonLopez.ValueObjects.Benchmarks supports: net10.0 (.NETCoreApp,Version=v10.0)
  Failed to restore /home/runner/work/dotnet-value-objects/dotnet-value-objects/benchmarks/EricksonLopez.ValueObjects.Benchmarks/bin/Release/net10.0/EricksonLopez.ValueObjects.Benchmarks-.NET 9.0-3/BenchmarkDotNet.Autogenerated.csproj (in 228 ms).
  5 of 6 projects are up-to-date for restore.

// BenchmarkDotNet has failed to build the auto-generated boilerplate code.
// It can be found in /home/runner/work/dotnet-value-objects/dotnet-value-objects/benchmarks/EricksonLopez.ValueObjects.Benchmarks/bin/Release/net10.0/EricksonLopez.ValueObjects.Benchmarks-.NET 9.0-3
// Please follow the troubleshooting guide: https://benchmarkdotnet.org/articles/guides/troubleshooting.html

// ** Remained 115 (95.8 %) benchmark(s) to run. Estimated finish 2026-08-30 7:37 (0h 0m from now) **
// Build Error: Standard output: 
  
 Standard error: 
   Determining projects to restore...
/home/runner/work/dotnet-value-objects/dotnet-value-objects/benchmarks/EricksonLopez.ValueObjects.Benchmarks/bin/Release/net10.0/EricksonLopez.ValueObjects.Benchmarks-.NET 9.0-3/BenchmarkDotNet.Autogenerated.csproj : error NU1201: Project EricksonLopez.ValueObjects.Benchmarks is not compatible with net9.0 (.NETCoreApp,Version=v9.0). Project EricksonLopez.ValueObjects.Benchmarks supports: net10.0 (.NETCoreApp,Version=v10.0)
  Failed to restore /home/runner/work/dotnet-value-objects/dotnet-value-objects/benchmarks/EricksonLopez.ValueObjects.Benchmarks/bin/Release/net10.0/EricksonLopez.ValueObjects.Benchmarks-.NET 9.0-3/BenchmarkDotNet.Autogenerated.csproj (in 228 ms).
  5 of 6 projects are up-to-date for restore.

// BenchmarkDotNet has failed to build the auto-generated boilerplate code.
// It can be found in /home/runner/work/dotnet-value-objects/dotnet-value-objects/benchmarks/EricksonLopez.ValueObjects.Benchmarks/bin/Release/net10.0/EricksonLopez.ValueObjects.Benchmarks-.NET 9.0-3
// Please follow the troubleshooting guide: https://benchmarkdotnet.org/articles/guides/troubleshooting.html

// ** Remained 114 (95.0 %) benchmark(s) to run. Estimated finish 2026-08-30 7:37 (0h 0m from now) **
// ***** BenchmarkRunner: Finish  *****

// * Export *
  benchmarks/results/results/EricksonLopez.ValueObjects.Benchmarks.DapperTypeHandlerBenchmarks-report.csv
  benchmarks/results/results/EricksonLopez.ValueObjects.Benchmarks.DapperTypeHandlerBenchmarks-report-github.md
  benchmarks/results/results/EricksonLopez.ValueObjects.Benchmarks.DapperTypeHandlerBenchmarks-report.html
  benchmarks/results/results/EricksonLopez.ValueObjects.Benchmarks.DapperTypeHandlerBenchmarks-report-full-compressed.json
  benchmarks/results/results/EricksonLopez.ValueObjects.Benchmarks.DapperTypeHandlerBenchmarks-report-default.md

// * Detailed results *
DapperTypeHandlerBenchmarks.Parse_TenantCode_ValidObject: .NET 10.0(Runtime=.NET 10.0, Toolchain=net10.0)
Runtime = ; GC = 
There are not any results runs

DapperTypeHandlerBenchmarks.Parse_TenantCode_ValidObject: .NET 8.0(Runtime=.NET 8.0, Toolchain=net8.0)
Runtime = ; GC = 
There are not any results runs

DapperTypeHandlerBenchmarks.Parse_TenantCode_ValidObject: .NET 9.0(Runtime=.NET 9.0, Toolchain=net9.0)
Runtime = ; GC = 
There are not any results runs

DapperTypeHandlerBenchmarks.Parse_TenantCode_Null: .NET 10.0(Runtime=.NET 10.0, Toolchain=net10.0)
Runtime = ; GC = 
There are not any results runs

DapperTypeHandlerBenchmarks.Parse_TenantCode_Null: .NET 8.0(Runtime=.NET 8.0, Toolchain=net8.0)
Runtime = ; GC = 
There are not any results runs

DapperTypeHandlerBenchmarks.Parse_TenantCode_Null: .NET 9.0(Runtime=.NET 9.0, Toolchain=net9.0)
Runtime = ; GC = 
There are not any results runs

// * Summary *

BenchmarkDotNet v0.15.8, Linux Ubuntu 24.04.4 LTS (Noble Numbat)
AMD EPYC 7763 2.60GHz, 1 CPU, 4 logical and 2 physical cores
.NET SDK 10.0.400
  [Host] : .NET 10.0.11 (10.0.11, 10.0.1126.37416), X64 RyuJIT x86-64-v3


| Method                       | Job       | Runtime   | Mean | Error | Ratio | RatioSD | Alloc Ratio |
|----------------------------- |---------- |---------- |-----:|------:|------:|--------:|------------:|
| Parse_TenantCode_ValidObject | .NET 10.0 | .NET 10.0 |   NA |    NA |     ? |       ? |           ? |
| Parse_TenantCode_ValidObject | .NET 8.0  | .NET 8.0  |   NA |    NA |     ? |       ? |           ? |
| Parse_TenantCode_ValidObject | .NET 9.0  | .NET 9.0  |   NA |    NA |     ? |       ? |           ? |
|                              |           |           |      |       |       |         |             |
| Parse_TenantCode_Null        | .NET 10.0 | .NET 10.0 |   NA |    NA |     ? |       ? |           ? |
| Parse_TenantCode_Null        | .NET 8.0  | .NET 8.0  |   NA |    NA |     ? |       ? |           ? |
| Parse_TenantCode_Null        | .NET 9.0  | .NET 9.0  |   NA |    NA |     ? |       ? |           ? |

Benchmarks with issues:
  DapperTypeHandlerBenchmarks.Parse_TenantCode_ValidObject: .NET 10.0(Runtime=.NET 10.0, Toolchain=net10.0)
  DapperTypeHandlerBenchmarks.Parse_TenantCode_ValidObject: .NET 8.0(Runtime=.NET 8.0, Toolchain=net8.0)
  DapperTypeHandlerBenchmarks.Parse_TenantCode_ValidObject: .NET 9.0(Runtime=.NET 9.0, Toolchain=net9.0)
  DapperTypeHandlerBenchmarks.Parse_TenantCode_Null: .NET 10.0(Runtime=.NET 10.0, Toolchain=net10.0)
  DapperTypeHandlerBenchmarks.Parse_TenantCode_Null: .NET 8.0(Runtime=.NET 8.0, Toolchain=net8.0)
  DapperTypeHandlerBenchmarks.Parse_TenantCode_Null: .NET 9.0(Runtime=.NET 9.0, Toolchain=net9.0)

// * Warnings *
BaselineCustomAnalyzer
  Summary -> A question mark '?' symbol indicates that it was not possible to compute the (Ratio, RatioSD, Alloc Ratio) column(s) because the baseline or benchmark could not be found, or the baseline value is too close to zero.

// * Legends *
  Mean        : Arithmetic mean of all measurements
  Error       : Half of 99.9% confidence interval
  Ratio       : Mean of the ratio distribution ([Current]/[Baseline])
  RatioSD     : Standard deviation of the ratio distribution ([Current]/[Baseline])
  Alloc Ratio : Allocated memory ratio distribution ([Current]/[Baseline])
  1 ns        : 1 Nanosecond (0.000000001 sec)

// * Diagnostic Output - MemoryDiagnoser *


// ***** BenchmarkRunner: End *****
Run time: 00:00:00 (0.24 sec), executed benchmarks: 2

// Found 30 benchmarks:
//   ParsingBenchmarks.Parse_Percentage_String: .NET 10.0(Runtime=.NET 10.0, Toolchain=net10.0)
//   ParsingBenchmarks.Parse_Percentage_Span: .NET 10.0(Runtime=.NET 10.0, Toolchain=net10.0)
//   ParsingBenchmarks.TryParse_Percentage_Span: .NET 10.0(Runtime=.NET 10.0, Toolchain=net10.0)
//   ParsingBenchmarks.Parse_Cuit_String: .NET 10.0(Runtime=.NET 10.0, Toolchain=net10.0)
//   ParsingBenchmarks.Parse_Cuit_Span: .NET 10.0(Runtime=.NET 10.0, Toolchain=net10.0)
//   ParsingBenchmarks.Parse_Cuit_Utf8: .NET 10.0(Runtime=.NET 10.0, Toolchain=net10.0)
//   ParsingBenchmarks.TryParse_Cuit_Utf8: .NET 10.0(Runtime=.NET 10.0, Toolchain=net10.0)
//   ParsingBenchmarks.Parse_Cbu_String: .NET 10.0(Runtime=.NET 10.0, Toolchain=net10.0)
//   ParsingBenchmarks.Parse_Cbu_Span: .NET 10.0(Runtime=.NET 10.0, Toolchain=net10.0)
//   ParsingBenchmarks.Parse_Cbu_Utf8: .NET 10.0(Runtime=.NET 10.0, Toolchain=net10.0)
//   ParsingBenchmarks.Parse_Percentage_String: .NET 8.0(Runtime=.NET 8.0, Toolchain=net8.0)
//   ParsingBenchmarks.Parse_Percentage_Span: .NET 8.0(Runtime=.NET 8.0, Toolchain=net8.0)
//   ParsingBenchmarks.TryParse_Percentage_Span: .NET 8.0(Runtime=.NET 8.0, Toolchain=net8.0)
//   ParsingBenchmarks.Parse_Cuit_String: .NET 8.0(Runtime=.NET 8.0, Toolchain=net8.0)
//   ParsingBenchmarks.Parse_Cuit_Span: .NET 8.0(Runtime=.NET 8.0, Toolchain=net8.0)
//   ParsingBenchmarks.Parse_Cuit_Utf8: .NET 8.0(Runtime=.NET 8.0, Toolchain=net8.0)
//   ParsingBenchmarks.TryParse_Cuit_Utf8: .NET 8.0(Runtime=.NET 8.0, Toolchain=net8.0)
//   ParsingBenchmarks.Parse_Cbu_String: .NET 8.0(Runtime=.NET 8.0, Toolchain=net8.0)
//   ParsingBenchmarks.Parse_Cbu_Span: .NET 8.0(Runtime=.NET 8.0, Toolchain=net8.0)
//   ParsingBenchmarks.Parse_Cbu_Utf8: .NET 8.0(Runtime=.NET 8.0, Toolchain=net8.0)
//   ParsingBenchmarks.Parse_Percentage_String: .NET 9.0(Runtime=.NET 9.0, Toolchain=net9.0)
//   ParsingBenchmarks.Parse_Percentage_Span: .NET 9.0(Runtime=.NET 9.0, Toolchain=net9.0)
//   ParsingBenchmarks.TryParse_Percentage_Span: .NET 9.0(Runtime=.NET 9.0, Toolchain=net9.0)
//   ParsingBenchmarks.Parse_Cuit_String: .NET 9.0(Runtime=.NET 9.0, Toolchain=net9.0)
//   ParsingBenchmarks.Parse_Cuit_Span: .NET 9.0(Runtime=.NET 9.0, Toolchain=net9.0)
//   ParsingBenchmarks.Parse_Cuit_Utf8: .NET 9.0(Runtime=.NET 9.0, Toolchain=net9.0)
//   ParsingBenchmarks.TryParse_Cuit_Utf8: .NET 9.0(Runtime=.NET 9.0, Toolchain=net9.0)
//   ParsingBenchmarks.Parse_Cbu_String: .NET 9.0(Runtime=.NET 9.0, Toolchain=net9.0)
//   ParsingBenchmarks.Parse_Cbu_Span: .NET 9.0(Runtime=.NET 9.0, Toolchain=net9.0)
//   ParsingBenchmarks.Parse_Cbu_Utf8: .NET 9.0(Runtime=.NET 9.0, Toolchain=net9.0)

// **************************
// Benchmark: ParsingBenchmarks.Parse_Percentage_String: .NET 10.0(Runtime=.NET 10.0, Toolchain=net10.0)
// *** Execute ***
// Launch: 1 / 1
// Execute: dotnet "EricksonLopez.ValueObjects.Benchmarks-.NET 10.0-1.dll" --anonymousPipes 135 136 --benchmarkName EricksonLopez.ValueObjects.Benchmarks.ParsingBenchmarks.Parse_Percentage_String --job ".NET 10.0" --benchmarkId 2 in /home/runner/work/dotnet-value-objects/dotnet-value-objects/benchmarks/EricksonLopez.ValueObjects.Benchmarks/bin/Release/net10.0/EricksonLopez.ValueObjects.Benchmarks-.NET 10.0-1/bin/Release/net10.0
// Failed to set up high priority (Permission denied). In order to run benchmarks with high priority, make sure you have the right permissions.
// BeforeAnythingElse

// Benchmark Process Environment Information:
// BenchmarkDotNet v0.15.8
// Runtime=.NET 10.0.11 (10.0.11, 10.0.1126.37416), X64 RyuJIT x86-64-v3
// GC=Concurrent Workstation
// HardwareIntrinsics=AVX2+BMI1+BMI2+F16C+FMA+LZCNT+MOVBE,AVX,SSE3+SSSE3+SSE4.1+SSE4.2+POPCNT,X86Base+SSE+SSE2,AES+PCLMUL VectorSize=256
// Job: .NET 10.0

OverheadJitting  1: 1 op, 222185.00 ns, 222.1850 us/op
WorkloadJitting  1: 1 op, 2200139.00 ns, 2.2001 ms/op

OverheadJitting  2: 16 op, 234848.00 ns, 14.6780 us/op
WorkloadJitting  2: 16 op, 262139.00 ns, 16.3837 us/op

WorkloadPilot    1: 16 op, 5941.00 ns, 371.3125 ns/op
WorkloadPilot    2: 32 op, 7835.00 ns, 244.8438 ns/op
WorkloadPilot    3: 64 op, 12614.00 ns, 197.0938 ns/op
WorkloadPilot    4: 128 op, 22492.00 ns, 175.7188 ns/op
WorkloadPilot    5: 256 op, 41808.00 ns, 163.3125 ns/op
WorkloadPilot    6: 512 op, 80420.00 ns, 157.0703 ns/op
WorkloadPilot    7: 1024 op, 156863.00 ns, 153.1865 ns/op
WorkloadPilot    8: 2048 op, 310800.00 ns, 151.7578 ns/op
WorkloadPilot    9: 4096 op, 638974.00 ns, 155.9995 ns/op
WorkloadPilot   10: 8192 op, 1258341.00 ns, 153.6061 ns/op
WorkloadPilot   11: 16384 op, 2504809.00 ns, 152.8814 ns/op
WorkloadPilot   12: 32768 op, 5010417.00 ns, 152.9058 ns/op
WorkloadPilot   13: 65536 op, 10045462.00 ns, 153.2816 ns/op
WorkloadPilot   14: 131072 op, 20284235.00 ns, 154.7564 ns/op
WorkloadPilot   15: 262144 op, 40720053.00 ns, 155.3347 ns/op
WorkloadPilot   16: 524288 op, 80555223.00 ns, 153.6469 ns/op
WorkloadPilot   17: 1048576 op, 105424652.00 ns, 100.5408 ns/op
WorkloadPilot   18: 2097152 op, 123009756.00 ns, 58.6556 ns/op
WorkloadPilot   19: 4194304 op, 245954730.00 ns, 58.6402 ns/op
WorkloadPilot   20: 8388608 op, 495286829.00 ns, 59.0428 ns/op
WorkloadPilot   21: 16777216 op, 983224492.00 ns, 58.6047 ns/op

OverheadWarmup   1: 16777216 op, 37942235.00 ns, 2.2615 ns/op
OverheadWarmup   2: 16777216 op, 38017094.00 ns, 2.2660 ns/op
OverheadWarmup   3: 16777216 op, 37985155.00 ns, 2.2641 ns/op
OverheadWarmup   4: 16777216 op, 37949278.00 ns, 2.2620 ns/op
OverheadWarmup   5: 16777216 op, 37858849.00 ns, 2.2566 ns/op
OverheadWarmup   6: 16777216 op, 37867535.00 ns, 2.2571 ns/op
OverheadWarmup   7: 16777216 op, 39872640.00 ns, 2.3766 ns/op
OverheadWarmup   8: 16777216 op, 40646776.00 ns, 2.4227 ns/op
OverheadWarmup   9: 16777216 op, 27438076.00 ns, 1.6354 ns/op

OverheadActual   1: 16777216 op, 27423739.00 ns, 1.6346 ns/op
OverheadActual   2: 16777216 op, 27401127.00 ns, 1.6332 ns/op
OverheadActual   3: 16777216 op, 27488590.00 ns, 1.6384 ns/op
OverheadActual   4: 16777216 op, 27567415.00 ns, 1.6431 ns/op
OverheadActual   5: 16777216 op, 28497335.00 ns, 1.6986 ns/op
OverheadActual   6: 16777216 op, 28646042.00 ns, 1.7074 ns/op
OverheadActual   7: 16777216 op, 28479050.00 ns, 1.6975 ns/op
OverheadActual   8: 16777216 op, 27647257.00 ns, 1.6479 ns/op
OverheadActual   9: 16777216 op, 27438166.00 ns, 1.6354 ns/op
OverheadActual  10: 16777216 op, 32538642.00 ns, 1.9395 ns/op
OverheadActual  11: 16777216 op, 27930045.00 ns, 1.6648 ns/op
OverheadActual  12: 16777216 op, 27540437.00 ns, 1.6415 ns/op
OverheadActual  13: 16777216 op, 27541749.00 ns, 1.6416 ns/op
OverheadActual  14: 16777216 op, 27539686.00 ns, 1.6415 ns/op
OverheadActual  15: 16777216 op, 27557008.00 ns, 1.6425 ns/op

WorkloadWarmup   1: 16777216 op, 983156586.00 ns, 58.6007 ns/op
WorkloadWarmup   2: 16777216 op, 982919581.00 ns, 58.5866 ns/op
WorkloadWarmup   3: 16777216 op, 983281117.00 ns, 58.6081 ns/op
WorkloadWarmup   4: 16777216 op, 983204674.00 ns, 58.6036 ns/op
WorkloadWarmup   5: 16777216 op, 984328393.00 ns, 58.6705 ns/op
WorkloadWarmup   6: 16777216 op, 982356069.00 ns, 58.5530 ns/op

// BeforeActualRun
WorkloadActual   1: 16777216 op, 985053407.00 ns, 58.7138 ns/op
WorkloadActual   2: 16777216 op, 985120362.00 ns, 58.7177 ns/op
WorkloadActual   3: 16777216 op, 984394109.00 ns, 58.6745 ns/op
WorkloadActual   4: 16777216 op, 983807344.00 ns, 58.6395 ns/op
WorkloadActual   5: 16777216 op, 983251545.00 ns, 58.6064 ns/op
WorkloadActual   6: 16777216 op, 982954120.00 ns, 58.5886 ns/op
WorkloadActual   7: 16777216 op, 984089641.00 ns, 58.6563 ns/op
WorkloadActual   8: 16777216 op, 983533903.00 ns, 58.6232 ns/op
WorkloadActual   9: 16777216 op, 982915488.00 ns, 58.5863 ns/op
WorkloadActual  10: 16777216 op, 982880272.00 ns, 58.5842 ns/op
WorkloadActual  11: 16777216 op, 986394923.00 ns, 58.7937 ns/op
WorkloadActual  12: 16777216 op, 983683339.00 ns, 58.6321 ns/op
WorkloadActual  13: 16777216 op, 985660692.00 ns, 58.7500 ns/op
WorkloadActual  14: 16777216 op, 992133381.00 ns, 59.1358 ns/op
WorkloadActual  15: 16777216 op, 983123034.00 ns, 58.5987 ns/op

// AfterActualRun
WorkloadResult   1: 16777216 op, 957496399.00 ns, 57.0712 ns/op
WorkloadResult   2: 16777216 op, 957563354.00 ns, 57.0752 ns/op
WorkloadResult   3: 16777216 op, 956837101.00 ns, 57.0319 ns/op
WorkloadResult   4: 16777216 op, 956250336.00 ns, 56.9970 ns/op
WorkloadResult   5: 16777216 op, 955694537.00 ns, 56.9638 ns/op
WorkloadResult   6: 16777216 op, 955397112.00 ns, 56.9461 ns/op
WorkloadResult   7: 16777216 op, 956532633.00 ns, 57.0138 ns/op
WorkloadResult   8: 16777216 op, 955976895.00 ns, 56.9807 ns/op
WorkloadResult   9: 16777216 op, 955358480.00 ns, 56.9438 ns/op
WorkloadResult  10: 16777216 op, 955323264.00 ns, 56.9417 ns/op
WorkloadResult  11: 16777216 op, 958837915.00 ns, 57.1512 ns/op
WorkloadResult  12: 16777216 op, 956126331.00 ns, 56.9896 ns/op
WorkloadResult  13: 16777216 op, 958103684.00 ns, 57.1074 ns/op
WorkloadResult  14: 16777216 op, 955566026.00 ns, 56.9562 ns/op
// GC:  0 0 0 0 16777216
// Threading:  0 0 16777216

// AfterAll
// Benchmark Process 3996 has exited with code 0.

Mean = 57.012 ns, StdErr = 0.018 ns (0.03%), N = 14, StdDev = 0.066 ns
Min = 56.942 ns, Q1 = 56.958 ns, Median = 56.993 ns, Q3 = 57.061 ns, Max = 57.151 ns
IQR = 0.103 ns, LowerFence = 56.803 ns, UpperFence = 57.216 ns
ConfidenceInterval = [56.937 ns; 57.087 ns] (CI 99.9%), Margin = 0.075 ns (0.13% of Mean)
Skewness = 0.66, Kurtosis = 2.07, MValue = 2

// ** Remained 113 (94.2 %) benchmark(s) to run. Estimated finish 2026-08-30 7:44 (0h 6m from now) **
// **************************
// Benchmark: ParsingBenchmarks.Parse_Percentage_Span: .NET 10.0(Runtime=.NET 10.0, Toolchain=net10.0)
// *** Execute ***
// Launch: 1 / 1
// Execute: dotnet "EricksonLopez.ValueObjects.Benchmarks-.NET 10.0-1.dll" --anonymousPipes 135 136 --benchmarkName EricksonLopez.ValueObjects.Benchmarks.ParsingBenchmarks.Parse_Percentage_Span --job ".NET 10.0" --benchmarkId 3 in /home/runner/work/dotnet-value-objects/dotnet-value-objects/benchmarks/EricksonLopez.ValueObjects.Benchmarks/bin/Release/net10.0/EricksonLopez.ValueObjects.Benchmarks-.NET 10.0-1/bin/Release/net10.0
// Failed to set up high priority (Permission denied). In order to run benchmarks with high priority, make sure you have the right permissions.
// BeforeAnythingElse

// Benchmark Process Environment Information:
// BenchmarkDotNet v0.15.8
// Runtime=.NET 10.0.11 (10.0.11, 10.0.1126.37416), X64 RyuJIT x86-64-v3
// GC=Concurrent Workstation
// HardwareIntrinsics=AVX2+BMI1+BMI2+F16C+FMA+LZCNT+MOVBE,AVX,SSE3+SSSE3+SSE4.1+SSE4.2+POPCNT,X86Base+SSE+SSE2,AES+PCLMUL VectorSize=256
// Job: .NET 10.0

OverheadJitting  1: 1 op, 268492.00 ns, 268.4920 us/op
WorkloadJitting  1: 1 op, 2222511.00 ns, 2.2225 ms/op

OverheadJitting  2: 16 op, 210834.00 ns, 13.1771 us/op
WorkloadJitting  2: 16 op, 259985.00 ns, 16.2491 us/op

WorkloadPilot    1: 16 op, 5721.00 ns, 357.5625 ns/op
WorkloadPilot    2: 32 op, 8146.00 ns, 254.5625 ns/op
WorkloadPilot    3: 64 op, 13034.00 ns, 203.6563 ns/op
WorkloadPilot    4: 128 op, 23894.00 ns, 186.6719 ns/op
WorkloadPilot    5: 256 op, 44704.00 ns, 174.6250 ns/op
WorkloadPilot    6: 512 op, 86992.00 ns, 169.9063 ns/op
WorkloadPilot    7: 1024 op, 171400.00 ns, 167.3828 ns/op
WorkloadPilot    8: 2048 op, 361134.00 ns, 176.3350 ns/op
WorkloadPilot    9: 4096 op, 707752.00 ns, 172.7910 ns/op
WorkloadPilot   10: 8192 op, 1436813.00 ns, 175.3922 ns/op
WorkloadPilot   11: 16384 op, 2757210.00 ns, 168.2867 ns/op
WorkloadPilot   12: 32768 op, 5507305.00 ns, 168.0696 ns/op
WorkloadPilot   13: 65536 op, 10971861.00 ns, 167.4173 ns/op
WorkloadPilot   14: 131072 op, 27082124.00 ns, 206.6202 ns/op
WorkloadPilot   15: 262144 op, 43653277.00 ns, 166.5240 ns/op
WorkloadPilot   16: 524288 op, 91433522.00 ns, 174.3956 ns/op
WorkloadPilot   17: 1048576 op, 77773971.00 ns, 74.1710 ns/op
WorkloadPilot   18: 2097152 op, 124876319.00 ns, 59.5457 ns/op
WorkloadPilot   19: 4194304 op, 248167067.00 ns, 59.1676 ns/op
WorkloadPilot   20: 8388608 op, 496914299.00 ns, 59.2368 ns/op
WorkloadPilot   21: 16777216 op, 992042761.00 ns, 59.1304 ns/op

OverheadWarmup   1: 16777216 op, 38045043.00 ns, 2.2677 ns/op
OverheadWarmup   2: 16777216 op, 38026699.00 ns, 2.2666 ns/op
OverheadWarmup   3: 16777216 op, 38056616.00 ns, 2.2684 ns/op
OverheadWarmup   4: 16777216 op, 37889426.00 ns, 2.2584 ns/op
OverheadWarmup   5: 16777216 op, 37861283.00 ns, 2.2567 ns/op
OverheadWarmup   6: 16777216 op, 38537155.00 ns, 2.2970 ns/op
OverheadWarmup   7: 16777216 op, 37859980.00 ns, 2.2566 ns/op

OverheadActual   1: 16777216 op, 37896028.00 ns, 2.2588 ns/op
OverheadActual   2: 16777216 op, 38251461.00 ns, 2.2800 ns/op
OverheadActual   3: 16777216 op, 37948536.00 ns, 2.2619 ns/op
OverheadActual   4: 16777216 op, 37946131.00 ns, 2.2618 ns/op
OverheadActual   5: 16777216 op, 37856484.00 ns, 2.2564 ns/op
OverheadActual   6: 16777216 op, 37914282.00 ns, 2.2599 ns/op
OverheadActual   7: 16777216 op, 38332643.00 ns, 2.2848 ns/op
OverheadActual   8: 16777216 op, 37916355.00 ns, 2.2600 ns/op
OverheadActual   9: 16777216 op, 49518675.00 ns, 2.9515 ns/op
OverheadActual  10: 16777216 op, 32722275.00 ns, 1.9504 ns/op
OverheadActual  11: 16777216 op, 32625364.00 ns, 1.9446 ns/op
OverheadActual  12: 16777216 op, 32622939.00 ns, 1.9445 ns/op
OverheadActual  13: 16777216 op, 32724289.00 ns, 1.9505 ns/op
OverheadActual  14: 16777216 op, 32645811.00 ns, 1.9458 ns/op
OverheadActual  15: 16777216 op, 32734006.00 ns, 1.9511 ns/op
OverheadActual  16: 16777216 op, 33777946.00 ns, 2.0133 ns/op
OverheadActual  17: 16777216 op, 27502476.00 ns, 1.6393 ns/op
OverheadActual  18: 16777216 op, 27378664.00 ns, 1.6319 ns/op
OverheadActual  19: 16777216 op, 27387230.00 ns, 1.6324 ns/op
OverheadActual  20: 16777216 op, 27386609.00 ns, 1.6324 ns/op

WorkloadWarmup   1: 16777216 op, 992798587.00 ns, 59.1754 ns/op
WorkloadWarmup   2: 16777216 op, 993499166.00 ns, 59.2172 ns/op
WorkloadWarmup   3: 16777216 op, 992261083.00 ns, 59.1434 ns/op
WorkloadWarmup   4: 16777216 op, 991427546.00 ns, 59.0937 ns/op
WorkloadWarmup   5: 16777216 op, 991932449.00 ns, 59.1238 ns/op
WorkloadWarmup   6: 16777216 op, 993666157.00 ns, 59.2271 ns/op
WorkloadWarmup   7: 16777216 op, 991840287.00 ns, 59.1183 ns/op

// BeforeActualRun
WorkloadActual   1: 16777216 op, 991247850.00 ns, 59.0830 ns/op
WorkloadActual   2: 16777216 op, 991654950.00 ns, 59.1072 ns/op
WorkloadActual   3: 16777216 op, 991392890.00 ns, 59.0916 ns/op
WorkloadActual   4: 16777216 op, 991967614.00 ns, 59.1259 ns/op
WorkloadActual   5: 16777216 op, 993525524.00 ns, 59.2187 ns/op
WorkloadActual   6: 16777216 op, 994051546.00 ns, 59.2501 ns/op
WorkloadActual   7: 16777216 op, 1007948471.00 ns, 60.0784 ns/op
WorkloadActual   8: 16777216 op, 991611569.00 ns, 59.1047 ns/op
WorkloadActual   9: 16777216 op, 990799294.00 ns, 59.0562 ns/op
WorkloadActual  10: 16777216 op, 991242603.00 ns, 59.0827 ns/op
WorkloadActual  11: 16777216 op, 994259338.00 ns, 59.2625 ns/op
WorkloadActual  12: 16777216 op, 990588452.00 ns, 59.0437 ns/op
WorkloadActual  13: 16777216 op, 991002355.00 ns, 59.0683 ns/op
WorkloadActual  14: 16777216 op, 990468238.00 ns, 59.0365 ns/op
WorkloadActual  15: 16777216 op, 990745806.00 ns, 59.0531 ns/op

// AfterActualRun
WorkloadResult   1: 16777216 op, 957991874.00 ns, 57.1008 ns/op
WorkloadResult   2: 16777216 op, 958398974.00 ns, 57.1250 ns/op
WorkloadResult   3: 16777216 op, 958136914.00 ns, 57.1094 ns/op
WorkloadResult   4: 16777216 op, 958711638.00 ns, 57.1437 ns/op
WorkloadResult   5: 16777216 op, 960269548.00 ns, 57.2365 ns/op
WorkloadResult   6: 16777216 op, 960795570.00 ns, 57.2679 ns/op
WorkloadResult   7: 16777216 op, 958355593.00 ns, 57.1224 ns/op
WorkloadResult   8: 16777216 op, 957543318.00 ns, 57.0740 ns/op
WorkloadResult   9: 16777216 op, 957986627.00 ns, 57.1005 ns/op
WorkloadResult  10: 16777216 op, 961003362.00 ns, 57.2803 ns/op
WorkloadResult  11: 16777216 op, 957332476.00 ns, 57.0615 ns/op
WorkloadResult  12: 16777216 op, 957746379.00 ns, 57.0861 ns/op
WorkloadResult  13: 16777216 op, 957212262.00 ns, 57.0543 ns/op
WorkloadResult  14: 16777216 op, 957489830.00 ns, 57.0708 ns/op
// GC:  0 0 0 0 16777216
// Threading:  0 0 16777216

// AfterAll
// Benchmark Process 4019 has exited with code 0.

Mean = 57.131 ns, StdErr = 0.020 ns (0.04%), N = 14, StdDev = 0.076 ns
Min = 57.054 ns, Q1 = 57.077 ns, Median = 57.105 ns, Q3 = 57.139 ns, Max = 57.280 ns
IQR = 0.062 ns, LowerFence = 56.984 ns, UpperFence = 57.232 ns
ConfidenceInterval = [57.046 ns; 57.216 ns] (CI 99.9%), Margin = 0.085 ns (0.15% of Mean)
Skewness = 0.95, Kurtosis = 2.32, MValue = 2

// ** Remained 112 (93.3 %) benchmark(s) to run. Estimated finish 2026-08-30 7:50 (0h 11m from now) **
// **************************
// Benchmark: ParsingBenchmarks.TryParse_Percentage_Span: .NET 10.0(Runtime=.NET 10.0, Toolchain=net10.0)
// *** Execute ***
// Launch: 1 / 1
// Execute: dotnet "EricksonLopez.ValueObjects.Benchmarks-.NET 10.0-1.dll" --anonymousPipes 135 136 --benchmarkName EricksonLopez.ValueObjects.Benchmarks.ParsingBenchmarks.TryParse_Percentage_Span --job ".NET 10.0" --benchmarkId 4 in /home/runner/work/dotnet-value-objects/dotnet-value-objects/benchmarks/EricksonLopez.ValueObjects.Benchmarks/bin/Release/net10.0/EricksonLopez.ValueObjects.Benchmarks-.NET 10.0-1/bin/Release/net10.0
// Failed to set up high priority (Permission denied). In order to run benchmarks with high priority, make sure you have the right permissions.
// BeforeAnythingElse

// Benchmark Process Environment Information:
// BenchmarkDotNet v0.15.8
// Runtime=.NET 10.0.11 (10.0.11, 10.0.1126.37416), X64 RyuJIT x86-64-v3
// GC=Concurrent Workstation
// HardwareIntrinsics=AVX2+BMI1+BMI2+F16C+FMA+LZCNT+MOVBE,AVX,SSE3+SSSE3+SSE4.1+SSE4.2+POPCNT,X86Base+SSE+SSE2,AES+PCLMUL VectorSize=256
// Job: .NET 10.0

OverheadJitting  1: 1 op, 209731.00 ns, 209.7310 us/op
WorkloadJitting  1: 1 op, 2396255.00 ns, 2.3963 ms/op

OverheadJitting  2: 16 op, 409425.00 ns, 25.5891 us/op
WorkloadJitting  2: 16 op, 359000.00 ns, 22.4375 us/op

WorkloadPilot    1: 16 op, 10480.00 ns, 655.0000 ns/op
WorkloadPilot    2: 32 op, 11100.00 ns, 346.8750 ns/op
WorkloadPilot    3: 64 op, 19476.00 ns, 304.3125 ns/op
WorkloadPilot    4: 128 op, 35987.00 ns, 281.1484 ns/op
WorkloadPilot    5: 256 op, 70171.00 ns, 274.1055 ns/op
WorkloadPilot    6: 512 op, 136465.00 ns, 266.5332 ns/op
WorkloadPilot    7: 1024 op, 253263.00 ns, 247.3271 ns/op
WorkloadPilot    8: 2048 op, 429923.00 ns, 209.9233 ns/op
WorkloadPilot    9: 4096 op, 1133918.00 ns, 276.8354 ns/op
WorkloadPilot   10: 8192 op, 2263056.00 ns, 276.2520 ns/op
WorkloadPilot   11: 16384 op, 4556460.00 ns, 278.1042 ns/op
WorkloadPilot   12: 32768 op, 9118750.00 ns, 278.2822 ns/op
WorkloadPilot   13: 65536 op, 11504404.00 ns, 175.5433 ns/op
WorkloadPilot   14: 131072 op, 21822895.00 ns, 166.4955 ns/op
WorkloadPilot   15: 262144 op, 43620203.00 ns, 166.3979 ns/op
WorkloadPilot   16: 524288 op, 100012725.00 ns, 190.7591 ns/op
WorkloadPilot   17: 1048576 op, 54774562.00 ns, 52.2371 ns/op
WorkloadPilot   18: 2097152 op, 105725763.00 ns, 50.4140 ns/op
WorkloadPilot   19: 4194304 op, 210970960.00 ns, 50.2994 ns/op
WorkloadPilot   20: 8388608 op, 421507087.00 ns, 50.2476 ns/op
WorkloadPilot   21: 16777216 op, 844069563.00 ns, 50.3105 ns/op

OverheadWarmup   1: 16777216 op, 46368242.00 ns, 2.7638 ns/op
OverheadWarmup   2: 16777216 op, 45736983.00 ns, 2.7261 ns/op
OverheadWarmup   3: 16777216 op, 45977894.00 ns, 2.7405 ns/op
OverheadWarmup   4: 16777216 op, 45945303.00 ns, 2.7386 ns/op
OverheadWarmup   5: 16777216 op, 45996569.00 ns, 2.7416 ns/op
OverheadWarmup   6: 16777216 op, 46008791.00 ns, 2.7423 ns/op
OverheadWarmup   7: 16777216 op, 50462830.00 ns, 3.0078 ns/op
OverheadWarmup   8: 16777216 op, 29305338.00 ns, 1.7467 ns/op

OverheadActual   1: 16777216 op, 29261155.00 ns, 1.7441 ns/op
OverheadActual   2: 16777216 op, 29746412.00 ns, 1.7730 ns/op
OverheadActual   3: 16777216 op, 29448535.00 ns, 1.7553 ns/op
OverheadActual   4: 16777216 op, 29648358.00 ns, 1.7672 ns/op
OverheadActual   5: 16777216 op, 29343178.00 ns, 1.7490 ns/op
OverheadActual   6: 16777216 op, 29590099.00 ns, 1.7637 ns/op
OverheadActual   7: 16777216 op, 29460177.00 ns, 1.7560 ns/op
OverheadActual   8: 16777216 op, 29188209.00 ns, 1.7398 ns/op
OverheadActual   9: 16777216 op, 34036875.00 ns, 2.0288 ns/op
OverheadActual  10: 16777216 op, 29797136.00 ns, 1.7760 ns/op
OverheadActual  11: 16777216 op, 29783932.00 ns, 1.7753 ns/op
OverheadActual  12: 16777216 op, 29396818.00 ns, 1.7522 ns/op
OverheadActual  13: 16777216 op, 34216440.00 ns, 2.0395 ns/op
OverheadActual  14: 16777216 op, 30264889.00 ns, 1.8039 ns/op
OverheadActual  15: 16777216 op, 29308313.00 ns, 1.7469 ns/op

WorkloadWarmup   1: 16777216 op, 843330113.00 ns, 50.2664 ns/op
WorkloadWarmup   2: 16777216 op, 854812152.00 ns, 50.9508 ns/op
WorkloadWarmup   3: 16777216 op, 842462522.00 ns, 50.2147 ns/op
WorkloadWarmup   4: 16777216 op, 842715425.00 ns, 50.2298 ns/op
WorkloadWarmup   5: 16777216 op, 844739485.00 ns, 50.3504 ns/op
WorkloadWarmup   6: 16777216 op, 842355823.00 ns, 50.2083 ns/op

// BeforeActualRun
WorkloadActual   1: 16777216 op, 843992490.00 ns, 50.3059 ns/op
WorkloadActual   2: 16777216 op, 843721821.00 ns, 50.2897 ns/op
WorkloadActual   3: 16777216 op, 854071295.00 ns, 50.9066 ns/op
WorkloadActual   4: 16777216 op, 842494288.00 ns, 50.2166 ns/op
WorkloadActual   5: 16777216 op, 847229793.00 ns, 50.4988 ns/op
WorkloadActual   6: 16777216 op, 843307116.00 ns, 50.2650 ns/op
WorkloadActual   7: 16777216 op, 843633566.00 ns, 50.2845 ns/op
WorkloadActual   8: 16777216 op, 843655136.00 ns, 50.2858 ns/op
WorkloadActual   9: 16777216 op, 843261952.00 ns, 50.2623 ns/op
WorkloadActual  10: 16777216 op, 842607990.00 ns, 50.2233 ns/op
WorkloadActual  11: 16777216 op, 843200517.00 ns, 50.2587 ns/op
WorkloadActual  12: 16777216 op, 843159580.00 ns, 50.2562 ns/op
WorkloadActual  13: 16777216 op, 844178924.00 ns, 50.3170 ns/op
WorkloadActual  14: 16777216 op, 844783954.00 ns, 50.3530 ns/op
WorkloadActual  15: 16777216 op, 843057920.00 ns, 50.2502 ns/op

// AfterActualRun
WorkloadResult   1: 16777216 op, 814402391.00 ns, 48.5422 ns/op
WorkloadResult   2: 16777216 op, 814131722.00 ns, 48.5260 ns/op
WorkloadResult   3: 16777216 op, 812904189.00 ns, 48.4529 ns/op
WorkloadResult   4: 16777216 op, 813717017.00 ns, 48.5013 ns/op
WorkloadResult   5: 16777216 op, 814043467.00 ns, 48.5208 ns/op
WorkloadResult   6: 16777216 op, 814065037.00 ns, 48.5221 ns/op
WorkloadResult   7: 16777216 op, 813671853.00 ns, 48.4986 ns/op
WorkloadResult   8: 16777216 op, 813017891.00 ns, 48.4596 ns/op
WorkloadResult   9: 16777216 op, 813610418.00 ns, 48.4950 ns/op
WorkloadResult  10: 16777216 op, 813569481.00 ns, 48.4925 ns/op
WorkloadResult  11: 16777216 op, 814588825.00 ns, 48.5533 ns/op
WorkloadResult  12: 16777216 op, 815193855.00 ns, 48.5893 ns/op
WorkloadResult  13: 16777216 op, 813467821.00 ns, 48.4865 ns/op
// GC:  0 0 0 0 16777216
// Threading:  0 0 16777216

// AfterAll
// Benchmark Process 4043 has exited with code 0.

Mean = 48.511 ns, StdErr = 0.010 ns (0.02%), N = 13, StdDev = 0.037 ns
Min = 48.453 ns, Q1 = 48.493 ns, Median = 48.501 ns, Q3 = 48.526 ns, Max = 48.589 ns
IQR = 0.034 ns, LowerFence = 48.442 ns, UpperFence = 48.576 ns
ConfidenceInterval = [48.466 ns; 48.556 ns] (CI 99.9%), Margin = 0.045 ns (0.09% of Mean)
Skewness = 0.36, Kurtosis = 2.39, MValue = 2

// ** Remained 111 (92.5 %) benchmark(s) to run. Estimated finish 2026-08-30 7:53 (0h 14m from now) **
// **************************
// Benchmark: ParsingBenchmarks.Parse_Cuit_String: .NET 10.0(Runtime=.NET 10.0, Toolchain=net10.0)
// *** Execute ***
// Launch: 1 / 1
// Execute: dotnet "EricksonLopez.ValueObjects.Benchmarks-.NET 10.0-1.dll" --anonymousPipes 135 136 --benchmarkName EricksonLopez.ValueObjects.Benchmarks.ParsingBenchmarks.Parse_Cuit_String --job ".NET 10.0" --benchmarkId 5 in /home/runner/work/dotnet-value-objects/dotnet-value-objects/benchmarks/EricksonLopez.ValueObjects.Benchmarks/bin/Release/net10.0/EricksonLopez.ValueObjects.Benchmarks-.NET 10.0-1/bin/Release/net10.0
// Failed to set up high priority (Permission denied). In order to run benchmarks with high priority, make sure you have the right permissions.
// BeforeAnythingElse

// Benchmark Process Environment Information:
// BenchmarkDotNet v0.15.8
// Runtime=.NET 10.0.11 (10.0.11, 10.0.1126.37416), X64 RyuJIT x86-64-v3
// GC=Concurrent Workstation
// HardwareIntrinsics=AVX2+BMI1+BMI2+F16C+FMA+LZCNT+MOVBE,AVX,SSE3+SSSE3+SSE4.1+SSE4.2+POPCNT,X86Base+SSE+SSE2,AES+PCLMUL VectorSize=256
// Job: .NET 10.0

OverheadJitting  1: 1 op, 220682.00 ns, 220.6820 us/op
WorkloadJitting  1: 1 op, 5053859.00 ns, 5.0539 ms/op

OverheadJitting  2: 16 op, 234578.00 ns, 14.6611 us/op
WorkloadJitting  2: 16 op, 238907.00 ns, 14.9317 us/op

WorkloadPilot    1: 16 op, 5150.00 ns, 321.8750 ns/op
WorkloadPilot    2: 32 op, 6893.00 ns, 215.4063 ns/op
WorkloadPilot    3: 64 op, 10800.00 ns, 168.7500 ns/op
WorkloadPilot    4: 128 op, 30026.00 ns, 234.5781 ns/op
WorkloadPilot    5: 256 op, 52689.00 ns, 205.8164 ns/op
WorkloadPilot    6: 512 op, 97502.00 ns, 190.4336 ns/op
WorkloadPilot    7: 1024 op, 235951.00 ns, 230.4209 ns/op
WorkloadPilot    8: 2048 op, 445582.00 ns, 217.5693 ns/op
WorkloadPilot    9: 4096 op, 746655.00 ns, 182.2888 ns/op
WorkloadPilot   10: 8192 op, 1367664.00 ns, 166.9512 ns/op
WorkloadPilot   11: 16384 op, 2743585.00 ns, 167.4551 ns/op
WorkloadPilot   12: 32768 op, 5348499.00 ns, 163.2232 ns/op
WorkloadPilot   13: 65536 op, 10604676.00 ns, 161.8145 ns/op
WorkloadPilot   14: 131072 op, 20939597.00 ns, 159.7564 ns/op
WorkloadPilot   15: 262144 op, 41603009.00 ns, 158.7029 ns/op
WorkloadPilot   16: 524288 op, 76441115.00 ns, 145.7999 ns/op
WorkloadPilot   17: 1048576 op, 69544394.00 ns, 66.3227 ns/op
WorkloadPilot   18: 2097152 op, 116723610.00 ns, 55.6582 ns/op
WorkloadPilot   19: 4194304 op, 227737615.00 ns, 54.2969 ns/op
WorkloadPilot   20: 8388608 op, 459162186.00 ns, 54.7364 ns/op
WorkloadPilot   21: 16777216 op, 911500968.00 ns, 54.3297 ns/op

OverheadWarmup   1: 16777216 op, 38082936.00 ns, 2.2699 ns/op
OverheadWarmup   2: 16777216 op, 37977870.00 ns, 2.2637 ns/op
OverheadWarmup   3: 16777216 op, 37915714.00 ns, 2.2600 ns/op
OverheadWarmup   4: 16777216 op, 37889845.00 ns, 2.2584 ns/op
OverheadWarmup   5: 16777216 op, 37909421.00 ns, 2.2596 ns/op
OverheadWarmup   6: 16777216 op, 37845012.00 ns, 2.2557 ns/op
OverheadWarmup   7: 16777216 op, 37881039.00 ns, 2.2579 ns/op
OverheadWarmup   8: 16777216 op, 40278106.00 ns, 2.4008 ns/op
OverheadWarmup   9: 16777216 op, 27445478.00 ns, 1.6359 ns/op

OverheadActual   1: 16777216 op, 27670268.00 ns, 1.6493 ns/op
OverheadActual   2: 16777216 op, 27495412.00 ns, 1.6389 ns/op
OverheadActual   3: 16777216 op, 27485183.00 ns, 1.6382 ns/op
OverheadActual   4: 16777216 op, 27500802.00 ns, 1.6392 ns/op
OverheadActual   5: 16777216 op, 27440910.00 ns, 1.6356 ns/op
OverheadActual   6: 16777216 op, 27578096.00 ns, 1.6438 ns/op
OverheadActual   7: 16777216 op, 27417296.00 ns, 1.6342 ns/op
OverheadActual   8: 16777216 op, 27393882.00 ns, 1.6328 ns/op
OverheadActual   9: 16777216 op, 27403651.00 ns, 1.6334 ns/op
OverheadActual  10: 16777216 op, 27641414.00 ns, 1.6476 ns/op
OverheadActual  11: 16777216 op, 27426253.00 ns, 1.6347 ns/op
OverheadActual  12: 16777216 op, 27488812.00 ns, 1.6385 ns/op
OverheadActual  13: 16777216 op, 27422077.00 ns, 1.6345 ns/op
OverheadActual  14: 16777216 op, 27526302.00 ns, 1.6407 ns/op
OverheadActual  15: 16777216 op, 27493610.00 ns, 1.6387 ns/op

WorkloadWarmup   1: 16777216 op, 921913135.00 ns, 54.9503 ns/op
WorkloadWarmup   2: 16777216 op, 923096947.00 ns, 55.0209 ns/op
WorkloadWarmup   3: 16777216 op, 911618146.00 ns, 54.3367 ns/op
WorkloadWarmup   4: 16777216 op, 927002631.00 ns, 55.2537 ns/op
WorkloadWarmup   5: 16777216 op, 914642676.00 ns, 54.5170 ns/op
WorkloadWarmup   6: 16777216 op, 911717452.00 ns, 54.3426 ns/op

// BeforeActualRun
WorkloadActual   1: 16777216 op, 925089659.00 ns, 55.1396 ns/op
WorkloadActual   2: 16777216 op, 914841097.00 ns, 54.5288 ns/op
WorkloadActual   3: 16777216 op, 919100318.00 ns, 54.7826 ns/op
WorkloadActual   4: 16777216 op, 913689394.00 ns, 54.4601 ns/op
WorkloadActual   5: 16777216 op, 924015214.00 ns, 55.0756 ns/op
WorkloadActual   6: 16777216 op, 911764178.00 ns, 54.3454 ns/op
WorkloadActual   7: 16777216 op, 922524627.00 ns, 54.9868 ns/op
WorkloadActual   8: 16777216 op, 914121692.00 ns, 54.4859 ns/op
WorkloadActual   9: 16777216 op, 917365911.00 ns, 54.6793 ns/op
WorkloadActual  10: 16777216 op, 920016702.00 ns, 54.8373 ns/op
WorkloadActual  11: 16777216 op, 912726425.00 ns, 54.4027 ns/op
WorkloadActual  12: 16777216 op, 918447481.00 ns, 54.7437 ns/op
WorkloadActual  13: 16777216 op, 926848067.00 ns, 55.2444 ns/op
WorkloadActual  14: 16777216 op, 919103682.00 ns, 54.7828 ns/op
WorkloadActual  15: 16777216 op, 916419019.00 ns, 54.6228 ns/op

// AfterActualRun
WorkloadResult   1: 16777216 op, 897600847.00 ns, 53.5012 ns/op
WorkloadResult   2: 16777216 op, 887352285.00 ns, 52.8903 ns/op
WorkloadResult   3: 16777216 op, 891611506.00 ns, 53.1442 ns/op
WorkloadResult   4: 16777216 op, 886200582.00 ns, 52.8217 ns/op
WorkloadResult   5: 16777216 op, 896526402.00 ns, 53.4371 ns/op
WorkloadResult   6: 16777216 op, 884275366.00 ns, 52.7069 ns/op
WorkloadResult   7: 16777216 op, 895035815.00 ns, 53.3483 ns/op
WorkloadResult   8: 16777216 op, 886632880.00 ns, 52.8474 ns/op
WorkloadResult   9: 16777216 op, 889877099.00 ns, 53.0408 ns/op
WorkloadResult  10: 16777216 op, 892527890.00 ns, 53.1988 ns/op
WorkloadResult  11: 16777216 op, 885237613.00 ns, 52.7643 ns/op
WorkloadResult  12: 16777216 op, 890958669.00 ns, 53.1053 ns/op
WorkloadResult  13: 16777216 op, 899359255.00 ns, 53.6060 ns/op
WorkloadResult  14: 16777216 op, 891614870.00 ns, 53.1444 ns/op
WorkloadResult  15: 16777216 op, 888930207.00 ns, 52.9844 ns/op
// GC:  48 0 0 805306368 16777216
// Threading:  0 0 16777216

// AfterAll
// Benchmark Process 4066 has exited with code 0.

Mean = 53.103 ns, StdErr = 0.072 ns (0.13%), N = 15, StdDev = 0.277 ns
Min = 52.707 ns, Q1 = 52.869 ns, Median = 53.105 ns, Q3 = 53.274 ns, Max = 53.606 ns
IQR = 0.405 ns, LowerFence = 52.262 ns, UpperFence = 53.881 ns
ConfidenceInterval = [52.806 ns; 53.399 ns] (CI 99.9%), Margin = 0.296 ns (0.56% of Mean)
Skewness = 0.29, Kurtosis = 1.76, MValue = 2

// ** Remained 110 (91.7 %) benchmark(s) to run. Estimated finish 2026-08-30 7:56 (0h 17m from now) **
// **************************
// Benchmark: ParsingBenchmarks.Parse_Cuit_Span: .NET 10.0(Runtime=.NET 10.0, Toolchain=net10.0)
// *** Execute ***
// Launch: 1 / 1
// Execute: dotnet "EricksonLopez.ValueObjects.Benchmarks-.NET 10.0-1.dll" --anonymousPipes 135 136 --benchmarkName EricksonLopez.ValueObjects.Benchmarks.ParsingBenchmarks.Parse_Cuit_Span --job ".NET 10.0" --benchmarkId 6 in /home/runner/work/dotnet-value-objects/dotnet-value-objects/benchmarks/EricksonLopez.ValueObjects.Benchmarks/bin/Release/net10.0/EricksonLopez.ValueObjects.Benchmarks-.NET 10.0-1/bin/Release/net10.0
// Failed to set up high priority (Permission denied). In order to run benchmarks with high priority, make sure you have the right permissions.
// BeforeAnythingElse

// Benchmark Process Environment Information:
// BenchmarkDotNet v0.15.8
// Runtime=.NET 10.0.11 (10.0.11, 10.0.1126.37416), X64 RyuJIT x86-64-v3
// GC=Concurrent Workstation
// HardwareIntrinsics=AVX2+BMI1+BMI2+F16C+FMA+LZCNT+MOVBE,AVX,SSE3+SSSE3+SSE4.1+SSE4.2+POPCNT,X86Base+SSE+SSE2,AES+PCLMUL VectorSize=256
// Job: .NET 10.0

OverheadJitting  1: 1 op, 216274.00 ns, 216.2740 us/op
WorkloadJitting  1: 1 op, 4928766.00 ns, 4.9288 ms/op

OverheadJitting  2: 16 op, 228758.00 ns, 14.2974 us/op
WorkloadJitting  2: 16 op, 235270.00 ns, 14.7044 us/op

WorkloadPilot    1: 16 op, 5100.00 ns, 318.7500 ns/op
WorkloadPilot    2: 32 op, 6983.00 ns, 218.2188 ns/op
WorkloadPilot    3: 64 op, 10880.00 ns, 170.0000 ns/op
WorkloadPilot    4: 128 op, 31569.00 ns, 246.6328 ns/op
WorkloadPilot    5: 256 op, 46918.00 ns, 183.2734 ns/op
WorkloadPilot    6: 512 op, 98234.00 ns, 191.8633 ns/op
WorkloadPilot    7: 1024 op, 230170.00 ns, 224.7754 ns/op
WorkloadPilot    8: 2048 op, 433920.00 ns, 211.8750 ns/op
WorkloadPilot    9: 4096 op, 742907.00 ns, 181.3738 ns/op
WorkloadPilot   10: 8192 op, 1373104.00 ns, 167.6152 ns/op
WorkloadPilot   11: 16384 op, 2723016.00 ns, 166.1997 ns/op
WorkloadPilot   12: 32768 op, 5315568.00 ns, 162.2183 ns/op
WorkloadPilot   13: 65536 op, 10488300.00 ns, 160.0388 ns/op
WorkloadPilot   14: 131072 op, 20814396.00 ns, 158.8012 ns/op
WorkloadPilot   15: 262144 op, 46904892.00 ns, 178.9280 ns/op
WorkloadPilot   16: 524288 op, 77363135.00 ns, 147.5585 ns/op
WorkloadPilot   17: 1048576 op, 71176510.00 ns, 67.8792 ns/op
WorkloadPilot   18: 2097152 op, 127808997.00 ns, 60.9441 ns/op
WorkloadPilot   19: 4194304 op, 250652769.00 ns, 59.7603 ns/op
WorkloadPilot   20: 8388608 op, 500963678.00 ns, 59.7195 ns/op

OverheadWarmup   1: 8388608 op, 19021658.00 ns, 2.2676 ns/op
OverheadWarmup   2: 8388608 op, 19043770.00 ns, 2.2702 ns/op
OverheadWarmup   3: 8388608 op, 19013343.00 ns, 2.2666 ns/op
OverheadWarmup   4: 8388608 op, 18976424.00 ns, 2.2622 ns/op
OverheadWarmup   5: 8388608 op, 19113790.00 ns, 2.2785 ns/op
OverheadWarmup   6: 8388608 op, 19017082.00 ns, 2.2670 ns/op

OverheadActual   1: 8388608 op, 18950946.00 ns, 2.2591 ns/op
OverheadActual   2: 8388608 op, 19093542.00 ns, 2.2761 ns/op
OverheadActual   3: 8388608 op, 18980892.00 ns, 2.2627 ns/op
OverheadActual   4: 8388608 op, 18968579.00 ns, 2.2612 ns/op
OverheadActual   5: 8388608 op, 18950946.00 ns, 2.2591 ns/op
OverheadActual   6: 8388608 op, 19023010.00 ns, 2.2677 ns/op
OverheadActual   7: 8388608 op, 18952659.00 ns, 2.2593 ns/op
OverheadActual   8: 8388608 op, 18977164.00 ns, 2.2623 ns/op
OverheadActual   9: 8388608 op, 18975802.00 ns, 2.2621 ns/op
OverheadActual  10: 8388608 op, 18979458.00 ns, 2.2625 ns/op
OverheadActual  11: 8388608 op, 19017661.00 ns, 2.2671 ns/op
OverheadActual  12: 8388608 op, 18988886.00 ns, 2.2637 ns/op
OverheadActual  13: 8388608 op, 18948021.00 ns, 2.2588 ns/op
OverheadActual  14: 8388608 op, 18965924.00 ns, 2.2609 ns/op
OverheadActual  15: 8388608 op, 16493486.00 ns, 1.9662 ns/op

WorkloadWarmup   1: 8388608 op, 513629826.00 ns, 61.2294 ns/op
WorkloadWarmup   2: 8388608 op, 510818635.00 ns, 60.8943 ns/op
WorkloadWarmup   3: 8388608 op, 507322996.00 ns, 60.4776 ns/op
WorkloadWarmup   4: 8388608 op, 502618643.00 ns, 59.9168 ns/op
WorkloadWarmup   5: 8388608 op, 503537261.00 ns, 60.0263 ns/op
WorkloadWarmup   6: 8388608 op, 505562723.00 ns, 60.2678 ns/op
WorkloadWarmup   7: 8388608 op, 501320901.00 ns, 59.7621 ns/op
WorkloadWarmup   8: 8388608 op, 501161673.00 ns, 59.7431 ns/op
WorkloadWarmup   9: 8388608 op, 502838806.00 ns, 59.9431 ns/op
WorkloadWarmup  10: 8388608 op, 502118741.00 ns, 59.8572 ns/op

// BeforeActualRun
WorkloadActual   1: 8388608 op, 504654337.00 ns, 60.1595 ns/op
WorkloadActual   2: 8388608 op, 506172533.00 ns, 60.3405 ns/op
WorkloadActual   3: 8388608 op, 508582133.00 ns, 60.6277 ns/op
WorkloadActual   4: 8388608 op, 506816856.00 ns, 60.4173 ns/op
WorkloadActual   5: 8388608 op, 505340659.00 ns, 60.2413 ns/op
WorkloadActual   6: 8388608 op, 505436027.00 ns, 60.2527 ns/op
WorkloadActual   7: 8388608 op, 505592419.00 ns, 60.2713 ns/op
WorkloadActual   8: 8388608 op, 503256606.00 ns, 59.9929 ns/op
WorkloadActual   9: 8388608 op, 504506340.00 ns, 60.1418 ns/op
WorkloadActual  10: 8388608 op, 503250786.00 ns, 59.9922 ns/op
WorkloadActual  11: 8388608 op, 504477913.00 ns, 60.1385 ns/op
WorkloadActual  12: 8388608 op, 503588011.00 ns, 60.0324 ns/op
WorkloadActual  13: 8388608 op, 503694830.00 ns, 60.0451 ns/op
WorkloadActual  14: 8388608 op, 505898416.00 ns, 60.3078 ns/op
WorkloadActual  15: 8388608 op, 504799694.00 ns, 60.1768 ns/op

// AfterActualRun
WorkloadResult   1: 8388608 op, 485678535.00 ns, 57.8974 ns/op
WorkloadResult   2: 8388608 op, 487196731.00 ns, 58.0784 ns/op
WorkloadResult   3: 8388608 op, 487841054.00 ns, 58.1552 ns/op
WorkloadResult   4: 8388608 op, 486364857.00 ns, 57.9792 ns/op
WorkloadResult   5: 8388608 op, 486460225.00 ns, 57.9906 ns/op
WorkloadResult   6: 8388608 op, 486616617.00 ns, 58.0092 ns/op
WorkloadResult   7: 8388608 op, 484280804.00 ns, 57.7308 ns/op
WorkloadResult   8: 8388608 op, 485530538.00 ns, 57.8798 ns/op
WorkloadResult   9: 8388608 op, 484274984.00 ns, 57.7301 ns/op
WorkloadResult  10: 8388608 op, 485502111.00 ns, 57.8764 ns/op
WorkloadResult  11: 8388608 op, 484612209.00 ns, 57.7703 ns/op
WorkloadResult  12: 8388608 op, 484719028.00 ns, 57.7830 ns/op
WorkloadResult  13: 8388608 op, 486922614.00 ns, 58.0457 ns/op
WorkloadResult  14: 8388608 op, 485823892.00 ns, 57.9147 ns/op
// GC:  24 0 0 402653184 8388608
// Threading:  0 0 8388608

// AfterAll
// Benchmark Process 4146 has exited with code 0.

Mean = 57.917 ns, StdErr = 0.036 ns (0.06%), N = 14, StdDev = 0.133 ns
Min = 57.730 ns, Q1 = 57.806 ns, Median = 57.906 ns, Q3 = 58.005 ns, Max = 58.155 ns
IQR = 0.198 ns, LowerFence = 57.509 ns, UpperFence = 58.302 ns
ConfidenceInterval = [57.767 ns; 58.067 ns] (CI 99.9%), Margin = 0.150 ns (0.26% of Mean)
Skewness = 0.07, Kurtosis = 1.72, MValue = 2

// ** Remained 109 (90.8 %) benchmark(s) to run. Estimated finish 2026-08-30 7:57 (0h 18m from now) **
// **************************
// Benchmark: ParsingBenchmarks.Parse_Cuit_Utf8: .NET 10.0(Runtime=.NET 10.0, Toolchain=net10.0)
// *** Execute ***
// Launch: 1 / 1
// Execute: dotnet "EricksonLopez.ValueObjects.Benchmarks-.NET 10.0-1.dll" --anonymousPipes 135 136 --benchmarkName EricksonLopez.ValueObjects.Benchmarks.ParsingBenchmarks.Parse_Cuit_Utf8 --job ".NET 10.0" --benchmarkId 7 in /home/runner/work/dotnet-value-objects/dotnet-value-objects/benchmarks/EricksonLopez.ValueObjects.Benchmarks/bin/Release/net10.0/EricksonLopez.ValueObjects.Benchmarks-.NET 10.0-1/bin/Release/net10.0
// Failed to set up high priority (Permission denied). In order to run benchmarks with high priority, make sure you have the right permissions.
// BeforeAnythingElse

// Benchmark Process Environment Information:
// BenchmarkDotNet v0.15.8
// Runtime=.NET 10.0.11 (10.0.11, 10.0.1126.37416), X64 RyuJIT x86-64-v3
// GC=Concurrent Workstation
// HardwareIntrinsics=AVX2+BMI1+BMI2+F16C+FMA+LZCNT+MOVBE,AVX,SSE3+SSSE3+SSE4.1+SSE4.2+POPCNT,X86Base+SSE+SSE2,AES+PCLMUL VectorSize=256
// Job: .NET 10.0

OverheadJitting  1: 1 op, 217396.00 ns, 217.3960 us/op
WorkloadJitting  1: 1 op, 5229158.00 ns, 5.2292 ms/op

OverheadJitting  2: 16 op, 235259.00 ns, 14.7037 us/op
WorkloadJitting  2: 16 op, 240920.00 ns, 15.0575 us/op

WorkloadPilot    1: 16 op, 6743.00 ns, 421.4375 ns/op
WorkloadPilot    2: 32 op, 9117.00 ns, 284.9063 ns/op
WorkloadPilot    3: 64 op, 13696.00 ns, 214.0000 ns/op
WorkloadPilot    4: 128 op, 36999.00 ns, 289.0547 ns/op
WorkloadPilot    5: 256 op, 60222.00 ns, 235.2422 ns/op
WorkloadPilot    6: 512 op, 116498.00 ns, 227.5352 ns/op
WorkloadPilot    7: 1024 op, 265717.00 ns, 259.4893 ns/op
WorkloadPilot    8: 2048 op, 468545.00 ns, 228.7817 ns/op
WorkloadPilot    9: 4096 op, 909098.00 ns, 221.9478 ns/op
WorkloadPilot   10: 8192 op, 1640404.00 ns, 200.2446 ns/op
WorkloadPilot   11: 16384 op, 3276931.00 ns, 200.0080 ns/op
WorkloadPilot   12: 32768 op, 6467501.00 ns, 197.3725 ns/op
WorkloadPilot   13: 65536 op, 12801533.00 ns, 195.3359 ns/op
WorkloadPilot   14: 131072 op, 25247561.00 ns, 192.6236 ns/op
WorkloadPilot   15: 262144 op, 50435541.00 ns, 192.3963 ns/op
WorkloadPilot   16: 524288 op, 96589705.00 ns, 184.2302 ns/op
WorkloadPilot   17: 1048576 op, 68646578.00 ns, 65.4665 ns/op
WorkloadPilot   18: 2097152 op, 139041443.00 ns, 66.3001 ns/op
WorkloadPilot   19: 4194304 op, 272755174.00 ns, 65.0299 ns/op
WorkloadPilot   20: 8388608 op, 543324967.00 ns, 64.7694 ns/op

OverheadWarmup   1: 8388608 op, 18965396.00 ns, 2.2609 ns/op
OverheadWarmup   2: 8388608 op, 19312155.00 ns, 2.3022 ns/op
OverheadWarmup   3: 8388608 op, 18967902.00 ns, 2.2612 ns/op
OverheadWarmup   4: 8388608 op, 18951531.00 ns, 2.2592 ns/op
OverheadWarmup   5: 8388608 op, 19034255.00 ns, 2.2691 ns/op
OverheadWarmup   6: 8388608 op, 19023445.00 ns, 2.2678 ns/op

OverheadActual   1: 8388608 op, 18951471.00 ns, 2.2592 ns/op
OverheadActual   2: 8388608 op, 18950068.00 ns, 2.2590 ns/op
OverheadActual   3: 8388608 op, 19119665.00 ns, 2.2792 ns/op
OverheadActual   4: 8388608 op, 18952252.00 ns, 2.2593 ns/op
OverheadActual   5: 8388608 op, 19040918.00 ns, 2.2699 ns/op
OverheadActual   6: 8388608 op, 18958825.00 ns, 2.2601 ns/op
OverheadActual   7: 8388608 op, 18971838.00 ns, 2.2616 ns/op
OverheadActual   8: 8388608 op, 18951771.00 ns, 2.2592 ns/op
OverheadActual   9: 8388608 op, 18965867.00 ns, 2.2609 ns/op
OverheadActual  10: 8388608 op, 18947723.00 ns, 2.2587 ns/op
OverheadActual  11: 8388608 op, 18945480.00 ns, 2.2585 ns/op
OverheadActual  12: 8388608 op, 18986616.00 ns, 2.2634 ns/op
OverheadActual  13: 8388608 op, 18933857.00 ns, 2.2571 ns/op
OverheadActual  14: 8388608 op, 19065995.00 ns, 2.2728 ns/op
OverheadActual  15: 8388608 op, 23971447.00 ns, 2.8576 ns/op

WorkloadWarmup   1: 8388608 op, 551507793.00 ns, 65.7449 ns/op
WorkloadWarmup   2: 8388608 op, 551185270.00 ns, 65.7064 ns/op
WorkloadWarmup   3: 8388608 op, 540984616.00 ns, 64.4904 ns/op
WorkloadWarmup   4: 8388608 op, 541629129.00 ns, 64.5672 ns/op
WorkloadWarmup   5: 8388608 op, 541838350.00 ns, 64.5922 ns/op
WorkloadWarmup   6: 8388608 op, 550482407.00 ns, 65.6226 ns/op
WorkloadWarmup   7: 8388608 op, 542077476.00 ns, 64.6207 ns/op
WorkloadWarmup   8: 8388608 op, 543242553.00 ns, 64.7596 ns/op
WorkloadWarmup   9: 8388608 op, 541388420.00 ns, 64.5385 ns/op

// BeforeActualRun
WorkloadActual   1: 8388608 op, 546481072.00 ns, 65.1456 ns/op
WorkloadActual   2: 8388608 op, 547391021.00 ns, 65.2541 ns/op
WorkloadActual   3: 8388608 op, 547514862.00 ns, 65.2689 ns/op
WorkloadActual   4: 8388608 op, 548910672.00 ns, 65.4353 ns/op
WorkloadActual   5: 8388608 op, 549001159.00 ns, 65.4460 ns/op
WorkloadActual   6: 8388608 op, 541919942.00 ns, 64.6019 ns/op
WorkloadActual   7: 8388608 op, 540528754.00 ns, 64.4360 ns/op
WorkloadActual   8: 8388608 op, 542563153.00 ns, 64.6786 ns/op
WorkloadActual   9: 8388608 op, 543334945.00 ns, 64.7706 ns/op
WorkloadActual  10: 8388608 op, 543440222.00 ns, 64.7831 ns/op
WorkloadActual  11: 8388608 op, 545404010.00 ns, 65.0172 ns/op
WorkloadActual  12: 8388608 op, 542560468.00 ns, 64.6782 ns/op
WorkloadActual  13: 8388608 op, 545221877.00 ns, 64.9955 ns/op
WorkloadActual  14: 8388608 op, 541664925.00 ns, 64.5715 ns/op
WorkloadActual  15: 8388608 op, 540091286.00 ns, 64.3839 ns/op

// AfterActualRun
WorkloadResult   1: 8388608 op, 527522247.00 ns, 62.8856 ns/op
WorkloadResult   2: 8388608 op, 528432196.00 ns, 62.9940 ns/op
WorkloadResult   3: 8388608 op, 528556037.00 ns, 63.0088 ns/op
WorkloadResult   4: 8388608 op, 529951847.00 ns, 63.1752 ns/op
WorkloadResult   5: 8388608 op, 530042334.00 ns, 63.1860 ns/op
WorkloadResult   6: 8388608 op, 522961117.00 ns, 62.3418 ns/op
WorkloadResult   7: 8388608 op, 521569929.00 ns, 62.1760 ns/op
WorkloadResult   8: 8388608 op, 523604328.00 ns, 62.4185 ns/op
WorkloadResult   9: 8388608 op, 524376120.00 ns, 62.5105 ns/op
WorkloadResult  10: 8388608 op, 524481397.00 ns, 62.5231 ns/op
WorkloadResult  11: 8388608 op, 526445185.00 ns, 62.7572 ns/op
WorkloadResult  12: 8388608 op, 523601643.00 ns, 62.4182 ns/op
WorkloadResult  13: 8388608 op, 526263052.00 ns, 62.7354 ns/op
WorkloadResult  14: 8388608 op, 522706100.00 ns, 62.3114 ns/op
WorkloadResult  15: 8388608 op, 521132461.00 ns, 62.1238 ns/op
// GC:  24 0 0 402653184 8388608
// Threading:  0 0 8388608

// AfterAll
// Benchmark Process 4157 has exited with code 0.

Mean = 62.638 ns, StdErr = 0.091 ns (0.15%), N = 15, StdDev = 0.352 ns
Min = 62.124 ns, Q1 = 62.380 ns, Median = 62.523 ns, Q3 = 62.940 ns, Max = 63.186 ns
IQR = 0.560 ns, LowerFence = 61.540 ns, UpperFence = 63.779 ns
ConfidenceInterval = [62.261 ns; 63.014 ns] (CI 99.9%), Margin = 0.376 ns (0.60% of Mean)
Skewness = 0.18, Kurtosis = 1.53, MValue = 2

// ** Remained 108 (90.0 %) benchmark(s) to run. Estimated finish 2026-08-30 7:58 (0h 18m from now) **
// **************************
// Benchmark: ParsingBenchmarks.TryParse_Cuit_Utf8: .NET 10.0(Runtime=.NET 10.0, Toolchain=net10.0)
// *** Execute ***
// Launch: 1 / 1
// Execute: dotnet "EricksonLopez.ValueObjects.Benchmarks-.NET 10.0-1.dll" --anonymousPipes 135 136 --benchmarkName EricksonLopez.ValueObjects.Benchmarks.ParsingBenchmarks.TryParse_Cuit_Utf8 --job ".NET 10.0" --benchmarkId 8 in /home/runner/work/dotnet-value-objects/dotnet-value-objects/benchmarks/EricksonLopez.ValueObjects.Benchmarks/bin/Release/net10.0/EricksonLopez.ValueObjects.Benchmarks-.NET 10.0-1/bin/Release/net10.0
// Failed to set up high priority (Permission denied). In order to run benchmarks with high priority, make sure you have the right permissions.
// BeforeAnythingElse

// Benchmark Process Environment Information:
// BenchmarkDotNet v0.15.8
// Runtime=.NET 10.0.11 (10.0.11, 10.0.1126.37416), X64 RyuJIT x86-64-v3
// GC=Concurrent Workstation
// HardwareIntrinsics=AVX2+BMI1+BMI2+F16C+FMA+LZCNT+MOVBE,AVX,SSE3+SSSE3+SSE4.1+SSE4.2+POPCNT,X86Base+SSE+SSE2,AES+PCLMUL VectorSize=256
// Job: .NET 10.0

OverheadJitting  1: 1 op, 219891.00 ns, 219.8910 us/op
WorkloadJitting  1: 1 op, 5275952.00 ns, 5.2760 ms/op

OverheadJitting  2: 16 op, 384879.00 ns, 24.0549 us/op
WorkloadJitting  2: 16 op, 359311.00 ns, 22.4569 us/op

WorkloadPilot    1: 16 op, 13064.00 ns, 816.5000 ns/op
WorkloadPilot    2: 32 op, 8556.00 ns, 267.3750 ns/op
WorkloadPilot    3: 64 op, 13034.00 ns, 203.6563 ns/op
WorkloadPilot    4: 128 op, 35676.00 ns, 278.7188 ns/op
WorkloadPilot    5: 256 op, 58118.00 ns, 227.0234 ns/op
WorkloadPilot    6: 512 op, 114264.00 ns, 223.1719 ns/op
WorkloadPilot    7: 1024 op, 262189.00 ns, 256.0439 ns/op
WorkloadPilot    8: 2048 op, 460900.00 ns, 225.0488 ns/op
WorkloadPilot    9: 4096 op, 861539.00 ns, 210.3367 ns/op
WorkloadPilot   10: 8192 op, 1603234.00 ns, 195.7073 ns/op
WorkloadPilot   11: 16384 op, 3200557.00 ns, 195.3465 ns/op
WorkloadPilot   12: 32768 op, 6265200.00 ns, 191.1987 ns/op
WorkloadPilot   13: 65536 op, 12389195.00 ns, 189.0441 ns/op
WorkloadPilot   14: 131072 op, 24840778.00 ns, 189.5201 ns/op
WorkloadPilot   15: 262144 op, 49602728.00 ns, 189.2194 ns/op
WorkloadPilot   16: 524288 op, 103978539.00 ns, 198.3233 ns/op
WorkloadPilot   17: 1048576 op, 67335102.00 ns, 64.2158 ns/op
WorkloadPilot   18: 2097152 op, 136171787.00 ns, 64.9318 ns/op
WorkloadPilot   19: 4194304 op, 267600036.00 ns, 63.8008 ns/op
WorkloadPilot   20: 8388608 op, 532892523.00 ns, 63.5257 ns/op

OverheadWarmup   1: 8388608 op, 22317776.00 ns, 2.6605 ns/op
OverheadWarmup   2: 8388608 op, 22471904.00 ns, 2.6789 ns/op
OverheadWarmup   3: 8388608 op, 22453209.00 ns, 2.6766 ns/op
OverheadWarmup   4: 8388608 op, 22337453.00 ns, 2.6628 ns/op
OverheadWarmup   5: 8388608 op, 21954999.00 ns, 2.6172 ns/op
OverheadWarmup   6: 8388608 op, 22160692.00 ns, 2.6418 ns/op
OverheadWarmup   7: 8388608 op, 22811999.00 ns, 2.7194 ns/op
OverheadWarmup   8: 8388608 op, 22005824.00 ns, 2.6233 ns/op

OverheadActual   1: 8388608 op, 22576699.00 ns, 2.6914 ns/op
OverheadActual   2: 8388608 op, 22526626.00 ns, 2.6854 ns/op
OverheadActual   3: 8388608 op, 22306927.00 ns, 2.6592 ns/op
OverheadActual   4: 8388608 op, 22634788.00 ns, 2.6983 ns/op
OverheadActual   5: 8388608 op, 22505717.00 ns, 2.6829 ns/op
OverheadActual   6: 8388608 op, 22207310.00 ns, 2.6473 ns/op
OverheadActual   7: 8388608 op, 22330309.00 ns, 2.6620 ns/op
OverheadActual   8: 8388608 op, 22194617.00 ns, 2.6458 ns/op
OverheadActual   9: 8388608 op, 22500637.00 ns, 2.6823 ns/op
OverheadActual  10: 8388608 op, 16620417.00 ns, 1.9813 ns/op
OverheadActual  11: 8388608 op, 16229847.00 ns, 1.9347 ns/op
OverheadActual  12: 8388608 op, 15863444.00 ns, 1.8911 ns/op
OverheadActual  13: 8388608 op, 16210872.00 ns, 1.9325 ns/op
OverheadActual  14: 8388608 op, 16016339.00 ns, 1.9093 ns/op
OverheadActual  15: 8388608 op, 16232272.00 ns, 1.9350 ns/op
OverheadActual  16: 8388608 op, 15771091.00 ns, 1.8801 ns/op
OverheadActual  17: 8388608 op, 16004346.00 ns, 1.9079 ns/op
OverheadActual  18: 8388608 op, 15908407.00 ns, 1.8964 ns/op
OverheadActual  19: 8388608 op, 16859673.00 ns, 2.0098 ns/op
OverheadActual  20: 8388608 op, 16258741.00 ns, 1.9382 ns/op

WorkloadWarmup   1: 8388608 op, 545062319.00 ns, 64.9765 ns/op
WorkloadWarmup   2: 8388608 op, 539993724.00 ns, 64.3723 ns/op
WorkloadWarmup   3: 8388608 op, 535569733.00 ns, 63.8449 ns/op
WorkloadWarmup   4: 8388608 op, 535433348.00 ns, 63.8286 ns/op
WorkloadWarmup   5: 8388608 op, 533719618.00 ns, 63.6243 ns/op
WorkloadWarmup   6: 8388608 op, 532964127.00 ns, 63.5343 ns/op
WorkloadWarmup   7: 8388608 op, 532902290.00 ns, 63.5269 ns/op
WorkloadWarmup   8: 8388608 op, 534628069.00 ns, 63.7326 ns/op
WorkloadWarmup   9: 8388608 op, 532837008.00 ns, 63.5191 ns/op
WorkloadWarmup  10: 8388608 op, 532832890.00 ns, 63.5186 ns/op
WorkloadWarmup  11: 8388608 op, 535163090.00 ns, 63.7964 ns/op
WorkloadWarmup  12: 8388608 op, 542057524.00 ns, 64.6183 ns/op
WorkloadWarmup  13: 8388608 op, 533678530.00 ns, 63.6194 ns/op

// BeforeActualRun
WorkloadActual   1: 8388608 op, 538033083.00 ns, 64.1385 ns/op
WorkloadActual   2: 8388608 op, 536857879.00 ns, 63.9984 ns/op
WorkloadActual   3: 8388608 op, 535259082.00 ns, 63.8079 ns/op
WorkloadActual   4: 8388608 op, 533944237.00 ns, 63.6511 ns/op
WorkloadActual   5: 8388608 op, 538624508.00 ns, 64.2090 ns/op
WorkloadActual   6: 8388608 op, 537408687.00 ns, 64.0641 ns/op
WorkloadActual   7: 8388608 op, 537517060.00 ns, 64.0770 ns/op
WorkloadActual   8: 8388608 op, 534806097.00 ns, 63.7539 ns/op
WorkloadActual   9: 8388608 op, 542096423.00 ns, 64.6229 ns/op
WorkloadActual  10: 8388608 op, 535155453.00 ns, 63.7955 ns/op
WorkloadActual  11: 8388608 op, 536864643.00 ns, 63.9993 ns/op
WorkloadActual  12: 8388608 op, 536292558.00 ns, 63.9311 ns/op
WorkloadActual  13: 8388608 op, 533118592.00 ns, 63.5527 ns/op
WorkloadActual  14: 8388608 op, 533887153.00 ns, 63.6443 ns/op
WorkloadActual  15: 8388608 op, 534634915.00 ns, 63.7334 ns/op

// AfterActualRun
WorkloadResult   1: 8388608 op, 521293038.00 ns, 62.1430 ns/op
WorkloadResult   2: 8388608 op, 520117834.00 ns, 62.0029 ns/op
WorkloadResult   3: 8388608 op, 518519037.00 ns, 61.8123 ns/op
WorkloadResult   4: 8388608 op, 517204192.00 ns, 61.6555 ns/op
WorkloadResult   5: 8388608 op, 521884463.00 ns, 62.2135 ns/op
WorkloadResult   6: 8388608 op, 520668642.00 ns, 62.0685 ns/op
WorkloadResult   7: 8388608 op, 520777015.00 ns, 62.0815 ns/op
WorkloadResult   8: 8388608 op, 518066052.00 ns, 61.7583 ns/op
WorkloadResult   9: 8388608 op, 518415408.00 ns, 61.7999 ns/op
WorkloadResult  10: 8388608 op, 520124598.00 ns, 62.0037 ns/op
WorkloadResult  11: 8388608 op, 519552513.00 ns, 61.9355 ns/op
WorkloadResult  12: 8388608 op, 516378547.00 ns, 61.5571 ns/op
WorkloadResult  13: 8388608 op, 517147108.00 ns, 61.6487 ns/op
WorkloadResult  14: 8388608 op, 517894870.00 ns, 61.7379 ns/op
// GC:  24 0 0 402653184 8388608
// Threading:  0 0 8388608

// AfterAll
// Benchmark Process 4176 has exited with code 0.

Mean = 61.887 ns, StdErr = 0.055 ns (0.09%), N = 14, StdDev = 0.204 ns
Min = 61.557 ns, Q1 = 61.743 ns, Median = 61.874 ns, Q3 = 62.052 ns, Max = 62.213 ns
IQR = 0.309 ns, LowerFence = 61.279 ns, UpperFence = 62.516 ns
ConfidenceInterval = [61.656 ns; 62.118 ns] (CI 99.9%), Margin = 0.231 ns (0.37% of Mean)
Skewness = -0, Kurtosis = 1.53, MValue = 2

// ** Remained 107 (89.2 %) benchmark(s) to run. Estimated finish 2026-08-30 7:59 (0h 19m from now) **
// **************************
// Benchmark: ParsingBenchmarks.Parse_Cbu_String: .NET 10.0(Runtime=.NET 10.0, Toolchain=net10.0)
// *** Execute ***
// Launch: 1 / 1
// Execute: dotnet "EricksonLopez.ValueObjects.Benchmarks-.NET 10.0-1.dll" --anonymousPipes 135 136 --benchmarkName EricksonLopez.ValueObjects.Benchmarks.ParsingBenchmarks.Parse_Cbu_String --job ".NET 10.0" --benchmarkId 9 in /home/runner/work/dotnet-value-objects/dotnet-value-objects/benchmarks/EricksonLopez.ValueObjects.Benchmarks/bin/Release/net10.0/EricksonLopez.ValueObjects.Benchmarks-.NET 10.0-1/bin/Release/net10.0
// Failed to set up high priority (Permission denied). In order to run benchmarks with high priority, make sure you have the right permissions.
// BeforeAnythingElse

// Benchmark Process Environment Information:
// BenchmarkDotNet v0.15.8
// Runtime=.NET 10.0.11 (10.0.11, 10.0.1126.37416), X64 RyuJIT x86-64-v3
// GC=Concurrent Workstation
// HardwareIntrinsics=AVX2+BMI1+BMI2+F16C+FMA+LZCNT+MOVBE,AVX,SSE3+SSSE3+SSE4.1+SSE4.2+POPCNT,X86Base+SSE+SSE2,AES+PCLMUL VectorSize=256
// Job: .NET 10.0

OverheadJitting  1: 1 op, 221294.00 ns, 221.2940 us/op

System.Reflection.TargetInvocationException: Exception has been thrown by the target of an invocation.
 ---> System.FormatException: Invalid CBU: '0110599520000001234567'.
   at EricksonLopez.ValueObjects.Fiscal.Argentina.Cbu.Parse(String s, IFormatProvider provider) in /_/src/EricksonLopez.ValueObjects.Fiscal.Argentina/Cbu.cs:line 175
   at EricksonLopez.ValueObjects.Benchmarks.ParsingBenchmarks.Parse_Cbu_String() in /_/benchmarks/EricksonLopez.ValueObjects.Benchmarks/ParsingBenchmarks.cs:line 54
   at BenchmarkDotNet.Autogenerated.Runnable_9.WorkloadActionNoUnroll(Int64 invokeCount) in /_/benchmarks/EricksonLopez.ValueObjects.Benchmarks/bin/Release/net10.0/EricksonLopez.ValueObjects.Benchmarks-.NET 10.0-1/EricksonLopez.ValueObjects.Benchmarks-.NET 10.0-1.notcs:line 2146
   at BenchmarkDotNet.Engines.Engine.Measure(Action`1 action, Int64 invokeCount)
   at BenchmarkDotNet.Engines.Engine.RunIteration(IterationData data)
   at BenchmarkDotNet.Engines.EngineFactory.Jit(Engine engine, Int32 jitIndex, Int32 invokeCount, Int32 unrollFactor)
   at BenchmarkDotNet.Engines.EngineFactory.CreateReadyToRun(EngineParameters engineParameters)
   at BenchmarkDotNet.Autogenerated.Runnable_9.Run(IHost host, String benchmarkName) in /_/benchmarks/EricksonLopez.ValueObjects.Benchmarks/bin/Release/net10.0/EricksonLopez.ValueObjects.Benchmarks-.NET 10.0-1/EricksonLopez.ValueObjects.Benchmarks-.NET 10.0-1.notcs:line 2004
   at System.Reflection.MethodBaseInvoker.InterpretedInvoke_Method(Object obj, IntPtr* args)
   at System.Reflection.MethodBaseInvoker.InvokeDirectByRefWithFewArgs(Object obj, Span`1 copyOfArgs, BindingFlags invokeAttr)
   --- End of inner exception stack trace ---
   at System.Reflection.MethodBaseInvoker.InvokeDirectByRefWithFewArgs(Object obj, Span`1 copyOfArgs, BindingFlags invokeAttr)
   at System.Reflection.MethodBaseInvoker.InvokeWithFewArgs(Object obj, BindingFlags invokeAttr, Binder binder, Object[] parameters, CultureInfo culture)
   at System.Reflection.RuntimeMethodInfo.Invoke(Object obj, BindingFlags invokeAttr, Binder binder, Object[] parameters, CultureInfo culture)
   at BenchmarkDotNet.Autogenerated.UniqueProgramName.AfterAssemblyLoadingAttached(String[] args) in /_/benchmarks/EricksonLopez.ValueObjects.Benchmarks/bin/Release/net10.0/EricksonLopez.ValueObjects.Benchmarks-.NET 10.0-1/EricksonLopez.ValueObjects.Benchmarks-.NET 10.0-1.notcs:line 57
// AfterAll
No Workload Results were obtained from the run.
// Benchmark Process 4189 has exited with code 255.

// ** Remained 106 (88.3 %) benchmark(s) to run. Estimated finish 2026-08-30 7:58 (0h 18m from now) **
// **************************
// Benchmark: ParsingBenchmarks.Parse_Cbu_Span: .NET 10.0(Runtime=.NET 10.0, Toolchain=net10.0)
// *** Execute ***
// Launch: 1 / 1
// Execute: dotnet "EricksonLopez.ValueObjects.Benchmarks-.NET 10.0-1.dll" --anonymousPipes 135 136 --benchmarkName EricksonLopez.ValueObjects.Benchmarks.ParsingBenchmarks.Parse_Cbu_Span --job ".NET 10.0" --benchmarkId 10 in /home/runner/work/dotnet-value-objects/dotnet-value-objects/benchmarks/EricksonLopez.ValueObjects.Benchmarks/bin/Release/net10.0/EricksonLopez.ValueObjects.Benchmarks-.NET 10.0-1/bin/Release/net10.0
// Failed to set up high priority (Permission denied). In order to run benchmarks with high priority, make sure you have the right permissions.
// BeforeAnythingElse

// Benchmark Process Environment Information:
// BenchmarkDotNet v0.15.8
// Runtime=.NET 10.0.11 (10.0.11, 10.0.1126.37416), X64 RyuJIT x86-64-v3
// GC=Concurrent Workstation
// HardwareIntrinsics=AVX2+BMI1+BMI2+F16C+FMA+LZCNT+MOVBE,AVX,SSE3+SSSE3+SSE4.1+SSE4.2+POPCNT,X86Base+SSE+SSE2,AES+PCLMUL VectorSize=256
// Job: .NET 10.0

OverheadJitting  1: 1 op, 302796.00 ns, 302.7960 us/op

System.Reflection.TargetInvocationException: Exception has been thrown by the target of an invocation.
 ---> System.FormatException: Invalid CBU: '0110599520000001234567'.
   at EricksonLopez.ValueObjects.Fiscal.Argentina.Cbu.Parse(ReadOnlySpan`1 s, IFormatProvider provider) in /_/src/EricksonLopez.ValueObjects.Fiscal.Argentina/Cbu.cs:line 179
   at EricksonLopez.ValueObjects.Benchmarks.ParsingBenchmarks.Parse_Cbu_Span() in /_/benchmarks/EricksonLopez.ValueObjects.Benchmarks/ParsingBenchmarks.cs:line 57
   at BenchmarkDotNet.Autogenerated.Runnable_10.WorkloadActionNoUnroll(Int64 invokeCount) in /_/benchmarks/EricksonLopez.ValueObjects.Benchmarks/bin/Release/net10.0/EricksonLopez.ValueObjects.Benchmarks-.NET 10.0-1/EricksonLopez.ValueObjects.Benchmarks-.NET 10.0-1.notcs:line 2354
   at BenchmarkDotNet.Engines.Engine.Measure(Action`1 action, Int64 invokeCount)
   at BenchmarkDotNet.Engines.Engine.RunIteration(IterationData data)
   at BenchmarkDotNet.Engines.EngineFactory.Jit(Engine engine, Int32 jitIndex, Int32 invokeCount, Int32 unrollFactor)
   at BenchmarkDotNet.Engines.EngineFactory.CreateReadyToRun(EngineParameters engineParameters)
   at BenchmarkDotNet.Autogenerated.Runnable_10.Run(IHost host, String benchmarkName) in /_/benchmarks/EricksonLopez.ValueObjects.Benchmarks/bin/Release/net10.0/EricksonLopez.ValueObjects.Benchmarks-.NET 10.0-1/EricksonLopez.ValueObjects.Benchmarks-.NET 10.0-1.notcs:line 2212
   at System.Reflection.MethodBaseInvoker.InterpretedInvoke_Method(Object obj, IntPtr* args)
   at System.Reflection.MethodBaseInvoker.InvokeDirectByRefWithFewArgs(Object obj, Span`1 copyOfArgs, BindingFlags invokeAttr)
   --- End of inner exception stack trace ---
   at System.Reflection.MethodBaseInvoker.InvokeDirectByRefWithFewArgs(Object obj, Span`1 copyOfArgs, BindingFlags invokeAttr)
   at System.Reflection.MethodBaseInvoker.InvokeWithFewArgs(Object obj, BindingFlags invokeAttr, Binder binder, Object[] parameters, CultureInfo culture)
   at System.Reflection.RuntimeMethodInfo.Invoke(Object obj, BindingFlags invokeAttr, Binder binder, Object[] parameters, CultureInfo culture)
   at BenchmarkDotNet.Autogenerated.UniqueProgramName.AfterAssemblyLoadingAttached(String[] args) in /_/benchmarks/EricksonLopez.ValueObjects.Benchmarks/bin/Release/net10.0/EricksonLopez.ValueObjects.Benchmarks-.NET 10.0-1/EricksonLopez.ValueObjects.Benchmarks-.NET 10.0-1.notcs:line 57
// AfterAll
No Workload Results were obtained from the run.
// Benchmark Process 4196 has exited with code 255.

// ** Remained 105 (87.5 %) benchmark(s) to run. Estimated finish 2026-08-30 7:56 (0h 16m from now) **
// **************************
// Benchmark: ParsingBenchmarks.Parse_Cbu_Utf8: .NET 10.0(Runtime=.NET 10.0, Toolchain=net10.0)
// *** Execute ***
// Launch: 1 / 1
// Execute: dotnet "EricksonLopez.ValueObjects.Benchmarks-.NET 10.0-1.dll" --anonymousPipes 135 136 --benchmarkName EricksonLopez.ValueObjects.Benchmarks.ParsingBenchmarks.Parse_Cbu_Utf8 --job ".NET 10.0" --benchmarkId 11 in /home/runner/work/dotnet-value-objects/dotnet-value-objects/benchmarks/EricksonLopez.ValueObjects.Benchmarks/bin/Release/net10.0/EricksonLopez.ValueObjects.Benchmarks-.NET 10.0-1/bin/Release/net10.0
// Failed to set up high priority (Permission denied). In order to run benchmarks with high priority, make sure you have the right permissions.
// BeforeAnythingElse

// Benchmark Process Environment Information:
// BenchmarkDotNet v0.15.8
// Runtime=.NET 10.0.11 (10.0.11, 10.0.1126.37416), X64 RyuJIT x86-64-v3
// GC=Concurrent Workstation
// HardwareIntrinsics=AVX2+BMI1+BMI2+F16C+FMA+LZCNT+MOVBE,AVX,SSE3+SSSE3+SSE4.1+SSE4.2+POPCNT,X86Base+SSE+SSE2,AES+PCLMUL VectorSize=256
// Job: .NET 10.0

OverheadJitting  1: 1 op, 292887.00 ns, 292.8870 us/op

System.Reflection.TargetInvocationException: Exception has been thrown by the target of an invocation.
 ---> System.FormatException: Invalid UTF-8 CBU representation.
   at EricksonLopez.ValueObjects.Fiscal.Argentina.Cbu.Parse(ReadOnlySpan`1 utf8Text, IFormatProvider provider) in /_/src/EricksonLopez.ValueObjects.Fiscal.Argentina/Cbu.cs:line 195
   at EricksonLopez.ValueObjects.Benchmarks.ParsingBenchmarks.Parse_Cbu_Utf8() in /_/benchmarks/EricksonLopez.ValueObjects.Benchmarks/ParsingBenchmarks.cs:line 60
   at BenchmarkDotNet.Autogenerated.Runnable_11.WorkloadActionNoUnroll(Int64 invokeCount) in /_/benchmarks/EricksonLopez.ValueObjects.Benchmarks/bin/Release/net10.0/EricksonLopez.ValueObjects.Benchmarks-.NET 10.0-1/EricksonLopez.ValueObjects.Benchmarks-.NET 10.0-1.notcs:line 2562
   at BenchmarkDotNet.Engines.Engine.Measure(Action`1 action, Int64 invokeCount)
   at BenchmarkDotNet.Engines.Engine.RunIteration(IterationData data)
   at BenchmarkDotNet.Engines.EngineFactory.Jit(Engine engine, Int32 jitIndex, Int32 invokeCount, Int32 unrollFactor)
   at BenchmarkDotNet.Engines.EngineFactory.CreateReadyToRun(EngineParameters engineParameters)
   at BenchmarkDotNet.Autogenerated.Runnable_11.Run(IHost host, String benchmarkName) in /_/benchmarks/EricksonLopez.ValueObjects.Benchmarks/bin/Release/net10.0/EricksonLopez.ValueObjects.Benchmarks-.NET 10.0-1/EricksonLopez.ValueObjects.Benchmarks-.NET 10.0-1.notcs:line 2420
   at System.Reflection.MethodBaseInvoker.InterpretedInvoke_Method(Object obj, IntPtr* args)
   at System.Reflection.MethodBaseInvoker.InvokeDirectByRefWithFewArgs(Object obj, Span`1 copyOfArgs, BindingFlags invokeAttr)
   --- End of inner exception stack trace ---
   at System.Reflection.MethodBaseInvoker.InvokeDirectByRefWithFewArgs(Object obj, Span`1 copyOfArgs, BindingFlags invokeAttr)
   at System.Reflection.MethodBaseInvoker.InvokeWithFewArgs(Object obj, BindingFlags invokeAttr, Binder binder, Object[] parameters, CultureInfo culture)
   at System.Reflection.RuntimeMethodInfo.Invoke(Object obj, BindingFlags invokeAttr, Binder binder, Object[] parameters, CultureInfo culture)
   at BenchmarkDotNet.Autogenerated.UniqueProgramName.AfterAssemblyLoadingAttached(String[] args) in /_/benchmarks/EricksonLopez.ValueObjects.Benchmarks/bin/Release/net10.0/EricksonLopez.ValueObjects.Benchmarks-.NET 10.0-1/EricksonLopez.ValueObjects.Benchmarks-.NET 10.0-1.notcs:line 57
// AfterAll
No Workload Results were obtained from the run.
// Benchmark Process 4204 has exited with code 255.

// ** Remained 104 (86.7 %) benchmark(s) to run. Estimated finish 2026-08-30 7:55 (0h 15m from now) **
// Build Error: Standard output: 
  
 Standard error: 
   Determining projects to restore...
/home/runner/work/dotnet-value-objects/dotnet-value-objects/benchmarks/EricksonLopez.ValueObjects.Benchmarks/bin/Release/net10.0/EricksonLopez.ValueObjects.Benchmarks-.NET 8.0-2/BenchmarkDotNet.Autogenerated.csproj : error NU1201: Project EricksonLopez.ValueObjects.Benchmarks is not compatible with net8.0 (.NETCoreApp,Version=v8.0). Project EricksonLopez.ValueObjects.Benchmarks supports: net10.0 (.NETCoreApp,Version=v10.0)
  Failed to restore /home/runner/work/dotnet-value-objects/dotnet-value-objects/benchmarks/EricksonLopez.ValueObjects.Benchmarks/bin/Release/net10.0/EricksonLopez.ValueObjects.Benchmarks-.NET 8.0-2/BenchmarkDotNet.Autogenerated.csproj (in 272 ms).
  5 of 6 projects are up-to-date for restore.

// BenchmarkDotNet has failed to build the auto-generated boilerplate code.
// It can be found in /home/runner/work/dotnet-value-objects/dotnet-value-objects/benchmarks/EricksonLopez.ValueObjects.Benchmarks/bin/Release/net10.0/EricksonLopez.ValueObjects.Benchmarks-.NET 8.0-2
// Please follow the troubleshooting guide: https://benchmarkdotnet.org/articles/guides/troubleshooting.html

// ** Remained 103 (85.8 %) benchmark(s) to run. Estimated finish 2026-08-30 7:54 (0h 14m from now) **
// Build Error: Standard output: 
  
 Standard error: 
   Determining projects to restore...
/home/runner/work/dotnet-value-objects/dotnet-value-objects/benchmarks/EricksonLopez.ValueObjects.Benchmarks/bin/Release/net10.0/EricksonLopez.ValueObjects.Benchmarks-.NET 8.0-2/BenchmarkDotNet.Autogenerated.csproj : error NU1201: Project EricksonLopez.ValueObjects.Benchmarks is not compatible with net8.0 (.NETCoreApp,Version=v8.0). Project EricksonLopez.ValueObjects.Benchmarks supports: net10.0 (.NETCoreApp,Version=v10.0)
  Failed to restore /home/runner/work/dotnet-value-objects/dotnet-value-objects/benchmarks/EricksonLopez.ValueObjects.Benchmarks/bin/Release/net10.0/EricksonLopez.ValueObjects.Benchmarks-.NET 8.0-2/BenchmarkDotNet.Autogenerated.csproj (in 272 ms).
  5 of 6 projects are up-to-date for restore.

// BenchmarkDotNet has failed to build the auto-generated boilerplate code.
// It can be found in /home/runner/work/dotnet-value-objects/dotnet-value-objects/benchmarks/EricksonLopez.ValueObjects.Benchmarks/bin/Release/net10.0/EricksonLopez.ValueObjects.Benchmarks-.NET 8.0-2
// Please follow the troubleshooting guide: https://benchmarkdotnet.org/articles/guides/troubleshooting.html

// ** Remained 102 (85.0 %) benchmark(s) to run. Estimated finish 2026-08-30 7:53 (0h 13m from now) **
// Build Error: Standard output: 
  
 Standard error: 
   Determining projects to restore...
/home/runner/work/dotnet-value-objects/dotnet-value-objects/benchmarks/EricksonLopez.ValueObjects.Benchmarks/bin/Release/net10.0/EricksonLopez.ValueObjects.Benchmarks-.NET 8.0-2/BenchmarkDotNet.Autogenerated.csproj : error NU1201: Project EricksonLopez.ValueObjects.Benchmarks is not compatible with net8.0 (.NETCoreApp,Version=v8.0). Project EricksonLopez.ValueObjects.Benchmarks supports: net10.0 (.NETCoreApp,Version=v10.0)
  Failed to restore /home/runner/work/dotnet-value-objects/dotnet-value-objects/benchmarks/EricksonLopez.ValueObjects.Benchmarks/bin/Release/net10.0/EricksonLopez.ValueObjects.Benchmarks-.NET 8.0-2/BenchmarkDotNet.Autogenerated.csproj (in 272 ms).
  5 of 6 projects are up-to-date for restore.

// BenchmarkDotNet has failed to build the auto-generated boilerplate code.
// It can be found in /home/runner/work/dotnet-value-objects/dotnet-value-objects/benchmarks/EricksonLopez.ValueObjects.Benchmarks/bin/Release/net10.0/EricksonLopez.ValueObjects.Benchmarks-.NET 8.0-2
// Please follow the troubleshooting guide: https://benchmarkdotnet.org/articles/guides/troubleshooting.html

// ** Remained 101 (84.2 %) benchmark(s) to run. Estimated finish 2026-08-30 7:52 (0h 12m from now) **
// Build Error: Standard output: 
  
 Standard error: 
   Determining projects to restore...
/home/runner/work/dotnet-value-objects/dotnet-value-objects/benchmarks/EricksonLopez.ValueObjects.Benchmarks/bin/Release/net10.0/EricksonLopez.ValueObjects.Benchmarks-.NET 8.0-2/BenchmarkDotNet.Autogenerated.csproj : error NU1201: Project EricksonLopez.ValueObjects.Benchmarks is not compatible with net8.0 (.NETCoreApp,Version=v8.0). Project EricksonLopez.ValueObjects.Benchmarks supports: net10.0 (.NETCoreApp,Version=v10.0)
  Failed to restore /home/runner/work/dotnet-value-objects/dotnet-value-objects/benchmarks/EricksonLopez.ValueObjects.Benchmarks/bin/Release/net10.0/EricksonLopez.ValueObjects.Benchmarks-.NET 8.0-2/BenchmarkDotNet.Autogenerated.csproj (in 272 ms).
  5 of 6 projects are up-to-date for restore.

// BenchmarkDotNet has failed to build the auto-generated boilerplate code.
// It can be found in /home/runner/work/dotnet-value-objects/dotnet-value-objects/benchmarks/EricksonLopez.ValueObjects.Benchmarks/bin/Release/net10.0/EricksonLopez.ValueObjects.Benchmarks-.NET 8.0-2
// Please follow the troubleshooting guide: https://benchmarkdotnet.org/articles/guides/troubleshooting.html

// ** Remained 100 (83.3 %) benchmark(s) to run. Estimated finish 2026-08-30 7:52 (0h 12m from now) **
// Build Error: Standard output: 
  
 Standard error: 
   Determining projects to restore...
/home/runner/work/dotnet-value-objects/dotnet-value-objects/benchmarks/EricksonLopez.ValueObjects.Benchmarks/bin/Release/net10.0/EricksonLopez.ValueObjects.Benchmarks-.NET 8.0-2/BenchmarkDotNet.Autogenerated.csproj : error NU1201: Project EricksonLopez.ValueObjects.Benchmarks is not compatible with net8.0 (.NETCoreApp,Version=v8.0). Project EricksonLopez.ValueObjects.Benchmarks supports: net10.0 (.NETCoreApp,Version=v10.0)
  Failed to restore /home/runner/work/dotnet-value-objects/dotnet-value-objects/benchmarks/EricksonLopez.ValueObjects.Benchmarks/bin/Release/net10.0/EricksonLopez.ValueObjects.Benchmarks-.NET 8.0-2/BenchmarkDotNet.Autogenerated.csproj (in 272 ms).
  5 of 6 projects are up-to-date for restore.

// BenchmarkDotNet has failed to build the auto-generated boilerplate code.
// It can be found in /home/runner/work/dotnet-value-objects/dotnet-value-objects/benchmarks/EricksonLopez.ValueObjects.Benchmarks/bin/Release/net10.0/EricksonLopez.ValueObjects.Benchmarks-.NET 8.0-2
// Please follow the troubleshooting guide: https://benchmarkdotnet.org/articles/guides/troubleshooting.html

// ** Remained 99 (82.5 %) benchmark(s) to run. Estimated finish 2026-08-30 7:51 (0h 11m from now) **
// Build Error: Standard output: 
  
 Standard error: 
   Determining projects to restore...
/home/runner/work/dotnet-value-objects/dotnet-value-objects/benchmarks/EricksonLopez.ValueObjects.Benchmarks/bin/Release/net10.0/EricksonLopez.ValueObjects.Benchmarks-.NET 8.0-2/BenchmarkDotNet.Autogenerated.csproj : error NU1201: Project EricksonLopez.ValueObjects.Benchmarks is not compatible with net8.0 (.NETCoreApp,Version=v8.0). Project EricksonLopez.ValueObjects.Benchmarks supports: net10.0 (.NETCoreApp,Version=v10.0)
  Failed to restore /home/runner/work/dotnet-value-objects/dotnet-value-objects/benchmarks/EricksonLopez.ValueObjects.Benchmarks/bin/Release/net10.0/EricksonLopez.ValueObjects.Benchmarks-.NET 8.0-2/BenchmarkDotNet.Autogenerated.csproj (in 272 ms).
  5 of 6 projects are up-to-date for restore.

// BenchmarkDotNet has failed to build the auto-generated boilerplate code.
// It can be found in /home/runner/work/dotnet-value-objects/dotnet-value-objects/benchmarks/EricksonLopez.ValueObjects.Benchmarks/bin/Release/net10.0/EricksonLopez.ValueObjects.Benchmarks-.NET 8.0-2
// Please follow the troubleshooting guide: https://benchmarkdotnet.org/articles/guides/troubleshooting.html

// ** Remained 98 (81.7 %) benchmark(s) to run. Estimated finish 2026-08-30 7:50 (0h 10m from now) **
// Build Error: Standard output: 
  
 Standard error: 
   Determining projects to restore...
/home/runner/work/dotnet-value-objects/dotnet-value-objects/benchmarks/EricksonLopez.ValueObjects.Benchmarks/bin/Release/net10.0/EricksonLopez.ValueObjects.Benchmarks-.NET 8.0-2/BenchmarkDotNet.Autogenerated.csproj : error NU1201: Project EricksonLopez.ValueObjects.Benchmarks is not compatible with net8.0 (.NETCoreApp,Version=v8.0). Project EricksonLopez.ValueObjects.Benchmarks supports: net10.0 (.NETCoreApp,Version=v10.0)
  Failed to restore /home/runner/work/dotnet-value-objects/dotnet-value-objects/benchmarks/EricksonLopez.ValueObjects.Benchmarks/bin/Release/net10.0/EricksonLopez.ValueObjects.Benchmarks-.NET 8.0-2/BenchmarkDotNet.Autogenerated.csproj (in 272 ms).
  5 of 6 projects are up-to-date for restore.

// BenchmarkDotNet has failed to build the auto-generated boilerplate code.
// It can be found in /home/runner/work/dotnet-value-objects/dotnet-value-objects/benchmarks/EricksonLopez.ValueObjects.Benchmarks/bin/Release/net10.0/EricksonLopez.ValueObjects.Benchmarks-.NET 8.0-2
// Please follow the troubleshooting guide: https://benchmarkdotnet.org/articles/guides/troubleshooting.html

// ** Remained 97 (80.8 %) benchmark(s) to run. Estimated finish 2026-08-30 7:50 (0h 10m from now) **
// Build Error: Standard output: 
  
 Standard error: 
   Determining projects to restore...
/home/runner/work/dotnet-value-objects/dotnet-value-objects/benchmarks/EricksonLopez.ValueObjects.Benchmarks/bin/Release/net10.0/EricksonLopez.ValueObjects.Benchmarks-.NET 8.0-2/BenchmarkDotNet.Autogenerated.csproj : error NU1201: Project EricksonLopez.ValueObjects.Benchmarks is not compatible with net8.0 (.NETCoreApp,Version=v8.0). Project EricksonLopez.ValueObjects.Benchmarks supports: net10.0 (.NETCoreApp,Version=v10.0)
  Failed to restore /home/runner/work/dotnet-value-objects/dotnet-value-objects/benchmarks/EricksonLopez.ValueObjects.Benchmarks/bin/Release/net10.0/EricksonLopez.ValueObjects.Benchmarks-.NET 8.0-2/BenchmarkDotNet.Autogenerated.csproj (in 272 ms).
  5 of 6 projects are up-to-date for restore.

// BenchmarkDotNet has failed to build the auto-generated boilerplate code.
// It can be found in /home/runner/work/dotnet-value-objects/dotnet-value-objects/benchmarks/EricksonLopez.ValueObjects.Benchmarks/bin/Release/net10.0/EricksonLopez.ValueObjects.Benchmarks-.NET 8.0-2
// Please follow the troubleshooting guide: https://benchmarkdotnet.org/articles/guides/troubleshooting.html

// ** Remained 96 (80.0 %) benchmark(s) to run. Estimated finish 2026-08-30 7:49 (0h 9m from now) **
// Build Error: Standard output: 
  
 Standard error: 
   Determining projects to restore...
/home/runner/work/dotnet-value-objects/dotnet-value-objects/benchmarks/EricksonLopez.ValueObjects.Benchmarks/bin/Release/net10.0/EricksonLopez.ValueObjects.Benchmarks-.NET 8.0-2/BenchmarkDotNet.Autogenerated.csproj : error NU1201: Project EricksonLopez.ValueObjects.Benchmarks is not compatible with net8.0 (.NETCoreApp,Version=v8.0). Project EricksonLopez.ValueObjects.Benchmarks supports: net10.0 (.NETCoreApp,Version=v10.0)
  Failed to restore /home/runner/work/dotnet-value-objects/dotnet-value-objects/benchmarks/EricksonLopez.ValueObjects.Benchmarks/bin/Release/net10.0/EricksonLopez.ValueObjects.Benchmarks-.NET 8.0-2/BenchmarkDotNet.Autogenerated.csproj (in 272 ms).
  5 of 6 projects are up-to-date for restore.

// BenchmarkDotNet has failed to build the auto-generated boilerplate code.
// It can be found in /home/runner/work/dotnet-value-objects/dotnet-value-objects/benchmarks/EricksonLopez.ValueObjects.Benchmarks/bin/Release/net10.0/EricksonLopez.ValueObjects.Benchmarks-.NET 8.0-2
// Please follow the troubleshooting guide: https://benchmarkdotnet.org/articles/guides/troubleshooting.html

// ** Remained 95 (79.2 %) benchmark(s) to run. Estimated finish 2026-08-30 7:49 (0h 9m from now) **
// Build Error: Standard output: 
  
 Standard error: 
   Determining projects to restore...
/home/runner/work/dotnet-value-objects/dotnet-value-objects/benchmarks/EricksonLopez.ValueObjects.Benchmarks/bin/Release/net10.0/EricksonLopez.ValueObjects.Benchmarks-.NET 8.0-2/BenchmarkDotNet.Autogenerated.csproj : error NU1201: Project EricksonLopez.ValueObjects.Benchmarks is not compatible with net8.0 (.NETCoreApp,Version=v8.0). Project EricksonLopez.ValueObjects.Benchmarks supports: net10.0 (.NETCoreApp,Version=v10.0)
  Failed to restore /home/runner/work/dotnet-value-objects/dotnet-value-objects/benchmarks/EricksonLopez.ValueObjects.Benchmarks/bin/Release/net10.0/EricksonLopez.ValueObjects.Benchmarks-.NET 8.0-2/BenchmarkDotNet.Autogenerated.csproj (in 272 ms).
  5 of 6 projects are up-to-date for restore.

// BenchmarkDotNet has failed to build the auto-generated boilerplate code.
// It can be found in /home/runner/work/dotnet-value-objects/dotnet-value-objects/benchmarks/EricksonLopez.ValueObjects.Benchmarks/bin/Release/net10.0/EricksonLopez.ValueObjects.Benchmarks-.NET 8.0-2
// Please follow the troubleshooting guide: https://benchmarkdotnet.org/articles/guides/troubleshooting.html

// ** Remained 94 (78.3 %) benchmark(s) to run. Estimated finish 2026-08-30 7:48 (0h 8m from now) **
// Build Error: Standard output: 
  
 Standard error: 
   Determining projects to restore...
/home/runner/work/dotnet-value-objects/dotnet-value-objects/benchmarks/EricksonLopez.ValueObjects.Benchmarks/bin/Release/net10.0/EricksonLopez.ValueObjects.Benchmarks-.NET 9.0-3/BenchmarkDotNet.Autogenerated.csproj : error NU1201: Project EricksonLopez.ValueObjects.Benchmarks is not compatible with net9.0 (.NETCoreApp,Version=v9.0). Project EricksonLopez.ValueObjects.Benchmarks supports: net10.0 (.NETCoreApp,Version=v10.0)
  Failed to restore /home/runner/work/dotnet-value-objects/dotnet-value-objects/benchmarks/EricksonLopez.ValueObjects.Benchmarks/bin/Release/net10.0/EricksonLopez.ValueObjects.Benchmarks-.NET 9.0-3/BenchmarkDotNet.Autogenerated.csproj (in 228 ms).
  5 of 6 projects are up-to-date for restore.

// BenchmarkDotNet has failed to build the auto-generated boilerplate code.
// It can be found in /home/runner/work/dotnet-value-objects/dotnet-value-objects/benchmarks/EricksonLopez.ValueObjects.Benchmarks/bin/Release/net10.0/EricksonLopez.ValueObjects.Benchmarks-.NET 9.0-3
// Please follow the troubleshooting guide: https://benchmarkdotnet.org/articles/guides/troubleshooting.html

// ** Remained 93 (77.5 %) benchmark(s) to run. Estimated finish 2026-08-30 7:48 (0h 8m from now) **
// Build Error: Standard output: 
  
 Standard error: 
   Determining projects to restore...
/home/runner/work/dotnet-value-objects/dotnet-value-objects/benchmarks/EricksonLopez.ValueObjects.Benchmarks/bin/Release/net10.0/EricksonLopez.ValueObjects.Benchmarks-.NET 9.0-3/BenchmarkDotNet.Autogenerated.csproj : error NU1201: Project EricksonLopez.ValueObjects.Benchmarks is not compatible with net9.0 (.NETCoreApp,Version=v9.0). Project EricksonLopez.ValueObjects.Benchmarks supports: net10.0 (.NETCoreApp,Version=v10.0)
  Failed to restore /home/runner/work/dotnet-value-objects/dotnet-value-objects/benchmarks/EricksonLopez.ValueObjects.Benchmarks/bin/Release/net10.0/EricksonLopez.ValueObjects.Benchmarks-.NET 9.0-3/BenchmarkDotNet.Autogenerated.csproj (in 228 ms).
  5 of 6 projects are up-to-date for restore.

// BenchmarkDotNet has failed to build the auto-generated boilerplate code.
// It can be found in /home/runner/work/dotnet-value-objects/dotnet-value-objects/benchmarks/EricksonLopez.ValueObjects.Benchmarks/bin/Release/net10.0/EricksonLopez.ValueObjects.Benchmarks-.NET 9.0-3
// Please follow the troubleshooting guide: https://benchmarkdotnet.org/articles/guides/troubleshooting.html

// ** Remained 92 (76.7 %) benchmark(s) to run. Estimated finish 2026-08-30 7:48 (0h 7m from now) **
// Build Error: Standard output: 
  
 Standard error: 
   Determining projects to restore...
/home/runner/work/dotnet-value-objects/dotnet-value-objects/benchmarks/EricksonLopez.ValueObjects.Benchmarks/bin/Release/net10.0/EricksonLopez.ValueObjects.Benchmarks-.NET 9.0-3/BenchmarkDotNet.Autogenerated.csproj : error NU1201: Project EricksonLopez.ValueObjects.Benchmarks is not compatible with net9.0 (.NETCoreApp,Version=v9.0). Project EricksonLopez.ValueObjects.Benchmarks supports: net10.0 (.NETCoreApp,Version=v10.0)
  Failed to restore /home/runner/work/dotnet-value-objects/dotnet-value-objects/benchmarks/EricksonLopez.ValueObjects.Benchmarks/bin/Release/net10.0/EricksonLopez.ValueObjects.Benchmarks-.NET 9.0-3/BenchmarkDotNet.Autogenerated.csproj (in 228 ms).
  5 of 6 projects are up-to-date for restore.

// BenchmarkDotNet has failed to build the auto-generated boilerplate code.
// It can be found in /home/runner/work/dotnet-value-objects/dotnet-value-objects/benchmarks/EricksonLopez.ValueObjects.Benchmarks/bin/Release/net10.0/EricksonLopez.ValueObjects.Benchmarks-.NET 9.0-3
// Please follow the troubleshooting guide: https://benchmarkdotnet.org/articles/guides/troubleshooting.html

// ** Remained 91 (75.8 %) benchmark(s) to run. Estimated finish 2026-08-30 7:47 (0h 7m from now) **
// Build Error: Standard output: 
  
 Standard error: 
   Determining projects to restore...
/home/runner/work/dotnet-value-objects/dotnet-value-objects/benchmarks/EricksonLopez.ValueObjects.Benchmarks/bin/Release/net10.0/EricksonLopez.ValueObjects.Benchmarks-.NET 9.0-3/BenchmarkDotNet.Autogenerated.csproj : error NU1201: Project EricksonLopez.ValueObjects.Benchmarks is not compatible with net9.0 (.NETCoreApp,Version=v9.0). Project EricksonLopez.ValueObjects.Benchmarks supports: net10.0 (.NETCoreApp,Version=v10.0)
  Failed to restore /home/runner/work/dotnet-value-objects/dotnet-value-objects/benchmarks/EricksonLopez.ValueObjects.Benchmarks/bin/Release/net10.0/EricksonLopez.ValueObjects.Benchmarks-.NET 9.0-3/BenchmarkDotNet.Autogenerated.csproj (in 228 ms).
  5 of 6 projects are up-to-date for restore.

// BenchmarkDotNet has failed to build the auto-generated boilerplate code.
// It can be found in /home/runner/work/dotnet-value-objects/dotnet-value-objects/benchmarks/EricksonLopez.ValueObjects.Benchmarks/bin/Release/net10.0/EricksonLopez.ValueObjects.Benchmarks-.NET 9.0-3
// Please follow the troubleshooting guide: https://benchmarkdotnet.org/articles/guides/troubleshooting.html

// ** Remained 90 (75.0 %) benchmark(s) to run. Estimated finish 2026-08-30 7:47 (0h 7m from now) **
// Build Error: Standard output: 
  
 Standard error: 
   Determining projects to restore...
/home/runner/work/dotnet-value-objects/dotnet-value-objects/benchmarks/EricksonLopez.ValueObjects.Benchmarks/bin/Release/net10.0/EricksonLopez.ValueObjects.Benchmarks-.NET 9.0-3/BenchmarkDotNet.Autogenerated.csproj : error NU1201: Project EricksonLopez.ValueObjects.Benchmarks is not compatible with net9.0 (.NETCoreApp,Version=v9.0). Project EricksonLopez.ValueObjects.Benchmarks supports: net10.0 (.NETCoreApp,Version=v10.0)
  Failed to restore /home/runner/work/dotnet-value-objects/dotnet-value-objects/benchmarks/EricksonLopez.ValueObjects.Benchmarks/bin/Release/net10.0/EricksonLopez.ValueObjects.Benchmarks-.NET 9.0-3/BenchmarkDotNet.Autogenerated.csproj (in 228 ms).
  5 of 6 projects are up-to-date for restore.

// BenchmarkDotNet has failed to build the auto-generated boilerplate code.
// It can be found in /home/runner/work/dotnet-value-objects/dotnet-value-objects/benchmarks/EricksonLopez.ValueObjects.Benchmarks/bin/Release/net10.0/EricksonLopez.ValueObjects.Benchmarks-.NET 9.0-3
// Please follow the troubleshooting guide: https://benchmarkdotnet.org/articles/guides/troubleshooting.html

// ** Remained 89 (74.2 %) benchmark(s) to run. Estimated finish 2026-08-30 7:47 (0h 6m from now) **
// Build Error: Standard output: 
  
 Standard error: 
   Determining projects to restore...
/home/runner/work/dotnet-value-objects/dotnet-value-objects/benchmarks/EricksonLopez.ValueObjects.Benchmarks/bin/Release/net10.0/EricksonLopez.ValueObjects.Benchmarks-.NET 9.0-3/BenchmarkDotNet.Autogenerated.csproj : error NU1201: Project EricksonLopez.ValueObjects.Benchmarks is not compatible with net9.0 (.NETCoreApp,Version=v9.0). Project EricksonLopez.ValueObjects.Benchmarks supports: net10.0 (.NETCoreApp,Version=v10.0)
  Failed to restore /home/runner/work/dotnet-value-objects/dotnet-value-objects/benchmarks/EricksonLopez.ValueObjects.Benchmarks/bin/Release/net10.0/EricksonLopez.ValueObjects.Benchmarks-.NET 9.0-3/BenchmarkDotNet.Autogenerated.csproj (in 228 ms).
  5 of 6 projects are up-to-date for restore.

// BenchmarkDotNet has failed to build the auto-generated boilerplate code.
// It can be found in /home/runner/work/dotnet-value-objects/dotnet-value-objects/benchmarks/EricksonLopez.ValueObjects.Benchmarks/bin/Release/net10.0/EricksonLopez.ValueObjects.Benchmarks-.NET 9.0-3
// Please follow the troubleshooting guide: https://benchmarkdotnet.org/articles/guides/troubleshooting.html

// ** Remained 88 (73.3 %) benchmark(s) to run. Estimated finish 2026-08-30 7:46 (0h 6m from now) **
// Build Error: Standard output: 
  
 Standard error: 
   Determining projects to restore...
/home/runner/work/dotnet-value-objects/dotnet-value-objects/benchmarks/EricksonLopez.ValueObjects.Benchmarks/bin/Release/net10.0/EricksonLopez.ValueObjects.Benchmarks-.NET 9.0-3/BenchmarkDotNet.Autogenerated.csproj : error NU1201: Project EricksonLopez.ValueObjects.Benchmarks is not compatible with net9.0 (.NETCoreApp,Version=v9.0). Project EricksonLopez.ValueObjects.Benchmarks supports: net10.0 (.NETCoreApp,Version=v10.0)
  Failed to restore /home/runner/work/dotnet-value-objects/dotnet-value-objects/benchmarks/EricksonLopez.ValueObjects.Benchmarks/bin/Release/net10.0/EricksonLopez.ValueObjects.Benchmarks-.NET 9.0-3/BenchmarkDotNet.Autogenerated.csproj (in 228 ms).
  5 of 6 projects are up-to-date for restore.

// BenchmarkDotNet has failed to build the auto-generated boilerplate code.
// It can be found in /home/runner/work/dotnet-value-objects/dotnet-value-objects/benchmarks/EricksonLopez.ValueObjects.Benchmarks/bin/Release/net10.0/EricksonLopez.ValueObjects.Benchmarks-.NET 9.0-3
// Please follow the troubleshooting guide: https://benchmarkdotnet.org/articles/guides/troubleshooting.html

// ** Remained 87 (72.5 %) benchmark(s) to run. Estimated finish 2026-08-30 7:46 (0h 6m from now) **
// Build Error: Standard output: 
  
 Standard error: 
   Determining projects to restore...
/home/runner/work/dotnet-value-objects/dotnet-value-objects/benchmarks/EricksonLopez.ValueObjects.Benchmarks/bin/Release/net10.0/EricksonLopez.ValueObjects.Benchmarks-.NET 9.0-3/BenchmarkDotNet.Autogenerated.csproj : error NU1201: Project EricksonLopez.ValueObjects.Benchmarks is not compatible with net9.0 (.NETCoreApp,Version=v9.0). Project EricksonLopez.ValueObjects.Benchmarks supports: net10.0 (.NETCoreApp,Version=v10.0)
  Failed to restore /home/runner/work/dotnet-value-objects/dotnet-value-objects/benchmarks/EricksonLopez.ValueObjects.Benchmarks/bin/Release/net10.0/EricksonLopez.ValueObjects.Benchmarks-.NET 9.0-3/BenchmarkDotNet.Autogenerated.csproj (in 228 ms).
  5 of 6 projects are up-to-date for restore.

// BenchmarkDotNet has failed to build the auto-generated boilerplate code.
// It can be found in /home/runner/work/dotnet-value-objects/dotnet-value-objects/benchmarks/EricksonLopez.ValueObjects.Benchmarks/bin/Release/net10.0/EricksonLopez.ValueObjects.Benchmarks-.NET 9.0-3
// Please follow the troubleshooting guide: https://benchmarkdotnet.org/articles/guides/troubleshooting.html

// ** Remained 86 (71.7 %) benchmark(s) to run. Estimated finish 2026-08-30 7:46 (0h 6m from now) **
// Build Error: Standard output: 
  
 Standard error: 
   Determining projects to restore...
/home/runner/work/dotnet-value-objects/dotnet-value-objects/benchmarks/EricksonLopez.ValueObjects.Benchmarks/bin/Release/net10.0/EricksonLopez.ValueObjects.Benchmarks-.NET 9.0-3/BenchmarkDotNet.Autogenerated.csproj : error NU1201: Project EricksonLopez.ValueObjects.Benchmarks is not compatible with net9.0 (.NETCoreApp,Version=v9.0). Project EricksonLopez.ValueObjects.Benchmarks supports: net10.0 (.NETCoreApp,Version=v10.0)
  Failed to restore /home/runner/work/dotnet-value-objects/dotnet-value-objects/benchmarks/EricksonLopez.ValueObjects.Benchmarks/bin/Release/net10.0/EricksonLopez.ValueObjects.Benchmarks-.NET 9.0-3/BenchmarkDotNet.Autogenerated.csproj (in 228 ms).
  5 of 6 projects are up-to-date for restore.

// BenchmarkDotNet has failed to build the auto-generated boilerplate code.
// It can be found in /home/runner/work/dotnet-value-objects/dotnet-value-objects/benchmarks/EricksonLopez.ValueObjects.Benchmarks/bin/Release/net10.0/EricksonLopez.ValueObjects.Benchmarks-.NET 9.0-3
// Please follow the troubleshooting guide: https://benchmarkdotnet.org/articles/guides/troubleshooting.html

// ** Remained 85 (70.8 %) benchmark(s) to run. Estimated finish 2026-08-30 7:45 (0h 5m from now) **
// Build Error: Standard output: 
  
 Standard error: 
   Determining projects to restore...
/home/runner/work/dotnet-value-objects/dotnet-value-objects/benchmarks/EricksonLopez.ValueObjects.Benchmarks/bin/Release/net10.0/EricksonLopez.ValueObjects.Benchmarks-.NET 9.0-3/BenchmarkDotNet.Autogenerated.csproj : error NU1201: Project EricksonLopez.ValueObjects.Benchmarks is not compatible with net9.0 (.NETCoreApp,Version=v9.0). Project EricksonLopez.ValueObjects.Benchmarks supports: net10.0 (.NETCoreApp,Version=v10.0)
  Failed to restore /home/runner/work/dotnet-value-objects/dotnet-value-objects/benchmarks/EricksonLopez.ValueObjects.Benchmarks/bin/Release/net10.0/EricksonLopez.ValueObjects.Benchmarks-.NET 9.0-3/BenchmarkDotNet.Autogenerated.csproj (in 228 ms).
  5 of 6 projects are up-to-date for restore.

// BenchmarkDotNet has failed to build the auto-generated boilerplate code.
// It can be found in /home/runner/work/dotnet-value-objects/dotnet-value-objects/benchmarks/EricksonLopez.ValueObjects.Benchmarks/bin/Release/net10.0/EricksonLopez.ValueObjects.Benchmarks-.NET 9.0-3
// Please follow the troubleshooting guide: https://benchmarkdotnet.org/articles/guides/troubleshooting.html

// ** Remained 84 (70.0 %) benchmark(s) to run. Estimated finish 2026-08-30 7:45 (0h 5m from now) **
// ***** BenchmarkRunner: Finish  *****

// * Export *
  benchmarks/results/results/EricksonLopez.ValueObjects.Benchmarks.ParsingBenchmarks-report.csv
  benchmarks/results/results/EricksonLopez.ValueObjects.Benchmarks.ParsingBenchmarks-report-github.md
  benchmarks/results/results/EricksonLopez.ValueObjects.Benchmarks.ParsingBenchmarks-report.html
  benchmarks/results/results/EricksonLopez.ValueObjects.Benchmarks.ParsingBenchmarks-report-full-compressed.json
  benchmarks/results/results/EricksonLopez.ValueObjects.Benchmarks.ParsingBenchmarks-report-default.md

// * Detailed results *
ParsingBenchmarks.Parse_Percentage_String: .NET 10.0(Runtime=.NET 10.0, Toolchain=net10.0)
Runtime = .NET 10.0.11 (10.0.11, 10.0.1126.37416), X64 RyuJIT x86-64-v3; GC = Concurrent Workstation
Mean = 57.012 ns, StdErr = 0.018 ns (0.03%), N = 14, StdDev = 0.066 ns
Min = 56.942 ns, Q1 = 56.958 ns, Median = 56.993 ns, Q3 = 57.061 ns, Max = 57.151 ns
IQR = 0.103 ns, LowerFence = 56.803 ns, UpperFence = 57.216 ns
ConfidenceInterval = [56.937 ns; 57.087 ns] (CI 99.9%), Margin = 0.075 ns (0.13% of Mean)
Skewness = 0.66, Kurtosis = 2.07, MValue = 2
-------------------- Histogram --------------------
[56.905 ns ; 57.188 ns) | @@@@@@@@@@@@@@
---------------------------------------------------

ParsingBenchmarks.Parse_Percentage_String: .NET 8.0(Runtime=.NET 8.0, Toolchain=net8.0)
Runtime = ; GC = 
There are not any results runs

ParsingBenchmarks.Parse_Percentage_String: .NET 9.0(Runtime=.NET 9.0, Toolchain=net9.0)
Runtime = ; GC = 
There are not any results runs

ParsingBenchmarks.Parse_Percentage_Span: .NET 10.0(Runtime=.NET 10.0, Toolchain=net10.0)
Runtime = .NET 10.0.11 (10.0.11, 10.0.1126.37416), X64 RyuJIT x86-64-v3; GC = Concurrent Workstation
Mean = 57.131 ns, StdErr = 0.020 ns (0.04%), N = 14, StdDev = 0.076 ns
Min = 57.054 ns, Q1 = 57.077 ns, Median = 57.105 ns, Q3 = 57.139 ns, Max = 57.280 ns
IQR = 0.062 ns, LowerFence = 56.984 ns, UpperFence = 57.232 ns
ConfidenceInterval = [57.046 ns; 57.216 ns] (CI 99.9%), Margin = 0.085 ns (0.15% of Mean)
Skewness = 0.95, Kurtosis = 2.32, MValue = 2
-------------------- Histogram --------------------
[57.013 ns ; 57.322 ns) | @@@@@@@@@@@@@@
---------------------------------------------------

ParsingBenchmarks.Parse_Percentage_Span: .NET 8.0(Runtime=.NET 8.0, Toolchain=net8.0)
Runtime = ; GC = 
There are not any results runs

ParsingBenchmarks.Parse_Percentage_Span: .NET 9.0(Runtime=.NET 9.0, Toolchain=net9.0)
Runtime = ; GC = 
There are not any results runs

ParsingBenchmarks.TryParse_Percentage_Span: .NET 10.0(Runtime=.NET 10.0, Toolchain=net10.0)
Runtime = .NET 10.0.11 (10.0.11, 10.0.1126.37416), X64 RyuJIT x86-64-v3; GC = Concurrent Workstation
Mean = 48.511 ns, StdErr = 0.010 ns (0.02%), N = 13, StdDev = 0.037 ns
Min = 48.453 ns, Q1 = 48.493 ns, Median = 48.501 ns, Q3 = 48.526 ns, Max = 48.589 ns
IQR = 0.034 ns, LowerFence = 48.442 ns, UpperFence = 48.576 ns
ConfidenceInterval = [48.466 ns; 48.556 ns] (CI 99.9%), Margin = 0.045 ns (0.09% of Mean)
Skewness = 0.36, Kurtosis = 2.39, MValue = 2
-------------------- Histogram --------------------
[48.432 ns ; 48.610 ns) | @@@@@@@@@@@@@
---------------------------------------------------

ParsingBenchmarks.TryParse_Percentage_Span: .NET 8.0(Runtime=.NET 8.0, Toolchain=net8.0)
Runtime = ; GC = 
There are not any results runs

ParsingBenchmarks.TryParse_Percentage_Span: .NET 9.0(Runtime=.NET 9.0, Toolchain=net9.0)
Runtime = ; GC = 
There are not any results runs

ParsingBenchmarks.Parse_Cuit_String: .NET 10.0(Runtime=.NET 10.0, Toolchain=net10.0)
Runtime = .NET 10.0.11 (10.0.11, 10.0.1126.37416), X64 RyuJIT x86-64-v3; GC = Concurrent Workstation
Mean = 53.103 ns, StdErr = 0.072 ns (0.13%), N = 15, StdDev = 0.277 ns
Min = 52.707 ns, Q1 = 52.869 ns, Median = 53.105 ns, Q3 = 53.274 ns, Max = 53.606 ns
IQR = 0.405 ns, LowerFence = 52.262 ns, UpperFence = 53.881 ns
ConfidenceInterval = [52.806 ns; 53.399 ns] (CI 99.9%), Margin = 0.296 ns (0.56% of Mean)
Skewness = 0.29, Kurtosis = 1.76, MValue = 2
-------------------- Histogram --------------------
[52.559 ns ; 53.623 ns) | @@@@@@@@@@@@@@@
---------------------------------------------------

ParsingBenchmarks.Parse_Cuit_String: .NET 8.0(Runtime=.NET 8.0, Toolchain=net8.0)
Runtime = ; GC = 
There are not any results runs

ParsingBenchmarks.Parse_Cuit_String: .NET 9.0(Runtime=.NET 9.0, Toolchain=net9.0)
Runtime = ; GC = 
There are not any results runs

ParsingBenchmarks.Parse_Cuit_Span: .NET 10.0(Runtime=.NET 10.0, Toolchain=net10.0)
Runtime = .NET 10.0.11 (10.0.11, 10.0.1126.37416), X64 RyuJIT x86-64-v3; GC = Concurrent Workstation
Mean = 57.917 ns, StdErr = 0.036 ns (0.06%), N = 14, StdDev = 0.133 ns
Min = 57.730 ns, Q1 = 57.806 ns, Median = 57.906 ns, Q3 = 58.005 ns, Max = 58.155 ns
IQR = 0.198 ns, LowerFence = 57.509 ns, UpperFence = 58.302 ns
ConfidenceInterval = [57.767 ns; 58.067 ns] (CI 99.9%), Margin = 0.150 ns (0.26% of Mean)
Skewness = 0.07, Kurtosis = 1.72, MValue = 2
-------------------- Histogram --------------------
[57.658 ns ; 58.228 ns) | @@@@@@@@@@@@@@
---------------------------------------------------

ParsingBenchmarks.Parse_Cuit_Span: .NET 8.0(Runtime=.NET 8.0, Toolchain=net8.0)
Runtime = ; GC = 
There are not any results runs

ParsingBenchmarks.Parse_Cuit_Span: .NET 9.0(Runtime=.NET 9.0, Toolchain=net9.0)
Runtime = ; GC = 
There are not any results runs

ParsingBenchmarks.Parse_Cuit_Utf8: .NET 10.0(Runtime=.NET 10.0, Toolchain=net10.0)
Runtime = .NET 10.0.11 (10.0.11, 10.0.1126.37416), X64 RyuJIT x86-64-v3; GC = Concurrent Workstation
Mean = 62.638 ns, StdErr = 0.091 ns (0.15%), N = 15, StdDev = 0.352 ns
Min = 62.124 ns, Q1 = 62.380 ns, Median = 62.523 ns, Q3 = 62.940 ns, Max = 63.186 ns
IQR = 0.560 ns, LowerFence = 61.540 ns, UpperFence = 63.779 ns
ConfidenceInterval = [62.261 ns; 63.014 ns] (CI 99.9%), Margin = 0.376 ns (0.60% of Mean)
Skewness = 0.18, Kurtosis = 1.53, MValue = 2
-------------------- Histogram --------------------
[61.936 ns ; 63.373 ns) | @@@@@@@@@@@@@@@
---------------------------------------------------

ParsingBenchmarks.Parse_Cuit_Utf8: .NET 8.0(Runtime=.NET 8.0, Toolchain=net8.0)
Runtime = ; GC = 
There are not any results runs

ParsingBenchmarks.Parse_Cuit_Utf8: .NET 9.0(Runtime=.NET 9.0, Toolchain=net9.0)
Runtime = ; GC = 
There are not any results runs

ParsingBenchmarks.TryParse_Cuit_Utf8: .NET 10.0(Runtime=.NET 10.0, Toolchain=net10.0)
Runtime = .NET 10.0.11 (10.0.11, 10.0.1126.37416), X64 RyuJIT x86-64-v3; GC = Concurrent Workstation
Mean = 61.887 ns, StdErr = 0.055 ns (0.09%), N = 14, StdDev = 0.204 ns
Min = 61.557 ns, Q1 = 61.743 ns, Median = 61.874 ns, Q3 = 62.052 ns, Max = 62.213 ns
IQR = 0.309 ns, LowerFence = 61.279 ns, UpperFence = 62.516 ns
ConfidenceInterval = [61.656 ns; 62.118 ns] (CI 99.9%), Margin = 0.231 ns (0.37% of Mean)
Skewness = -0, Kurtosis = 1.53, MValue = 2
-------------------- Histogram --------------------
[61.446 ns ; 62.325 ns) | @@@@@@@@@@@@@@
---------------------------------------------------

ParsingBenchmarks.TryParse_Cuit_Utf8: .NET 8.0(Runtime=.NET 8.0, Toolchain=net8.0)
Runtime = ; GC = 
There are not any results runs

ParsingBenchmarks.TryParse_Cuit_Utf8: .NET 9.0(Runtime=.NET 9.0, Toolchain=net9.0)
Runtime = ; GC = 
There are not any results runs

ParsingBenchmarks.Parse_Cbu_String: .NET 10.0(Runtime=.NET 10.0, Toolchain=net10.0)
Runtime = .NET 10.0.11 (10.0.11, 10.0.1126.37416), X64 RyuJIT x86-64-v3; GC = Concurrent Workstation
There are not any results runs

ParsingBenchmarks.Parse_Cbu_String: .NET 8.0(Runtime=.NET 8.0, Toolchain=net8.0)
Runtime = ; GC = 
There are not any results runs

ParsingBenchmarks.Parse_Cbu_String: .NET 9.0(Runtime=.NET 9.0, Toolchain=net9.0)
Runtime = ; GC = 
There are not any results runs

ParsingBenchmarks.Parse_Cbu_Span: .NET 10.0(Runtime=.NET 10.0, Toolchain=net10.0)
Runtime = .NET 10.0.11 (10.0.11, 10.0.1126.37416), X64 RyuJIT x86-64-v3; GC = Concurrent Workstation
There are not any results runs

ParsingBenchmarks.Parse_Cbu_Span: .NET 8.0(Runtime=.NET 8.0, Toolchain=net8.0)
Runtime = ; GC = 
There are not any results runs

ParsingBenchmarks.Parse_Cbu_Span: .NET 9.0(Runtime=.NET 9.0, Toolchain=net9.0)
Runtime = ; GC = 
There are not any results runs

ParsingBenchmarks.Parse_Cbu_Utf8: .NET 10.0(Runtime=.NET 10.0, Toolchain=net10.0)
Runtime = .NET 10.0.11 (10.0.11, 10.0.1126.37416), X64 RyuJIT x86-64-v3; GC = Concurrent Workstation
There are not any results runs

ParsingBenchmarks.Parse_Cbu_Utf8: .NET 8.0(Runtime=.NET 8.0, Toolchain=net8.0)
Runtime = ; GC = 
There are not any results runs

ParsingBenchmarks.Parse_Cbu_Utf8: .NET 9.0(Runtime=.NET 9.0, Toolchain=net9.0)
Runtime = ; GC = 
There are not any results runs

// * Summary *

BenchmarkDotNet v0.15.8, Linux Ubuntu 24.04.4 LTS (Noble Numbat)
AMD EPYC 7763 2.60GHz, 1 CPU, 4 logical and 2 physical cores
.NET SDK 10.0.400
  [Host]    : .NET 10.0.11 (10.0.11, 10.0.1126.37416), X64 RyuJIT x86-64-v3
  .NET 10.0 : .NET 10.0.11 (10.0.11, 10.0.1126.37416), X64 RyuJIT x86-64-v3


| Method                   | Job       | Runtime   | Mean     | Error    | StdDev   | Ratio | RatioSD | Gen0   | Allocated | Alloc Ratio |
|------------------------- |---------- |---------- |---------:|---------:|---------:|------:|--------:|-------:|----------:|------------:|
| Parse_Percentage_String  | .NET 10.0 | .NET 10.0 | 57.01 ns | 0.075 ns | 0.066 ns |     ? |       ? |      - |         - |           ? |
| Parse_Percentage_String  | .NET 8.0  | .NET 8.0  |       NA |       NA |       NA |     ? |       ? |     NA |        NA |           ? |
| Parse_Percentage_String  | .NET 9.0  | .NET 9.0  |       NA |       NA |       NA |     ? |       ? |     NA |        NA |           ? |
|                          |           |           |          |          |          |       |         |        |           |             |
| Parse_Percentage_Span    | .NET 10.0 | .NET 10.0 | 57.13 ns | 0.085 ns | 0.076 ns |     ? |       ? |      - |         - |           ? |
| Parse_Percentage_Span    | .NET 8.0  | .NET 8.0  |       NA |       NA |       NA |     ? |       ? |     NA |        NA |           ? |
| Parse_Percentage_Span    | .NET 9.0  | .NET 9.0  |       NA |       NA |       NA |     ? |       ? |     NA |        NA |           ? |
|                          |           |           |          |          |          |       |         |        |           |             |
| TryParse_Percentage_Span | .NET 10.0 | .NET 10.0 | 48.51 ns | 0.045 ns | 0.037 ns |     ? |       ? |      - |         - |           ? |
| TryParse_Percentage_Span | .NET 8.0  | .NET 8.0  |       NA |       NA |       NA |     ? |       ? |     NA |        NA |           ? |
| TryParse_Percentage_Span | .NET 9.0  | .NET 9.0  |       NA |       NA |       NA |     ? |       ? |     NA |        NA |           ? |
|                          |           |           |          |          |          |       |         |        |           |             |
| Parse_Cuit_String        | .NET 10.0 | .NET 10.0 | 53.10 ns | 0.296 ns | 0.277 ns |     ? |       ? | 0.0029 |      48 B |           ? |
| Parse_Cuit_String        | .NET 8.0  | .NET 8.0  |       NA |       NA |       NA |     ? |       ? |     NA |        NA |           ? |
| Parse_Cuit_String        | .NET 9.0  | .NET 9.0  |       NA |       NA |       NA |     ? |       ? |     NA |        NA |           ? |
|                          |           |           |          |          |          |       |         |        |           |             |
| Parse_Cuit_Span          | .NET 10.0 | .NET 10.0 | 57.92 ns | 0.150 ns | 0.133 ns |     ? |       ? | 0.0029 |      48 B |           ? |
| Parse_Cuit_Span          | .NET 8.0  | .NET 8.0  |       NA |       NA |       NA |     ? |       ? |     NA |        NA |           ? |
| Parse_Cuit_Span          | .NET 9.0  | .NET 9.0  |       NA |       NA |       NA |     ? |       ? |     NA |        NA |           ? |
|                          |           |           |          |          |          |       |         |        |           |             |
| Parse_Cuit_Utf8          | .NET 10.0 | .NET 10.0 | 62.64 ns | 0.376 ns | 0.352 ns |     ? |       ? | 0.0029 |      48 B |           ? |
| Parse_Cuit_Utf8          | .NET 8.0  | .NET 8.0  |       NA |       NA |       NA |     ? |       ? |     NA |        NA |           ? |
| Parse_Cuit_Utf8          | .NET 9.0  | .NET 9.0  |       NA |       NA |       NA |     ? |       ? |     NA |        NA |           ? |
|                          |           |           |          |          |          |       |         |        |           |             |
| TryParse_Cuit_Utf8       | .NET 10.0 | .NET 10.0 | 61.89 ns | 0.231 ns | 0.204 ns |     ? |       ? | 0.0029 |      48 B |           ? |
| TryParse_Cuit_Utf8       | .NET 8.0  | .NET 8.0  |       NA |       NA |       NA |     ? |       ? |     NA |        NA |           ? |
| TryParse_Cuit_Utf8       | .NET 9.0  | .NET 9.0  |       NA |       NA |       NA |     ? |       ? |     NA |        NA |           ? |
|                          |           |           |          |          |          |       |         |        |           |             |
| Parse_Cbu_String         | .NET 10.0 | .NET 10.0 |       NA |       NA |       NA |     ? |       ? |     NA |        NA |           ? |
| Parse_Cbu_String         | .NET 8.0  | .NET 8.0  |       NA |       NA |       NA |     ? |       ? |     NA |        NA |           ? |
| Parse_Cbu_String         | .NET 9.0  | .NET 9.0  |       NA |       NA |       NA |     ? |       ? |     NA |        NA |           ? |
|                          |           |           |          |          |          |       |         |        |           |             |
| Parse_Cbu_Span           | .NET 10.0 | .NET 10.0 |       NA |       NA |       NA |     ? |       ? |     NA |        NA |           ? |
| Parse_Cbu_Span           | .NET 8.0  | .NET 8.0  |       NA |       NA |       NA |     ? |       ? |     NA |        NA |           ? |
| Parse_Cbu_Span           | .NET 9.0  | .NET 9.0  |       NA |       NA |       NA |     ? |       ? |     NA |        NA |           ? |
|                          |           |           |          |          |          |       |         |        |           |             |
| Parse_Cbu_Utf8           | .NET 10.0 | .NET 10.0 |       NA |       NA |       NA |     ? |       ? |     NA |        NA |           ? |
| Parse_Cbu_Utf8           | .NET 8.0  | .NET 8.0  |       NA |       NA |       NA |     ? |       ? |     NA |        NA |           ? |
| Parse_Cbu_Utf8           | .NET 9.0  | .NET 9.0  |       NA |       NA |       NA |     ? |       ? |     NA |        NA |           ? |

Benchmarks with issues:
  ParsingBenchmarks.Parse_Percentage_String: .NET 8.0(Runtime=.NET 8.0, Toolchain=net8.0)
  ParsingBenchmarks.Parse_Percentage_String: .NET 9.0(Runtime=.NET 9.0, Toolchain=net9.0)
  ParsingBenchmarks.Parse_Percentage_Span: .NET 8.0(Runtime=.NET 8.0, Toolchain=net8.0)
  ParsingBenchmarks.Parse_Percentage_Span: .NET 9.0(Runtime=.NET 9.0, Toolchain=net9.0)
  ParsingBenchmarks.TryParse_Percentage_Span: .NET 8.0(Runtime=.NET 8.0, Toolchain=net8.0)
  ParsingBenchmarks.TryParse_Percentage_Span: .NET 9.0(Runtime=.NET 9.0, Toolchain=net9.0)
  ParsingBenchmarks.Parse_Cuit_String: .NET 8.0(Runtime=.NET 8.0, Toolchain=net8.0)
  ParsingBenchmarks.Parse_Cuit_String: .NET 9.0(Runtime=.NET 9.0, Toolchain=net9.0)
  ParsingBenchmarks.Parse_Cuit_Span: .NET 8.0(Runtime=.NET 8.0, Toolchain=net8.0)
  ParsingBenchmarks.Parse_Cuit_Span: .NET 9.0(Runtime=.NET 9.0, Toolchain=net9.0)
  ParsingBenchmarks.Parse_Cuit_Utf8: .NET 8.0(Runtime=.NET 8.0, Toolchain=net8.0)
  ParsingBenchmarks.Parse_Cuit_Utf8: .NET 9.0(Runtime=.NET 9.0, Toolchain=net9.0)
  ParsingBenchmarks.TryParse_Cuit_Utf8: .NET 8.0(Runtime=.NET 8.0, Toolchain=net8.0)
  ParsingBenchmarks.TryParse_Cuit_Utf8: .NET 9.0(Runtime=.NET 9.0, Toolchain=net9.0)
  ParsingBenchmarks.Parse_Cbu_String: .NET 10.0(Runtime=.NET 10.0, Toolchain=net10.0)
  ParsingBenchmarks.Parse_Cbu_String: .NET 8.0(Runtime=.NET 8.0, Toolchain=net8.0)
  ParsingBenchmarks.Parse_Cbu_String: .NET 9.0(Runtime=.NET 9.0, Toolchain=net9.0)
  ParsingBenchmarks.Parse_Cbu_Span: .NET 10.0(Runtime=.NET 10.0, Toolchain=net10.0)
  ParsingBenchmarks.Parse_Cbu_Span: .NET 8.0(Runtime=.NET 8.0, Toolchain=net8.0)
  ParsingBenchmarks.Parse_Cbu_Span: .NET 9.0(Runtime=.NET 9.0, Toolchain=net9.0)
  ParsingBenchmarks.Parse_Cbu_Utf8: .NET 10.0(Runtime=.NET 10.0, Toolchain=net10.0)
  ParsingBenchmarks.Parse_Cbu_Utf8: .NET 8.0(Runtime=.NET 8.0, Toolchain=net8.0)
  ParsingBenchmarks.Parse_Cbu_Utf8: .NET 9.0(Runtime=.NET 9.0, Toolchain=net9.0)

// * Warnings *
BaselineCustomAnalyzer
  Summary -> A question mark '?' symbol indicates that it was not possible to compute the (Ratio, RatioSD, Alloc Ratio) column(s) because the baseline or benchmark could not be found, or the baseline value is too close to zero.

// * Hints *
Outliers
  ParsingBenchmarks.Parse_Percentage_String: .NET 10.0  -> 1 outlier  was  removed (59.14 ns)
  ParsingBenchmarks.Parse_Percentage_Span: .NET 10.0    -> 1 outlier  was  removed (60.08 ns)
  ParsingBenchmarks.TryParse_Percentage_Span: .NET 10.0 -> 2 outliers were removed (50.50 ns, 50.91 ns)
  ParsingBenchmarks.Parse_Cuit_Span: .NET 10.0          -> 1 outlier  was  removed (60.63 ns)
  ParsingBenchmarks.TryParse_Cuit_Utf8: .NET 10.0       -> 1 outlier  was  removed (64.62 ns)

// * Legends *
  Mean        : Arithmetic mean of all measurements
  Error       : Half of 99.9% confidence interval
  StdDev      : Standard deviation of all measurements
  Ratio       : Mean of the ratio distribution ([Current]/[Baseline])
  RatioSD     : Standard deviation of the ratio distribution ([Current]/[Baseline])
  Gen0        : GC Generation 0 collects per 1000 operations
  Allocated   : Allocated memory per single operation (managed only, inclusive, 1KB = 1024B)
  Alloc Ratio : Allocated memory ratio distribution ([Current]/[Baseline])
  1 ns        : 1 Nanosecond (0.000000001 sec)

// * Diagnostic Output - MemoryDiagnoser *


// ***** BenchmarkRunner: End *****
Run time: 00:02:23 (143.95 sec), executed benchmarks: 10

// Found 18 benchmarks:
//   SerializationJsonBenchmarks.Serialize_TenantCode: .NET 10.0(Runtime=.NET 10.0, Toolchain=net10.0)
//   SerializationJsonBenchmarks.Deserialize_TenantCode: .NET 10.0(Runtime=.NET 10.0, Toolchain=net10.0)
//   SerializationJsonBenchmarks.Serialize_CompanyName: .NET 10.0(Runtime=.NET 10.0, Toolchain=net10.0)
//   SerializationJsonBenchmarks.Deserialize_CompanyName: .NET 10.0(Runtime=.NET 10.0, Toolchain=net10.0)
//   SerializationJsonBenchmarks.Serialize_Range: .NET 10.0(Runtime=.NET 10.0, Toolchain=net10.0)
//   SerializationJsonBenchmarks.Deserialize_Range: .NET 10.0(Runtime=.NET 10.0, Toolchain=net10.0)
//   SerializationJsonBenchmarks.Serialize_TenantCode: .NET 8.0(Runtime=.NET 8.0, Toolchain=net8.0)
//   SerializationJsonBenchmarks.Deserialize_TenantCode: .NET 8.0(Runtime=.NET 8.0, Toolchain=net8.0)
//   SerializationJsonBenchmarks.Serialize_CompanyName: .NET 8.0(Runtime=.NET 8.0, Toolchain=net8.0)
//   SerializationJsonBenchmarks.Deserialize_CompanyName: .NET 8.0(Runtime=.NET 8.0, Toolchain=net8.0)
//   SerializationJsonBenchmarks.Serialize_Range: .NET 8.0(Runtime=.NET 8.0, Toolchain=net8.0)
//   SerializationJsonBenchmarks.Deserialize_Range: .NET 8.0(Runtime=.NET 8.0, Toolchain=net8.0)
//   SerializationJsonBenchmarks.Serialize_TenantCode: .NET 9.0(Runtime=.NET 9.0, Toolchain=net9.0)
//   SerializationJsonBenchmarks.Deserialize_TenantCode: .NET 9.0(Runtime=.NET 9.0, Toolchain=net9.0)
//   SerializationJsonBenchmarks.Serialize_CompanyName: .NET 9.0(Runtime=.NET 9.0, Toolchain=net9.0)
//   SerializationJsonBenchmarks.Deserialize_CompanyName: .NET 9.0(Runtime=.NET 9.0, Toolchain=net9.0)
//   SerializationJsonBenchmarks.Serialize_Range: .NET 9.0(Runtime=.NET 9.0, Toolchain=net9.0)
//   SerializationJsonBenchmarks.Deserialize_Range: .NET 9.0(Runtime=.NET 9.0, Toolchain=net9.0)

// **************************
// Benchmark: SerializationJsonBenchmarks.Serialize_TenantCode: .NET 10.0(Runtime=.NET 10.0, Toolchain=net10.0)
// *** Execute ***
// Launch: 1 / 1
// Execute: dotnet "EricksonLopez.ValueObjects.Benchmarks-.NET 10.0-1.dll" --anonymousPipes 133 134 --benchmarkName EricksonLopez.ValueObjects.Benchmarks.SerializationJsonBenchmarks.Serialize_TenantCode --job ".NET 10.0" --benchmarkId 12 in /home/runner/work/dotnet-value-objects/dotnet-value-objects/benchmarks/EricksonLopez.ValueObjects.Benchmarks/bin/Release/net10.0/EricksonLopez.ValueObjects.Benchmarks-.NET 10.0-1/bin/Release/net10.0
// Failed to set up high priority (Permission denied). In order to run benchmarks with high priority, make sure you have the right permissions.
// BeforeAnythingElse

System.Reflection.TargetInvocationException: Exception has been thrown by the target of an invocation.
 ---> System.InvalidOperationException: Cannot access Value of a failed result. Error: [Validation] TenantCode.InvalidFormat: Tenant code must be DNS-friendly lowercase text using letters, digits, and hyphens.
   at EricksonLopez.Result.Result`1.get_Value()
   at EricksonLopez.ValueObjects.Benchmarks.SerializationJsonBenchmarks..ctor() in /_/benchmarks/EricksonLopez.ValueObjects.Benchmarks/SerializationJsonBenchmarks.cs:line 29
   at BenchmarkDotNet.Autogenerated.Runnable_12..ctor() in /_/benchmarks/EricksonLopez.ValueObjects.Benchmarks/bin/Release/net10.0/EricksonLopez.ValueObjects.Benchmarks-.NET 10.0-1/EricksonLopez.ValueObjects.Benchmarks-.NET 10.0-1.notcs:line 2642
   at BenchmarkDotNet.Autogenerated.Runnable_12.Run(IHost host, String benchmarkName) in /_/benchmarks/EricksonLopez.ValueObjects.Benchmarks/bin/Release/net10.0/EricksonLopez.ValueObjects.Benchmarks-.NET 10.0-1/EricksonLopez.ValueObjects.Benchmarks-.NET 10.0-1.notcs:line 2590
   at System.Reflection.MethodBaseInvoker.InterpretedInvoke_Method(Object obj, IntPtr* args)
   at System.Reflection.MethodBaseInvoker.InvokeDirectByRefWithFewArgs(Object obj, Span`1 copyOfArgs, BindingFlags invokeAttr)
   --- End of inner exception stack trace ---
   at System.Reflection.MethodBaseInvoker.InvokeDirectByRefWithFewArgs(Object obj, Span`1 copyOfArgs, BindingFlags invokeAttr)
   at System.Reflection.MethodBaseInvoker.InvokeWithFewArgs(Object obj, BindingFlags invokeAttr, Binder binder, Object[] parameters, CultureInfo culture)
   at System.Reflection.RuntimeMethodInfo.Invoke(Object obj, BindingFlags invokeAttr, Binder binder, Object[] parameters, CultureInfo culture)
   at BenchmarkDotNet.Autogenerated.UniqueProgramName.AfterAssemblyLoadingAttached(String[] args) in /_/benchmarks/EricksonLopez.ValueObjects.Benchmarks/bin/Release/net10.0/EricksonLopez.ValueObjects.Benchmarks-.NET 10.0-1/EricksonLopez.ValueObjects.Benchmarks-.NET 10.0-1.notcs:line 57
// AfterAll
No Workload Results were obtained from the run.
// Benchmark Process 4213 has exited with code 255.

// ** Remained 83 (69.2 %) benchmark(s) to run. Estimated finish 2026-08-30 7:45 (0h 5m from now) **
// **************************
// Benchmark: SerializationJsonBenchmarks.Deserialize_TenantCode: .NET 10.0(Runtime=.NET 10.0, Toolchain=net10.0)
// *** Execute ***
// Launch: 1 / 1
// Execute: dotnet "EricksonLopez.ValueObjects.Benchmarks-.NET 10.0-1.dll" --anonymousPipes 133 134 --benchmarkName EricksonLopez.ValueObjects.Benchmarks.SerializationJsonBenchmarks.Deserialize_TenantCode --job ".NET 10.0" --benchmarkId 13 in /home/runner/work/dotnet-value-objects/dotnet-value-objects/benchmarks/EricksonLopez.ValueObjects.Benchmarks/bin/Release/net10.0/EricksonLopez.ValueObjects.Benchmarks-.NET 10.0-1/bin/Release/net10.0
// Failed to set up high priority (Permission denied). In order to run benchmarks with high priority, make sure you have the right permissions.
// BeforeAnythingElse

System.Reflection.TargetInvocationException: Exception has been thrown by the target of an invocation.
 ---> System.InvalidOperationException: Cannot access Value of a failed result. Error: [Validation] TenantCode.InvalidFormat: Tenant code must be DNS-friendly lowercase text using letters, digits, and hyphens.
   at EricksonLopez.Result.Result`1.get_Value()
   at EricksonLopez.ValueObjects.Benchmarks.SerializationJsonBenchmarks..ctor() in /_/benchmarks/EricksonLopez.ValueObjects.Benchmarks/SerializationJsonBenchmarks.cs:line 29
   at BenchmarkDotNet.Autogenerated.Runnable_13..ctor() in /_/benchmarks/EricksonLopez.ValueObjects.Benchmarks/bin/Release/net10.0/EricksonLopez.ValueObjects.Benchmarks-.NET 10.0-1/EricksonLopez.ValueObjects.Benchmarks-.NET 10.0-1.notcs:line 2839
   at BenchmarkDotNet.Autogenerated.Runnable_13.Run(IHost host, String benchmarkName) in /_/benchmarks/EricksonLopez.ValueObjects.Benchmarks/bin/Release/net10.0/EricksonLopez.ValueObjects.Benchmarks-.NET 10.0-1/EricksonLopez.ValueObjects.Benchmarks-.NET 10.0-1.notcs:line 2787
   at System.Reflection.MethodBaseInvoker.InterpretedInvoke_Method(Object obj, IntPtr* args)
   at System.Reflection.MethodBaseInvoker.InvokeDirectByRefWithFewArgs(Object obj, Span`1 copyOfArgs, BindingFlags invokeAttr)
   --- End of inner exception stack trace ---
   at System.Reflection.MethodBaseInvoker.InvokeDirectByRefWithFewArgs(Object obj, Span`1 copyOfArgs, BindingFlags invokeAttr)
   at System.Reflection.MethodBaseInvoker.InvokeWithFewArgs(Object obj, BindingFlags invokeAttr, Binder binder, Object[] parameters, CultureInfo culture)
   at System.Reflection.RuntimeMethodInfo.Invoke(Object obj, BindingFlags invokeAttr, Binder binder, Object[] parameters, CultureInfo culture)
   at BenchmarkDotNet.Autogenerated.UniqueProgramName.AfterAssemblyLoadingAttached(String[] args) in /_/benchmarks/EricksonLopez.ValueObjects.Benchmarks/bin/Release/net10.0/EricksonLopez.ValueObjects.Benchmarks-.NET 10.0-1/EricksonLopez.ValueObjects.Benchmarks-.NET 10.0-1.notcs:line 57
// AfterAll
No Workload Results were obtained from the run.
// Benchmark Process 4221 has exited with code 255.

// ** Remained 82 (68.3 %) benchmark(s) to run. Estimated finish 2026-08-30 7:45 (0h 5m from now) **
// **************************
// Benchmark: SerializationJsonBenchmarks.Serialize_CompanyName: .NET 10.0(Runtime=.NET 10.0, Toolchain=net10.0)
// *** Execute ***
// Launch: 1 / 1
// Execute: dotnet "EricksonLopez.ValueObjects.Benchmarks-.NET 10.0-1.dll" --anonymousPipes 133 134 --benchmarkName EricksonLopez.ValueObjects.Benchmarks.SerializationJsonBenchmarks.Serialize_CompanyName --job ".NET 10.0" --benchmarkId 14 in /home/runner/work/dotnet-value-objects/dotnet-value-objects/benchmarks/EricksonLopez.ValueObjects.Benchmarks/bin/Release/net10.0/EricksonLopez.ValueObjects.Benchmarks-.NET 10.0-1/bin/Release/net10.0
// Failed to set up high priority (Permission denied). In order to run benchmarks with high priority, make sure you have the right permissions.
// BeforeAnythingElse

System.Reflection.TargetInvocationException: Exception has been thrown by the target of an invocation.
 ---> System.InvalidOperationException: Cannot access Value of a failed result. Error: [Validation] TenantCode.InvalidFormat: Tenant code must be DNS-friendly lowercase text using letters, digits, and hyphens.
   at EricksonLopez.Result.Result`1.get_Value()
   at EricksonLopez.ValueObjects.Benchmarks.SerializationJsonBenchmarks..ctor() in /_/benchmarks/EricksonLopez.ValueObjects.Benchmarks/SerializationJsonBenchmarks.cs:line 29
   at BenchmarkDotNet.Autogenerated.Runnable_14..ctor() in /_/benchmarks/EricksonLopez.ValueObjects.Benchmarks/bin/Release/net10.0/EricksonLopez.ValueObjects.Benchmarks-.NET 10.0-1/EricksonLopez.ValueObjects.Benchmarks-.NET 10.0-1.notcs:line 3036
   at BenchmarkDotNet.Autogenerated.Runnable_14.Run(IHost host, String benchmarkName) in /_/benchmarks/EricksonLopez.ValueObjects.Benchmarks/bin/Release/net10.0/EricksonLopez.ValueObjects.Benchmarks-.NET 10.0-1/EricksonLopez.ValueObjects.Benchmarks-.NET 10.0-1.notcs:line 2984
   at System.Reflection.MethodBaseInvoker.InterpretedInvoke_Method(Object obj, IntPtr* args)
   at System.Reflection.MethodBaseInvoker.InvokeDirectByRefWithFewArgs(Object obj, Span`1 copyOfArgs, BindingFlags invokeAttr)
   --- End of inner exception stack trace ---
   at System.Reflection.MethodBaseInvoker.InvokeDirectByRefWithFewArgs(Object obj, Span`1 copyOfArgs, BindingFlags invokeAttr)
   at System.Reflection.MethodBaseInvoker.InvokeWithFewArgs(Object obj, BindingFlags invokeAttr, Binder binder, Object[] parameters, CultureInfo culture)
   at System.Reflection.RuntimeMethodInfo.Invoke(Object obj, BindingFlags invokeAttr, Binder binder, Object[] parameters, CultureInfo culture)
   at BenchmarkDotNet.Autogenerated.UniqueProgramName.AfterAssemblyLoadingAttached(String[] args) in /_/benchmarks/EricksonLopez.ValueObjects.Benchmarks/bin/Release/net10.0/EricksonLopez.ValueObjects.Benchmarks-.NET 10.0-1/EricksonLopez.ValueObjects.Benchmarks-.NET 10.0-1.notcs:line 57
// AfterAll
No Workload Results were obtained from the run.
// Benchmark Process 4228 has exited with code 255.

// ** Remained 81 (67.5 %) benchmark(s) to run. Estimated finish 2026-08-30 7:45 (0h 5m from now) **
// **************************
// Benchmark: SerializationJsonBenchmarks.Deserialize_CompanyName: .NET 10.0(Runtime=.NET 10.0, Toolchain=net10.0)
// *** Execute ***
// Launch: 1 / 1
// Execute: dotnet "EricksonLopez.ValueObjects.Benchmarks-.NET 10.0-1.dll" --anonymousPipes 133 134 --benchmarkName EricksonLopez.ValueObjects.Benchmarks.SerializationJsonBenchmarks.Deserialize_CompanyName --job ".NET 10.0" --benchmarkId 15 in /home/runner/work/dotnet-value-objects/dotnet-value-objects/benchmarks/EricksonLopez.ValueObjects.Benchmarks/bin/Release/net10.0/EricksonLopez.ValueObjects.Benchmarks-.NET 10.0-1/bin/Release/net10.0
// Failed to set up high priority (Permission denied). In order to run benchmarks with high priority, make sure you have the right permissions.
// BeforeAnythingElse

System.Reflection.TargetInvocationException: Exception has been thrown by the target of an invocation.
 ---> System.InvalidOperationException: Cannot access Value of a failed result. Error: [Validation] TenantCode.InvalidFormat: Tenant code must be DNS-friendly lowercase text using letters, digits, and hyphens.
   at EricksonLopez.Result.Result`1.get_Value()
   at EricksonLopez.ValueObjects.Benchmarks.SerializationJsonBenchmarks..ctor() in /_/benchmarks/EricksonLopez.ValueObjects.Benchmarks/SerializationJsonBenchmarks.cs:line 29
   at BenchmarkDotNet.Autogenerated.Runnable_15..ctor() in /_/benchmarks/EricksonLopez.ValueObjects.Benchmarks/bin/Release/net10.0/EricksonLopez.ValueObjects.Benchmarks-.NET 10.0-1/EricksonLopez.ValueObjects.Benchmarks-.NET 10.0-1.notcs:line 3233
   at BenchmarkDotNet.Autogenerated.Runnable_15.Run(IHost host, String benchmarkName) in /_/benchmarks/EricksonLopez.ValueObjects.Benchmarks/bin/Release/net10.0/EricksonLopez.ValueObjects.Benchmarks-.NET 10.0-1/EricksonLopez.ValueObjects.Benchmarks-.NET 10.0-1.notcs:line 3181
   at System.Reflection.MethodBaseInvoker.InterpretedInvoke_Method(Object obj, IntPtr* args)
   at System.Reflection.MethodBaseInvoker.InvokeDirectByRefWithFewArgs(Object obj, Span`1 copyOfArgs, BindingFlags invokeAttr)
   --- End of inner exception stack trace ---
   at System.Reflection.MethodBaseInvoker.InvokeDirectByRefWithFewArgs(Object obj, Span`1 copyOfArgs, BindingFlags invokeAttr)
   at System.Reflection.MethodBaseInvoker.InvokeWithFewArgs(Object obj, BindingFlags invokeAttr, Binder binder, Object[] parameters, CultureInfo culture)
   at System.Reflection.RuntimeMethodInfo.Invoke(Object obj, BindingFlags invokeAttr, Binder binder, Object[] parameters, CultureInfo culture)
   at BenchmarkDotNet.Autogenerated.UniqueProgramName.AfterAssemblyLoadingAttached(String[] args) in /_/benchmarks/EricksonLopez.ValueObjects.Benchmarks/bin/Release/net10.0/EricksonLopez.ValueObjects.Benchmarks-.NET 10.0-1/EricksonLopez.ValueObjects.Benchmarks-.NET 10.0-1.notcs:line 57
// AfterAll
No Workload Results were obtained from the run.
// Benchmark Process 4235 has exited with code 255.

// ** Remained 80 (66.7 %) benchmark(s) to run. Estimated finish 2026-08-30 7:44 (0h 4m from now) **
// **************************
// Benchmark: SerializationJsonBenchmarks.Serialize_Range: .NET 10.0(Runtime=.NET 10.0, Toolchain=net10.0)
// *** Execute ***
// Launch: 1 / 1
// Execute: dotnet "EricksonLopez.ValueObjects.Benchmarks-.NET 10.0-1.dll" --anonymousPipes 133 134 --benchmarkName EricksonLopez.ValueObjects.Benchmarks.SerializationJsonBenchmarks.Serialize_Range --job ".NET 10.0" --benchmarkId 16 in /home/runner/work/dotnet-value-objects/dotnet-value-objects/benchmarks/EricksonLopez.ValueObjects.Benchmarks/bin/Release/net10.0/EricksonLopez.ValueObjects.Benchmarks-.NET 10.0-1/bin/Release/net10.0
// Failed to set up high priority (Permission denied). In order to run benchmarks with high priority, make sure you have the right permissions.
// BeforeAnythingElse

System.Reflection.TargetInvocationException: Exception has been thrown by the target of an invocation.
 ---> System.InvalidOperationException: Cannot access Value of a failed result. Error: [Validation] TenantCode.InvalidFormat: Tenant code must be DNS-friendly lowercase text using letters, digits, and hyphens.
   at EricksonLopez.Result.Result`1.get_Value()
   at EricksonLopez.ValueObjects.Benchmarks.SerializationJsonBenchmarks..ctor() in /_/benchmarks/EricksonLopez.ValueObjects.Benchmarks/SerializationJsonBenchmarks.cs:line 29
   at BenchmarkDotNet.Autogenerated.Runnable_16..ctor() in /_/benchmarks/EricksonLopez.ValueObjects.Benchmarks/bin/Release/net10.0/EricksonLopez.ValueObjects.Benchmarks-.NET 10.0-1/EricksonLopez.ValueObjects.Benchmarks-.NET 10.0-1.notcs:line 3430
   at BenchmarkDotNet.Autogenerated.Runnable_16.Run(IHost host, String benchmarkName) in /_/benchmarks/EricksonLopez.ValueObjects.Benchmarks/bin/Release/net10.0/EricksonLopez.ValueObjects.Benchmarks-.NET 10.0-1/EricksonLopez.ValueObjects.Benchmarks-.NET 10.0-1.notcs:line 3378
   at System.Reflection.MethodBaseInvoker.InterpretedInvoke_Method(Object obj, IntPtr* args)
   at System.Reflection.MethodBaseInvoker.InvokeDirectByRefWithFewArgs(Object obj, Span`1 copyOfArgs, BindingFlags invokeAttr)
   --- End of inner exception stack trace ---
   at System.Reflection.MethodBaseInvoker.InvokeDirectByRefWithFewArgs(Object obj, Span`1 copyOfArgs, BindingFlags invokeAttr)
   at System.Reflection.MethodBaseInvoker.InvokeWithFewArgs(Object obj, BindingFlags invokeAttr, Binder binder, Object[] parameters, CultureInfo culture)
   at System.Reflection.RuntimeMethodInfo.Invoke(Object obj, BindingFlags invokeAttr, Binder binder, Object[] parameters, CultureInfo culture)
   at BenchmarkDotNet.Autogenerated.UniqueProgramName.AfterAssemblyLoadingAttached(String[] args) in /_/benchmarks/EricksonLopez.ValueObjects.Benchmarks/bin/Release/net10.0/EricksonLopez.ValueObjects.Benchmarks-.NET 10.0-1/EricksonLopez.ValueObjects.Benchmarks-.NET 10.0-1.notcs:line 57
// AfterAll
No Workload Results were obtained from the run.
// Benchmark Process 4242 has exited with code 255.

// ** Remained 79 (65.8 %) benchmark(s) to run. Estimated finish 2026-08-30 7:44 (0h 4m from now) **
// **************************
// Benchmark: SerializationJsonBenchmarks.Deserialize_Range: .NET 10.0(Runtime=.NET 10.0, Toolchain=net10.0)
// *** Execute ***
// Launch: 1 / 1
// Execute: dotnet "EricksonLopez.ValueObjects.Benchmarks-.NET 10.0-1.dll" --anonymousPipes 133 134 --benchmarkName EricksonLopez.ValueObjects.Benchmarks.SerializationJsonBenchmarks.Deserialize_Range --job ".NET 10.0" --benchmarkId 17 in /home/runner/work/dotnet-value-objects/dotnet-value-objects/benchmarks/EricksonLopez.ValueObjects.Benchmarks/bin/Release/net10.0/EricksonLopez.ValueObjects.Benchmarks-.NET 10.0-1/bin/Release/net10.0
// Failed to set up high priority (Permission denied). In order to run benchmarks with high priority, make sure you have the right permissions.
// BeforeAnythingElse

System.Reflection.TargetInvocationException: Exception has been thrown by the target of an invocation.
 ---> System.InvalidOperationException: Cannot access Value of a failed result. Error: [Validation] TenantCode.InvalidFormat: Tenant code must be DNS-friendly lowercase text using letters, digits, and hyphens.
   at EricksonLopez.Result.Result`1.get_Value()
   at EricksonLopez.ValueObjects.Benchmarks.SerializationJsonBenchmarks..ctor() in /_/benchmarks/EricksonLopez.ValueObjects.Benchmarks/SerializationJsonBenchmarks.cs:line 29
   at BenchmarkDotNet.Autogenerated.Runnable_17..ctor() in /_/benchmarks/EricksonLopez.ValueObjects.Benchmarks/bin/Release/net10.0/EricksonLopez.ValueObjects.Benchmarks-.NET 10.0-1/EricksonLopez.ValueObjects.Benchmarks-.NET 10.0-1.notcs:line 3627
   at BenchmarkDotNet.Autogenerated.Runnable_17.Run(IHost host, String benchmarkName) in /_/benchmarks/EricksonLopez.ValueObjects.Benchmarks/bin/Release/net10.0/EricksonLopez.ValueObjects.Benchmarks-.NET 10.0-1/EricksonLopez.ValueObjects.Benchmarks-.NET 10.0-1.notcs:line 3575
   at System.Reflection.MethodBaseInvoker.InterpretedInvoke_Method(Object obj, IntPtr* args)
   at System.Reflection.MethodBaseInvoker.InvokeDirectByRefWithFewArgs(Object obj, Span`1 copyOfArgs, BindingFlags invokeAttr)
   --- End of inner exception stack trace ---
   at System.Reflection.MethodBaseInvoker.InvokeDirectByRefWithFewArgs(Object obj, Span`1 copyOfArgs, BindingFlags invokeAttr)
   at System.Reflection.MethodBaseInvoker.InvokeWithFewArgs(Object obj, BindingFlags invokeAttr, Binder binder, Object[] parameters, CultureInfo culture)
   at System.Reflection.RuntimeMethodInfo.Invoke(Object obj, BindingFlags invokeAttr, Binder binder, Object[] parameters, CultureInfo culture)
   at BenchmarkDotNet.Autogenerated.UniqueProgramName.AfterAssemblyLoadingAttached(String[] args) in /_/benchmarks/EricksonLopez.ValueObjects.Benchmarks/bin/Release/net10.0/EricksonLopez.ValueObjects.Benchmarks-.NET 10.0-1/EricksonLopez.ValueObjects.Benchmarks-.NET 10.0-1.notcs:line 57
// AfterAll
No Workload Results were obtained from the run.
// Benchmark Process 4249 has exited with code 255.

// ** Remained 78 (65.0 %) benchmark(s) to run. Estimated finish 2026-08-30 7:44 (0h 4m from now) **
// Build Error: Standard output: 
  
 Standard error: 
   Determining projects to restore...
/home/runner/work/dotnet-value-objects/dotnet-value-objects/benchmarks/EricksonLopez.ValueObjects.Benchmarks/bin/Release/net10.0/EricksonLopez.ValueObjects.Benchmarks-.NET 8.0-2/BenchmarkDotNet.Autogenerated.csproj : error NU1201: Project EricksonLopez.ValueObjects.Benchmarks is not compatible with net8.0 (.NETCoreApp,Version=v8.0). Project EricksonLopez.ValueObjects.Benchmarks supports: net10.0 (.NETCoreApp,Version=v10.0)
  Failed to restore /home/runner/work/dotnet-value-objects/dotnet-value-objects/benchmarks/EricksonLopez.ValueObjects.Benchmarks/bin/Release/net10.0/EricksonLopez.ValueObjects.Benchmarks-.NET 8.0-2/BenchmarkDotNet.Autogenerated.csproj (in 272 ms).
  5 of 6 projects are up-to-date for restore.

// BenchmarkDotNet has failed to build the auto-generated boilerplate code.
// It can be found in /home/runner/work/dotnet-value-objects/dotnet-value-objects/benchmarks/EricksonLopez.ValueObjects.Benchmarks/bin/Release/net10.0/EricksonLopez.ValueObjects.Benchmarks-.NET 8.0-2
// Please follow the troubleshooting guide: https://benchmarkdotnet.org/articles/guides/troubleshooting.html

// ** Remained 77 (64.2 %) benchmark(s) to run. Estimated finish 2026-08-30 7:44 (0h 4m from now) **
// Build Error: Standard output: 
  
 Standard error: 
   Determining projects to restore...
/home/runner/work/dotnet-value-objects/dotnet-value-objects/benchmarks/EricksonLopez.ValueObjects.Benchmarks/bin/Release/net10.0/EricksonLopez.ValueObjects.Benchmarks-.NET 8.0-2/BenchmarkDotNet.Autogenerated.csproj : error NU1201: Project EricksonLopez.ValueObjects.Benchmarks is not compatible with net8.0 (.NETCoreApp,Version=v8.0). Project EricksonLopez.ValueObjects.Benchmarks supports: net10.0 (.NETCoreApp,Version=v10.0)
  Failed to restore /home/runner/work/dotnet-value-objects/dotnet-value-objects/benchmarks/EricksonLopez.ValueObjects.Benchmarks/bin/Release/net10.0/EricksonLopez.ValueObjects.Benchmarks-.NET 8.0-2/BenchmarkDotNet.Autogenerated.csproj (in 272 ms).
  5 of 6 projects are up-to-date for restore.

// BenchmarkDotNet has failed to build the auto-generated boilerplate code.
// It can be found in /home/runner/work/dotnet-value-objects/dotnet-value-objects/benchmarks/EricksonLopez.ValueObjects.Benchmarks/bin/Release/net10.0/EricksonLopez.ValueObjects.Benchmarks-.NET 8.0-2
// Please follow the troubleshooting guide: https://benchmarkdotnet.org/articles/guides/troubleshooting.html

// ** Remained 76 (63.3 %) benchmark(s) to run. Estimated finish 2026-08-30 7:44 (0h 4m from now) **
// Build Error: Standard output: 
  
 Standard error: 
   Determining projects to restore...
/home/runner/work/dotnet-value-objects/dotnet-value-objects/benchmarks/EricksonLopez.ValueObjects.Benchmarks/bin/Release/net10.0/EricksonLopez.ValueObjects.Benchmarks-.NET 8.0-2/BenchmarkDotNet.Autogenerated.csproj : error NU1201: Project EricksonLopez.ValueObjects.Benchmarks is not compatible with net8.0 (.NETCoreApp,Version=v8.0). Project EricksonLopez.ValueObjects.Benchmarks supports: net10.0 (.NETCoreApp,Version=v10.0)
  Failed to restore /home/runner/work/dotnet-value-objects/dotnet-value-objects/benchmarks/EricksonLopez.ValueObjects.Benchmarks/bin/Release/net10.0/EricksonLopez.ValueObjects.Benchmarks-.NET 8.0-2/BenchmarkDotNet.Autogenerated.csproj (in 272 ms).
  5 of 6 projects are up-to-date for restore.

// BenchmarkDotNet has failed to build the auto-generated boilerplate code.
// It can be found in /home/runner/work/dotnet-value-objects/dotnet-value-objects/benchmarks/EricksonLopez.ValueObjects.Benchmarks/bin/Release/net10.0/EricksonLopez.ValueObjects.Benchmarks-.NET 8.0-2
// Please follow the troubleshooting guide: https://benchmarkdotnet.org/articles/guides/troubleshooting.html

// ** Remained 75 (62.5 %) benchmark(s) to run. Estimated finish 2026-08-30 7:44 (0h 4m from now) **
// Build Error: Standard output: 
  
 Standard error: 
   Determining projects to restore...
/home/runner/work/dotnet-value-objects/dotnet-value-objects/benchmarks/EricksonLopez.ValueObjects.Benchmarks/bin/Release/net10.0/EricksonLopez.ValueObjects.Benchmarks-.NET 8.0-2/BenchmarkDotNet.Autogenerated.csproj : error NU1201: Project EricksonLopez.ValueObjects.Benchmarks is not compatible with net8.0 (.NETCoreApp,Version=v8.0). Project EricksonLopez.ValueObjects.Benchmarks supports: net10.0 (.NETCoreApp,Version=v10.0)
  Failed to restore /home/runner/work/dotnet-value-objects/dotnet-value-objects/benchmarks/EricksonLopez.ValueObjects.Benchmarks/bin/Release/net10.0/EricksonLopez.ValueObjects.Benchmarks-.NET 8.0-2/BenchmarkDotNet.Autogenerated.csproj (in 272 ms).
  5 of 6 projects are up-to-date for restore.

// BenchmarkDotNet has failed to build the auto-generated boilerplate code.
// It can be found in /home/runner/work/dotnet-value-objects/dotnet-value-objects/benchmarks/EricksonLopez.ValueObjects.Benchmarks/bin/Release/net10.0/EricksonLopez.ValueObjects.Benchmarks-.NET 8.0-2
// Please follow the troubleshooting guide: https://benchmarkdotnet.org/articles/guides/troubleshooting.html

// ** Remained 74 (61.7 %) benchmark(s) to run. Estimated finish 2026-08-30 7:44 (0h 3m from now) **
// Build Error: Standard output: 
  
 Standard error: 
   Determining projects to restore...
/home/runner/work/dotnet-value-objects/dotnet-value-objects/benchmarks/EricksonLopez.ValueObjects.Benchmarks/bin/Release/net10.0/EricksonLopez.ValueObjects.Benchmarks-.NET 8.0-2/BenchmarkDotNet.Autogenerated.csproj : error NU1201: Project EricksonLopez.ValueObjects.Benchmarks is not compatible with net8.0 (.NETCoreApp,Version=v8.0). Project EricksonLopez.ValueObjects.Benchmarks supports: net10.0 (.NETCoreApp,Version=v10.0)
  Failed to restore /home/runner/work/dotnet-value-objects/dotnet-value-objects/benchmarks/EricksonLopez.ValueObjects.Benchmarks/bin/Release/net10.0/EricksonLopez.ValueObjects.Benchmarks-.NET 8.0-2/BenchmarkDotNet.Autogenerated.csproj (in 272 ms).
  5 of 6 projects are up-to-date for restore.

// BenchmarkDotNet has failed to build the auto-generated boilerplate code.
// It can be found in /home/runner/work/dotnet-value-objects/dotnet-value-objects/benchmarks/EricksonLopez.ValueObjects.Benchmarks/bin/Release/net10.0/EricksonLopez.ValueObjects.Benchmarks-.NET 8.0-2
// Please follow the troubleshooting guide: https://benchmarkdotnet.org/articles/guides/troubleshooting.html

// ** Remained 73 (60.8 %) benchmark(s) to run. Estimated finish 2026-08-30 7:43 (0h 3m from now) **
// Build Error: Standard output: 
  
 Standard error: 
   Determining projects to restore...
/home/runner/work/dotnet-value-objects/dotnet-value-objects/benchmarks/EricksonLopez.ValueObjects.Benchmarks/bin/Release/net10.0/EricksonLopez.ValueObjects.Benchmarks-.NET 8.0-2/BenchmarkDotNet.Autogenerated.csproj : error NU1201: Project EricksonLopez.ValueObjects.Benchmarks is not compatible with net8.0 (.NETCoreApp,Version=v8.0). Project EricksonLopez.ValueObjects.Benchmarks supports: net10.0 (.NETCoreApp,Version=v10.0)
  Failed to restore /home/runner/work/dotnet-value-objects/dotnet-value-objects/benchmarks/EricksonLopez.ValueObjects.Benchmarks/bin/Release/net10.0/EricksonLopez.ValueObjects.Benchmarks-.NET 8.0-2/BenchmarkDotNet.Autogenerated.csproj (in 272 ms).
  5 of 6 projects are up-to-date for restore.

// BenchmarkDotNet has failed to build the auto-generated boilerplate code.
// It can be found in /home/runner/work/dotnet-value-objects/dotnet-value-objects/benchmarks/EricksonLopez.ValueObjects.Benchmarks/bin/Release/net10.0/EricksonLopez.ValueObjects.Benchmarks-.NET 8.0-2
// Please follow the troubleshooting guide: https://benchmarkdotnet.org/articles/guides/troubleshooting.html

// ** Remained 72 (60.0 %) benchmark(s) to run. Estimated finish 2026-08-30 7:43 (0h 3m from now) **
// Build Error: Standard output: 
  
 Standard error: 
   Determining projects to restore...
/home/runner/work/dotnet-value-objects/dotnet-value-objects/benchmarks/EricksonLopez.ValueObjects.Benchmarks/bin/Release/net10.0/EricksonLopez.ValueObjects.Benchmarks-.NET 9.0-3/BenchmarkDotNet.Autogenerated.csproj : error NU1201: Project EricksonLopez.ValueObjects.Benchmarks is not compatible with net9.0 (.NETCoreApp,Version=v9.0). Project EricksonLopez.ValueObjects.Benchmarks supports: net10.0 (.NETCoreApp,Version=v10.0)
  Failed to restore /home/runner/work/dotnet-value-objects/dotnet-value-objects/benchmarks/EricksonLopez.ValueObjects.Benchmarks/bin/Release/net10.0/EricksonLopez.ValueObjects.Benchmarks-.NET 9.0-3/BenchmarkDotNet.Autogenerated.csproj (in 228 ms).
  5 of 6 projects are up-to-date for restore.

// BenchmarkDotNet has failed to build the auto-generated boilerplate code.
// It can be found in /home/runner/work/dotnet-value-objects/dotnet-value-objects/benchmarks/EricksonLopez.ValueObjects.Benchmarks/bin/Release/net10.0/EricksonLopez.ValueObjects.Benchmarks-.NET 9.0-3
// Please follow the troubleshooting guide: https://benchmarkdotnet.org/articles/guides/troubleshooting.html

// ** Remained 71 (59.2 %) benchmark(s) to run. Estimated finish 2026-08-30 7:43 (0h 3m from now) **
// Build Error: Standard output: 
  
 Standard error: 
   Determining projects to restore...
/home/runner/work/dotnet-value-objects/dotnet-value-objects/benchmarks/EricksonLopez.ValueObjects.Benchmarks/bin/Release/net10.0/EricksonLopez.ValueObjects.Benchmarks-.NET 9.0-3/BenchmarkDotNet.Autogenerated.csproj : error NU1201: Project EricksonLopez.ValueObjects.Benchmarks is not compatible with net9.0 (.NETCoreApp,Version=v9.0). Project EricksonLopez.ValueObjects.Benchmarks supports: net10.0 (.NETCoreApp,Version=v10.0)
  Failed to restore /home/runner/work/dotnet-value-objects/dotnet-value-objects/benchmarks/EricksonLopez.ValueObjects.Benchmarks/bin/Release/net10.0/EricksonLopez.ValueObjects.Benchmarks-.NET 9.0-3/BenchmarkDotNet.Autogenerated.csproj (in 228 ms).
  5 of 6 projects are up-to-date for restore.

// BenchmarkDotNet has failed to build the auto-generated boilerplate code.
// It can be found in /home/runner/work/dotnet-value-objects/dotnet-value-objects/benchmarks/EricksonLopez.ValueObjects.Benchmarks/bin/Release/net10.0/EricksonLopez.ValueObjects.Benchmarks-.NET 9.0-3
// Please follow the troubleshooting guide: https://benchmarkdotnet.org/articles/guides/troubleshooting.html

// ** Remained 70 (58.3 %) benchmark(s) to run. Estimated finish 2026-08-30 7:43 (0h 3m from now) **
// Build Error: Standard output: 
  
 Standard error: 
   Determining projects to restore...
/home/runner/work/dotnet-value-objects/dotnet-value-objects/benchmarks/EricksonLopez.ValueObjects.Benchmarks/bin/Release/net10.0/EricksonLopez.ValueObjects.Benchmarks-.NET 9.0-3/BenchmarkDotNet.Autogenerated.csproj : error NU1201: Project EricksonLopez.ValueObjects.Benchmarks is not compatible with net9.0 (.NETCoreApp,Version=v9.0). Project EricksonLopez.ValueObjects.Benchmarks supports: net10.0 (.NETCoreApp,Version=v10.0)
  Failed to restore /home/runner/work/dotnet-value-objects/dotnet-value-objects/benchmarks/EricksonLopez.ValueObjects.Benchmarks/bin/Release/net10.0/EricksonLopez.ValueObjects.Benchmarks-.NET 9.0-3/BenchmarkDotNet.Autogenerated.csproj (in 228 ms).
  5 of 6 projects are up-to-date for restore.

// BenchmarkDotNet has failed to build the auto-generated boilerplate code.
// It can be found in /home/runner/work/dotnet-value-objects/dotnet-value-objects/benchmarks/EricksonLopez.ValueObjects.Benchmarks/bin/Release/net10.0/EricksonLopez.ValueObjects.Benchmarks-.NET 9.0-3
// Please follow the troubleshooting guide: https://benchmarkdotnet.org/articles/guides/troubleshooting.html

// ** Remained 69 (57.5 %) benchmark(s) to run. Estimated finish 2026-08-30 7:43 (0h 3m from now) **
// Build Error: Standard output: 
  
 Standard error: 
   Determining projects to restore...
/home/runner/work/dotnet-value-objects/dotnet-value-objects/benchmarks/EricksonLopez.ValueObjects.Benchmarks/bin/Release/net10.0/EricksonLopez.ValueObjects.Benchmarks-.NET 9.0-3/BenchmarkDotNet.Autogenerated.csproj : error NU1201: Project EricksonLopez.ValueObjects.Benchmarks is not compatible with net9.0 (.NETCoreApp,Version=v9.0). Project EricksonLopez.ValueObjects.Benchmarks supports: net10.0 (.NETCoreApp,Version=v10.0)
  Failed to restore /home/runner/work/dotnet-value-objects/dotnet-value-objects/benchmarks/EricksonLopez.ValueObjects.Benchmarks/bin/Release/net10.0/EricksonLopez.ValueObjects.Benchmarks-.NET 9.0-3/BenchmarkDotNet.Autogenerated.csproj (in 228 ms).
  5 of 6 projects are up-to-date for restore.

// BenchmarkDotNet has failed to build the auto-generated boilerplate code.
// It can be found in /home/runner/work/dotnet-value-objects/dotnet-value-objects/benchmarks/EricksonLopez.ValueObjects.Benchmarks/bin/Release/net10.0/EricksonLopez.ValueObjects.Benchmarks-.NET 9.0-3
// Please follow the troubleshooting guide: https://benchmarkdotnet.org/articles/guides/troubleshooting.html

// ** Remained 68 (56.7 %) benchmark(s) to run. Estimated finish 2026-08-30 7:43 (0h 3m from now) **
// Build Error: Standard output: 
  
 Standard error: 
   Determining projects to restore...
/home/runner/work/dotnet-value-objects/dotnet-value-objects/benchmarks/EricksonLopez.ValueObjects.Benchmarks/bin/Release/net10.0/EricksonLopez.ValueObjects.Benchmarks-.NET 9.0-3/BenchmarkDotNet.Autogenerated.csproj : error NU1201: Project EricksonLopez.ValueObjects.Benchmarks is not compatible with net9.0 (.NETCoreApp,Version=v9.0). Project EricksonLopez.ValueObjects.Benchmarks supports: net10.0 (.NETCoreApp,Version=v10.0)
  Failed to restore /home/runner/work/dotnet-value-objects/dotnet-value-objects/benchmarks/EricksonLopez.ValueObjects.Benchmarks/bin/Release/net10.0/EricksonLopez.ValueObjects.Benchmarks-.NET 9.0-3/BenchmarkDotNet.Autogenerated.csproj (in 228 ms).
  5 of 6 projects are up-to-date for restore.

// BenchmarkDotNet has failed to build the auto-generated boilerplate code.
// It can be found in /home/runner/work/dotnet-value-objects/dotnet-value-objects/benchmarks/EricksonLopez.ValueObjects.Benchmarks/bin/Release/net10.0/EricksonLopez.ValueObjects.Benchmarks-.NET 9.0-3
// Please follow the troubleshooting guide: https://benchmarkdotnet.org/articles/guides/troubleshooting.html

// ** Remained 67 (55.8 %) benchmark(s) to run. Estimated finish 2026-08-30 7:43 (0h 3m from now) **
// Build Error: Standard output: 
  
 Standard error: 
   Determining projects to restore...
/home/runner/work/dotnet-value-objects/dotnet-value-objects/benchmarks/EricksonLopez.ValueObjects.Benchmarks/bin/Release/net10.0/EricksonLopez.ValueObjects.Benchmarks-.NET 9.0-3/BenchmarkDotNet.Autogenerated.csproj : error NU1201: Project EricksonLopez.ValueObjects.Benchmarks is not compatible with net9.0 (.NETCoreApp,Version=v9.0). Project EricksonLopez.ValueObjects.Benchmarks supports: net10.0 (.NETCoreApp,Version=v10.0)
  Failed to restore /home/runner/work/dotnet-value-objects/dotnet-value-objects/benchmarks/EricksonLopez.ValueObjects.Benchmarks/bin/Release/net10.0/EricksonLopez.ValueObjects.Benchmarks-.NET 9.0-3/BenchmarkDotNet.Autogenerated.csproj (in 228 ms).
  5 of 6 projects are up-to-date for restore.

// BenchmarkDotNet has failed to build the auto-generated boilerplate code.
// It can be found in /home/runner/work/dotnet-value-objects/dotnet-value-objects/benchmarks/EricksonLopez.ValueObjects.Benchmarks/bin/Release/net10.0/EricksonLopez.ValueObjects.Benchmarks-.NET 9.0-3
// Please follow the troubleshooting guide: https://benchmarkdotnet.org/articles/guides/troubleshooting.html

// ** Remained 66 (55.0 %) benchmark(s) to run. Estimated finish 2026-08-30 7:43 (0h 2m from now) **
// ***** BenchmarkRunner: Finish  *****

// * Export *
  benchmarks/results/results/EricksonLopez.ValueObjects.Benchmarks.SerializationJsonBenchmarks-report.csv
  benchmarks/results/results/EricksonLopez.ValueObjects.Benchmarks.SerializationJsonBenchmarks-report-github.md
  benchmarks/results/results/EricksonLopez.ValueObjects.Benchmarks.SerializationJsonBenchmarks-report.html
  benchmarks/results/results/EricksonLopez.ValueObjects.Benchmarks.SerializationJsonBenchmarks-report-full-compressed.json
  benchmarks/results/results/EricksonLopez.ValueObjects.Benchmarks.SerializationJsonBenchmarks-report-default.md

// * Detailed results *
SerializationJsonBenchmarks.Serialize_TenantCode: .NET 10.0(Runtime=.NET 10.0, Toolchain=net10.0)
Runtime = ; GC = 
There are not any results runs

SerializationJsonBenchmarks.Serialize_TenantCode: .NET 8.0(Runtime=.NET 8.0, Toolchain=net8.0)
Runtime = ; GC = 
There are not any results runs

SerializationJsonBenchmarks.Serialize_TenantCode: .NET 9.0(Runtime=.NET 9.0, Toolchain=net9.0)
Runtime = ; GC = 
There are not any results runs

SerializationJsonBenchmarks.Deserialize_TenantCode: .NET 10.0(Runtime=.NET 10.0, Toolchain=net10.0)
Runtime = ; GC = 
There are not any results runs

SerializationJsonBenchmarks.Deserialize_TenantCode: .NET 8.0(Runtime=.NET 8.0, Toolchain=net8.0)
Runtime = ; GC = 
There are not any results runs

SerializationJsonBenchmarks.Deserialize_TenantCode: .NET 9.0(Runtime=.NET 9.0, Toolchain=net9.0)
Runtime = ; GC = 
There are not any results runs

SerializationJsonBenchmarks.Serialize_CompanyName: .NET 10.0(Runtime=.NET 10.0, Toolchain=net10.0)
Runtime = ; GC = 
There are not any results runs

SerializationJsonBenchmarks.Serialize_CompanyName: .NET 8.0(Runtime=.NET 8.0, Toolchain=net8.0)
Runtime = ; GC = 
There are not any results runs

SerializationJsonBenchmarks.Serialize_CompanyName: .NET 9.0(Runtime=.NET 9.0, Toolchain=net9.0)
Runtime = ; GC = 
There are not any results runs

SerializationJsonBenchmarks.Deserialize_CompanyName: .NET 10.0(Runtime=.NET 10.0, Toolchain=net10.0)
Runtime = ; GC = 
There are not any results runs

SerializationJsonBenchmarks.Deserialize_CompanyName: .NET 8.0(Runtime=.NET 8.0, Toolchain=net8.0)
Runtime = ; GC = 
There are not any results runs

SerializationJsonBenchmarks.Deserialize_CompanyName: .NET 9.0(Runtime=.NET 9.0, Toolchain=net9.0)
Runtime = ; GC = 
There are not any results runs

SerializationJsonBenchmarks.Serialize_Range: .NET 10.0(Runtime=.NET 10.0, Toolchain=net10.0)
Runtime = ; GC = 
There are not any results runs

SerializationJsonBenchmarks.Serialize_Range: .NET 8.0(Runtime=.NET 8.0, Toolchain=net8.0)
Runtime = ; GC = 
There are not any results runs

SerializationJsonBenchmarks.Serialize_Range: .NET 9.0(Runtime=.NET 9.0, Toolchain=net9.0)
Runtime = ; GC = 
There are not any results runs

SerializationJsonBenchmarks.Deserialize_Range: .NET 10.0(Runtime=.NET 10.0, Toolchain=net10.0)
Runtime = ; GC = 
There are not any results runs

SerializationJsonBenchmarks.Deserialize_Range: .NET 8.0(Runtime=.NET 8.0, Toolchain=net8.0)
Runtime = ; GC = 
There are not any results runs

SerializationJsonBenchmarks.Deserialize_Range: .NET 9.0(Runtime=.NET 9.0, Toolchain=net9.0)
Runtime = ; GC = 
There are not any results runs

// * Summary *

BenchmarkDotNet v0.15.8, Linux Ubuntu 24.04.4 LTS (Noble Numbat)
AMD EPYC 7763 2.60GHz, 1 CPU, 4 logical and 2 physical cores
.NET SDK 10.0.400
  [Host] : .NET 10.0.11 (10.0.11, 10.0.1126.37416), X64 RyuJIT x86-64-v3


| Method                  | Job       | Runtime   | Mean | Error | Ratio | RatioSD | Alloc Ratio |
|------------------------ |---------- |---------- |-----:|------:|------:|--------:|------------:|
| Serialize_TenantCode    | .NET 10.0 | .NET 10.0 |   NA |    NA |     ? |       ? |           ? |
| Serialize_TenantCode    | .NET 8.0  | .NET 8.0  |   NA |    NA |     ? |       ? |           ? |
| Serialize_TenantCode    | .NET 9.0  | .NET 9.0  |   NA |    NA |     ? |       ? |           ? |
|                         |           |           |      |       |       |         |             |
| Deserialize_TenantCode  | .NET 10.0 | .NET 10.0 |   NA |    NA |     ? |       ? |           ? |
| Deserialize_TenantCode  | .NET 8.0  | .NET 8.0  |   NA |    NA |     ? |       ? |           ? |
| Deserialize_TenantCode  | .NET 9.0  | .NET 9.0  |   NA |    NA |     ? |       ? |           ? |
|                         |           |           |      |       |       |         |             |
| Serialize_CompanyName   | .NET 10.0 | .NET 10.0 |   NA |    NA |     ? |       ? |           ? |
| Serialize_CompanyName   | .NET 8.0  | .NET 8.0  |   NA |    NA |     ? |       ? |           ? |
| Serialize_CompanyName   | .NET 9.0  | .NET 9.0  |   NA |    NA |     ? |       ? |           ? |
|                         |           |           |      |       |       |         |             |
| Deserialize_CompanyName | .NET 10.0 | .NET 10.0 |   NA |    NA |     ? |       ? |           ? |
| Deserialize_CompanyName | .NET 8.0  | .NET 8.0  |   NA |    NA |     ? |       ? |           ? |
| Deserialize_CompanyName | .NET 9.0  | .NET 9.0  |   NA |    NA |     ? |       ? |           ? |
|                         |           |           |      |       |       |         |             |
| Serialize_Range         | .NET 10.0 | .NET 10.0 |   NA |    NA |     ? |       ? |           ? |
| Serialize_Range         | .NET 8.0  | .NET 8.0  |   NA |    NA |     ? |       ? |           ? |
| Serialize_Range         | .NET 9.0  | .NET 9.0  |   NA |    NA |     ? |       ? |           ? |
|                         |           |           |      |       |       |         |             |
| Deserialize_Range       | .NET 10.0 | .NET 10.0 |   NA |    NA |     ? |       ? |           ? |
| Deserialize_Range       | .NET 8.0  | .NET 8.0  |   NA |    NA |     ? |       ? |           ? |
| Deserialize_Range       | .NET 9.0  | .NET 9.0  |   NA |    NA |     ? |       ? |           ? |

Benchmarks with issues:
  SerializationJsonBenchmarks.Serialize_TenantCode: .NET 10.0(Runtime=.NET 10.0, Toolchain=net10.0)
  SerializationJsonBenchmarks.Serialize_TenantCode: .NET 8.0(Runtime=.NET 8.0, Toolchain=net8.0)
  SerializationJsonBenchmarks.Serialize_TenantCode: .NET 9.0(Runtime=.NET 9.0, Toolchain=net9.0)
  SerializationJsonBenchmarks.Deserialize_TenantCode: .NET 10.0(Runtime=.NET 10.0, Toolchain=net10.0)
  SerializationJsonBenchmarks.Deserialize_TenantCode: .NET 8.0(Runtime=.NET 8.0, Toolchain=net8.0)
  SerializationJsonBenchmarks.Deserialize_TenantCode: .NET 9.0(Runtime=.NET 9.0, Toolchain=net9.0)
  SerializationJsonBenchmarks.Serialize_CompanyName: .NET 10.0(Runtime=.NET 10.0, Toolchain=net10.0)
  SerializationJsonBenchmarks.Serialize_CompanyName: .NET 8.0(Runtime=.NET 8.0, Toolchain=net8.0)
  SerializationJsonBenchmarks.Serialize_CompanyName: .NET 9.0(Runtime=.NET 9.0, Toolchain=net9.0)
  SerializationJsonBenchmarks.Deserialize_CompanyName: .NET 10.0(Runtime=.NET 10.0, Toolchain=net10.0)
  SerializationJsonBenchmarks.Deserialize_CompanyName: .NET 8.0(Runtime=.NET 8.0, Toolchain=net8.0)
  SerializationJsonBenchmarks.Deserialize_CompanyName: .NET 9.0(Runtime=.NET 9.0, Toolchain=net9.0)
  SerializationJsonBenchmarks.Serialize_Range: .NET 10.0(Runtime=.NET 10.0, Toolchain=net10.0)
  SerializationJsonBenchmarks.Serialize_Range: .NET 8.0(Runtime=.NET 8.0, Toolchain=net8.0)
  SerializationJsonBenchmarks.Serialize_Range: .NET 9.0(Runtime=.NET 9.0, Toolchain=net9.0)
  SerializationJsonBenchmarks.Deserialize_Range: .NET 10.0(Runtime=.NET 10.0, Toolchain=net10.0)
  SerializationJsonBenchmarks.Deserialize_Range: .NET 8.0(Runtime=.NET 8.0, Toolchain=net8.0)
  SerializationJsonBenchmarks.Deserialize_Range: .NET 9.0(Runtime=.NET 9.0, Toolchain=net9.0)

// * Warnings *
BaselineCustomAnalyzer
  Summary -> A question mark '?' symbol indicates that it was not possible to compute the (Ratio, RatioSD, Alloc Ratio) column(s) because the baseline or benchmark could not be found, or the baseline value is too close to zero.

// * Legends *
  Mean        : Arithmetic mean of all measurements
  Error       : Half of 99.9% confidence interval
  Ratio       : Mean of the ratio distribution ([Current]/[Baseline])
  RatioSD     : Standard deviation of the ratio distribution ([Current]/[Baseline])
  Alloc Ratio : Allocated memory ratio distribution ([Current]/[Baseline])
  1 ns        : 1 Nanosecond (0.000000001 sec)

// * Diagnostic Output - MemoryDiagnoser *


// ***** BenchmarkRunner: End *****
Run time: 00:00:00 (0.55 sec), executed benchmarks: 6

// Found 66 benchmarks:
//   ValueObjectBenchmarks.Create_Class: .NET 10.0(Runtime=.NET 10.0, Toolchain=net10.0)
//   ValueObjectBenchmarks.Create_RecordClass: .NET 10.0(Runtime=.NET 10.0, Toolchain=net10.0)
//   ValueObjectBenchmarks.Create_Struct: .NET 10.0(Runtime=.NET 10.0, Toolchain=net10.0)
//   ValueObjectBenchmarks.Create_RecordStruct: .NET 10.0(Runtime=.NET 10.0, Toolchain=net10.0)
//   ValueObjectBenchmarks.Domain_Create_Email: .NET 10.0(Runtime=.NET 10.0, Toolchain=net10.0)
//   ValueObjectBenchmarks.Domain_Create_Money: .NET 10.0(Runtime=.NET 10.0, Toolchain=net10.0)
//   ValueObjectBenchmarks.Domain_Create_Percentage: .NET 10.0(Runtime=.NET 10.0, Toolchain=net10.0)
//   ValueObjectBenchmarks.Equals_Class: .NET 10.0(Runtime=.NET 10.0, Toolchain=net10.0)
//   ValueObjectBenchmarks.Equals_RecordClass: .NET 10.0(Runtime=.NET 10.0, Toolchain=net10.0)
//   ValueObjectBenchmarks.Equals_Struct: .NET 10.0(Runtime=.NET 10.0, Toolchain=net10.0)
//   ValueObjectBenchmarks.Equals_RecordStruct: .NET 10.0(Runtime=.NET 10.0, Toolchain=net10.0)
//   ValueObjectBenchmarks.Domain_Equals_Money: .NET 10.0(Runtime=.NET 10.0, Toolchain=net10.0)
//   ValueObjectBenchmarks.HashCode_Class: .NET 10.0(Runtime=.NET 10.0, Toolchain=net10.0)
//   ValueObjectBenchmarks.HashCode_RecordClass: .NET 10.0(Runtime=.NET 10.0, Toolchain=net10.0)
//   ValueObjectBenchmarks.HashCode_Struct: .NET 10.0(Runtime=.NET 10.0, Toolchain=net10.0)
//   ValueObjectBenchmarks.HashCode_RecordStruct: .NET 10.0(Runtime=.NET 10.0, Toolchain=net10.0)
//   ValueObjectBenchmarks.DictionaryLookup_RecordClass: .NET 10.0(Runtime=.NET 10.0, Toolchain=net10.0)
//   ValueObjectBenchmarks.DictionaryLookup_RecordStruct: .NET 10.0(Runtime=.NET 10.0, Toolchain=net10.0)
//   ValueObjectBenchmarks.Domain_Money_Add: .NET 10.0(Runtime=.NET 10.0, Toolchain=net10.0)
//   ValueObjectBenchmarks.Domain_Money_Allocate: .NET 10.0(Runtime=.NET 10.0, Toolchain=net10.0)
//   ValueObjectBenchmarks.Domain_Money_ApplyTax: .NET 10.0(Runtime=.NET 10.0, Toolchain=net10.0)
//   ValueObjectBenchmarks.Domain_Parse_BusinessDate: .NET 10.0(Runtime=.NET 10.0, Toolchain=net10.0)
//   ValueObjectBenchmarks.Create_Class: .NET 8.0(Runtime=.NET 8.0, Toolchain=net8.0)
//   ValueObjectBenchmarks.Create_RecordClass: .NET 8.0(Runtime=.NET 8.0, Toolchain=net8.0)
//   ValueObjectBenchmarks.Create_Struct: .NET 8.0(Runtime=.NET 8.0, Toolchain=net8.0)
//   ValueObjectBenchmarks.Create_RecordStruct: .NET 8.0(Runtime=.NET 8.0, Toolchain=net8.0)
//   ValueObjectBenchmarks.Domain_Create_Email: .NET 8.0(Runtime=.NET 8.0, Toolchain=net8.0)
//   ValueObjectBenchmarks.Domain_Create_Money: .NET 8.0(Runtime=.NET 8.0, Toolchain=net8.0)
//   ValueObjectBenchmarks.Domain_Create_Percentage: .NET 8.0(Runtime=.NET 8.0, Toolchain=net8.0)
//   ValueObjectBenchmarks.Equals_Class: .NET 8.0(Runtime=.NET 8.0, Toolchain=net8.0)
//   ValueObjectBenchmarks.Equals_RecordClass: .NET 8.0(Runtime=.NET 8.0, Toolchain=net8.0)
//   ValueObjectBenchmarks.Equals_Struct: .NET 8.0(Runtime=.NET 8.0, Toolchain=net8.0)
//   ValueObjectBenchmarks.Equals_RecordStruct: .NET 8.0(Runtime=.NET 8.0, Toolchain=net8.0)
//   ValueObjectBenchmarks.Domain_Equals_Money: .NET 8.0(Runtime=.NET 8.0, Toolchain=net8.0)
//   ValueObjectBenchmarks.HashCode_Class: .NET 8.0(Runtime=.NET 8.0, Toolchain=net8.0)
//   ValueObjectBenchmarks.HashCode_RecordClass: .NET 8.0(Runtime=.NET 8.0, Toolchain=net8.0)
//   ValueObjectBenchmarks.HashCode_Struct: .NET 8.0(Runtime=.NET 8.0, Toolchain=net8.0)
//   ValueObjectBenchmarks.HashCode_RecordStruct: .NET 8.0(Runtime=.NET 8.0, Toolchain=net8.0)
//   ValueObjectBenchmarks.DictionaryLookup_RecordClass: .NET 8.0(Runtime=.NET 8.0, Toolchain=net8.0)
//   ValueObjectBenchmarks.DictionaryLookup_RecordStruct: .NET 8.0(Runtime=.NET 8.0, Toolchain=net8.0)
//   ValueObjectBenchmarks.Domain_Money_Add: .NET 8.0(Runtime=.NET 8.0, Toolchain=net8.0)
//   ValueObjectBenchmarks.Domain_Money_Allocate: .NET 8.0(Runtime=.NET 8.0, Toolchain=net8.0)
//   ValueObjectBenchmarks.Domain_Money_ApplyTax: .NET 8.0(Runtime=.NET 8.0, Toolchain=net8.0)
//   ValueObjectBenchmarks.Domain_Parse_BusinessDate: .NET 8.0(Runtime=.NET 8.0, Toolchain=net8.0)
//   ValueObjectBenchmarks.Create_Class: .NET 9.0(Runtime=.NET 9.0, Toolchain=net9.0)
//   ValueObjectBenchmarks.Create_RecordClass: .NET 9.0(Runtime=.NET 9.0, Toolchain=net9.0)
//   ValueObjectBenchmarks.Create_Struct: .NET 9.0(Runtime=.NET 9.0, Toolchain=net9.0)
//   ValueObjectBenchmarks.Create_RecordStruct: .NET 9.0(Runtime=.NET 9.0, Toolchain=net9.0)
//   ValueObjectBenchmarks.Domain_Create_Email: .NET 9.0(Runtime=.NET 9.0, Toolchain=net9.0)
//   ValueObjectBenchmarks.Domain_Create_Money: .NET 9.0(Runtime=.NET 9.0, Toolchain=net9.0)
//   ValueObjectBenchmarks.Domain_Create_Percentage: .NET 9.0(Runtime=.NET 9.0, Toolchain=net9.0)
//   ValueObjectBenchmarks.Equals_Class: .NET 9.0(Runtime=.NET 9.0, Toolchain=net9.0)
//   ValueObjectBenchmarks.Equals_RecordClass: .NET 9.0(Runtime=.NET 9.0, Toolchain=net9.0)
//   ValueObjectBenchmarks.Equals_Struct: .NET 9.0(Runtime=.NET 9.0, Toolchain=net9.0)
//   ValueObjectBenchmarks.Equals_RecordStruct: .NET 9.0(Runtime=.NET 9.0, Toolchain=net9.0)
//   ValueObjectBenchmarks.Domain_Equals_Money: .NET 9.0(Runtime=.NET 9.0, Toolchain=net9.0)
//   ValueObjectBenchmarks.HashCode_Class: .NET 9.0(Runtime=.NET 9.0, Toolchain=net9.0)
//   ValueObjectBenchmarks.HashCode_RecordClass: .NET 9.0(Runtime=.NET 9.0, Toolchain=net9.0)
//   ValueObjectBenchmarks.HashCode_Struct: .NET 9.0(Runtime=.NET 9.0, Toolchain=net9.0)
//   ValueObjectBenchmarks.HashCode_RecordStruct: .NET 9.0(Runtime=.NET 9.0, Toolchain=net9.0)
//   ValueObjectBenchmarks.DictionaryLookup_RecordClass: .NET 9.0(Runtime=.NET 9.0, Toolchain=net9.0)
//   ValueObjectBenchmarks.DictionaryLookup_RecordStruct: .NET 9.0(Runtime=.NET 9.0, Toolchain=net9.0)
//   ValueObjectBenchmarks.Domain_Money_Add: .NET 9.0(Runtime=.NET 9.0, Toolchain=net9.0)
//   ValueObjectBenchmarks.Domain_Money_Allocate: .NET 9.0(Runtime=.NET 9.0, Toolchain=net9.0)
//   ValueObjectBenchmarks.Domain_Money_ApplyTax: .NET 9.0(Runtime=.NET 9.0, Toolchain=net9.0)
//   ValueObjectBenchmarks.Domain_Parse_BusinessDate: .NET 9.0(Runtime=.NET 9.0, Toolchain=net9.0)

// **************************
// Benchmark: ValueObjectBenchmarks.Create_Class: .NET 10.0(Runtime=.NET 10.0, Toolchain=net10.0)
// *** Execute ***
// Launch: 1 / 1
// Execute: dotnet "EricksonLopez.ValueObjects.Benchmarks-.NET 10.0-1.dll" --anonymousPipes 133 134 --benchmarkName EricksonLopez.ValueObjects.Benchmarks.ValueObjectBenchmarks.Create_Class --job ".NET 10.0" --benchmarkId 18 in /home/runner/work/dotnet-value-objects/dotnet-value-objects/benchmarks/EricksonLopez.ValueObjects.Benchmarks/bin/Release/net10.0/EricksonLopez.ValueObjects.Benchmarks-.NET 10.0-1/bin/Release/net10.0
// Failed to set up high priority (Permission denied). In order to run benchmarks with high priority, make sure you have the right permissions.
// BeforeAnythingElse

// Benchmark Process Environment Information:
// BenchmarkDotNet v0.15.8
// Runtime=.NET 10.0.11 (10.0.11, 10.0.1126.37416), X64 RyuJIT x86-64-v3
// GC=Concurrent Workstation
// HardwareIntrinsics=AVX2+BMI1+BMI2+F16C+FMA+LZCNT+MOVBE,AVX,SSE3+SSSE3+SSE4.1+SSE4.2+POPCNT,X86Base+SSE+SSE2,AES+PCLMUL VectorSize=256
// Job: .NET 10.0

OverheadJitting  1: 1 op, 229107.00 ns, 229.1070 us/op
WorkloadJitting  1: 1 op, 265326.00 ns, 265.3260 us/op

OverheadJitting  2: 16 op, 521705.00 ns, 32.6066 us/op
WorkloadJitting  2: 16 op, 539768.00 ns, 33.7355 us/op

WorkloadPilot    1: 16 op, 3246.00 ns, 202.8750 ns/op
WorkloadPilot    2: 32 op, 3326.00 ns, 103.9375 ns/op
WorkloadPilot    3: 64 op, 3948.00 ns, 61.6875 ns/op
WorkloadPilot    4: 128 op, 5550.00 ns, 43.3594 ns/op
WorkloadPilot    5: 256 op, 26049.00 ns, 101.7539 ns/op
WorkloadPilot    6: 512 op, 25106.00 ns, 49.0352 ns/op
WorkloadPilot    7: 1024 op, 51196.00 ns, 49.9961 ns/op
WorkloadPilot    8: 2048 op, 72816.00 ns, 35.5547 ns/op
WorkloadPilot    9: 4096 op, 158325.00 ns, 38.6536 ns/op
WorkloadPilot   10: 8192 op, 230400.00 ns, 28.1250 ns/op
WorkloadPilot   11: 16384 op, 334374.00 ns, 20.4086 ns/op
WorkloadPilot   12: 32768 op, 780157.00 ns, 23.8085 ns/op
WorkloadPilot   13: 65536 op, 1490544.00 ns, 22.7439 ns/op
WorkloadPilot   14: 131072 op, 3051960.00 ns, 23.2846 ns/op
WorkloadPilot   15: 262144 op, 6066210.00 ns, 23.1408 ns/op
WorkloadPilot   16: 524288 op, 11833692.00 ns, 22.5710 ns/op
WorkloadPilot   17: 1048576 op, 16008811.00 ns, 15.2672 ns/op
WorkloadPilot   18: 2097152 op, 33620641.00 ns, 16.0316 ns/op
WorkloadPilot   19: 4194304 op, 60290162.00 ns, 14.3743 ns/op
WorkloadPilot   20: 8388608 op, 109616917.00 ns, 13.0674 ns/op
WorkloadPilot   21: 16777216 op, 269082736.00 ns, 16.0386 ns/op
WorkloadPilot   22: 33554432 op, 592960872.00 ns, 17.6716 ns/op

OverheadWarmup   1: 33554432 op, 131944197.00 ns, 3.9322 ns/op
OverheadWarmup   2: 33554432 op, 143412617.00 ns, 4.2740 ns/op
OverheadWarmup   3: 33554432 op, 110990313.00 ns, 3.3078 ns/op
OverheadWarmup   4: 33554432 op, 110909191.00 ns, 3.3054 ns/op
OverheadWarmup   5: 33554432 op, 111047278.00 ns, 3.3095 ns/op
OverheadWarmup   6: 33554432 op, 113270351.00 ns, 3.3757 ns/op
OverheadWarmup   7: 33554432 op, 111204071.00 ns, 3.3141 ns/op

OverheadActual   1: 33554432 op, 110990884.00 ns, 3.3078 ns/op
OverheadActual   2: 33554432 op, 111054552.00 ns, 3.3097 ns/op
OverheadActual   3: 33554432 op, 111498847.00 ns, 3.3229 ns/op
OverheadActual   4: 33554432 op, 111187301.00 ns, 3.3136 ns/op
OverheadActual   5: 33554432 op, 111067817.00 ns, 3.3101 ns/op
OverheadActual   6: 33554432 op, 111306304.00 ns, 3.3172 ns/op
OverheadActual   7: 33554432 op, 111281820.00 ns, 3.3165 ns/op
OverheadActual   8: 33554432 op, 111725744.00 ns, 3.3297 ns/op
OverheadActual   9: 33554432 op, 111084003.00 ns, 3.3106 ns/op
OverheadActual  10: 33554432 op, 111038418.00 ns, 3.3092 ns/op
OverheadActual  11: 33554432 op, 111141049.00 ns, 3.3123 ns/op
OverheadActual  12: 33554432 op, 111483545.00 ns, 3.3225 ns/op
OverheadActual  13: 33554432 op, 111024242.00 ns, 3.3088 ns/op
OverheadActual  14: 33554432 op, 111092508.00 ns, 3.3108 ns/op
OverheadActual  15: 33554432 op, 111121503.00 ns, 3.3117 ns/op

WorkloadWarmup   1: 33554432 op, 625092451.00 ns, 18.6292 ns/op
WorkloadWarmup   2: 33554432 op, 551335250.00 ns, 16.4311 ns/op
WorkloadWarmup   3: 33554432 op, 583888653.00 ns, 17.4012 ns/op
WorkloadWarmup   4: 33554432 op, 584981033.00 ns, 17.4338 ns/op
WorkloadWarmup   5: 33554432 op, 595601385.00 ns, 17.7503 ns/op
WorkloadWarmup   6: 33554432 op, 581200483.00 ns, 17.3211 ns/op
WorkloadWarmup   7: 33554432 op, 600685819.00 ns, 17.9018 ns/op
WorkloadWarmup   8: 33554432 op, 613511870.00 ns, 18.2841 ns/op
WorkloadWarmup   9: 33554432 op, 594153301.00 ns, 17.7071 ns/op

// BeforeActualRun
WorkloadActual   1: 33554432 op, 578078944.00 ns, 17.2281 ns/op
WorkloadActual   2: 33554432 op, 605252587.00 ns, 18.0379 ns/op
WorkloadActual   3: 33554432 op, 609480178.00 ns, 18.1639 ns/op
WorkloadActual   4: 33554432 op, 586837364.00 ns, 17.4891 ns/op
WorkloadActual   5: 33554432 op, 596610565.00 ns, 17.7804 ns/op
WorkloadActual   6: 33554432 op, 621964692.00 ns, 18.5360 ns/op
WorkloadActual   7: 33554432 op, 614292560.00 ns, 18.3073 ns/op
WorkloadActual   8: 33554432 op, 598810008.00 ns, 17.8459 ns/op
WorkloadActual   9: 33554432 op, 637816443.00 ns, 19.0084 ns/op
WorkloadActual  10: 33554432 op, 609039851.00 ns, 18.1508 ns/op
WorkloadActual  11: 33554432 op, 607779119.00 ns, 18.1132 ns/op
WorkloadActual  12: 33554432 op, 605551985.00 ns, 18.0469 ns/op
WorkloadActual  13: 33554432 op, 601487383.00 ns, 17.9257 ns/op
WorkloadActual  14: 33554432 op, 636223282.00 ns, 18.9609 ns/op
WorkloadActual  15: 33554432 op, 643725446.00 ns, 19.1845 ns/op
WorkloadActual  16: 33554432 op, 652068377.00 ns, 19.4332 ns/op
WorkloadActual  17: 33554432 op, 604643260.00 ns, 18.0198 ns/op
WorkloadActual  18: 33554432 op, 646568688.00 ns, 19.2692 ns/op
WorkloadActual  19: 33554432 op, 615021928.00 ns, 18.3291 ns/op
WorkloadActual  20: 33554432 op, 608463675.00 ns, 18.1336 ns/op
WorkloadActual  21: 33554432 op, 661022688.00 ns, 19.7000 ns/op
WorkloadActual  22: 33554432 op, 662677004.00 ns, 19.7493 ns/op
WorkloadActual  23: 33554432 op, 629618213.00 ns, 18.7641 ns/op
WorkloadActual  24: 33554432 op, 655136319.00 ns, 19.5246 ns/op
WorkloadActual  25: 33554432 op, 577636306.00 ns, 17.2149 ns/op
WorkloadActual  26: 33554432 op, 580584565.00 ns, 17.3028 ns/op
WorkloadActual  27: 33554432 op, 612449710.00 ns, 18.2524 ns/op
WorkloadActual  28: 33554432 op, 634523161.00 ns, 18.9103 ns/op
WorkloadActual  29: 33554432 op, 559295791.00 ns, 16.6683 ns/op
WorkloadActual  30: 33554432 op, 581031972.00 ns, 17.3161 ns/op
WorkloadActual  31: 33554432 op, 598174309.00 ns, 17.8270 ns/op
WorkloadActual  32: 33554432 op, 567146897.00 ns, 16.9023 ns/op
WorkloadActual  33: 33554432 op, 578539136.00 ns, 17.2418 ns/op
WorkloadActual  34: 33554432 op, 564985265.00 ns, 16.8379 ns/op
WorkloadActual  35: 33554432 op, 561511286.00 ns, 16.7343 ns/op
WorkloadActual  36: 33554432 op, 594740309.00 ns, 17.7246 ns/op
WorkloadActual  37: 33554432 op, 642260787.00 ns, 19.1409 ns/op
WorkloadActual  38: 33554432 op, 606215597.00 ns, 18.0666 ns/op
WorkloadActual  39: 33554432 op, 590004080.00 ns, 17.5835 ns/op
WorkloadActual  40: 33554432 op, 576281404.00 ns, 17.1745 ns/op
WorkloadActual  41: 33554432 op, 578500343.00 ns, 17.2407 ns/op
WorkloadActual  42: 33554432 op, 564798476.00 ns, 16.8323 ns/op
WorkloadActual  43: 33554432 op, 616413750.00 ns, 18.3706 ns/op
WorkloadActual  44: 33554432 op, 643568979.00 ns, 19.1799 ns/op
WorkloadActual  45: 33554432 op, 593147898.00 ns, 17.6772 ns/op
WorkloadActual  46: 33554432 op, 628750139.00 ns, 18.7382 ns/op
WorkloadActual  47: 33554432 op, 636514205.00 ns, 18.9696 ns/op
WorkloadActual  48: 33554432 op, 616040912.00 ns, 18.3594 ns/op
WorkloadActual  49: 33554432 op, 631327404.00 ns, 18.8150 ns/op
WorkloadActual  50: 33554432 op, 590454365.00 ns, 17.5969 ns/op
WorkloadActual  51: 33554432 op, 604097093.00 ns, 18.0035 ns/op
WorkloadActual  52: 33554432 op, 641705645.00 ns, 19.1243 ns/op
WorkloadActual  53: 33554432 op, 568592724.00 ns, 16.9454 ns/op
WorkloadActual  54: 33554432 op, 573967896.00 ns, 17.1056 ns/op
WorkloadActual  55: 33554432 op, 588757000.00 ns, 17.5463 ns/op
WorkloadActual  56: 33554432 op, 563528665.00 ns, 16.7945 ns/op
WorkloadActual  57: 33554432 op, 567528235.00 ns, 16.9137 ns/op
WorkloadActual  58: 33554432 op, 589841551.00 ns, 17.5786 ns/op
WorkloadActual  59: 33554432 op, 573621723.00 ns, 17.0953 ns/op
WorkloadActual  60: 33554432 op, 514243776.00 ns, 15.3257 ns/op
WorkloadActual  61: 33554432 op, 568663826.00 ns, 16.9475 ns/op
WorkloadActual  62: 33554432 op, 591870500.00 ns, 17.6391 ns/op
WorkloadActual  63: 33554432 op, 586189323.00 ns, 17.4698 ns/op
WorkloadActual  64: 33554432 op, 605730878.00 ns, 18.0522 ns/op
WorkloadActual  65: 33554432 op, 603249210.00 ns, 17.9782 ns/op
WorkloadActual  66: 33554432 op, 610861055.00 ns, 18.2051 ns/op
WorkloadActual  67: 33554432 op, 589310484.00 ns, 17.5628 ns/op
WorkloadActual  68: 33554432 op, 632107529.00 ns, 18.8383 ns/op
WorkloadActual  69: 33554432 op, 575676428.00 ns, 17.1565 ns/op
WorkloadActual  70: 33554432 op, 568882725.00 ns, 16.9540 ns/op
WorkloadActual  71: 33554432 op, 593100531.00 ns, 17.6758 ns/op

// AfterActualRun
WorkloadResult   1: 33554432 op, 466957441.00 ns, 13.9164 ns/op
WorkloadResult   2: 33554432 op, 494131084.00 ns, 14.7263 ns/op
WorkloadResult   3: 33554432 op, 498358675.00 ns, 14.8522 ns/op
WorkloadResult   4: 33554432 op, 475715861.00 ns, 14.1774 ns/op
WorkloadResult   5: 33554432 op, 485489062.00 ns, 14.4687 ns/op
WorkloadResult   6: 33554432 op, 510843189.00 ns, 15.2243 ns/op
WorkloadResult   7: 33554432 op, 503171057.00 ns, 14.9957 ns/op
WorkloadResult   8: 33554432 op, 487688505.00 ns, 14.5343 ns/op
WorkloadResult   9: 33554432 op, 526694940.00 ns, 15.6967 ns/op
WorkloadResult  10: 33554432 op, 497918348.00 ns, 14.8391 ns/op
WorkloadResult  11: 33554432 op, 496657616.00 ns, 14.8016 ns/op
WorkloadResult  12: 33554432 op, 494430482.00 ns, 14.7352 ns/op
WorkloadResult  13: 33554432 op, 490365880.00 ns, 14.6140 ns/op
WorkloadResult  14: 33554432 op, 525101779.00 ns, 15.6493 ns/op
WorkloadResult  15: 33554432 op, 532603943.00 ns, 15.8728 ns/op
WorkloadResult  16: 33554432 op, 540946874.00 ns, 16.1215 ns/op
WorkloadResult  17: 33554432 op, 493521757.00 ns, 14.7081 ns/op
WorkloadResult  18: 33554432 op, 535447185.00 ns, 15.9576 ns/op
WorkloadResult  19: 33554432 op, 503900425.00 ns, 15.0174 ns/op
WorkloadResult  20: 33554432 op, 497342172.00 ns, 14.8220 ns/op
WorkloadResult  21: 33554432 op, 549901185.00 ns, 16.3883 ns/op
WorkloadResult  22: 33554432 op, 551555501.00 ns, 16.4376 ns/op
WorkloadResult  23: 33554432 op, 518496710.00 ns, 15.4524 ns/op
WorkloadResult  24: 33554432 op, 544014816.00 ns, 16.2129 ns/op
WorkloadResult  25: 33554432 op, 466514803.00 ns, 13.9032 ns/op
WorkloadResult  26: 33554432 op, 469463062.00 ns, 13.9911 ns/op
WorkloadResult  27: 33554432 op, 501328207.00 ns, 14.9407 ns/op
WorkloadResult  28: 33554432 op, 523401658.00 ns, 15.5986 ns/op
WorkloadResult  29: 33554432 op, 448174288.00 ns, 13.3566 ns/op
WorkloadResult  30: 33554432 op, 469910469.00 ns, 14.0044 ns/op
WorkloadResult  31: 33554432 op, 487052806.00 ns, 14.5153 ns/op
WorkloadResult  32: 33554432 op, 456025394.00 ns, 13.5906 ns/op
WorkloadResult  33: 33554432 op, 467417633.00 ns, 13.9301 ns/op
WorkloadResult  34: 33554432 op, 453863762.00 ns, 13.5262 ns/op
WorkloadResult  35: 33554432 op, 450389783.00 ns, 13.4227 ns/op
WorkloadResult  36: 33554432 op, 483618806.00 ns, 14.4130 ns/op
WorkloadResult  37: 33554432 op, 531139284.00 ns, 15.8292 ns/op
WorkloadResult  38: 33554432 op, 495094094.00 ns, 14.7550 ns/op
WorkloadResult  39: 33554432 op, 478882577.00 ns, 14.2718 ns/op
WorkloadResult  40: 33554432 op, 465159901.00 ns, 13.8628 ns/op
WorkloadResult  41: 33554432 op, 467378840.00 ns, 13.9290 ns/op
WorkloadResult  42: 33554432 op, 453676973.00 ns, 13.5206 ns/op
WorkloadResult  43: 33554432 op, 505292247.00 ns, 15.0589 ns/op
WorkloadResult  44: 33554432 op, 532447476.00 ns, 15.8682 ns/op
WorkloadResult  45: 33554432 op, 482026395.00 ns, 14.3655 ns/op
WorkloadResult  46: 33554432 op, 517628636.00 ns, 15.4265 ns/op
WorkloadResult  47: 33554432 op, 525392702.00 ns, 15.6579 ns/op
WorkloadResult  48: 33554432 op, 504919409.00 ns, 15.0478 ns/op
WorkloadResult  49: 33554432 op, 520205901.00 ns, 15.5033 ns/op
WorkloadResult  50: 33554432 op, 479332862.00 ns, 14.2852 ns/op
WorkloadResult  51: 33554432 op, 492975590.00 ns, 14.6918 ns/op
WorkloadResult  52: 33554432 op, 530584142.00 ns, 15.8126 ns/op
WorkloadResult  53: 33554432 op, 457471221.00 ns, 13.6337 ns/op
WorkloadResult  54: 33554432 op, 462846393.00 ns, 13.7939 ns/op
WorkloadResult  55: 33554432 op, 477635497.00 ns, 14.2346 ns/op
WorkloadResult  56: 33554432 op, 452407162.00 ns, 13.4828 ns/op
WorkloadResult  57: 33554432 op, 456406732.00 ns, 13.6020 ns/op
WorkloadResult  58: 33554432 op, 478720048.00 ns, 14.2670 ns/op
WorkloadResult  59: 33554432 op, 462500220.00 ns, 13.7836 ns/op
WorkloadResult  60: 33554432 op, 403122273.00 ns, 12.0140 ns/op
WorkloadResult  61: 33554432 op, 457542323.00 ns, 13.6358 ns/op
WorkloadResult  62: 33554432 op, 480748997.00 ns, 14.3274 ns/op
WorkloadResult  63: 33554432 op, 475067820.00 ns, 14.1581 ns/op
WorkloadResult  64: 33554432 op, 494609375.00 ns, 14.7405 ns/op
WorkloadResult  65: 33554432 op, 492127707.00 ns, 14.6665 ns/op
WorkloadResult  66: 33554432 op, 499739552.00 ns, 14.8934 ns/op
WorkloadResult  67: 33554432 op, 478188981.00 ns, 14.2511 ns/op
WorkloadResult  68: 33554432 op, 520986026.00 ns, 15.5266 ns/op
WorkloadResult  69: 33554432 op, 464554925.00 ns, 13.8448 ns/op
WorkloadResult  70: 33554432 op, 457761222.00 ns, 13.6423 ns/op
WorkloadResult  71: 33554432 op, 481979028.00 ns, 14.3641 ns/op
// GC:  48 0 0 805306368 33554432
// Threading:  0 0 33554432

// AfterAll
// Benchmark Process 4261 has exited with code 0.

Mean = 14.622 ns, StdErr = 0.103 ns (0.71%), N = 71, StdDev = 0.869 ns
Min = 12.014 ns, Q1 = 13.930 ns, Median = 14.614 ns, Q3 = 15.142 ns, Max = 16.438 ns
IQR = 1.212 ns, LowerFence = 12.111 ns, UpperFence = 16.960 ns
ConfidenceInterval = [14.268 ns; 14.976 ns] (CI 99.9%), Margin = 0.354 ns (2.42% of Mean)
Skewness = 0.02, Kurtosis = 2.84, MValue = 2.09

// ** Remained 65 (54.2 %) benchmark(s) to run. Estimated finish 2026-08-30 7:44 (0h 3m from now) **
// **************************
// Benchmark: ValueObjectBenchmarks.Create_RecordClass: .NET 10.0(Runtime=.NET 10.0, Toolchain=net10.0)
// *** Execute ***
// Launch: 1 / 1
// Execute: dotnet "EricksonLopez.ValueObjects.Benchmarks-.NET 10.0-1.dll" --anonymousPipes 133 134 --benchmarkName EricksonLopez.ValueObjects.Benchmarks.ValueObjectBenchmarks.Create_RecordClass --job ".NET 10.0" --benchmarkId 19 in /home/runner/work/dotnet-value-objects/dotnet-value-objects/benchmarks/EricksonLopez.ValueObjects.Benchmarks/bin/Release/net10.0/EricksonLopez.ValueObjects.Benchmarks-.NET 10.0-1/bin/Release/net10.0
// Failed to set up high priority (Permission denied). In order to run benchmarks with high priority, make sure you have the right permissions.
// BeforeAnythingElse

// Benchmark Process Environment Information:
// BenchmarkDotNet v0.15.8
// Runtime=.NET 10.0.11 (10.0.11, 10.0.1126.37416), X64 RyuJIT x86-64-v3
// GC=Concurrent Workstation
// HardwareIntrinsics=AVX2+BMI1+BMI2+F16C+FMA+LZCNT+MOVBE,AVX,SSE3+SSSE3+SSE4.1+SSE4.2+POPCNT,X86Base+SSE+SSE2,AES+PCLMUL VectorSize=256
// Job: .NET 10.0

OverheadJitting  1: 1 op, 232132.00 ns, 232.1320 us/op
WorkloadJitting  1: 1 op, 215702.00 ns, 215.7020 us/op

OverheadJitting  2: 16 op, 489142.00 ns, 30.5714 us/op
WorkloadJitting  2: 16 op, 506855.00 ns, 31.6784 us/op

WorkloadPilot    1: 16 op, 8696.00 ns, 543.5000 ns/op
WorkloadPilot    2: 32 op, 2595.00 ns, 81.0938 ns/op
WorkloadPilot    3: 64 op, 2855.00 ns, 44.6094 ns/op
WorkloadPilot    4: 128 op, 3586.00 ns, 28.0156 ns/op
WorkloadPilot    5: 256 op, 19827.00 ns, 77.4492 ns/op
WorkloadPilot    6: 512 op, 14037.00 ns, 27.4160 ns/op
WorkloadPilot    7: 1024 op, 35967.00 ns, 35.1240 ns/op
WorkloadPilot    8: 2048 op, 63128.00 ns, 30.8242 ns/op
WorkloadPilot    9: 4096 op, 129472.00 ns, 31.6094 ns/op
WorkloadPilot   10: 8192 op, 214109.00 ns, 26.1364 ns/op
WorkloadPilot   11: 16384 op, 315439.00 ns, 19.2529 ns/op
WorkloadPilot   12: 32768 op, 738176.00 ns, 22.5273 ns/op
WorkloadPilot   13: 65536 op, 1486463.00 ns, 22.6816 ns/op
WorkloadPilot   14: 131072 op, 2987050.00 ns, 22.7894 ns/op
WorkloadPilot   15: 262144 op, 5927715.00 ns, 22.6124 ns/op
WorkloadPilot   16: 524288 op, 12049762.00 ns, 22.9831 ns/op
WorkloadPilot   17: 1048576 op, 15382558.00 ns, 14.6700 ns/op
WorkloadPilot   18: 2097152 op, 30489441.00 ns, 14.5385 ns/op
WorkloadPilot   19: 4194304 op, 57901894.00 ns, 13.8049 ns/op
WorkloadPilot   20: 8388608 op, 133043479.00 ns, 15.8600 ns/op
WorkloadPilot   21: 16777216 op, 306309490.00 ns, 18.2575 ns/op
WorkloadPilot   22: 33554432 op, 600970808.00 ns, 17.9103 ns/op

OverheadWarmup   1: 33554432 op, 131872264.00 ns, 3.9301 ns/op
OverheadWarmup   2: 33554432 op, 142569795.00 ns, 4.2489 ns/op
OverheadWarmup   3: 33554432 op, 112024881.00 ns, 3.3386 ns/op
OverheadWarmup   4: 33554432 op, 111037970.00 ns, 3.3092 ns/op
OverheadWarmup   5: 33554432 op, 111257580.00 ns, 3.3157 ns/op
OverheadWarmup   6: 33554432 op, 111021960.00 ns, 3.3087 ns/op

OverheadActual   1: 33554432 op, 111034945.00 ns, 3.3091 ns/op
OverheadActual   2: 33554432 op, 111033151.00 ns, 3.3090 ns/op
OverheadActual   3: 33554432 op, 111344672.00 ns, 3.3183 ns/op
OverheadActual   4: 33554432 op, 112998676.00 ns, 3.3676 ns/op
OverheadActual   5: 33554432 op, 112902827.00 ns, 3.3648 ns/op
OverheadActual   6: 33554432 op, 110916223.00 ns, 3.3056 ns/op
OverheadActual   7: 33554432 op, 111293697.00 ns, 3.3168 ns/op
OverheadActual   8: 33554432 op, 111110825.00 ns, 3.3114 ns/op
OverheadActual   9: 33554432 op, 111073657.00 ns, 3.3103 ns/op
OverheadActual  10: 33554432 op, 121460688.00 ns, 3.6198 ns/op
OverheadActual  11: 33554432 op, 110964503.00 ns, 3.3070 ns/op
OverheadActual  12: 33554432 op, 111187899.00 ns, 3.3137 ns/op
OverheadActual  13: 33554432 op, 111391509.00 ns, 3.3197 ns/op
OverheadActual  14: 33554432 op, 110944366.00 ns, 3.3064 ns/op
OverheadActual  15: 33554432 op, 110934987.00 ns, 3.3061 ns/op

WorkloadWarmup   1: 33554432 op, 512856750.00 ns, 15.2843 ns/op
WorkloadWarmup   2: 33554432 op, 625087013.00 ns, 18.6290 ns/op
WorkloadWarmup   3: 33554432 op, 620915724.00 ns, 18.5047 ns/op
WorkloadWarmup   4: 33554432 op, 619962907.00 ns, 18.4763 ns/op
WorkloadWarmup   5: 33554432 op, 594616530.00 ns, 17.7210 ns/op
WorkloadWarmup   6: 33554432 op, 591645068.00 ns, 17.6324 ns/op
WorkloadWarmup   7: 33554432 op, 567499675.00 ns, 16.9128 ns/op
WorkloadWarmup   8: 33554432 op, 586896773.00 ns, 17.4909 ns/op
WorkloadWarmup   9: 33554432 op, 596363749.00 ns, 17.7730 ns/op
WorkloadWarmup  10: 33554432 op, 649748840.00 ns, 19.3640 ns/op
WorkloadWarmup  11: 33554432 op, 657112584.00 ns, 19.5835 ns/op
WorkloadWarmup  12: 33554432 op, 564939579.00 ns, 16.8365 ns/op

// BeforeActualRun
WorkloadActual   1: 33554432 op, 546030021.00 ns, 16.2730 ns/op
WorkloadActual   2: 33554432 op, 589208474.00 ns, 17.5598 ns/op
WorkloadActual   3: 33554432 op, 496385056.00 ns, 14.7934 ns/op
WorkloadActual   4: 33554432 op, 597401566.00 ns, 17.8040 ns/op
WorkloadActual   5: 33554432 op, 655741197.00 ns, 19.5426 ns/op
WorkloadActual   6: 33554432 op, 681493080.00 ns, 20.3101 ns/op
WorkloadActual   7: 33554432 op, 627428349.00 ns, 18.6988 ns/op
WorkloadActual   8: 33554432 op, 655920440.00 ns, 19.5480 ns/op
WorkloadActual   9: 33554432 op, 673051909.00 ns, 20.0585 ns/op
WorkloadActual  10: 33554432 op, 637457453.00 ns, 18.9977 ns/op
WorkloadActual  11: 33554432 op, 649081428.00 ns, 19.3441 ns/op
WorkloadActual  12: 33554432 op, 666973998.00 ns, 19.8774 ns/op
WorkloadActual  13: 33554432 op, 646167813.00 ns, 19.2573 ns/op
WorkloadActual  14: 33554432 op, 642499139.00 ns, 19.1480 ns/op
WorkloadActual  15: 33554432 op, 652270648.00 ns, 19.4392 ns/op
WorkloadActual  16: 33554432 op, 640280890.00 ns, 19.0819 ns/op
WorkloadActual  17: 33554432 op, 652723272.00 ns, 19.4527 ns/op
WorkloadActual  18: 33554432 op, 654666511.00 ns, 19.5106 ns/op
WorkloadActual  19: 33554432 op, 637967533.00 ns, 19.0129 ns/op
WorkloadActual  20: 33554432 op, 624247244.00 ns, 18.6040 ns/op
WorkloadActual  21: 33554432 op, 661315107.00 ns, 19.7087 ns/op
WorkloadActual  22: 33554432 op, 605258631.00 ns, 18.0381 ns/op
WorkloadActual  23: 33554432 op, 620752507.00 ns, 18.4999 ns/op
WorkloadActual  24: 33554432 op, 644668992.00 ns, 19.2126 ns/op
WorkloadActual  25: 33554432 op, 661152213.00 ns, 19.7039 ns/op
WorkloadActual  26: 33554432 op, 605406547.00 ns, 18.0425 ns/op
WorkloadActual  27: 33554432 op, 605835947.00 ns, 18.0553 ns/op
WorkloadActual  28: 33554432 op, 567506221.00 ns, 16.9130 ns/op
WorkloadActual  29: 33554432 op, 593489591.00 ns, 17.6874 ns/op
WorkloadActual  30: 33554432 op, 689881224.00 ns, 20.5601 ns/op
WorkloadActual  31: 33554432 op, 669746853.00 ns, 19.9600 ns/op
WorkloadActual  32: 33554432 op, 608640973.00 ns, 18.1389 ns/op
WorkloadActual  33: 33554432 op, 620873852.00 ns, 18.5035 ns/op
WorkloadActual  34: 33554432 op, 627815781.00 ns, 18.7104 ns/op
WorkloadActual  35: 33554432 op, 599757171.00 ns, 17.8742 ns/op
WorkloadActual  36: 33554432 op, 616946536.00 ns, 18.3864 ns/op
WorkloadActual  37: 33554432 op, 626759941.00 ns, 18.6789 ns/op
WorkloadActual  38: 33554432 op, 636571504.00 ns, 18.9713 ns/op
WorkloadActual  39: 33554432 op, 613802962.00 ns, 18.2928 ns/op
WorkloadActual  40: 33554432 op, 611054986.00 ns, 18.2109 ns/op
WorkloadActual  41: 33554432 op, 610230498.00 ns, 18.1863 ns/op
WorkloadActual  42: 33554432 op, 628160835.00 ns, 18.7207 ns/op
WorkloadActual  43: 33554432 op, 625074067.00 ns, 18.6287 ns/op
WorkloadActual  44: 33554432 op, 614387779.00 ns, 18.3102 ns/op
WorkloadActual  45: 33554432 op, 653429659.00 ns, 19.4737 ns/op
WorkloadActual  46: 33554432 op, 571396863.00 ns, 17.0290 ns/op
WorkloadActual  47: 33554432 op, 553367005.00 ns, 16.4916 ns/op
WorkloadActual  48: 33554432 op, 619763369.00 ns, 18.4704 ns/op
WorkloadActual  49: 33554432 op, 577091057.00 ns, 17.1987 ns/op
WorkloadActual  50: 33554432 op, 604184314.00 ns, 18.0061 ns/op
WorkloadActual  51: 33554432 op, 602944240.00 ns, 17.9691 ns/op
WorkloadActual  52: 33554432 op, 625960260.00 ns, 18.6551 ns/op
WorkloadActual  53: 33554432 op, 575433104.00 ns, 17.1492 ns/op
WorkloadActual  54: 33554432 op, 620510192.00 ns, 18.4926 ns/op
WorkloadActual  55: 33554432 op, 641868670.00 ns, 19.1292 ns/op
WorkloadActual  56: 33554432 op, 555430696.00 ns, 16.5531 ns/op
WorkloadActual  57: 33554432 op, 631717825.00 ns, 18.8267 ns/op
WorkloadActual  58: 33554432 op, 621388838.00 ns, 18.5188 ns/op
WorkloadActual  59: 33554432 op, 604744281.00 ns, 18.0228 ns/op
WorkloadActual  60: 33554432 op, 608156153.00 ns, 18.1245 ns/op
WorkloadActual  61: 33554432 op, 625756426.00 ns, 18.6490 ns/op
WorkloadActual  62: 33554432 op, 617048721.00 ns, 18.3895 ns/op
WorkloadActual  63: 33554432 op, 628896330.00 ns, 18.7426 ns/op
WorkloadActual  64: 33554432 op, 622653039.00 ns, 18.5565 ns/op
WorkloadActual  65: 33554432 op, 654642326.00 ns, 19.5099 ns/op
WorkloadActual  66: 33554432 op, 605990319.00 ns, 18.0599 ns/op
WorkloadActual  67: 33554432 op, 564246143.00 ns, 16.8158 ns/op
WorkloadActual  68: 33554432 op, 593790844.00 ns, 17.6963 ns/op
WorkloadActual  69: 33554432 op, 591730069.00 ns, 17.6349 ns/op
WorkloadActual  70: 33554432 op, 629490685.00 ns, 18.7603 ns/op
WorkloadActual  71: 33554432 op, 635895090.00 ns, 18.9512 ns/op
WorkloadActual  72: 33554432 op, 644089891.00 ns, 19.1954 ns/op
WorkloadActual  73: 33554432 op, 633194611.00 ns, 18.8707 ns/op
WorkloadActual  74: 33554432 op, 599813615.00 ns, 17.8758 ns/op
WorkloadActual  75: 33554432 op, 568750714.00 ns, 16.9501 ns/op
WorkloadActual  76: 33554432 op, 605602577.00 ns, 18.0484 ns/op
WorkloadActual  77: 33554432 op, 584349680.00 ns, 17.4150 ns/op
WorkloadActual  78: 33554432 op, 644485208.00 ns, 19.2072 ns/op
WorkloadActual  79: 33554432 op, 587348196.00 ns, 17.5043 ns/op
WorkloadActual  80: 33554432 op, 606729910.00 ns, 18.0820 ns/op
WorkloadActual  81: 33554432 op, 580315583.00 ns, 17.2948 ns/op
WorkloadActual  82: 33554432 op, 594197446.00 ns, 17.7085 ns/op
WorkloadActual  83: 33554432 op, 606005759.00 ns, 18.0604 ns/op
WorkloadActual  84: 33554432 op, 567635618.00 ns, 16.9169 ns/op
WorkloadActual  85: 33554432 op, 583703624.00 ns, 17.3957 ns/op
WorkloadActual  86: 33554432 op, 592744853.00 ns, 17.6652 ns/op

// AfterActualRun
WorkloadResult   1: 33554432 op, 434919196.00 ns, 12.9616 ns/op
WorkloadResult   2: 33554432 op, 478097649.00 ns, 14.2484 ns/op
WorkloadResult   3: 33554432 op, 385274231.00 ns, 11.4821 ns/op
WorkloadResult   4: 33554432 op, 486290741.00 ns, 14.4926 ns/op
WorkloadResult   5: 33554432 op, 544630372.00 ns, 16.2312 ns/op
WorkloadResult   6: 33554432 op, 570382255.00 ns, 16.9987 ns/op
WorkloadResult   7: 33554432 op, 516317524.00 ns, 15.3875 ns/op
WorkloadResult   8: 33554432 op, 544809615.00 ns, 16.2366 ns/op
WorkloadResult   9: 33554432 op, 561941084.00 ns, 16.7471 ns/op
WorkloadResult  10: 33554432 op, 526346628.00 ns, 15.6864 ns/op
WorkloadResult  11: 33554432 op, 537970603.00 ns, 16.0328 ns/op
WorkloadResult  12: 33554432 op, 555863173.00 ns, 16.5660 ns/op
WorkloadResult  13: 33554432 op, 535056988.00 ns, 15.9459 ns/op
WorkloadResult  14: 33554432 op, 531388314.00 ns, 15.8366 ns/op
WorkloadResult  15: 33554432 op, 541159823.00 ns, 16.1278 ns/op
WorkloadResult  16: 33554432 op, 529170065.00 ns, 15.7705 ns/op
WorkloadResult  17: 33554432 op, 541612447.00 ns, 16.1413 ns/op
WorkloadResult  18: 33554432 op, 543555686.00 ns, 16.1992 ns/op
WorkloadResult  19: 33554432 op, 526856708.00 ns, 15.7016 ns/op
WorkloadResult  20: 33554432 op, 513136419.00 ns, 15.2927 ns/op
WorkloadResult  21: 33554432 op, 550204282.00 ns, 16.3974 ns/op
WorkloadResult  22: 33554432 op, 494147806.00 ns, 14.7268 ns/op
WorkloadResult  23: 33554432 op, 509641682.00 ns, 15.1885 ns/op
WorkloadResult  24: 33554432 op, 533558167.00 ns, 15.9013 ns/op
WorkloadResult  25: 33554432 op, 550041388.00 ns, 16.3925 ns/op
WorkloadResult  26: 33554432 op, 494295722.00 ns, 14.7312 ns/op
WorkloadResult  27: 33554432 op, 494725122.00 ns, 14.7440 ns/op
WorkloadResult  28: 33554432 op, 456395396.00 ns, 13.6016 ns/op
WorkloadResult  29: 33554432 op, 482378766.00 ns, 14.3760 ns/op
WorkloadResult  30: 33554432 op, 578770399.00 ns, 17.2487 ns/op
WorkloadResult  31: 33554432 op, 558636028.00 ns, 16.6487 ns/op
WorkloadResult  32: 33554432 op, 497530148.00 ns, 14.8276 ns/op
WorkloadResult  33: 33554432 op, 509763027.00 ns, 15.1921 ns/op
WorkloadResult  34: 33554432 op, 516704956.00 ns, 15.3990 ns/op
WorkloadResult  35: 33554432 op, 488646346.00 ns, 14.5628 ns/op
WorkloadResult  36: 33554432 op, 505835711.00 ns, 15.0751 ns/op
WorkloadResult  37: 33554432 op, 515649116.00 ns, 15.3675 ns/op
WorkloadResult  38: 33554432 op, 525460679.00 ns, 15.6599 ns/op
WorkloadResult  39: 33554432 op, 502692137.00 ns, 14.9814 ns/op
WorkloadResult  40: 33554432 op, 499944161.00 ns, 14.8995 ns/op
WorkloadResult  41: 33554432 op, 499119673.00 ns, 14.8749 ns/op
WorkloadResult  42: 33554432 op, 517050010.00 ns, 15.4093 ns/op
WorkloadResult  43: 33554432 op, 513963242.00 ns, 15.3173 ns/op
WorkloadResult  44: 33554432 op, 503276954.00 ns, 14.9988 ns/op
WorkloadResult  45: 33554432 op, 542318834.00 ns, 16.1624 ns/op
WorkloadResult  46: 33554432 op, 460286038.00 ns, 13.7176 ns/op
WorkloadResult  47: 33554432 op, 442256180.00 ns, 13.1803 ns/op
WorkloadResult  48: 33554432 op, 508652544.00 ns, 15.1590 ns/op
WorkloadResult  49: 33554432 op, 465980232.00 ns, 13.8873 ns/op
WorkloadResult  50: 33554432 op, 493073489.00 ns, 14.6947 ns/op
WorkloadResult  51: 33554432 op, 491833415.00 ns, 14.6578 ns/op
WorkloadResult  52: 33554432 op, 514849435.00 ns, 15.3437 ns/op
WorkloadResult  53: 33554432 op, 464322279.00 ns, 13.8379 ns/op
WorkloadResult  54: 33554432 op, 509399367.00 ns, 15.1813 ns/op
WorkloadResult  55: 33554432 op, 530757845.00 ns, 15.8178 ns/op
WorkloadResult  56: 33554432 op, 444319871.00 ns, 13.2418 ns/op
WorkloadResult  57: 33554432 op, 520607000.00 ns, 15.5153 ns/op
WorkloadResult  58: 33554432 op, 510278013.00 ns, 15.2075 ns/op
WorkloadResult  59: 33554432 op, 493633456.00 ns, 14.7114 ns/op
WorkloadResult  60: 33554432 op, 497045328.00 ns, 14.8131 ns/op
WorkloadResult  61: 33554432 op, 514645601.00 ns, 15.3376 ns/op
WorkloadResult  62: 33554432 op, 505937896.00 ns, 15.0781 ns/op
WorkloadResult  63: 33554432 op, 517785505.00 ns, 15.4312 ns/op
WorkloadResult  64: 33554432 op, 511542214.00 ns, 15.2451 ns/op
WorkloadResult  65: 33554432 op, 543531501.00 ns, 16.1985 ns/op
WorkloadResult  66: 33554432 op, 494879494.00 ns, 14.7486 ns/op
WorkloadResult  67: 33554432 op, 453135318.00 ns, 13.5045 ns/op
WorkloadResult  68: 33554432 op, 482680019.00 ns, 14.3850 ns/op
WorkloadResult  69: 33554432 op, 480619244.00 ns, 14.3236 ns/op
WorkloadResult  70: 33554432 op, 518379860.00 ns, 15.4489 ns/op
WorkloadResult  71: 33554432 op, 524784265.00 ns, 15.6398 ns/op
WorkloadResult  72: 33554432 op, 532979066.00 ns, 15.8840 ns/op
WorkloadResult  73: 33554432 op, 522083786.00 ns, 15.5593 ns/op
WorkloadResult  74: 33554432 op, 488702790.00 ns, 14.5645 ns/op
WorkloadResult  75: 33554432 op, 457639889.00 ns, 13.6387 ns/op
WorkloadResult  76: 33554432 op, 494491752.00 ns, 14.7370 ns/op
WorkloadResult  77: 33554432 op, 473238855.00 ns, 14.1036 ns/op
WorkloadResult  78: 33554432 op, 533374383.00 ns, 15.8958 ns/op
WorkloadResult  79: 33554432 op, 476237371.00 ns, 14.1930 ns/op
WorkloadResult  80: 33554432 op, 495619085.00 ns, 14.7706 ns/op
WorkloadResult  81: 33554432 op, 469204758.00 ns, 13.9834 ns/op
WorkloadResult  82: 33554432 op, 483086621.00 ns, 14.3971 ns/op
WorkloadResult  83: 33554432 op, 494894934.00 ns, 14.7490 ns/op
WorkloadResult  84: 33554432 op, 456524793.00 ns, 13.6055 ns/op
WorkloadResult  85: 33554432 op, 472592799.00 ns, 14.0844 ns/op
WorkloadResult  86: 33554432 op, 481634028.00 ns, 14.3538 ns/op
// GC:  48 0 0 805306368 33554432
// Threading:  0 0 33554432

// AfterAll
// Benchmark Process 4296 has exited with code 0.

Mean = 15.065 ns, StdErr = 0.107 ns (0.71%), N = 86, StdDev = 0.991 ns
Min = 11.482 ns, Q1 = 14.510 ns, Median = 15.170 ns, Q3 = 15.753 ns, Max = 17.249 ns
IQR = 1.243 ns, LowerFence = 12.645 ns, UpperFence = 17.618 ns
ConfidenceInterval = [14.701 ns; 15.430 ns] (CI 99.9%), Margin = 0.364 ns (2.42% of Mean)
Skewness = -0.52, Kurtosis = 3.83, MValue = 2

// ** Remained 64 (53.3 %) benchmark(s) to run. Estimated finish 2026-08-30 7:47 (0h 4m from now) **
// **************************
// Benchmark: ValueObjectBenchmarks.Create_Struct: .NET 10.0(Runtime=.NET 10.0, Toolchain=net10.0)
// *** Execute ***
// Launch: 1 / 1
// Execute: dotnet "EricksonLopez.ValueObjects.Benchmarks-.NET 10.0-1.dll" --anonymousPipes 133 134 --benchmarkName EricksonLopez.ValueObjects.Benchmarks.ValueObjectBenchmarks.Create_Struct --job ".NET 10.0" --benchmarkId 20 in /home/runner/work/dotnet-value-objects/dotnet-value-objects/benchmarks/EricksonLopez.ValueObjects.Benchmarks/bin/Release/net10.0/EricksonLopez.ValueObjects.Benchmarks-.NET 10.0-1/bin/Release/net10.0
// Failed to set up high priority (Permission denied). In order to run benchmarks with high priority, make sure you have the right permissions.
// BeforeAnythingElse

// Benchmark Process Environment Information:
// BenchmarkDotNet v0.15.8
// Runtime=.NET 10.0.11 (10.0.11, 10.0.1126.37416), X64 RyuJIT x86-64-v3
// GC=Concurrent Workstation
// HardwareIntrinsics=AVX2+BMI1+BMI2+F16C+FMA+LZCNT+MOVBE,AVX,SSE3+SSSE3+SSE4.1+SSE4.2+POPCNT,X86Base+SSE+SSE2,AES+PCLMUL VectorSize=256
// Job: .NET 10.0

OverheadJitting  1: 1 op, 217045.00 ns, 217.0450 us/op
WorkloadJitting  1: 1 op, 219399.00 ns, 219.3990 us/op

OverheadJitting  2: 16 op, 208309.00 ns, 13.0193 us/op
WorkloadJitting  2: 16 op, 215091.00 ns, 13.4432 us/op

WorkloadPilot    1: 16 op, 741.00 ns, 46.3125 ns/op
WorkloadPilot    2: 32 op, 731.00 ns, 22.8438 ns/op
WorkloadPilot    3: 64 op, 862.00 ns, 13.4688 ns/op
WorkloadPilot    4: 128 op, 1172.00 ns, 9.1563 ns/op
WorkloadPilot    5: 256 op, 1753.00 ns, 6.8477 ns/op
WorkloadPilot    6: 512 op, 2975.00 ns, 5.8105 ns/op
WorkloadPilot    7: 1024 op, 5410.00 ns, 5.2832 ns/op
WorkloadPilot    8: 2048 op, 10319.00 ns, 5.0386 ns/op
WorkloadPilot    9: 4096 op, 19967.00 ns, 4.8748 ns/op
WorkloadPilot   10: 8192 op, 39253.00 ns, 4.7916 ns/op
WorkloadPilot   11: 16384 op, 78006.00 ns, 4.7611 ns/op
WorkloadPilot   12: 32768 op, 156111.00 ns, 4.7641 ns/op
WorkloadPilot   13: 65536 op, 329354.00 ns, 5.0255 ns/op
WorkloadPilot   14: 131072 op, 637088.00 ns, 4.8606 ns/op
WorkloadPilot   15: 262144 op, 1257165.00 ns, 4.7957 ns/op
WorkloadPilot   16: 524288 op, 2506697.00 ns, 4.7811 ns/op
WorkloadPilot   17: 1048576 op, 5011009.00 ns, 4.7789 ns/op
WorkloadPilot   18: 2097152 op, 10004806.00 ns, 4.7707 ns/op
WorkloadPilot   19: 4194304 op, 19991559.00 ns, 4.7664 ns/op
WorkloadPilot   20: 8388608 op, 40070820.00 ns, 4.7768 ns/op
WorkloadPilot   21: 16777216 op, 80112035.00 ns, 4.7750 ns/op
WorkloadPilot   22: 33554432 op, 102500896.00 ns, 3.0548 ns/op
WorkloadPilot   23: 67108864 op, 111040959.00 ns, 1.6546 ns/op
WorkloadPilot   24: 134217728 op, 222023318.00 ns, 1.6542 ns/op
WorkloadPilot   25: 268435456 op, 446191729.00 ns, 1.6622 ns/op
WorkloadPilot   26: 536870912 op, 887848678.00 ns, 1.6537 ns/op

OverheadWarmup   1: 536870912 op, 1532596262.00 ns, 2.8547 ns/op
OverheadWarmup   2: 536870912 op, 888565676.00 ns, 1.6551 ns/op
OverheadWarmup   3: 536870912 op, 888131095.00 ns, 1.6543 ns/op
OverheadWarmup   4: 536870912 op, 887679692.00 ns, 1.6534 ns/op
OverheadWarmup   5: 536870912 op, 888583625.00 ns, 1.6551 ns/op
OverheadWarmup   6: 536870912 op, 888754685.00 ns, 1.6554 ns/op
OverheadWarmup   7: 536870912 op, 888160537.00 ns, 1.6543 ns/op
OverheadWarmup   8: 536870912 op, 888617970.00 ns, 1.6552 ns/op
OverheadWarmup   9: 536870912 op, 888150688.00 ns, 1.6543 ns/op

OverheadActual   1: 536870912 op, 888056493.00 ns, 1.6541 ns/op
OverheadActual   2: 536870912 op, 888070127.00 ns, 1.6542 ns/op
OverheadActual   3: 536870912 op, 887675260.00 ns, 1.6534 ns/op
OverheadActual   4: 536870912 op, 887768027.00 ns, 1.6536 ns/op
OverheadActual   5: 536870912 op, 887959211.00 ns, 1.6540 ns/op
OverheadActual   6: 536870912 op, 888309745.00 ns, 1.6546 ns/op
OverheadActual   7: 536870912 op, 888246878.00 ns, 1.6545 ns/op
OverheadActual   8: 536870912 op, 888113981.00 ns, 1.6542 ns/op
OverheadActual   9: 536870912 op, 890636236.00 ns, 1.6589 ns/op
OverheadActual  10: 536870912 op, 904833153.00 ns, 1.6854 ns/op
OverheadActual  11: 536870912 op, 890960731.00 ns, 1.6595 ns/op
OverheadActual  12: 536870912 op, 888332959.00 ns, 1.6546 ns/op
OverheadActual  13: 536870912 op, 888236884.00 ns, 1.6545 ns/op
OverheadActual  14: 536870912 op, 887985831.00 ns, 1.6540 ns/op
OverheadActual  15: 536870912 op, 891571400.00 ns, 1.6607 ns/op

WorkloadWarmup   1: 536870912 op, 889035029.00 ns, 1.6560 ns/op
WorkloadWarmup   2: 536870912 op, 888062734.00 ns, 1.6541 ns/op
WorkloadWarmup   3: 536870912 op, 888591291.00 ns, 1.6551 ns/op
WorkloadWarmup   4: 536870912 op, 888347205.00 ns, 1.6547 ns/op
WorkloadWarmup   5: 536870912 op, 889046049.00 ns, 1.6560 ns/op
WorkloadWarmup   6: 536870912 op, 889172304.00 ns, 1.6562 ns/op
WorkloadWarmup   7: 536870912 op, 890029614.00 ns, 1.6578 ns/op
WorkloadWarmup   8: 536870912 op, 889074559.00 ns, 1.6560 ns/op

// BeforeActualRun
WorkloadActual   1: 536870912 op, 888816357.00 ns, 1.6555 ns/op
WorkloadActual   2: 536870912 op, 888424103.00 ns, 1.6548 ns/op
WorkloadActual   3: 536870912 op, 888409171.00 ns, 1.6548 ns/op
WorkloadActual   4: 536870912 op, 888741953.00 ns, 1.6554 ns/op
WorkloadActual   5: 536870912 op, 889068311.00 ns, 1.6560 ns/op
WorkloadActual   6: 536870912 op, 888611168.00 ns, 1.6552 ns/op
WorkloadActual   7: 536870912 op, 888765396.00 ns, 1.6555 ns/op
WorkloadActual   8: 536870912 op, 889233221.00 ns, 1.6563 ns/op
WorkloadActual   9: 536870912 op, 888967102.00 ns, 1.6558 ns/op
WorkloadActual  10: 536870912 op, 888974998.00 ns, 1.6558 ns/op
WorkloadActual  11: 536870912 op, 890095199.00 ns, 1.6579 ns/op
WorkloadActual  12: 536870912 op, 887902175.00 ns, 1.6538 ns/op
WorkloadActual  13: 536870912 op, 888293235.00 ns, 1.6546 ns/op
WorkloadActual  14: 536870912 op, 888351784.00 ns, 1.6547 ns/op
WorkloadActual  15: 536870912 op, 888337722.00 ns, 1.6547 ns/op

// AfterActualRun
WorkloadResult   1: 536870912 op, 579473.00 ns, 0.0011 ns/op
WorkloadResult   2: 536870912 op, 187219.00 ns, 0.0003 ns/op
WorkloadResult   3: 536870912 op, 172287.00 ns, 0.0003 ns/op
WorkloadResult   4: 536870912 op, 505069.00 ns, 0.0009 ns/op
WorkloadResult   5: 536870912 op, 831427.00 ns, 0.0015 ns/op
WorkloadResult   6: 536870912 op, 374284.00 ns, 0.0007 ns/op
WorkloadResult   7: 536870912 op, 528512.00 ns, 0.0010 ns/op
WorkloadResult   8: 536870912 op, 996337.00 ns, 0.0019 ns/op
WorkloadResult   9: 536870912 op, 730218.00 ns, 0.0014 ns/op
WorkloadResult  10: 536870912 op, 738114.00 ns, 0.0014 ns/op
WorkloadResult  11: 536870912 op, 0.00 ns, 0.0000 ns/op
WorkloadResult  12: 536870912 op, 56351.00 ns, 0.0001 ns/op
WorkloadResult  13: 536870912 op, 114900.00 ns, 0.0002 ns/op
WorkloadResult  14: 536870912 op, 100838.00 ns, 0.0002 ns/op
// GC:  0 0 0 0 536870912
// Threading:  0 0 536870912

// AfterAll
// Benchmark Process 4353 has exited with code 0.

Mean = 0.001 ns, StdErr = 0.000 ns (20.49%), N = 14, StdDev = 0.001 ns
Min = 0.000 ns, Q1 = 0.000 ns, Median = 0.001 ns, Q3 = 0.001 ns, Max = 0.002 ns
IQR = 0.001 ns, LowerFence = -0.001 ns, UpperFence = 0.003 ns
ConfidenceInterval = [0.000 ns; 0.001 ns] (CI 99.9%), Margin = 0.001 ns (86.50% of Mean)
Skewness = 0.23, Kurtosis = 1.51, MValue = 2

// ** Remained 63 (52.5 %) benchmark(s) to run. Estimated finish 2026-08-30 7:48 (0h 5m from now) **
// **************************
// Benchmark: ValueObjectBenchmarks.Create_RecordStruct: .NET 10.0(Runtime=.NET 10.0, Toolchain=net10.0)
// *** Execute ***
// Launch: 1 / 1
// Execute: dotnet "EricksonLopez.ValueObjects.Benchmarks-.NET 10.0-1.dll" --anonymousPipes 133 134 --benchmarkName EricksonLopez.ValueObjects.Benchmarks.ValueObjectBenchmarks.Create_RecordStruct --job ".NET 10.0" --benchmarkId 21 in /home/runner/work/dotnet-value-objects/dotnet-value-objects/benchmarks/EricksonLopez.ValueObjects.Benchmarks/bin/Release/net10.0/EricksonLopez.ValueObjects.Benchmarks-.NET 10.0-1/bin/Release/net10.0
// Failed to set up high priority (Permission denied). In order to run benchmarks with high priority, make sure you have the right permissions.
// BeforeAnythingElse

// Benchmark Process Environment Information:
// BenchmarkDotNet v0.15.8
// Runtime=.NET 10.0.11 (10.0.11, 10.0.1126.37416), X64 RyuJIT x86-64-v3
// GC=Concurrent Workstation
// HardwareIntrinsics=AVX2+BMI1+BMI2+F16C+FMA+LZCNT+MOVBE,AVX,SSE3+SSSE3+SSE4.1+SSE4.2+POPCNT,X86Base+SSE+SSE2,AES+PCLMUL VectorSize=256
// Job: .NET 10.0

OverheadJitting  1: 1 op, 219089.00 ns, 219.0890 us/op
WorkloadJitting  1: 1 op, 233146.00 ns, 233.1460 us/op

OverheadJitting  2: 16 op, 239516.00 ns, 14.9698 us/op
WorkloadJitting  2: 16 op, 235009.00 ns, 14.6881 us/op

WorkloadPilot    1: 16 op, 691.00 ns, 43.1875 ns/op
WorkloadPilot    2: 32 op, 732.00 ns, 22.8750 ns/op
WorkloadPilot    3: 64 op, 901.00 ns, 14.0781 ns/op
WorkloadPilot    4: 128 op, 1182.00 ns, 9.2344 ns/op
WorkloadPilot    5: 256 op, 1783.00 ns, 6.9648 ns/op
WorkloadPilot    6: 512 op, 2986.00 ns, 5.8320 ns/op
WorkloadPilot    7: 1024 op, 5379.00 ns, 5.2529 ns/op
WorkloadPilot    8: 2048 op, 10300.00 ns, 5.0293 ns/op
WorkloadPilot    9: 4096 op, 19977.00 ns, 4.8772 ns/op
WorkloadPilot   10: 8192 op, 39323.00 ns, 4.8002 ns/op
WorkloadPilot   11: 16384 op, 94807.00 ns, 5.7866 ns/op
WorkloadPilot   12: 32768 op, 155349.00 ns, 4.7409 ns/op
WorkloadPilot   13: 65536 op, 309988.00 ns, 4.7300 ns/op
WorkloadPilot   14: 131072 op, 619376.00 ns, 4.7255 ns/op
WorkloadPilot   15: 262144 op, 1255744.00 ns, 4.7903 ns/op
WorkloadPilot   16: 524288 op, 2509122.00 ns, 4.7858 ns/op
WorkloadPilot   17: 1048576 op, 5010490.00 ns, 4.7784 ns/op
WorkloadPilot   18: 2097152 op, 10054954.00 ns, 4.7946 ns/op
WorkloadPilot   19: 4194304 op, 19986189.00 ns, 4.7651 ns/op
WorkloadPilot   20: 8388608 op, 40069359.00 ns, 4.7766 ns/op
WorkloadPilot   21: 16777216 op, 80213055.00 ns, 4.7811 ns/op
WorkloadPilot   22: 33554432 op, 102524150.00 ns, 3.0555 ns/op
WorkloadPilot   23: 67108864 op, 111462777.00 ns, 1.6609 ns/op
WorkloadPilot   24: 134217728 op, 221819751.00 ns, 1.6527 ns/op
WorkloadPilot   25: 268435456 op, 443526109.00 ns, 1.6523 ns/op
WorkloadPilot   26: 536870912 op, 887611213.00 ns, 1.6533 ns/op

OverheadWarmup   1: 536870912 op, 1532890369.00 ns, 2.8552 ns/op
OverheadWarmup   2: 536870912 op, 889320814.00 ns, 1.6565 ns/op
OverheadWarmup   3: 536870912 op, 887304440.00 ns, 1.6527 ns/op
OverheadWarmup   4: 536870912 op, 887910952.00 ns, 1.6539 ns/op
OverheadWarmup   5: 536870912 op, 887840688.00 ns, 1.6537 ns/op
OverheadWarmup   6: 536870912 op, 887658237.00 ns, 1.6534 ns/op
OverheadWarmup   7: 536870912 op, 888235897.00 ns, 1.6545 ns/op
OverheadWarmup   8: 536870912 op, 887511989.00 ns, 1.6531 ns/op

OverheadActual   1: 536870912 op, 887578694.00 ns, 1.6532 ns/op
OverheadActual   2: 536870912 op, 887651710.00 ns, 1.6534 ns/op
OverheadActual   3: 536870912 op, 888373858.00 ns, 1.6547 ns/op
OverheadActual   4: 536870912 op, 887710841.00 ns, 1.6535 ns/op
OverheadActual   5: 536870912 op, 888171792.00 ns, 1.6543 ns/op
OverheadActual   6: 536870912 op, 894082861.00 ns, 1.6654 ns/op
OverheadActual   7: 536870912 op, 887537306.00 ns, 1.6532 ns/op
OverheadActual   8: 536870912 op, 887295270.00 ns, 1.6527 ns/op
OverheadActual   9: 536870912 op, 888887051.00 ns, 1.6557 ns/op
OverheadActual  10: 536870912 op, 888494488.00 ns, 1.6549 ns/op
OverheadActual  11: 536870912 op, 887833775.00 ns, 1.6537 ns/op
OverheadActual  12: 536870912 op, 888162388.00 ns, 1.6543 ns/op
OverheadActual  13: 536870912 op, 887612723.00 ns, 1.6533 ns/op
OverheadActual  14: 536870912 op, 888380796.00 ns, 1.6547 ns/op
OverheadActual  15: 536870912 op, 888962001.00 ns, 1.6558 ns/op

WorkloadWarmup   1: 536870912 op, 893955039.00 ns, 1.6651 ns/op
WorkloadWarmup   2: 536870912 op, 888074450.00 ns, 1.6542 ns/op
WorkloadWarmup   3: 536870912 op, 887784579.00 ns, 1.6536 ns/op
WorkloadWarmup   4: 536870912 op, 887651341.00 ns, 1.6534 ns/op
WorkloadWarmup   5: 536870912 op, 887557836.00 ns, 1.6532 ns/op
WorkloadWarmup   6: 536870912 op, 888621571.00 ns, 1.6552 ns/op
WorkloadWarmup   7: 536870912 op, 887479540.00 ns, 1.6531 ns/op
WorkloadWarmup   8: 536870912 op, 888130595.00 ns, 1.6543 ns/op
WorkloadWarmup   9: 536870912 op, 887527770.00 ns, 1.6531 ns/op

// BeforeActualRun
WorkloadActual   1: 536870912 op, 887875269.00 ns, 1.6538 ns/op
WorkloadActual   2: 536870912 op, 888244588.00 ns, 1.6545 ns/op
WorkloadActual   3: 536870912 op, 887641351.00 ns, 1.6534 ns/op
WorkloadActual   4: 536870912 op, 888855828.00 ns, 1.6556 ns/op
WorkloadActual   5: 536870912 op, 887834752.00 ns, 1.6537 ns/op
WorkloadActual   6: 536870912 op, 887740045.00 ns, 1.6535 ns/op
WorkloadActual   7: 536870912 op, 888669750.00 ns, 1.6553 ns/op
WorkloadActual   8: 536870912 op, 888147276.00 ns, 1.6543 ns/op
WorkloadActual   9: 536870912 op, 888946648.00 ns, 1.6558 ns/op
WorkloadActual  10: 536870912 op, 888126346.00 ns, 1.6543 ns/op
WorkloadActual  11: 536870912 op, 887860612.00 ns, 1.6538 ns/op
WorkloadActual  12: 536870912 op, 888154941.00 ns, 1.6543 ns/op
WorkloadActual  13: 536870912 op, 888862152.00 ns, 1.6556 ns/op
WorkloadActual  14: 536870912 op, 888767695.00 ns, 1.6555 ns/op
WorkloadActual  15: 536870912 op, 888744843.00 ns, 1.6554 ns/op

// AfterActualRun
WorkloadResult   1: 536870912 op, 0.00 ns, 0.0000 ns/op
WorkloadResult   2: 536870912 op, 82200.00 ns, 0.0002 ns/op
WorkloadResult   3: 536870912 op, 0.00 ns, 0.0000 ns/op
WorkloadResult   4: 536870912 op, 693440.00 ns, 0.0013 ns/op
WorkloadResult   5: 536870912 op, 0.00 ns, 0.0000 ns/op
WorkloadResult   6: 536870912 op, 0.00 ns, 0.0000 ns/op
WorkloadResult   7: 536870912 op, 507362.00 ns, 0.0009 ns/op
WorkloadResult   8: 536870912 op, 0.00 ns, 0.0000 ns/op
WorkloadResult   9: 536870912 op, 784260.00 ns, 0.0015 ns/op
WorkloadResult  10: 536870912 op, 0.00 ns, 0.0000 ns/op
WorkloadResult  11: 536870912 op, 0.00 ns, 0.0000 ns/op
WorkloadResult  12: 536870912 op, 0.00 ns, 0.0000 ns/op
WorkloadResult  13: 536870912 op, 699764.00 ns, 0.0013 ns/op
WorkloadResult  14: 536870912 op, 605307.00 ns, 0.0011 ns/op
WorkloadResult  15: 536870912 op, 582455.00 ns, 0.0011 ns/op
// GC:  0 0 0 0 536870912
// Threading:  0 0 536870912

// AfterAll
// Benchmark Process 4379 has exited with code 0.

Mean = 0.000 ns, StdErr = 0.000 ns (32.19%), N = 15, StdDev = 0.001 ns
Min = 0.000 ns, Q1 = 0.000 ns, Median = 0.000 ns, Q3 = 0.001 ns, Max = 0.001 ns
IQR = 0.001 ns, LowerFence = -0.002 ns, UpperFence = 0.003 ns
ConfidenceInterval = [-0.000 ns; 0.001 ns] (CI 99.9%), Margin = 0.001 ns (133.29% of Mean)
Skewness = 0.45, Kurtosis = 1.2, MValue = 3.33

// ** Remained 62 (51.7 %) benchmark(s) to run. Estimated finish 2026-08-30 7:49 (0h 6m from now) **
// **************************
// Benchmark: ValueObjectBenchmarks.Domain_Create_Email: .NET 10.0(Runtime=.NET 10.0, Toolchain=net10.0)
// *** Execute ***
// Launch: 1 / 1
// Execute: dotnet "EricksonLopez.ValueObjects.Benchmarks-.NET 10.0-1.dll" --anonymousPipes 133 134 --benchmarkName EricksonLopez.ValueObjects.Benchmarks.ValueObjectBenchmarks.Domain_Create_Email --job ".NET 10.0" --benchmarkId 22 in /home/runner/work/dotnet-value-objects/dotnet-value-objects/benchmarks/EricksonLopez.ValueObjects.Benchmarks/bin/Release/net10.0/EricksonLopez.ValueObjects.Benchmarks-.NET 10.0-1/bin/Release/net10.0
// Failed to set up high priority (Permission denied). In order to run benchmarks with high priority, make sure you have the right permissions.
// BeforeAnythingElse

// Benchmark Process Environment Information:
// BenchmarkDotNet v0.15.8
// Runtime=.NET 10.0.11 (10.0.11, 10.0.1126.37416), X64 RyuJIT x86-64-v3
// GC=Concurrent Workstation
// HardwareIntrinsics=AVX2+BMI1+BMI2+F16C+FMA+LZCNT+MOVBE,AVX,SSE3+SSSE3+SSE4.1+SSE4.2+POPCNT,X86Base+SSE+SSE2,AES+PCLMUL VectorSize=256
// Job: .NET 10.0

OverheadJitting  1: 1 op, 215132.00 ns, 215.1320 us/op
WorkloadJitting  1: 1 op, 29844028.00 ns, 29.8440 ms/op

OverheadJitting  2: 16 op, 237964.00 ns, 14.8728 us/op
WorkloadJitting  2: 16 op, 300791.00 ns, 18.7994 us/op

WorkloadPilot    1: 16 op, 13024.00 ns, 814.0000 ns/op
WorkloadPilot    2: 32 op, 27030.00 ns, 844.6875 ns/op
WorkloadPilot    3: 64 op, 58890.00 ns, 920.1563 ns/op
WorkloadPilot    4: 128 op, 62296.00 ns, 486.6875 ns/op
WorkloadPilot    5: 256 op, 123090.00 ns, 480.8203 ns/op
WorkloadPilot    6: 512 op, 250638.00 ns, 489.5273 ns/op
WorkloadPilot    7: 1024 op, 466220.00 ns, 455.2930 ns/op
WorkloadPilot    8: 2048 op, 905089.00 ns, 441.9380 ns/op
WorkloadPilot    9: 4096 op, 1679564.00 ns, 410.0498 ns/op
WorkloadPilot   10: 8192 op, 3420794.00 ns, 417.5774 ns/op
WorkloadPilot   11: 16384 op, 6732074.00 ns, 410.8932 ns/op
WorkloadPilot   12: 32768 op, 13415788.00 ns, 409.4174 ns/op
WorkloadPilot   13: 65536 op, 26886508.00 ns, 410.2556 ns/op
WorkloadPilot   14: 131072 op, 51343563.00 ns, 391.7203 ns/op
WorkloadPilot   15: 262144 op, 119296333.00 ns, 455.0794 ns/op
WorkloadPilot   16: 524288 op, 178156773.00 ns, 339.8071 ns/op
WorkloadPilot   17: 1048576 op, 177307248.00 ns, 169.0934 ns/op
WorkloadPilot   18: 2097152 op, 350827819.00 ns, 167.2877 ns/op
WorkloadPilot   19: 4194304 op, 695760716.00 ns, 165.8823 ns/op

OverheadWarmup   1: 4194304 op, 10930870.00 ns, 2.6061 ns/op
OverheadWarmup   2: 4194304 op, 10866741.00 ns, 2.5908 ns/op
OverheadWarmup   3: 4194304 op, 10868273.00 ns, 2.5912 ns/op
OverheadWarmup   4: 4194304 op, 10857494.00 ns, 2.5886 ns/op
OverheadWarmup   5: 4194304 op, 11074027.00 ns, 2.6403 ns/op
OverheadWarmup   6: 4194304 op, 10865808.00 ns, 2.5906 ns/op

OverheadActual   1: 4194304 op, 10882600.00 ns, 2.5946 ns/op
OverheadActual   2: 4194304 op, 10863464.00 ns, 2.5901 ns/op
OverheadActual   3: 4194304 op, 10875286.00 ns, 2.5929 ns/op
OverheadActual   4: 4194304 op, 10949986.00 ns, 2.6107 ns/op
OverheadActual   5: 4194304 op, 10878884.00 ns, 2.5937 ns/op
OverheadActual   6: 4194304 op, 10862052.00 ns, 2.5897 ns/op
OverheadActual   7: 4194304 op, 10869867.00 ns, 2.5916 ns/op
OverheadActual   8: 4194304 op, 10862182.00 ns, 2.5897 ns/op
OverheadActual   9: 4194304 op, 10844338.00 ns, 2.5855 ns/op
OverheadActual  10: 4194304 op, 10893791.00 ns, 2.5973 ns/op
OverheadActual  11: 4194304 op, 10847014.00 ns, 2.5861 ns/op
OverheadActual  12: 4194304 op, 10861221.00 ns, 2.5895 ns/op
OverheadActual  13: 4194304 op, 10875257.00 ns, 2.5929 ns/op
OverheadActual  14: 4194304 op, 10860930.00 ns, 2.5894 ns/op
OverheadActual  15: 4194304 op, 10972478.00 ns, 2.6160 ns/op

WorkloadWarmup   1: 4194304 op, 712975625.00 ns, 169.9866 ns/op
WorkloadWarmup   2: 4194304 op, 713629388.00 ns, 170.1425 ns/op
WorkloadWarmup   3: 4194304 op, 707271966.00 ns, 168.6268 ns/op
WorkloadWarmup   4: 4194304 op, 706739592.00 ns, 168.4998 ns/op
WorkloadWarmup   5: 4194304 op, 708116232.00 ns, 168.8281 ns/op
WorkloadWarmup   6: 4194304 op, 708151438.00 ns, 168.8365 ns/op
WorkloadWarmup   7: 4194304 op, 707264532.00 ns, 168.6250 ns/op

// BeforeActualRun
WorkloadActual   1: 4194304 op, 711558278.00 ns, 169.6487 ns/op
WorkloadActual   2: 4194304 op, 711744906.00 ns, 169.6932 ns/op
WorkloadActual   3: 4194304 op, 714077490.00 ns, 170.2493 ns/op
WorkloadActual   4: 4194304 op, 711902971.00 ns, 169.7309 ns/op
WorkloadActual   5: 4194304 op, 709865784.00 ns, 169.2452 ns/op
WorkloadActual   6: 4194304 op, 712488411.00 ns, 169.8705 ns/op
WorkloadActual   7: 4194304 op, 707569834.00 ns, 168.6978 ns/op
WorkloadActual   8: 4194304 op, 711553529.00 ns, 169.6476 ns/op
WorkloadActual   9: 4194304 op, 714075455.00 ns, 170.2489 ns/op
WorkloadActual  10: 4194304 op, 709011544.00 ns, 169.0415 ns/op
WorkloadActual  11: 4194304 op, 710485456.00 ns, 169.3929 ns/op
WorkloadActual  12: 4194304 op, 708844132.00 ns, 169.0016 ns/op
WorkloadActual  13: 4194304 op, 708710593.00 ns, 168.9698 ns/op
WorkloadActual  14: 4194304 op, 708143896.00 ns, 168.8347 ns/op
WorkloadActual  15: 4194304 op, 712637111.00 ns, 169.9059 ns/op

// AfterActualRun
WorkloadResult   1: 4194304 op, 700688411.00 ns, 167.0571 ns/op
WorkloadResult   2: 4194304 op, 700875039.00 ns, 167.1016 ns/op
WorkloadResult   3: 4194304 op, 703207623.00 ns, 167.6578 ns/op
WorkloadResult   4: 4194304 op, 701033104.00 ns, 167.1393 ns/op
WorkloadResult   5: 4194304 op, 698995917.00 ns, 166.6536 ns/op
WorkloadResult   6: 4194304 op, 701618544.00 ns, 167.2789 ns/op
WorkloadResult   7: 4194304 op, 696699967.00 ns, 166.1062 ns/op
WorkloadResult   8: 4194304 op, 700683662.00 ns, 167.0560 ns/op
WorkloadResult   9: 4194304 op, 703205588.00 ns, 167.6573 ns/op
WorkloadResult  10: 4194304 op, 698141677.00 ns, 166.4499 ns/op
WorkloadResult  11: 4194304 op, 699615589.00 ns, 166.8014 ns/op
WorkloadResult  12: 4194304 op, 697974265.00 ns, 166.4100 ns/op
WorkloadResult  13: 4194304 op, 697840726.00 ns, 166.3782 ns/op
WorkloadResult  14: 4194304 op, 697274029.00 ns, 166.2431 ns/op
WorkloadResult  15: 4194304 op, 701767244.00 ns, 167.3143 ns/op
// GC:  38 0 0 637534208 4194304
// Threading:  0 0 4194304

// AfterAll
// Benchmark Process 4402 has exited with code 0.

Mean = 166.887 ns, StdErr = 0.128 ns (0.08%), N = 15, StdDev = 0.497 ns
Min = 166.106 ns, Q1 = 166.430 ns, Median = 167.056 ns, Q3 = 167.209 ns, Max = 167.658 ns
IQR = 0.779 ns, LowerFence = 165.261 ns, UpperFence = 168.378 ns
ConfidenceInterval = [166.356 ns; 167.418 ns] (CI 99.9%), Margin = 0.531 ns (0.32% of Mean)
Skewness = 0, Kurtosis = 1.61, MValue = 2

// ** Remained 61 (50.8 %) benchmark(s) to run. Estimated finish 2026-08-30 7:50 (0h 6m from now) **
// **************************
// Benchmark: ValueObjectBenchmarks.Domain_Create_Money: .NET 10.0(Runtime=.NET 10.0, Toolchain=net10.0)
// *** Execute ***
// Launch: 1 / 1
// Execute: dotnet "EricksonLopez.ValueObjects.Benchmarks-.NET 10.0-1.dll" --anonymousPipes 133 134 --benchmarkName EricksonLopez.ValueObjects.Benchmarks.ValueObjectBenchmarks.Domain_Create_Money --job ".NET 10.0" --benchmarkId 23 in /home/runner/work/dotnet-value-objects/dotnet-value-objects/benchmarks/EricksonLopez.ValueObjects.Benchmarks/bin/Release/net10.0/EricksonLopez.ValueObjects.Benchmarks-.NET 10.0-1/bin/Release/net10.0
// Failed to set up high priority (Permission denied). In order to run benchmarks with high priority, make sure you have the right permissions.
// BeforeAnythingElse

// Benchmark Process Environment Information:
// BenchmarkDotNet v0.15.8
// Runtime=.NET 10.0.11 (10.0.11, 10.0.1126.37416), X64 RyuJIT x86-64-v3
// GC=Concurrent Workstation
// HardwareIntrinsics=AVX2+BMI1+BMI2+F16C+FMA+LZCNT+MOVBE,AVX,SSE3+SSSE3+SSE4.1+SSE4.2+POPCNT,X86Base+SSE+SSE2,AES+PCLMUL VectorSize=256
// Job: .NET 10.0

OverheadJitting  1: 1 op, 223628.00 ns, 223.6280 us/op
WorkloadJitting  1: 1 op, 333572.00 ns, 333.5720 us/op

OverheadJitting  2: 16 op, 238385.00 ns, 14.8991 us/op
WorkloadJitting  2: 16 op, 232013.00 ns, 14.5008 us/op

WorkloadPilot    1: 16 op, 4408.00 ns, 275.5000 ns/op
WorkloadPilot    2: 32 op, 5119.00 ns, 159.9688 ns/op
WorkloadPilot    3: 64 op, 8125.00 ns, 126.9531 ns/op
WorkloadPilot    4: 128 op, 14217.00 ns, 111.0703 ns/op
WorkloadPilot    5: 256 op, 26680.00 ns, 104.2188 ns/op
WorkloadPilot    6: 512 op, 51637.00 ns, 100.8535 ns/op
WorkloadPilot    7: 1024 op, 100167.00 ns, 97.8193 ns/op
WorkloadPilot    8: 2048 op, 216514.00 ns, 105.7197 ns/op
WorkloadPilot    9: 4096 op, 416638.00 ns, 101.7183 ns/op
WorkloadPilot   10: 8192 op, 807647.00 ns, 98.5897 ns/op
WorkloadPilot   11: 16384 op, 1573487.00 ns, 96.0380 ns/op
WorkloadPilot   12: 32768 op, 3180956.00 ns, 97.0751 ns/op
WorkloadPilot   13: 65536 op, 6318213.00 ns, 96.4083 ns/op
WorkloadPilot   14: 131072 op, 12650070.00 ns, 96.5124 ns/op
WorkloadPilot   15: 262144 op, 25425313.00 ns, 96.9899 ns/op
WorkloadPilot   16: 524288 op, 50840256.00 ns, 96.9701 ns/op
WorkloadPilot   17: 1048576 op, 81400593.00 ns, 77.6297 ns/op
WorkloadPilot   18: 2097152 op, 27013768.00 ns, 12.8812 ns/op
WorkloadPilot   19: 4194304 op, 53924430.00 ns, 12.8566 ns/op
WorkloadPilot   20: 8388608 op, 108000743.00 ns, 12.8747 ns/op
WorkloadPilot   21: 16777216 op, 216488465.00 ns, 12.9037 ns/op
WorkloadPilot   22: 33554432 op, 431628513.00 ns, 12.8635 ns/op
WorkloadPilot   23: 67108864 op, 863562036.00 ns, 12.8681 ns/op

OverheadWarmup   1: 67108864 op, 173695270.00 ns, 2.5883 ns/op
OverheadWarmup   2: 67108864 op, 191519463.00 ns, 2.8539 ns/op
OverheadWarmup   3: 67108864 op, 111176823.00 ns, 1.6567 ns/op
OverheadWarmup   4: 67108864 op, 110913089.00 ns, 1.6527 ns/op
OverheadWarmup   5: 67108864 op, 111270166.00 ns, 1.6581 ns/op
OverheadWarmup   6: 67108864 op, 111097775.00 ns, 1.6555 ns/op

OverheadActual   1: 67108864 op, 111017775.00 ns, 1.6543 ns/op
OverheadActual   2: 67108864 op, 110994352.00 ns, 1.6539 ns/op
OverheadActual   3: 67108864 op, 110966309.00 ns, 1.6535 ns/op
OverheadActual   4: 67108864 op, 111192691.00 ns, 1.6569 ns/op
OverheadActual   5: 67108864 op, 111037322.00 ns, 1.6546 ns/op
OverheadActual   6: 67108864 op, 110943487.00 ns, 1.6532 ns/op
OverheadActual   7: 67108864 op, 110977540.00 ns, 1.6537 ns/op
OverheadActual   8: 67108864 op, 111224241.00 ns, 1.6574 ns/op
OverheadActual   9: 67108864 op, 111258484.00 ns, 1.6579 ns/op
OverheadActual  10: 67108864 op, 111282650.00 ns, 1.6582 ns/op
OverheadActual  11: 67108864 op, 111112482.00 ns, 1.6557 ns/op
OverheadActual  12: 67108864 op, 111016423.00 ns, 1.6543 ns/op
OverheadActual  13: 67108864 op, 111070624.00 ns, 1.6551 ns/op
OverheadActual  14: 67108864 op, 111210495.00 ns, 1.6572 ns/op
OverheadActual  15: 67108864 op, 111002276.00 ns, 1.6541 ns/op

WorkloadWarmup   1: 67108864 op, 863610746.00 ns, 12.8688 ns/op
WorkloadWarmup   2: 67108864 op, 864077999.00 ns, 12.8758 ns/op
WorkloadWarmup   3: 67108864 op, 862131255.00 ns, 12.8468 ns/op
WorkloadWarmup   4: 67108864 op, 862207406.00 ns, 12.8479 ns/op
WorkloadWarmup   5: 67108864 op, 862191992.00 ns, 12.8477 ns/op
WorkloadWarmup   6: 67108864 op, 861787418.00 ns, 12.8416 ns/op

// BeforeActualRun
WorkloadActual   1: 67108864 op, 862744987.00 ns, 12.8559 ns/op
WorkloadActual   2: 67108864 op, 862031233.00 ns, 12.8453 ns/op
WorkloadActual   3: 67108864 op, 863111583.00 ns, 12.8614 ns/op
WorkloadActual   4: 67108864 op, 863178878.00 ns, 12.8624 ns/op
WorkloadActual   5: 67108864 op, 862344237.00 ns, 12.8499 ns/op
WorkloadActual   6: 67108864 op, 867041592.00 ns, 12.9199 ns/op
WorkloadActual   7: 67108864 op, 862514492.00 ns, 12.8525 ns/op
WorkloadActual   8: 67108864 op, 862220360.00 ns, 12.8481 ns/op
WorkloadActual   9: 67108864 op, 863369877.00 ns, 12.8652 ns/op
WorkloadActual  10: 67108864 op, 862009333.00 ns, 12.8449 ns/op
WorkloadActual  11: 67108864 op, 866605108.00 ns, 12.9134 ns/op
WorkloadActual  12: 67108864 op, 862566800.00 ns, 12.8532 ns/op
WorkloadActual  13: 67108864 op, 862068100.00 ns, 12.8458 ns/op
WorkloadActual  14: 67108864 op, 862202059.00 ns, 12.8478 ns/op
WorkloadActual  15: 67108864 op, 862412202.00 ns, 12.8509 ns/op

// AfterActualRun
WorkloadResult   1: 67108864 op, 751707665.00 ns, 11.2013 ns/op
WorkloadResult   2: 67108864 op, 750993911.00 ns, 11.1907 ns/op
WorkloadResult   3: 67108864 op, 752074261.00 ns, 11.2068 ns/op
WorkloadResult   4: 67108864 op, 752141556.00 ns, 11.2078 ns/op
WorkloadResult   5: 67108864 op, 751306915.00 ns, 11.1953 ns/op
WorkloadResult   6: 67108864 op, 751477170.00 ns, 11.1979 ns/op
WorkloadResult   7: 67108864 op, 751183038.00 ns, 11.1935 ns/op
WorkloadResult   8: 67108864 op, 752332555.00 ns, 11.2106 ns/op
WorkloadResult   9: 67108864 op, 750972011.00 ns, 11.1904 ns/op
WorkloadResult  10: 67108864 op, 751529478.00 ns, 11.1987 ns/op
WorkloadResult  11: 67108864 op, 751030778.00 ns, 11.1912 ns/op
WorkloadResult  12: 67108864 op, 751164737.00 ns, 11.1932 ns/op
WorkloadResult  13: 67108864 op, 751374880.00 ns, 11.1964 ns/op
// GC:  0 0 0 0 67108864
// Threading:  0 0 67108864

// AfterAll
// Benchmark Process 4416 has exited with code 0.

Mean = 11.198 ns, StdErr = 0.002 ns (0.02%), N = 13, StdDev = 0.007 ns
Min = 11.190 ns, Q1 = 11.193 ns, Median = 11.196 ns, Q3 = 11.201 ns, Max = 11.211 ns
IQR = 0.008 ns, LowerFence = 11.181 ns, UpperFence = 11.213 ns
ConfidenceInterval = [11.190 ns; 11.206 ns] (CI 99.9%), Margin = 0.008 ns (0.07% of Mean)
Skewness = 0.57, Kurtosis = 1.81, MValue = 2

// ** Remained 60 (50.0 %) benchmark(s) to run. Estimated finish 2026-08-30 7:50 (0h 6m from now) **
// **************************
// Benchmark: ValueObjectBenchmarks.Domain_Create_Percentage: .NET 10.0(Runtime=.NET 10.0, Toolchain=net10.0)
// *** Execute ***
// Launch: 1 / 1
// Execute: dotnet "EricksonLopez.ValueObjects.Benchmarks-.NET 10.0-1.dll" --anonymousPipes 133 134 --benchmarkName EricksonLopez.ValueObjects.Benchmarks.ValueObjectBenchmarks.Domain_Create_Percentage --job ".NET 10.0" --benchmarkId 24 in /home/runner/work/dotnet-value-objects/dotnet-value-objects/benchmarks/EricksonLopez.ValueObjects.Benchmarks/bin/Release/net10.0/EricksonLopez.ValueObjects.Benchmarks-.NET 10.0-1/bin/Release/net10.0
// Failed to set up high priority (Permission denied). In order to run benchmarks with high priority, make sure you have the right permissions.
// BeforeAnythingElse

// Benchmark Process Environment Information:
// BenchmarkDotNet v0.15.8
// Runtime=.NET 10.0.11 (10.0.11, 10.0.1126.37416), X64 RyuJIT x86-64-v3
// GC=Concurrent Workstation
// HardwareIntrinsics=AVX2+BMI1+BMI2+F16C+FMA+LZCNT+MOVBE,AVX,SSE3+SSSE3+SSE4.1+SSE4.2+POPCNT,X86Base+SSE+SSE2,AES+PCLMUL VectorSize=256
// Job: .NET 10.0

OverheadJitting  1: 1 op, 241601.00 ns, 241.6010 us/op
WorkloadJitting  1: 1 op, 244466.00 ns, 244.4660 us/op

OverheadJitting  2: 16 op, 210403.00 ns, 13.1502 us/op
WorkloadJitting  2: 16 op, 228807.00 ns, 14.3004 us/op

WorkloadPilot    1: 16 op, 2855.00 ns, 178.4375 ns/op
WorkloadPilot    2: 32 op, 4268.00 ns, 133.3750 ns/op
WorkloadPilot    3: 64 op, 7284.00 ns, 113.8125 ns/op
WorkloadPilot    4: 128 op, 12703.00 ns, 99.2422 ns/op
WorkloadPilot    5: 256 op, 24055.00 ns, 93.9648 ns/op
WorkloadPilot    6: 512 op, 46728.00 ns, 91.2656 ns/op
WorkloadPilot    7: 1024 op, 107591.00 ns, 105.0693 ns/op
WorkloadPilot    8: 2048 op, 189103.00 ns, 92.3354 ns/op
WorkloadPilot    9: 4096 op, 359952.00 ns, 87.8789 ns/op
WorkloadPilot   10: 8192 op, 735453.00 ns, 89.7770 ns/op
WorkloadPilot   11: 16384 op, 1467078.00 ns, 89.5433 ns/op
WorkloadPilot   12: 32768 op, 2920712.00 ns, 89.1331 ns/op
WorkloadPilot   13: 65536 op, 5950687.00 ns, 90.8003 ns/op
WorkloadPilot   14: 131072 op, 12137826.00 ns, 92.6043 ns/op
WorkloadPilot   15: 262144 op, 23613927.00 ns, 90.0800 ns/op
WorkloadPilot   16: 524288 op, 47042306.00 ns, 89.7261 ns/op
WorkloadPilot   17: 1048576 op, 77782807.00 ns, 74.1795 ns/op
WorkloadPilot   18: 2097152 op, 19313860.00 ns, 9.2096 ns/op
WorkloadPilot   19: 4194304 op, 38235057.00 ns, 9.1159 ns/op
WorkloadPilot   20: 8388608 op, 76467659.00 ns, 9.1157 ns/op
WorkloadPilot   21: 16777216 op, 153693484.00 ns, 9.1608 ns/op
WorkloadPilot   22: 33554432 op, 306583536.00 ns, 9.1369 ns/op
WorkloadPilot   23: 67108864 op, 608646200.00 ns, 9.0695 ns/op

OverheadWarmup   1: 67108864 op, 172802018.00 ns, 2.5750 ns/op
OverheadWarmup   2: 67108864 op, 191970805.00 ns, 2.8606 ns/op
OverheadWarmup   3: 67108864 op, 109801096.00 ns, 1.6362 ns/op
OverheadWarmup   4: 67108864 op, 109652058.00 ns, 1.6339 ns/op
OverheadWarmup   5: 67108864 op, 110025525.00 ns, 1.6395 ns/op
OverheadWarmup   6: 67108864 op, 109773064.00 ns, 1.6357 ns/op

OverheadActual   1: 67108864 op, 109737989.00 ns, 1.6352 ns/op
OverheadActual   2: 67108864 op, 109787421.00 ns, 1.6360 ns/op
OverheadActual   3: 67108864 op, 109583651.00 ns, 1.6329 ns/op
OverheadActual   4: 67108864 op, 109769688.00 ns, 1.6357 ns/op
OverheadActual   5: 67108864 op, 109853193.00 ns, 1.6369 ns/op
OverheadActual   6: 67108864 op, 109775699.00 ns, 1.6358 ns/op
OverheadActual   7: 67108864 op, 109839148.00 ns, 1.6367 ns/op
OverheadActual   8: 67108864 op, 109943683.00 ns, 1.6383 ns/op
OverheadActual   9: 67108864 op, 109824350.00 ns, 1.6365 ns/op
OverheadActual  10: 67108864 op, 109985140.00 ns, 1.6389 ns/op
OverheadActual  11: 67108864 op, 109573481.00 ns, 1.6328 ns/op
OverheadActual  12: 67108864 op, 109563162.00 ns, 1.6326 ns/op
OverheadActual  13: 67108864 op, 109709295.00 ns, 1.6348 ns/op
OverheadActual  14: 67108864 op, 109684419.00 ns, 1.6344 ns/op
OverheadActual  15: 67108864 op, 109564184.00 ns, 1.6326 ns/op

WorkloadWarmup   1: 67108864 op, 608515236.00 ns, 9.0676 ns/op
WorkloadWarmup   2: 67108864 op, 609692404.00 ns, 9.0851 ns/op
WorkloadWarmup   3: 67108864 op, 607667172.00 ns, 9.0549 ns/op
WorkloadWarmup   4: 67108864 op, 608476844.00 ns, 9.0670 ns/op
WorkloadWarmup   5: 67108864 op, 608249990.00 ns, 9.0636 ns/op
WorkloadWarmup   6: 67108864 op, 619629588.00 ns, 9.2332 ns/op

// BeforeActualRun
WorkloadActual   1: 67108864 op, 608661479.00 ns, 9.0698 ns/op
WorkloadActual   2: 67108864 op, 608459734.00 ns, 9.0668 ns/op
WorkloadActual   3: 67108864 op, 608518952.00 ns, 9.0676 ns/op
WorkloadActual   4: 67108864 op, 608423574.00 ns, 9.0662 ns/op
WorkloadActual   5: 67108864 op, 608844430.00 ns, 9.0725 ns/op
WorkloadActual   6: 67108864 op, 608910323.00 ns, 9.0735 ns/op
WorkloadActual   7: 67108864 op, 608595085.00 ns, 9.0688 ns/op
WorkloadActual   8: 67108864 op, 609044413.00 ns, 9.0755 ns/op
WorkloadActual   9: 67108864 op, 608342494.00 ns, 9.0650 ns/op
WorkloadActual  10: 67108864 op, 608510376.00 ns, 9.0675 ns/op
WorkloadActual  11: 67108864 op, 608531066.00 ns, 9.0678 ns/op
WorkloadActual  12: 67108864 op, 609073347.00 ns, 9.0759 ns/op
WorkloadActual  13: 67108864 op, 608321734.00 ns, 9.0647 ns/op
WorkloadActual  14: 67108864 op, 608640459.00 ns, 9.0694 ns/op
WorkloadActual  15: 67108864 op, 608597139.00 ns, 9.0688 ns/op

// AfterActualRun
WorkloadResult   1: 67108864 op, 498891791.00 ns, 7.4341 ns/op
WorkloadResult   2: 67108864 op, 498690046.00 ns, 7.4311 ns/op
WorkloadResult   3: 67108864 op, 498749264.00 ns, 7.4319 ns/op
WorkloadResult   4: 67108864 op, 498653886.00 ns, 7.4305 ns/op
WorkloadResult   5: 67108864 op, 499074742.00 ns, 7.4368 ns/op
WorkloadResult   6: 67108864 op, 499140635.00 ns, 7.4378 ns/op
WorkloadResult   7: 67108864 op, 498825397.00 ns, 7.4331 ns/op
WorkloadResult   8: 67108864 op, 499274725.00 ns, 7.4398 ns/op
WorkloadResult   9: 67108864 op, 498572806.00 ns, 7.4293 ns/op
WorkloadResult  10: 67108864 op, 498740688.00 ns, 7.4318 ns/op
WorkloadResult  11: 67108864 op, 498761378.00 ns, 7.4321 ns/op
WorkloadResult  12: 67108864 op, 499303659.00 ns, 7.4402 ns/op
WorkloadResult  13: 67108864 op, 498552046.00 ns, 7.4290 ns/op
WorkloadResult  14: 67108864 op, 498870771.00 ns, 7.4338 ns/op
WorkloadResult  15: 67108864 op, 498827451.00 ns, 7.4331 ns/op
// GC:  0 0 0 0 67108864
// Threading:  0 0 67108864

// AfterAll
// Benchmark Process 4432 has exited with code 0.

Mean = 7.434 ns, StdErr = 0.001 ns (0.01%), N = 15, StdDev = 0.004 ns
Min = 7.429 ns, Q1 = 7.431 ns, Median = 7.433 ns, Q3 = 7.435 ns, Max = 7.440 ns
IQR = 0.004 ns, LowerFence = 7.425 ns, UpperFence = 7.441 ns
ConfidenceInterval = [7.430 ns; 7.437 ns] (CI 99.9%), Margin = 0.004 ns (0.05% of Mean)
Skewness = 0.58, Kurtosis = 2.02, MValue = 2

// ** Remained 59 (49.2 %) benchmark(s) to run. Estimated finish 2026-08-30 7:51 (0h 6m from now) **
// **************************
// Benchmark: ValueObjectBenchmarks.Equals_Class: .NET 10.0(Runtime=.NET 10.0, Toolchain=net10.0)
// *** Execute ***
// Launch: 1 / 1
// Execute: dotnet "EricksonLopez.ValueObjects.Benchmarks-.NET 10.0-1.dll" --anonymousPipes 133 134 --benchmarkName EricksonLopez.ValueObjects.Benchmarks.ValueObjectBenchmarks.Equals_Class --job ".NET 10.0" --benchmarkId 25 in /home/runner/work/dotnet-value-objects/dotnet-value-objects/benchmarks/EricksonLopez.ValueObjects.Benchmarks/bin/Release/net10.0/EricksonLopez.ValueObjects.Benchmarks-.NET 10.0-1/bin/Release/net10.0
// Failed to set up high priority (Permission denied). In order to run benchmarks with high priority, make sure you have the right permissions.
// BeforeAnythingElse

// Benchmark Process Environment Information:
// BenchmarkDotNet v0.15.8
// Runtime=.NET 10.0.11 (10.0.11, 10.0.1126.37416), X64 RyuJIT x86-64-v3
// GC=Concurrent Workstation
// HardwareIntrinsics=AVX2+BMI1+BMI2+F16C+FMA+LZCNT+MOVBE,AVX,SSE3+SSSE3+SSE4.1+SSE4.2+POPCNT,X86Base+SSE+SSE2,AES+PCLMUL VectorSize=256
// Job: .NET 10.0

OverheadJitting  1: 1 op, 219940.00 ns, 219.9400 us/op
WorkloadJitting  1: 1 op, 285593.00 ns, 285.5930 us/op

OverheadJitting  2: 16 op, 363709.00 ns, 22.7318 us/op
WorkloadJitting  2: 16 op, 369300.00 ns, 23.0813 us/op

WorkloadPilot    1: 16 op, 1733.00 ns, 108.3125 ns/op
WorkloadPilot    2: 32 op, 1834.00 ns, 57.3125 ns/op
WorkloadPilot    3: 64 op, 1513.00 ns, 23.6406 ns/op
WorkloadPilot    4: 128 op, 2164.00 ns, 16.9063 ns/op
WorkloadPilot    5: 256 op, 3556.00 ns, 13.8906 ns/op
WorkloadPilot    6: 512 op, 6122.00 ns, 11.9570 ns/op
WorkloadPilot    7: 1024 op, 11692.00 ns, 11.4180 ns/op
WorkloadPilot    8: 2048 op, 22182.00 ns, 10.8311 ns/op
WorkloadPilot    9: 4096 op, 44343.00 ns, 10.8259 ns/op
WorkloadPilot   10: 8192 op, 86231.00 ns, 10.5262 ns/op
WorkloadPilot   11: 16384 op, 171320.00 ns, 10.4565 ns/op
WorkloadPilot   12: 32768 op, 348511.00 ns, 10.6357 ns/op
WorkloadPilot   13: 65536 op, 694417.00 ns, 10.5960 ns/op
WorkloadPilot   14: 131072 op, 1401878.00 ns, 10.6955 ns/op
WorkloadPilot   15: 262144 op, 2815809.00 ns, 10.7415 ns/op
WorkloadPilot   16: 524288 op, 5563099.00 ns, 10.6108 ns/op
WorkloadPilot   17: 1048576 op, 11185599.00 ns, 10.6674 ns/op
WorkloadPilot   18: 2097152 op, 22162879.00 ns, 10.5681 ns/op
WorkloadPilot   19: 4194304 op, 44445151.00 ns, 10.5965 ns/op
WorkloadPilot   20: 8388608 op, 86475391.00 ns, 10.3087 ns/op
WorkloadPilot   21: 16777216 op, 59885245.00 ns, 3.5694 ns/op
WorkloadPilot   22: 33554432 op, 82426980.00 ns, 2.4565 ns/op
WorkloadPilot   23: 67108864 op, 164197586.00 ns, 2.4467 ns/op
WorkloadPilot   24: 134217728 op, 328348418.00 ns, 2.4464 ns/op
WorkloadPilot   25: 268435456 op, 654752670.00 ns, 2.4391 ns/op

OverheadWarmup   1: 268435456 op, 736502256.00 ns, 2.7437 ns/op
OverheadWarmup   2: 268435456 op, 497805163.00 ns, 1.8545 ns/op
OverheadWarmup   3: 268435456 op, 504255073.00 ns, 1.8785 ns/op
OverheadWarmup   4: 268435456 op, 497424242.00 ns, 1.8530 ns/op
OverheadWarmup   5: 268435456 op, 500327223.00 ns, 1.8639 ns/op
OverheadWarmup   6: 268435456 op, 498731493.00 ns, 1.8579 ns/op

OverheadActual   1: 268435456 op, 497759348.00 ns, 1.8543 ns/op
OverheadActual   2: 268435456 op, 497516504.00 ns, 1.8534 ns/op
OverheadActual   3: 268435456 op, 497042098.00 ns, 1.8516 ns/op
OverheadActual   4: 268435456 op, 548817768.00 ns, 2.0445 ns/op
OverheadActual   5: 268435456 op, 525408232.00 ns, 1.9573 ns/op
OverheadActual   6: 268435456 op, 496921029.00 ns, 1.8512 ns/op
OverheadActual   7: 268435456 op, 538551730.00 ns, 2.0063 ns/op
OverheadActual   8: 268435456 op, 538581656.00 ns, 2.0064 ns/op
OverheadActual   9: 268435456 op, 538649464.00 ns, 2.0066 ns/op
OverheadActual  10: 268435456 op, 538436425.00 ns, 2.0058 ns/op
OverheadActual  11: 268435456 op, 498325447.00 ns, 1.8564 ns/op
OverheadActual  12: 268435456 op, 497007679.00 ns, 1.8515 ns/op
OverheadActual  13: 268435456 op, 496261400.00 ns, 1.8487 ns/op
OverheadActual  14: 268435456 op, 495986236.00 ns, 1.8477 ns/op
OverheadActual  15: 268435456 op, 496191559.00 ns, 1.8485 ns/op

WorkloadWarmup   1: 268435456 op, 656870165.00 ns, 2.4470 ns/op
WorkloadWarmup   2: 268435456 op, 655776453.00 ns, 2.4430 ns/op
WorkloadWarmup   3: 268435456 op, 655635350.00 ns, 2.4424 ns/op
WorkloadWarmup   4: 268435456 op, 655244250.00 ns, 2.4410 ns/op
WorkloadWarmup   5: 268435456 op, 655638263.00 ns, 2.4424 ns/op
WorkloadWarmup   6: 268435456 op, 656000010.00 ns, 2.4438 ns/op
WorkloadWarmup   7: 268435456 op, 656841910.00 ns, 2.4469 ns/op
WorkloadWarmup   8: 268435456 op, 657833360.00 ns, 2.4506 ns/op
WorkloadWarmup   9: 268435456 op, 655837527.00 ns, 2.4432 ns/op
WorkloadWarmup  10: 268435456 op, 658440893.00 ns, 2.4529 ns/op
WorkloadWarmup  11: 268435456 op, 656469546.00 ns, 2.4455 ns/op

// BeforeActualRun
WorkloadActual   1: 268435456 op, 655830063.00 ns, 2.4432 ns/op
WorkloadActual   2: 268435456 op, 656120745.00 ns, 2.4442 ns/op
WorkloadActual   3: 268435456 op, 657380320.00 ns, 2.4489 ns/op
WorkloadActual   4: 268435456 op, 658211302.00 ns, 2.4520 ns/op
WorkloadActual   5: 268435456 op, 656203253.00 ns, 2.4445 ns/op
WorkloadActual   6: 268435456 op, 658110098.00 ns, 2.4517 ns/op
WorkloadActual   7: 268435456 op, 658149837.00 ns, 2.4518 ns/op
WorkloadActual   8: 268435456 op, 654535318.00 ns, 2.4383 ns/op
WorkloadActual   9: 268435456 op, 657604338.00 ns, 2.4498 ns/op
WorkloadActual  10: 268435456 op, 657715636.00 ns, 2.4502 ns/op
WorkloadActual  11: 268435456 op, 656341249.00 ns, 2.4451 ns/op
WorkloadActual  12: 268435456 op, 661108420.00 ns, 2.4628 ns/op
WorkloadActual  13: 268435456 op, 655617869.00 ns, 2.4424 ns/op
WorkloadActual  14: 268435456 op, 656875367.00 ns, 2.4471 ns/op
WorkloadActual  15: 268435456 op, 658029031.00 ns, 2.4513 ns/op

// AfterActualRun
WorkloadResult   1: 268435456 op, 158070715.00 ns, 0.5889 ns/op
WorkloadResult   2: 268435456 op, 158361397.00 ns, 0.5899 ns/op
WorkloadResult   3: 268435456 op, 159620972.00 ns, 0.5946 ns/op
WorkloadResult   4: 268435456 op, 160451954.00 ns, 0.5977 ns/op
WorkloadResult   5: 268435456 op, 158443905.00 ns, 0.5902 ns/op
WorkloadResult   6: 268435456 op, 160350750.00 ns, 0.5974 ns/op
WorkloadResult   7: 268435456 op, 160390489.00 ns, 0.5975 ns/op
WorkloadResult   8: 268435456 op, 156775970.00 ns, 0.5840 ns/op
WorkloadResult   9: 268435456 op, 159844990.00 ns, 0.5955 ns/op
WorkloadResult  10: 268435456 op, 159956288.00 ns, 0.5959 ns/op
WorkloadResult  11: 268435456 op, 158581901.00 ns, 0.5908 ns/op
WorkloadResult  12: 268435456 op, 157858521.00 ns, 0.5881 ns/op
WorkloadResult  13: 268435456 op, 159116019.00 ns, 0.5928 ns/op
WorkloadResult  14: 268435456 op, 160269683.00 ns, 0.5971 ns/op
// GC:  0 0 0 32 268435456
// Threading:  0 0 268435456

// AfterAll
// Benchmark Process 4444 has exited with code 0.

Mean = 0.593 ns, StdErr = 0.001 ns (0.19%), N = 14, StdDev = 0.004 ns
Min = 0.584 ns, Q1 = 0.590 ns, Median = 0.594 ns, Q3 = 0.597 ns, Max = 0.598 ns
IQR = 0.007 ns, LowerFence = 0.580 ns, UpperFence = 0.607 ns
ConfidenceInterval = [0.588 ns; 0.598 ns] (CI 99.9%), Margin = 0.005 ns (0.82% of Mean)
Skewness = -0.45, Kurtosis = 1.89, MValue = 2

// ** Remained 58 (48.3 %) benchmark(s) to run. Estimated finish 2026-08-30 7:52 (0h 6m from now) **
// **************************
// Benchmark: ValueObjectBenchmarks.Equals_RecordClass: .NET 10.0(Runtime=.NET 10.0, Toolchain=net10.0)
// *** Execute ***
// Launch: 1 / 1
// Execute: dotnet "EricksonLopez.ValueObjects.Benchmarks-.NET 10.0-1.dll" --anonymousPipes 133 134 --benchmarkName EricksonLopez.ValueObjects.Benchmarks.ValueObjectBenchmarks.Equals_RecordClass --job ".NET 10.0" --benchmarkId 26 in /home/runner/work/dotnet-value-objects/dotnet-value-objects/benchmarks/EricksonLopez.ValueObjects.Benchmarks/bin/Release/net10.0/EricksonLopez.ValueObjects.Benchmarks-.NET 10.0-1/bin/Release/net10.0
// Failed to set up high priority (Permission denied). In order to run benchmarks with high priority, make sure you have the right permissions.
// BeforeAnythingElse

// Benchmark Process Environment Information:
// BenchmarkDotNet v0.15.8
// Runtime=.NET 10.0.11 (10.0.11, 10.0.1126.37416), X64 RyuJIT x86-64-v3
// GC=Concurrent Workstation
// HardwareIntrinsics=AVX2+BMI1+BMI2+F16C+FMA+LZCNT+MOVBE,AVX,SSE3+SSSE3+SSE4.1+SSE4.2+POPCNT,X86Base+SSE+SSE2,AES+PCLMUL VectorSize=256
// Job: .NET 10.0

OverheadJitting  1: 1 op, 227024.00 ns, 227.0240 us/op
WorkloadJitting  1: 1 op, 361255.00 ns, 361.2550 us/op

OverheadJitting  2: 16 op, 348390.00 ns, 21.7744 us/op
WorkloadJitting  2: 16 op, 334885.00 ns, 20.9303 us/op

WorkloadPilot    1: 16 op, 3075.00 ns, 192.1875 ns/op
WorkloadPilot    2: 32 op, 2304.00 ns, 72.0000 ns/op
WorkloadPilot    3: 64 op, 2545.00 ns, 39.7656 ns/op
WorkloadPilot    4: 128 op, 3487.00 ns, 27.2422 ns/op
WorkloadPilot    5: 256 op, 5460.00 ns, 21.3281 ns/op
WorkloadPilot    6: 512 op, 9327.00 ns, 18.2168 ns/op
WorkloadPilot    7: 1024 op, 17002.00 ns, 16.6035 ns/op
WorkloadPilot    8: 2048 op, 32280.00 ns, 15.7617 ns/op
WorkloadPilot    9: 4096 op, 63539.00 ns, 15.5125 ns/op
WorkloadPilot   10: 8192 op, 125966.00 ns, 15.3767 ns/op
WorkloadPilot   11: 16384 op, 268461.00 ns, 16.3856 ns/op
WorkloadPilot   12: 32768 op, 519279.00 ns, 15.8471 ns/op
WorkloadPilot   13: 65536 op, 1026006.00 ns, 15.6556 ns/op
WorkloadPilot   14: 131072 op, 2033276.00 ns, 15.5127 ns/op
WorkloadPilot   15: 262144 op, 4046485.00 ns, 15.4361 ns/op
WorkloadPilot   16: 524288 op, 8107648.00 ns, 15.4641 ns/op
WorkloadPilot   17: 1048576 op, 16243006.00 ns, 15.4905 ns/op
WorkloadPilot   18: 2097152 op, 32287983.00 ns, 15.3961 ns/op
WorkloadPilot   19: 4194304 op, 64784646.00 ns, 15.4459 ns/op
WorkloadPilot   20: 8388608 op, 58182279.00 ns, 6.9359 ns/op
WorkloadPilot   21: 16777216 op, 40334276.00 ns, 2.4041 ns/op
WorkloadPilot   22: 33554432 op, 81019307.00 ns, 2.4146 ns/op
WorkloadPilot   23: 67108864 op, 161532498.00 ns, 2.4070 ns/op
WorkloadPilot   24: 134217728 op, 321398573.00 ns, 2.3946 ns/op
WorkloadPilot   25: 268435456 op, 645088671.00 ns, 2.4031 ns/op

OverheadWarmup   1: 268435456 op, 625951718.00 ns, 2.3319 ns/op
OverheadWarmup   2: 268435456 op, 505285160.00 ns, 1.8823 ns/op
OverheadWarmup   3: 268435456 op, 501395318.00 ns, 1.8678 ns/op
OverheadWarmup   4: 268435456 op, 499132012.00 ns, 1.8594 ns/op
OverheadWarmup   5: 268435456 op, 498263420.00 ns, 1.8562 ns/op
OverheadWarmup   6: 268435456 op, 498730463.00 ns, 1.8579 ns/op
OverheadWarmup   7: 268435456 op, 498567638.00 ns, 1.8573 ns/op
OverheadWarmup   8: 268435456 op, 498525881.00 ns, 1.8572 ns/op
OverheadWarmup   9: 268435456 op, 498562670.00 ns, 1.8573 ns/op
OverheadWarmup  10: 268435456 op, 498472401.00 ns, 1.8570 ns/op

OverheadActual   1: 268435456 op, 498445270.00 ns, 1.8569 ns/op
OverheadActual   2: 268435456 op, 499072351.00 ns, 1.8592 ns/op
OverheadActual   3: 268435456 op, 499440328.00 ns, 1.8606 ns/op
OverheadActual   4: 268435456 op, 499338217.00 ns, 1.8602 ns/op
OverheadActual   5: 268435456 op, 497870492.00 ns, 1.8547 ns/op
OverheadActual   6: 268435456 op, 498085634.00 ns, 1.8555 ns/op
OverheadActual   7: 268435456 op, 498357463.00 ns, 1.8565 ns/op
OverheadActual   8: 268435456 op, 498471536.00 ns, 1.8570 ns/op
OverheadActual   9: 268435456 op, 498279647.00 ns, 1.8562 ns/op
OverheadActual  10: 268435456 op, 499351581.00 ns, 1.8602 ns/op
OverheadActual  11: 268435456 op, 498737523.00 ns, 1.8579 ns/op
OverheadActual  12: 268435456 op, 498478689.00 ns, 1.8570 ns/op
OverheadActual  13: 268435456 op, 503551069.00 ns, 1.8759 ns/op
OverheadActual  14: 268435456 op, 499556183.00 ns, 1.8610 ns/op
OverheadActual  15: 268435456 op, 503031576.00 ns, 1.8739 ns/op

WorkloadWarmup   1: 268435456 op, 643752962.00 ns, 2.3982 ns/op
WorkloadWarmup   2: 268435456 op, 644999919.00 ns, 2.4028 ns/op
WorkloadWarmup   3: 268435456 op, 643486084.00 ns, 2.3972 ns/op
WorkloadWarmup   4: 268435456 op, 644002457.00 ns, 2.3991 ns/op
WorkloadWarmup   5: 268435456 op, 644493695.00 ns, 2.4009 ns/op
WorkloadWarmup   6: 268435456 op, 643992255.00 ns, 2.3991 ns/op

// BeforeActualRun
WorkloadActual   1: 268435456 op, 644728980.00 ns, 2.4018 ns/op
WorkloadActual   2: 268435456 op, 654904226.00 ns, 2.4397 ns/op
WorkloadActual   3: 268435456 op, 645007972.00 ns, 2.4028 ns/op
WorkloadActual   4: 268435456 op, 643070312.00 ns, 2.3956 ns/op
WorkloadActual   5: 268435456 op, 643508060.00 ns, 2.3973 ns/op
WorkloadActual   6: 268435456 op, 643021331.00 ns, 2.3954 ns/op
WorkloadActual   7: 268435456 op, 645230735.00 ns, 2.4037 ns/op
WorkloadActual   8: 268435456 op, 641721994.00 ns, 2.3906 ns/op
WorkloadActual   9: 268435456 op, 643581257.00 ns, 2.3975 ns/op
WorkloadActual  10: 268435456 op, 641597125.00 ns, 2.3901 ns/op
WorkloadActual  11: 268435456 op, 644271401.00 ns, 2.4001 ns/op
WorkloadActual  12: 268435456 op, 643994691.00 ns, 2.3991 ns/op
WorkloadActual  13: 268435456 op, 644945252.00 ns, 2.4026 ns/op
WorkloadActual  14: 268435456 op, 645583962.00 ns, 2.4050 ns/op
WorkloadActual  15: 268435456 op, 640780734.00 ns, 2.3871 ns/op

// AfterActualRun
WorkloadResult   1: 268435456 op, 145991457.00 ns, 0.5439 ns/op
WorkloadResult   2: 268435456 op, 146270449.00 ns, 0.5449 ns/op
WorkloadResult   3: 268435456 op, 144332789.00 ns, 0.5377 ns/op
WorkloadResult   4: 268435456 op, 144770537.00 ns, 0.5393 ns/op
WorkloadResult   5: 268435456 op, 144283808.00 ns, 0.5375 ns/op
WorkloadResult   6: 268435456 op, 146493212.00 ns, 0.5457 ns/op
WorkloadResult   7: 268435456 op, 142984471.00 ns, 0.5327 ns/op
WorkloadResult   8: 268435456 op, 144843734.00 ns, 0.5396 ns/op
WorkloadResult   9: 268435456 op, 142859602.00 ns, 0.5322 ns/op
WorkloadResult  10: 268435456 op, 145533878.00 ns, 0.5422 ns/op
WorkloadResult  11: 268435456 op, 145257168.00 ns, 0.5411 ns/op
WorkloadResult  12: 268435456 op, 146207729.00 ns, 0.5447 ns/op
WorkloadResult  13: 268435456 op, 146846439.00 ns, 0.5470 ns/op
WorkloadResult  14: 268435456 op, 142043211.00 ns, 0.5292 ns/op
// GC:  0 0 0 0 268435456
// Threading:  0 0 268435456

// AfterAll
// Benchmark Process 4467 has exited with code 0.

Mean = 0.540 ns, StdErr = 0.001 ns (0.27%), N = 14, StdDev = 0.006 ns
Min = 0.529 ns, Q1 = 0.538 ns, Median = 0.540 ns, Q3 = 0.544 ns, Max = 0.547 ns
IQR = 0.007 ns, LowerFence = 0.527 ns, UpperFence = 0.555 ns
ConfidenceInterval = [0.534 ns; 0.546 ns] (CI 99.9%), Margin = 0.006 ns (1.15% of Mean)
Skewness = -0.49, Kurtosis = 1.91, MValue = 2

// ** Remained 57 (47.5 %) benchmark(s) to run. Estimated finish 2026-08-30 7:52 (0h 7m from now) **
// **************************
// Benchmark: ValueObjectBenchmarks.Equals_Struct: .NET 10.0(Runtime=.NET 10.0, Toolchain=net10.0)
// *** Execute ***
// Launch: 1 / 1
// Execute: dotnet "EricksonLopez.ValueObjects.Benchmarks-.NET 10.0-1.dll" --anonymousPipes 133 134 --benchmarkName EricksonLopez.ValueObjects.Benchmarks.ValueObjectBenchmarks.Equals_Struct --job ".NET 10.0" --benchmarkId 27 in /home/runner/work/dotnet-value-objects/dotnet-value-objects/benchmarks/EricksonLopez.ValueObjects.Benchmarks/bin/Release/net10.0/EricksonLopez.ValueObjects.Benchmarks-.NET 10.0-1/bin/Release/net10.0
// Failed to set up high priority (Permission denied). In order to run benchmarks with high priority, make sure you have the right permissions.
// BeforeAnythingElse

// Benchmark Process Environment Information:
// BenchmarkDotNet v0.15.8
// Runtime=.NET 10.0.11 (10.0.11, 10.0.1126.37416), X64 RyuJIT x86-64-v3
// GC=Concurrent Workstation
// HardwareIntrinsics=AVX2+BMI1+BMI2+F16C+FMA+LZCNT+MOVBE,AVX,SSE3+SSSE3+SSE4.1+SSE4.2+POPCNT,X86Base+SSE+SSE2,AES+PCLMUL VectorSize=256
// Job: .NET 10.0

OverheadJitting  1: 1 op, 220380.00 ns, 220.3800 us/op
WorkloadJitting  1: 1 op, 260465.00 ns, 260.4650 us/op

OverheadJitting  2: 16 op, 346645.00 ns, 21.6653 us/op
WorkloadJitting  2: 16 op, 332129.00 ns, 20.7581 us/op

WorkloadPilot    1: 16 op, 1132.00 ns, 70.7500 ns/op
WorkloadPilot    2: 32 op, 1102.00 ns, 34.4375 ns/op
WorkloadPilot    3: 64 op, 1292.00 ns, 20.1875 ns/op
WorkloadPilot    4: 128 op, 1723.00 ns, 13.4609 ns/op
WorkloadPilot    5: 256 op, 2745.00 ns, 10.7227 ns/op
WorkloadPilot    6: 512 op, 5280.00 ns, 10.3125 ns/op
WorkloadPilot    7: 1024 op, 9067.00 ns, 8.8545 ns/op
WorkloadPilot    8: 2048 op, 17503.00 ns, 8.5464 ns/op
WorkloadPilot    9: 4096 op, 34344.00 ns, 8.3848 ns/op
WorkloadPilot   10: 8192 op, 67746.00 ns, 8.2698 ns/op
WorkloadPilot   11: 16384 op, 165628.00 ns, 10.1091 ns/op
WorkloadPilot   12: 32768 op, 269011.00 ns, 8.2096 ns/op
WorkloadPilot   13: 65536 op, 537632.00 ns, 8.2036 ns/op
WorkloadPilot   14: 131072 op, 1093016.00 ns, 8.3391 ns/op
WorkloadPilot   15: 262144 op, 2189790.00 ns, 8.3534 ns/op
WorkloadPilot   16: 524288 op, 4378989.00 ns, 8.3523 ns/op
WorkloadPilot   17: 1048576 op, 8676927.00 ns, 8.2750 ns/op
WorkloadPilot   18: 2097152 op, 17377997.00 ns, 8.2865 ns/op
WorkloadPilot   19: 4194304 op, 34706382.00 ns, 8.2746 ns/op
WorkloadPilot   20: 8388608 op, 69374562.00 ns, 8.2701 ns/op
WorkloadPilot   21: 16777216 op, 76005537.00 ns, 4.5303 ns/op
WorkloadPilot   22: 33554432 op, 78339174.00 ns, 2.3347 ns/op
WorkloadPilot   23: 67108864 op, 156832668.00 ns, 2.3370 ns/op
WorkloadPilot   24: 134217728 op, 313135718.00 ns, 2.3330 ns/op
WorkloadPilot   25: 268435456 op, 629925656.00 ns, 2.3467 ns/op

OverheadWarmup   1: 268435456 op, 776895433.00 ns, 2.8942 ns/op
OverheadWarmup   2: 268435456 op, 487055410.00 ns, 1.8144 ns/op
OverheadWarmup   3: 268435456 op, 486521834.00 ns, 1.8124 ns/op
OverheadWarmup   4: 268435456 op, 486998975.00 ns, 1.8142 ns/op
OverheadWarmup   5: 268435456 op, 486046987.00 ns, 1.8107 ns/op
OverheadWarmup   6: 268435456 op, 486007797.00 ns, 1.8105 ns/op
OverheadWarmup   7: 268435456 op, 486107631.00 ns, 1.8109 ns/op
OverheadWarmup   8: 268435456 op, 487830167.00 ns, 1.8173 ns/op
OverheadWarmup   9: 268435456 op, 486150952.00 ns, 1.8111 ns/op

OverheadActual   1: 268435456 op, 486872720.00 ns, 1.8137 ns/op
OverheadActual   2: 268435456 op, 489943231.00 ns, 1.8252 ns/op
OverheadActual   3: 268435456 op, 487249503.00 ns, 1.8151 ns/op
OverheadActual   4: 268435456 op, 486396430.00 ns, 1.8120 ns/op
OverheadActual   5: 268435456 op, 485842265.00 ns, 1.8099 ns/op
OverheadActual   6: 268435456 op, 485866891.00 ns, 1.8100 ns/op
OverheadActual   7: 268435456 op, 486074650.00 ns, 1.8108 ns/op
OverheadActual   8: 268435456 op, 487834054.00 ns, 1.8173 ns/op
OverheadActual   9: 268435456 op, 486525120.00 ns, 1.8124 ns/op
OverheadActual  10: 268435456 op, 486477011.00 ns, 1.8123 ns/op
OverheadActual  11: 268435456 op, 486226422.00 ns, 1.8113 ns/op
OverheadActual  12: 268435456 op, 486088345.00 ns, 1.8108 ns/op
OverheadActual  13: 268435456 op, 484574738.00 ns, 1.8052 ns/op
OverheadActual  14: 268435456 op, 486716041.00 ns, 1.8132 ns/op
OverheadActual  15: 268435456 op, 490432075.00 ns, 1.8270 ns/op

WorkloadWarmup   1: 268435456 op, 625826463.00 ns, 2.3314 ns/op
WorkloadWarmup   2: 268435456 op, 626762229.00 ns, 2.3349 ns/op
WorkloadWarmup   3: 268435456 op, 626507424.00 ns, 2.3339 ns/op
WorkloadWarmup   4: 268435456 op, 626940892.00 ns, 2.3355 ns/op
WorkloadWarmup   5: 268435456 op, 625857721.00 ns, 2.3315 ns/op
WorkloadWarmup   6: 268435456 op, 625979859.00 ns, 2.3320 ns/op

// BeforeActualRun
WorkloadActual   1: 268435456 op, 625600039.00 ns, 2.3305 ns/op
WorkloadActual   2: 268435456 op, 626459624.00 ns, 2.3337 ns/op
WorkloadActual   3: 268435456 op, 626607220.00 ns, 2.3343 ns/op
WorkloadActual   4: 268435456 op, 625870865.00 ns, 2.3316 ns/op
WorkloadActual   5: 268435456 op, 626452461.00 ns, 2.3337 ns/op
WorkloadActual   6: 268435456 op, 626409233.00 ns, 2.3336 ns/op
WorkloadActual   7: 268435456 op, 625836518.00 ns, 2.3314 ns/op
WorkloadActual   8: 268435456 op, 625759416.00 ns, 2.3311 ns/op
WorkloadActual   9: 268435456 op, 625344429.00 ns, 2.3296 ns/op
WorkloadActual  10: 268435456 op, 624513008.00 ns, 2.3265 ns/op
WorkloadActual  11: 268435456 op, 625724920.00 ns, 2.3310 ns/op
WorkloadActual  12: 268435456 op, 625537720.00 ns, 2.3303 ns/op
WorkloadActual  13: 268435456 op, 625971741.00 ns, 2.3319 ns/op
WorkloadActual  14: 268435456 op, 626890746.00 ns, 2.3354 ns/op
WorkloadActual  15: 268435456 op, 625715152.00 ns, 2.3310 ns/op

// AfterActualRun
WorkloadResult   1: 268435456 op, 139123028.00 ns, 0.5183 ns/op
WorkloadResult   2: 268435456 op, 139982613.00 ns, 0.5215 ns/op
WorkloadResult   3: 268435456 op, 140130209.00 ns, 0.5220 ns/op
WorkloadResult   4: 268435456 op, 139393854.00 ns, 0.5193 ns/op
WorkloadResult   5: 268435456 op, 139975450.00 ns, 0.5214 ns/op
WorkloadResult   6: 268435456 op, 139932222.00 ns, 0.5213 ns/op
WorkloadResult   7: 268435456 op, 139359507.00 ns, 0.5192 ns/op
WorkloadResult   8: 268435456 op, 139282405.00 ns, 0.5189 ns/op
WorkloadResult   9: 268435456 op, 138867418.00 ns, 0.5173 ns/op
WorkloadResult  10: 268435456 op, 138035997.00 ns, 0.5142 ns/op
WorkloadResult  11: 268435456 op, 139247909.00 ns, 0.5187 ns/op
WorkloadResult  12: 268435456 op, 139060709.00 ns, 0.5180 ns/op
WorkloadResult  13: 268435456 op, 139494730.00 ns, 0.5197 ns/op
WorkloadResult  14: 268435456 op, 140413735.00 ns, 0.5231 ns/op
WorkloadResult  15: 268435456 op, 139238141.00 ns, 0.5187 ns/op
// GC:  0 0 0 0 268435456
// Threading:  0 0 268435456

// AfterAll
// Benchmark Process 4486 has exited with code 0.

Mean = 0.519 ns, StdErr = 0.001 ns (0.11%), N = 15, StdDev = 0.002 ns
Min = 0.514 ns, Q1 = 0.518 ns, Median = 0.519 ns, Q3 = 0.521 ns, Max = 0.523 ns
IQR = 0.003 ns, LowerFence = 0.514 ns, UpperFence = 0.526 ns
ConfidenceInterval = [0.517 ns; 0.522 ns] (CI 99.9%), Margin = 0.002 ns (0.45% of Mean)
Skewness = -0.42, Kurtosis = 2.91, MValue = 2

// ** Remained 56 (46.7 %) benchmark(s) to run. Estimated finish 2026-08-30 7:53 (0h 7m from now) **
// **************************
// Benchmark: ValueObjectBenchmarks.Equals_RecordStruct: .NET 10.0(Runtime=.NET 10.0, Toolchain=net10.0)
// *** Execute ***
// Launch: 1 / 1
// Execute: dotnet "EricksonLopez.ValueObjects.Benchmarks-.NET 10.0-1.dll" --anonymousPipes 133 134 --benchmarkName EricksonLopez.ValueObjects.Benchmarks.ValueObjectBenchmarks.Equals_RecordStruct --job ".NET 10.0" --benchmarkId 28 in /home/runner/work/dotnet-value-objects/dotnet-value-objects/benchmarks/EricksonLopez.ValueObjects.Benchmarks/bin/Release/net10.0/EricksonLopez.ValueObjects.Benchmarks-.NET 10.0-1/bin/Release/net10.0
// Failed to set up high priority (Permission denied). In order to run benchmarks with high priority, make sure you have the right permissions.
// BeforeAnythingElse

// Benchmark Process Environment Information:
// BenchmarkDotNet v0.15.8
// Runtime=.NET 10.0.11 (10.0.11, 10.0.1126.37416), X64 RyuJIT x86-64-v3
// GC=Concurrent Workstation
// HardwareIntrinsics=AVX2+BMI1+BMI2+F16C+FMA+LZCNT+MOVBE,AVX,SSE3+SSSE3+SSE4.1+SSE4.2+POPCNT,X86Base+SSE+SSE2,AES+PCLMUL VectorSize=256
// Job: .NET 10.0

OverheadJitting  1: 1 op, 233185.00 ns, 233.1850 us/op
WorkloadJitting  1: 1 op, 348250.00 ns, 348.2500 us/op

OverheadJitting  2: 16 op, 360163.00 ns, 22.5102 us/op
WorkloadJitting  2: 16 op, 337279.00 ns, 21.0799 us/op

WorkloadPilot    1: 16 op, 2434.00 ns, 152.1250 ns/op
WorkloadPilot    2: 32 op, 1973.00 ns, 61.6563 ns/op
WorkloadPilot    3: 64 op, 2074.00 ns, 32.4063 ns/op
WorkloadPilot    4: 128 op, 2555.00 ns, 19.9609 ns/op
WorkloadPilot    5: 256 op, 3777.00 ns, 14.7539 ns/op
WorkloadPilot    6: 512 op, 6362.00 ns, 12.4258 ns/op
WorkloadPilot    7: 1024 op, 11542.00 ns, 11.2715 ns/op
WorkloadPilot    8: 2048 op, 21851.00 ns, 10.6694 ns/op
WorkloadPilot    9: 4096 op, 42158.00 ns, 10.2925 ns/op
WorkloadPilot   10: 8192 op, 83346.00 ns, 10.1741 ns/op
WorkloadPilot   11: 16384 op, 165129.00 ns, 10.0787 ns/op
WorkloadPilot   12: 32768 op, 329144.00 ns, 10.0447 ns/op
WorkloadPilot   13: 65536 op, 656937.00 ns, 10.0241 ns/op
WorkloadPilot   14: 131072 op, 1351944.00 ns, 10.3145 ns/op
WorkloadPilot   15: 262144 op, 2664574.00 ns, 10.1645 ns/op
WorkloadPilot   16: 524288 op, 5329377.00 ns, 10.1650 ns/op
WorkloadPilot   17: 1048576 op, 10650400.00 ns, 10.1570 ns/op
WorkloadPilot   18: 2097152 op, 21209780.00 ns, 10.1136 ns/op
WorkloadPilot   19: 4194304 op, 42448673.00 ns, 10.1206 ns/op
WorkloadPilot   20: 8388608 op, 72773457.00 ns, 8.6753 ns/op
WorkloadPilot   21: 16777216 op, 36413849.00 ns, 2.1704 ns/op
WorkloadPilot   22: 33554432 op, 73090886.00 ns, 2.1783 ns/op
WorkloadPilot   23: 67108864 op, 145834002.00 ns, 2.1731 ns/op
WorkloadPilot   24: 134217728 op, 292187699.00 ns, 2.1770 ns/op
WorkloadPilot   25: 268435456 op, 585376959.00 ns, 2.1807 ns/op

OverheadWarmup   1: 268435456 op, 736362222.00 ns, 2.7432 ns/op
OverheadWarmup   2: 268435456 op, 497865199.00 ns, 1.8547 ns/op
OverheadWarmup   3: 268435456 op, 497767576.00 ns, 1.8543 ns/op
OverheadWarmup   4: 268435456 op, 497218211.00 ns, 1.8523 ns/op
OverheadWarmup   5: 268435456 op, 496714971.00 ns, 1.8504 ns/op
OverheadWarmup   6: 268435456 op, 496553369.00 ns, 1.8498 ns/op
OverheadWarmup   7: 268435456 op, 497133132.00 ns, 1.8520 ns/op
OverheadWarmup   8: 268435456 op, 498411819.00 ns, 1.8567 ns/op
OverheadWarmup   9: 268435456 op, 495717258.00 ns, 1.8467 ns/op
OverheadWarmup  10: 268435456 op, 497567813.00 ns, 1.8536 ns/op

OverheadActual   1: 268435456 op, 504912580.00 ns, 1.8809 ns/op
OverheadActual   2: 268435456 op, 498526002.00 ns, 1.8572 ns/op
OverheadActual   3: 268435456 op, 497553707.00 ns, 1.8535 ns/op
OverheadActual   4: 268435456 op, 499572164.00 ns, 1.8611 ns/op
OverheadActual   5: 268435456 op, 496549783.00 ns, 1.8498 ns/op
OverheadActual   6: 268435456 op, 499117106.00 ns, 1.8594 ns/op
OverheadActual   7: 268435456 op, 501528110.00 ns, 1.8683 ns/op
OverheadActual   8: 268435456 op, 500781025.00 ns, 1.8656 ns/op
OverheadActual   9: 268435456 op, 497437572.00 ns, 1.8531 ns/op
OverheadActual  10: 268435456 op, 496835759.00 ns, 1.8509 ns/op
OverheadActual  11: 268435456 op, 498112373.00 ns, 1.8556 ns/op
OverheadActual  12: 268435456 op, 498851022.00 ns, 1.8584 ns/op
OverheadActual  13: 268435456 op, 497139246.00 ns, 1.8520 ns/op
OverheadActual  14: 268435456 op, 497976158.00 ns, 1.8551 ns/op
OverheadActual  15: 268435456 op, 497228293.00 ns, 1.8523 ns/op

WorkloadWarmup   1: 268435456 op, 583660463.00 ns, 2.1743 ns/op
WorkloadWarmup   2: 268435456 op, 583312693.00 ns, 2.1730 ns/op
WorkloadWarmup   3: 268435456 op, 584858448.00 ns, 2.1788 ns/op
WorkloadWarmup   4: 268435456 op, 582938064.00 ns, 2.1716 ns/op
WorkloadWarmup   5: 268435456 op, 583550226.00 ns, 2.1739 ns/op
WorkloadWarmup   6: 268435456 op, 584612369.00 ns, 2.1779 ns/op
WorkloadWarmup   7: 268435456 op, 583923466.00 ns, 2.1753 ns/op

// BeforeActualRun
WorkloadActual   1: 268435456 op, 583497791.00 ns, 2.1737 ns/op
WorkloadActual   2: 268435456 op, 583733211.00 ns, 2.1746 ns/op
WorkloadActual   3: 268435456 op, 582064175.00 ns, 2.1684 ns/op
WorkloadActual   4: 268435456 op, 583476401.00 ns, 2.1736 ns/op
WorkloadActual   5: 268435456 op, 584509480.00 ns, 2.1775 ns/op
WorkloadActual   6: 268435456 op, 583680182.00 ns, 2.1744 ns/op
WorkloadActual   7: 268435456 op, 585158873.00 ns, 2.1799 ns/op
WorkloadActual   8: 268435456 op, 585422084.00 ns, 2.1809 ns/op
WorkloadActual   9: 268435456 op, 590179257.00 ns, 2.1986 ns/op
WorkloadActual  10: 268435456 op, 583582259.00 ns, 2.1740 ns/op
WorkloadActual  11: 268435456 op, 588094003.00 ns, 2.1908 ns/op
WorkloadActual  12: 268435456 op, 582699546.00 ns, 2.1707 ns/op
WorkloadActual  13: 268435456 op, 582292137.00 ns, 2.1692 ns/op
WorkloadActual  14: 268435456 op, 584596080.00 ns, 2.1778 ns/op
WorkloadActual  15: 268435456 op, 583344072.00 ns, 2.1731 ns/op

// AfterActualRun
WorkloadResult   1: 268435456 op, 85385418.00 ns, 0.3181 ns/op
WorkloadResult   2: 268435456 op, 85620838.00 ns, 0.3190 ns/op
WorkloadResult   3: 268435456 op, 83951802.00 ns, 0.3127 ns/op
WorkloadResult   4: 268435456 op, 85364028.00 ns, 0.3180 ns/op
WorkloadResult   5: 268435456 op, 86397107.00 ns, 0.3219 ns/op
WorkloadResult   6: 268435456 op, 85567809.00 ns, 0.3188 ns/op
WorkloadResult   7: 268435456 op, 87046500.00 ns, 0.3243 ns/op
WorkloadResult   8: 268435456 op, 87309711.00 ns, 0.3253 ns/op
WorkloadResult   9: 268435456 op, 85469886.00 ns, 0.3184 ns/op
WorkloadResult  10: 268435456 op, 84587173.00 ns, 0.3151 ns/op
WorkloadResult  11: 268435456 op, 84179764.00 ns, 0.3136 ns/op
WorkloadResult  12: 268435456 op, 86483707.00 ns, 0.3222 ns/op
WorkloadResult  13: 268435456 op, 85231699.00 ns, 0.3175 ns/op
// GC:  0 0 0 32 268435456
// Threading:  0 0 268435456

// AfterAll
// Benchmark Process 4504 has exited with code 0.

Mean = 0.319 ns, StdErr = 0.001 ns (0.33%), N = 13, StdDev = 0.004 ns
Min = 0.313 ns, Q1 = 0.318 ns, Median = 0.318 ns, Q3 = 0.322 ns, Max = 0.325 ns
IQR = 0.004 ns, LowerFence = 0.311 ns, UpperFence = 0.328 ns
ConfidenceInterval = [0.314 ns; 0.323 ns] (CI 99.9%), Margin = 0.005 ns (1.42% of Mean)
Skewness = 0.1, Kurtosis = 1.9, MValue = 2

// ** Remained 55 (45.8 %) benchmark(s) to run. Estimated finish 2026-08-30 7:53 (0h 7m from now) **
// **************************
// Benchmark: ValueObjectBenchmarks.Domain_Equals_Money: .NET 10.0(Runtime=.NET 10.0, Toolchain=net10.0)
// *** Execute ***
// Launch: 1 / 1
// Execute: dotnet "EricksonLopez.ValueObjects.Benchmarks-.NET 10.0-1.dll" --anonymousPipes 133 134 --benchmarkName EricksonLopez.ValueObjects.Benchmarks.ValueObjectBenchmarks.Domain_Equals_Money --job ".NET 10.0" --benchmarkId 29 in /home/runner/work/dotnet-value-objects/dotnet-value-objects/benchmarks/EricksonLopez.ValueObjects.Benchmarks/bin/Release/net10.0/EricksonLopez.ValueObjects.Benchmarks-.NET 10.0-1/bin/Release/net10.0
// Failed to set up high priority (Permission denied). In order to run benchmarks with high priority, make sure you have the right permissions.
// BeforeAnythingElse

// Benchmark Process Environment Information:
// BenchmarkDotNet v0.15.8
// Runtime=.NET 10.0.11 (10.0.11, 10.0.1126.37416), X64 RyuJIT x86-64-v3
// GC=Concurrent Workstation
// HardwareIntrinsics=AVX2+BMI1+BMI2+F16C+FMA+LZCNT+MOVBE,AVX,SSE3+SSSE3+SSE4.1+SSE4.2+POPCNT,X86Base+SSE+SSE2,AES+PCLMUL VectorSize=256
// Job: .NET 10.0

OverheadJitting  1: 1 op, 252632.00 ns, 252.6320 us/op
WorkloadJitting  1: 1 op, 712631.00 ns, 712.6310 us/op

OverheadJitting  2: 16 op, 357899.00 ns, 22.3687 us/op
WorkloadJitting  2: 16 op, 343661.00 ns, 21.4788 us/op

WorkloadPilot    1: 16 op, 2395.00 ns, 149.6875 ns/op
WorkloadPilot    2: 32 op, 1864.00 ns, 58.2500 ns/op
WorkloadPilot    3: 64 op, 2464.00 ns, 38.5000 ns/op
WorkloadPilot    4: 128 op, 3717.00 ns, 29.0391 ns/op
WorkloadPilot    5: 256 op, 6262.00 ns, 24.4609 ns/op
WorkloadPilot    6: 512 op, 11561.00 ns, 22.5801 ns/op
WorkloadPilot    7: 1024 op, 21941.00 ns, 21.4268 ns/op
WorkloadPilot    8: 2048 op, 43121.00 ns, 21.0552 ns/op
WorkloadPilot    9: 4096 op, 100668.00 ns, 24.5771 ns/op
WorkloadPilot   10: 8192 op, 178914.00 ns, 21.8401 ns/op
WorkloadPilot   11: 16384 op, 370693.00 ns, 22.6253 ns/op
WorkloadPilot   12: 32768 op, 711990.00 ns, 21.7282 ns/op
WorkloadPilot   13: 65536 op, 1382713.00 ns, 21.0985 ns/op
WorkloadPilot   14: 131072 op, 2729046.00 ns, 20.8210 ns/op
WorkloadPilot   15: 262144 op, 5502886.00 ns, 20.9918 ns/op
WorkloadPilot   16: 524288 op, 10925102.00 ns, 20.8380 ns/op
WorkloadPilot   17: 1048576 op, 21758833.00 ns, 20.7508 ns/op
WorkloadPilot   18: 2097152 op, 43422758.00 ns, 20.7056 ns/op
WorkloadPilot   19: 4194304 op, 85997103.00 ns, 20.5033 ns/op
WorkloadPilot   20: 8388608 op, 60030382.00 ns, 7.1562 ns/op
WorkloadPilot   21: 16777216 op, 116513228.00 ns, 6.9447 ns/op
WorkloadPilot   22: 33554432 op, 233564871.00 ns, 6.9608 ns/op
WorkloadPilot   23: 67108864 op, 466544519.00 ns, 6.9521 ns/op
WorkloadPilot   24: 134217728 op, 934140573.00 ns, 6.9599 ns/op

OverheadWarmup   1: 134217728 op, 342001988.00 ns, 2.5481 ns/op
OverheadWarmup   2: 134217728 op, 249650189.00 ns, 1.8600 ns/op
OverheadWarmup   3: 134217728 op, 249188537.00 ns, 1.8566 ns/op
OverheadWarmup   4: 134217728 op, 250490849.00 ns, 1.8663 ns/op
OverheadWarmup   5: 134217728 op, 250056057.00 ns, 1.8631 ns/op
OverheadWarmup   6: 134217728 op, 249599665.00 ns, 1.8597 ns/op
OverheadWarmup   7: 134217728 op, 247735173.00 ns, 1.8458 ns/op
OverheadWarmup   8: 134217728 op, 250282269.00 ns, 1.8647 ns/op
OverheadWarmup   9: 134217728 op, 249399401.00 ns, 1.8582 ns/op

OverheadActual   1: 134217728 op, 252477329.00 ns, 1.8811 ns/op
OverheadActual   2: 134217728 op, 251903607.00 ns, 1.8768 ns/op
OverheadActual   3: 134217728 op, 249287101.00 ns, 1.8573 ns/op
OverheadActual   4: 134217728 op, 249353274.00 ns, 1.8578 ns/op
OverheadActual   5: 134217728 op, 249545733.00 ns, 1.8593 ns/op
OverheadActual   6: 134217728 op, 249043256.00 ns, 1.8555 ns/op
OverheadActual   7: 134217728 op, 249008300.00 ns, 1.8553 ns/op
OverheadActual   8: 134217728 op, 248376941.00 ns, 1.8506 ns/op
OverheadActual   9: 134217728 op, 249411684.00 ns, 1.8583 ns/op
OverheadActual  10: 134217728 op, 248604457.00 ns, 1.8522 ns/op
OverheadActual  11: 134217728 op, 248272387.00 ns, 1.8498 ns/op
OverheadActual  12: 134217728 op, 248724991.00 ns, 1.8531 ns/op
OverheadActual  13: 134217728 op, 248130331.00 ns, 1.8487 ns/op
OverheadActual  14: 134217728 op, 249166145.00 ns, 1.8564 ns/op
OverheadActual  15: 134217728 op, 249830937.00 ns, 1.8614 ns/op

WorkloadWarmup   1: 134217728 op, 933583398.00 ns, 6.9557 ns/op
WorkloadWarmup   2: 134217728 op, 933569855.00 ns, 6.9556 ns/op
WorkloadWarmup   3: 134217728 op, 933251941.00 ns, 6.9533 ns/op
WorkloadWarmup   4: 134217728 op, 931595109.00 ns, 6.9409 ns/op
WorkloadWarmup   5: 134217728 op, 932138543.00 ns, 6.9450 ns/op
WorkloadWarmup   6: 134217728 op, 933455990.00 ns, 6.9548 ns/op
WorkloadWarmup   7: 134217728 op, 933006154.00 ns, 6.9514 ns/op
WorkloadWarmup   8: 134217728 op, 933278412.00 ns, 6.9535 ns/op
WorkloadWarmup   9: 134217728 op, 933370816.00 ns, 6.9542 ns/op
WorkloadWarmup  10: 134217728 op, 932696386.00 ns, 6.9491 ns/op

// BeforeActualRun
WorkloadActual   1: 134217728 op, 934511567.00 ns, 6.9627 ns/op
WorkloadActual   2: 134217728 op, 933112222.00 ns, 6.9522 ns/op
WorkloadActual   3: 134217728 op, 933144682.00 ns, 6.9525 ns/op
WorkloadActual   4: 134217728 op, 932396446.00 ns, 6.9469 ns/op
WorkloadActual   5: 134217728 op, 933130778.00 ns, 6.9524 ns/op
WorkloadActual   6: 134217728 op, 932937696.00 ns, 6.9509 ns/op
WorkloadActual   7: 134217728 op, 935790973.00 ns, 6.9722 ns/op
WorkloadActual   8: 134217728 op, 933534150.00 ns, 6.9554 ns/op
WorkloadActual   9: 134217728 op, 932615605.00 ns, 6.9485 ns/op
WorkloadActual  10: 134217728 op, 932854210.00 ns, 6.9503 ns/op
WorkloadActual  11: 134217728 op, 932551956.00 ns, 6.9481 ns/op
WorkloadActual  12: 134217728 op, 933765572.00 ns, 6.9571 ns/op
WorkloadActual  13: 134217728 op, 933570560.00 ns, 6.9556 ns/op
WorkloadActual  14: 134217728 op, 933787763.00 ns, 6.9573 ns/op
WorkloadActual  15: 134217728 op, 933288477.00 ns, 6.9535 ns/op

// AfterActualRun
WorkloadResult   1: 134217728 op, 685345422.00 ns, 5.1062 ns/op
WorkloadResult   2: 134217728 op, 683946077.00 ns, 5.0958 ns/op
WorkloadResult   3: 134217728 op, 683978537.00 ns, 5.0960 ns/op
WorkloadResult   4: 134217728 op, 683230301.00 ns, 5.0905 ns/op
WorkloadResult   5: 134217728 op, 683964633.00 ns, 5.0959 ns/op
WorkloadResult   6: 134217728 op, 683771551.00 ns, 5.0945 ns/op
WorkloadResult   7: 134217728 op, 684368005.00 ns, 5.0989 ns/op
WorkloadResult   8: 134217728 op, 683449460.00 ns, 5.0921 ns/op
WorkloadResult   9: 134217728 op, 683688065.00 ns, 5.0939 ns/op
WorkloadResult  10: 134217728 op, 683385811.00 ns, 5.0916 ns/op
WorkloadResult  11: 134217728 op, 684599427.00 ns, 5.1007 ns/op
WorkloadResult  12: 134217728 op, 684404415.00 ns, 5.0992 ns/op
WorkloadResult  13: 134217728 op, 684621618.00 ns, 5.1008 ns/op
WorkloadResult  14: 134217728 op, 684122332.00 ns, 5.0971 ns/op
// GC:  0 0 0 0 134217728
// Threading:  0 0 134217728

// AfterAll
// Benchmark Process 4528 has exited with code 0.

Mean = 5.097 ns, StdErr = 0.001 ns (0.02%), N = 14, StdDev = 0.004 ns
Min = 5.090 ns, Q1 = 5.094 ns, Median = 5.096 ns, Q3 = 5.099 ns, Max = 5.106 ns
IQR = 0.005 ns, LowerFence = 5.086 ns, UpperFence = 5.107 ns
ConfidenceInterval = [5.092 ns; 5.101 ns] (CI 99.9%), Margin = 0.005 ns (0.09% of Mean)
Skewness = 0.5, Kurtosis = 2.53, MValue = 2

// ** Remained 54 (45.0 %) benchmark(s) to run. Estimated finish 2026-08-30 7:54 (0h 7m from now) **
// **************************
// Benchmark: ValueObjectBenchmarks.HashCode_Class: .NET 10.0(Runtime=.NET 10.0, Toolchain=net10.0)
// *** Execute ***
// Launch: 1 / 1
// Execute: dotnet "EricksonLopez.ValueObjects.Benchmarks-.NET 10.0-1.dll" --anonymousPipes 133 134 --benchmarkName EricksonLopez.ValueObjects.Benchmarks.ValueObjectBenchmarks.HashCode_Class --job ".NET 10.0" --benchmarkId 30 in /home/runner/work/dotnet-value-objects/dotnet-value-objects/benchmarks/EricksonLopez.ValueObjects.Benchmarks/bin/Release/net10.0/EricksonLopez.ValueObjects.Benchmarks-.NET 10.0-1/bin/Release/net10.0
// Failed to set up high priority (Permission denied). In order to run benchmarks with high priority, make sure you have the right permissions.
// BeforeAnythingElse

// Benchmark Process Environment Information:
// BenchmarkDotNet v0.15.8
// Runtime=.NET 10.0.11 (10.0.11, 10.0.1126.37416), X64 RyuJIT x86-64-v3
// GC=Concurrent Workstation
// HardwareIntrinsics=AVX2+BMI1+BMI2+F16C+FMA+LZCNT+MOVBE,AVX,SSE3+SSSE3+SSE4.1+SSE4.2+POPCNT,X86Base+SSE+SSE2,AES+PCLMUL VectorSize=256
// Job: .NET 10.0

OverheadJitting  1: 1 op, 217176.00 ns, 217.1760 us/op
WorkloadJitting  1: 1 op, 214130.00 ns, 214.1300 us/op

OverheadJitting  2: 16 op, 376523.00 ns, 23.5327 us/op
WorkloadJitting  2: 16 op, 349854.00 ns, 21.8659 us/op

WorkloadPilot    1: 16 op, 1302.00 ns, 81.3750 ns/op
WorkloadPilot    2: 32 op, 1663.00 ns, 51.9688 ns/op
WorkloadPilot    3: 64 op, 2284.00 ns, 35.6875 ns/op
WorkloadPilot    4: 128 op, 3787.00 ns, 29.5859 ns/op
WorkloadPilot    5: 256 op, 6892.00 ns, 26.9219 ns/op
WorkloadPilot    6: 512 op, 13125.00 ns, 25.6348 ns/op
WorkloadPilot    7: 1024 op, 25347.00 ns, 24.7529 ns/op
WorkloadPilot    8: 2048 op, 50124.00 ns, 24.4746 ns/op
WorkloadPilot    9: 4096 op, 99085.00 ns, 24.1907 ns/op
WorkloadPilot   10: 8192 op, 197569.00 ns, 24.1173 ns/op
WorkloadPilot   11: 16384 op, 392644.00 ns, 23.9651 ns/op
WorkloadPilot   12: 32768 op, 788092.00 ns, 24.0507 ns/op
WorkloadPilot   13: 65536 op, 1592454.00 ns, 24.2989 ns/op
WorkloadPilot   14: 131072 op, 3201018.00 ns, 24.4218 ns/op
WorkloadPilot   15: 262144 op, 6354989.00 ns, 24.2424 ns/op
WorkloadPilot   16: 524288 op, 12765252.00 ns, 24.3478 ns/op
WorkloadPilot   17: 1048576 op, 25458299.00 ns, 24.2789 ns/op
WorkloadPilot   18: 2097152 op, 50726332.00 ns, 24.1882 ns/op
WorkloadPilot   19: 4194304 op, 98117224.00 ns, 23.3930 ns/op
WorkloadPilot   20: 8388608 op, 172882093.00 ns, 20.6092 ns/op
WorkloadPilot   21: 16777216 op, 345052888.00 ns, 20.5668 ns/op
WorkloadPilot   22: 33554432 op, 690457913.00 ns, 20.5772 ns/op

OverheadWarmup   1: 33554432 op, 77741649.00 ns, 2.3169 ns/op
OverheadWarmup   2: 33554432 op, 78042521.00 ns, 2.3258 ns/op
OverheadWarmup   3: 33554432 op, 86357210.00 ns, 2.5736 ns/op
OverheadWarmup   4: 33554432 op, 56898440.00 ns, 1.6957 ns/op
OverheadWarmup   5: 33554432 op, 56785138.00 ns, 1.6923 ns/op
OverheadWarmup   6: 33554432 op, 56794485.00 ns, 1.6926 ns/op
OverheadWarmup   7: 33554432 op, 56881969.00 ns, 1.6952 ns/op
OverheadWarmup   8: 33554432 op, 56828339.00 ns, 1.6936 ns/op

OverheadActual   1: 33554432 op, 56972948.00 ns, 1.6979 ns/op
OverheadActual   2: 33554432 op, 56800186.00 ns, 1.6928 ns/op
OverheadActual   3: 33554432 op, 56920070.00 ns, 1.6964 ns/op
OverheadActual   4: 33554432 op, 56765502.00 ns, 1.6917 ns/op
OverheadActual   5: 33554432 op, 56946149.00 ns, 1.6971 ns/op
OverheadActual   6: 33554432 op, 56923015.00 ns, 1.6964 ns/op
OverheadActual   7: 33554432 op, 57075931.00 ns, 1.7010 ns/op
OverheadActual   8: 33554432 op, 57561969.00 ns, 1.7155 ns/op
OverheadActual   9: 33554432 op, 56807640.00 ns, 1.6930 ns/op
OverheadActual  10: 33554432 op, 56821957.00 ns, 1.6934 ns/op
OverheadActual  11: 33554432 op, 56785318.00 ns, 1.6923 ns/op
OverheadActual  12: 33554432 op, 56795768.00 ns, 1.6926 ns/op
OverheadActual  13: 33554432 op, 56831484.00 ns, 1.6937 ns/op
OverheadActual  14: 33554432 op, 56796509.00 ns, 1.6927 ns/op
OverheadActual  15: 33554432 op, 56784256.00 ns, 1.6923 ns/op

WorkloadWarmup   1: 33554432 op, 690824918.00 ns, 20.5882 ns/op
WorkloadWarmup   2: 33554432 op, 689878852.00 ns, 20.5600 ns/op
WorkloadWarmup   3: 33554432 op, 689873500.00 ns, 20.5598 ns/op
WorkloadWarmup   4: 33554432 op, 695357277.00 ns, 20.7233 ns/op
WorkloadWarmup   5: 33554432 op, 691804343.00 ns, 20.6174 ns/op
WorkloadWarmup   6: 33554432 op, 694693515.00 ns, 20.7035 ns/op
WorkloadWarmup   7: 33554432 op, 692162362.00 ns, 20.6280 ns/op

// BeforeActualRun
WorkloadActual   1: 33554432 op, 690443418.00 ns, 20.5768 ns/op
WorkloadActual   2: 33554432 op, 690543555.00 ns, 20.5798 ns/op
WorkloadActual   3: 33554432 op, 690914979.00 ns, 20.5909 ns/op
WorkloadActual   4: 33554432 op, 690950907.00 ns, 20.5919 ns/op
WorkloadActual   5: 33554432 op, 691894551.00 ns, 20.6201 ns/op
WorkloadActual   6: 33554432 op, 690548488.00 ns, 20.5799 ns/op
WorkloadActual   7: 33554432 op, 690838509.00 ns, 20.5886 ns/op
WorkloadActual   8: 33554432 op, 690845241.00 ns, 20.5888 ns/op
WorkloadActual   9: 33554432 op, 690662128.00 ns, 20.5833 ns/op
WorkloadActual  10: 33554432 op, 690535380.00 ns, 20.5796 ns/op
WorkloadActual  11: 33554432 op, 689979533.00 ns, 20.5630 ns/op
WorkloadActual  12: 33554432 op, 690902416.00 ns, 20.5905 ns/op
WorkloadActual  13: 33554432 op, 690600672.00 ns, 20.5815 ns/op
WorkloadActual  14: 33554432 op, 690152586.00 ns, 20.5681 ns/op
WorkloadActual  15: 33554432 op, 690002836.00 ns, 20.5637 ns/op

// AfterActualRun
WorkloadResult   1: 33554432 op, 633621461.00 ns, 18.8834 ns/op
WorkloadResult   2: 33554432 op, 633721598.00 ns, 18.8864 ns/op
WorkloadResult   3: 33554432 op, 634093022.00 ns, 18.8974 ns/op
WorkloadResult   4: 33554432 op, 634128950.00 ns, 18.8985 ns/op
WorkloadResult   5: 33554432 op, 633726531.00 ns, 18.8865 ns/op
WorkloadResult   6: 33554432 op, 634016552.00 ns, 18.8952 ns/op
WorkloadResult   7: 33554432 op, 634023284.00 ns, 18.8954 ns/op
WorkloadResult   8: 33554432 op, 633840171.00 ns, 18.8899 ns/op
WorkloadResult   9: 33554432 op, 633713423.00 ns, 18.8861 ns/op
WorkloadResult  10: 33554432 op, 633157576.00 ns, 18.8696 ns/op
WorkloadResult  11: 33554432 op, 634080459.00 ns, 18.8971 ns/op
WorkloadResult  12: 33554432 op, 633778715.00 ns, 18.8881 ns/op
WorkloadResult  13: 33554432 op, 633330629.00 ns, 18.8747 ns/op
WorkloadResult  14: 33554432 op, 633180879.00 ns, 18.8703 ns/op
// GC:  0 0 0 0 33554432
// Threading:  0 0 33554432

// AfterAll
// Benchmark Process 4548 has exited with code 0.

Mean = 18.887 ns, StdErr = 0.003 ns (0.01%), N = 14, StdDev = 0.010 ns
Min = 18.870 ns, Q1 = 18.884 ns, Median = 18.887 ns, Q3 = 18.895 ns, Max = 18.899 ns
IQR = 0.011 ns, LowerFence = 18.867 ns, UpperFence = 18.912 ns
ConfidenceInterval = [18.876 ns; 18.898 ns] (CI 99.9%), Margin = 0.011 ns (0.06% of Mean)
Skewness = -0.55, Kurtosis = 1.92, MValue = 2

// ** Remained 53 (44.2 %) benchmark(s) to run. Estimated finish 2026-08-30 7:54 (0h 7m from now) **
// **************************
// Benchmark: ValueObjectBenchmarks.HashCode_RecordClass: .NET 10.0(Runtime=.NET 10.0, Toolchain=net10.0)
// *** Execute ***
// Launch: 1 / 1
// Execute: dotnet "EricksonLopez.ValueObjects.Benchmarks-.NET 10.0-1.dll" --anonymousPipes 133 134 --benchmarkName EricksonLopez.ValueObjects.Benchmarks.ValueObjectBenchmarks.HashCode_RecordClass --job ".NET 10.0" --benchmarkId 31 in /home/runner/work/dotnet-value-objects/dotnet-value-objects/benchmarks/EricksonLopez.ValueObjects.Benchmarks/bin/Release/net10.0/EricksonLopez.ValueObjects.Benchmarks-.NET 10.0-1/bin/Release/net10.0
// Failed to set up high priority (Permission denied). In order to run benchmarks with high priority, make sure you have the right permissions.
// BeforeAnythingElse

// Benchmark Process Environment Information:
// BenchmarkDotNet v0.15.8
// Runtime=.NET 10.0.11 (10.0.11, 10.0.1126.37416), X64 RyuJIT x86-64-v3
// GC=Concurrent Workstation
// HardwareIntrinsics=AVX2+BMI1+BMI2+F16C+FMA+LZCNT+MOVBE,AVX,SSE3+SSSE3+SSE4.1+SSE4.2+POPCNT,X86Base+SSE+SSE2,AES+PCLMUL VectorSize=256
// Job: .NET 10.0

OverheadJitting  1: 1 op, 214631.00 ns, 214.6310 us/op
WorkloadJitting  1: 1 op, 252241.00 ns, 252.2410 us/op

OverheadJitting  2: 16 op, 360984.00 ns, 22.5615 us/op
WorkloadJitting  2: 16 op, 329425.00 ns, 20.5891 us/op

WorkloadPilot    1: 16 op, 3246.00 ns, 202.8750 ns/op
WorkloadPilot    2: 32 op, 2765.00 ns, 86.4063 ns/op
WorkloadPilot    3: 64 op, 4579.00 ns, 71.5469 ns/op
WorkloadPilot    4: 128 op, 6281.00 ns, 49.0703 ns/op
WorkloadPilot    5: 256 op, 11211.00 ns, 43.7930 ns/op
WorkloadPilot    6: 512 op, 20970.00 ns, 40.9570 ns/op
WorkloadPilot    7: 1024 op, 40346.00 ns, 39.4004 ns/op
WorkloadPilot    8: 2048 op, 102461.00 ns, 50.0298 ns/op
WorkloadPilot    9: 4096 op, 156963.00 ns, 38.3210 ns/op
WorkloadPilot   10: 8192 op, 307584.00 ns, 37.5469 ns/op
WorkloadPilot   11: 16384 op, 621039.00 ns, 37.9052 ns/op
WorkloadPilot   12: 32768 op, 1266985.00 ns, 38.6653 ns/op
WorkloadPilot   13: 65536 op, 2525585.00 ns, 38.5374 ns/op
WorkloadPilot   14: 131072 op, 5034599.00 ns, 38.4109 ns/op
WorkloadPilot   15: 262144 op, 9998327.00 ns, 38.1406 ns/op
WorkloadPilot   16: 524288 op, 19903331.00 ns, 37.9626 ns/op
WorkloadPilot   17: 1048576 op, 40020290.00 ns, 38.1663 ns/op
WorkloadPilot   18: 2097152 op, 79525477.00 ns, 37.9207 ns/op
WorkloadPilot   19: 4194304 op, 108037109.00 ns, 25.7581 ns/op
WorkloadPilot   20: 8388608 op, 202522075.00 ns, 24.1425 ns/op
WorkloadPilot   21: 16777216 op, 405343609.00 ns, 24.1604 ns/op
WorkloadPilot   22: 33554432 op, 801867952.00 ns, 23.8975 ns/op

OverheadWarmup   1: 33554432 op, 77930169.00 ns, 2.3225 ns/op
OverheadWarmup   2: 33554432 op, 77875516.00 ns, 2.3209 ns/op
OverheadWarmup   3: 33554432 op, 86553527.00 ns, 2.5795 ns/op
OverheadWarmup   4: 33554432 op, 56948665.00 ns, 1.6972 ns/op
OverheadWarmup   5: 33554432 op, 56835050.00 ns, 1.6938 ns/op
OverheadWarmup   6: 33554432 op, 56840240.00 ns, 1.6940 ns/op
OverheadWarmup   7: 33554432 op, 56779627.00 ns, 1.6922 ns/op

OverheadActual   1: 33554432 op, 56863484.00 ns, 1.6947 ns/op
OverheadActual   2: 33554432 op, 56787021.00 ns, 1.6924 ns/op
OverheadActual   3: 33554432 op, 56886437.00 ns, 1.6953 ns/op
OverheadActual   4: 33554432 op, 56730085.00 ns, 1.6907 ns/op
OverheadActual   5: 33554432 op, 56944485.00 ns, 1.6971 ns/op
OverheadActual   6: 33554432 op, 64501846.00 ns, 1.9223 ns/op
OverheadActual   7: 33554432 op, 62281239.00 ns, 1.8561 ns/op
OverheadActual   8: 33554432 op, 56966497.00 ns, 1.6977 ns/op
OverheadActual   9: 33554432 op, 56806497.00 ns, 1.6930 ns/op
OverheadActual  10: 33554432 op, 56742238.00 ns, 1.6911 ns/op
OverheadActual  11: 33554432 op, 58490712.00 ns, 1.7432 ns/op
OverheadActual  12: 33554432 op, 56958852.00 ns, 1.6975 ns/op
OverheadActual  13: 33554432 op, 56786339.00 ns, 1.6924 ns/op
OverheadActual  14: 33554432 op, 57160349.00 ns, 1.7035 ns/op
OverheadActual  15: 33554432 op, 56894953.00 ns, 1.6956 ns/op

WorkloadWarmup   1: 33554432 op, 811501895.00 ns, 24.1846 ns/op
WorkloadWarmup   2: 33554432 op, 812060898.00 ns, 24.2013 ns/op
WorkloadWarmup   3: 33554432 op, 802749703.00 ns, 23.9238 ns/op
WorkloadWarmup   4: 33554432 op, 804268630.00 ns, 23.9691 ns/op
WorkloadWarmup   5: 33554432 op, 804096448.00 ns, 23.9639 ns/op
WorkloadWarmup   6: 33554432 op, 802768628.00 ns, 23.9244 ns/op

// BeforeActualRun
WorkloadActual   1: 33554432 op, 808874349.00 ns, 24.1063 ns/op
WorkloadActual   2: 33554432 op, 811136643.00 ns, 24.1738 ns/op
WorkloadActual   3: 33554432 op, 810942683.00 ns, 24.1680 ns/op
WorkloadActual   4: 33554432 op, 811463325.00 ns, 24.1835 ns/op
WorkloadActual   5: 33554432 op, 811914047.00 ns, 24.1969 ns/op
WorkloadActual   6: 33554432 op, 802224365.00 ns, 23.9081 ns/op
WorkloadActual   7: 33554432 op, 810823790.00 ns, 24.1644 ns/op
WorkloadActual   8: 33554432 op, 810873183.00 ns, 24.1659 ns/op
WorkloadActual   9: 33554432 op, 803184148.00 ns, 23.9368 ns/op
WorkloadActual  10: 33554432 op, 804954245.00 ns, 23.9895 ns/op
WorkloadActual  11: 33554432 op, 809620903.00 ns, 24.1286 ns/op
WorkloadActual  12: 33554432 op, 811455571.00 ns, 24.1833 ns/op
WorkloadActual  13: 33554432 op, 809875729.00 ns, 24.1362 ns/op
WorkloadActual  14: 33554432 op, 804137067.00 ns, 23.9652 ns/op
WorkloadActual  15: 33554432 op, 802999583.00 ns, 23.9313 ns/op

// AfterActualRun
WorkloadResult   1: 33554432 op, 751979396.00 ns, 22.4107 ns/op
WorkloadResult   2: 33554432 op, 754241690.00 ns, 22.4782 ns/op
WorkloadResult   3: 33554432 op, 754047730.00 ns, 22.4724 ns/op
WorkloadResult   4: 33554432 op, 754568372.00 ns, 22.4879 ns/op
WorkloadResult   5: 33554432 op, 755019094.00 ns, 22.5013 ns/op
WorkloadResult   6: 33554432 op, 745329412.00 ns, 22.2125 ns/op
WorkloadResult   7: 33554432 op, 753928837.00 ns, 22.4688 ns/op
WorkloadResult   8: 33554432 op, 753978230.00 ns, 22.4703 ns/op
WorkloadResult   9: 33554432 op, 746289195.00 ns, 22.2412 ns/op
WorkloadResult  10: 33554432 op, 748059292.00 ns, 22.2939 ns/op
WorkloadResult  11: 33554432 op, 752725950.00 ns, 22.4330 ns/op
WorkloadResult  12: 33554432 op, 754560618.00 ns, 22.4877 ns/op
WorkloadResult  13: 33554432 op, 752980776.00 ns, 22.4406 ns/op
WorkloadResult  14: 33554432 op, 747242114.00 ns, 22.2696 ns/op
WorkloadResult  15: 33554432 op, 746104630.00 ns, 22.2357 ns/op
// GC:  0 0 0 0 33554432
// Threading:  0 0 33554432

// AfterAll
// Benchmark Process 4562 has exited with code 0.

Mean = 22.394 ns, StdErr = 0.028 ns (0.13%), N = 15, StdDev = 0.108 ns
Min = 22.213 ns, Q1 = 22.282 ns, Median = 22.441 ns, Q3 = 22.475 ns, Max = 22.501 ns
IQR = 0.194 ns, LowerFence = 21.991 ns, UpperFence = 22.766 ns
ConfidenceInterval = [22.278 ns; 22.509 ns] (CI 99.9%), Margin = 0.116 ns (0.52% of Mean)
Skewness = -0.59, Kurtosis = 1.46, MValue = 2

// ** Remained 52 (43.3 %) benchmark(s) to run. Estimated finish 2026-08-30 7:55 (0h 7m from now) **
// **************************
// Benchmark: ValueObjectBenchmarks.HashCode_Struct: .NET 10.0(Runtime=.NET 10.0, Toolchain=net10.0)
// *** Execute ***
// Launch: 1 / 1
// Execute: dotnet "EricksonLopez.ValueObjects.Benchmarks-.NET 10.0-1.dll" --anonymousPipes 133 134 --benchmarkName EricksonLopez.ValueObjects.Benchmarks.ValueObjectBenchmarks.HashCode_Struct --job ".NET 10.0" --benchmarkId 32 in /home/runner/work/dotnet-value-objects/dotnet-value-objects/benchmarks/EricksonLopez.ValueObjects.Benchmarks/bin/Release/net10.0/EricksonLopez.ValueObjects.Benchmarks-.NET 10.0-1/bin/Release/net10.0
// Failed to set up high priority (Permission denied). In order to run benchmarks with high priority, make sure you have the right permissions.
// BeforeAnythingElse

// Benchmark Process Environment Information:
// BenchmarkDotNet v0.15.8
// Runtime=.NET 10.0.11 (10.0.11, 10.0.1126.37416), X64 RyuJIT x86-64-v3
// GC=Concurrent Workstation
// HardwareIntrinsics=AVX2+BMI1+BMI2+F16C+FMA+LZCNT+MOVBE,AVX,SSE3+SSSE3+SSE4.1+SSE4.2+POPCNT,X86Base+SSE+SSE2,AES+PCLMUL VectorSize=256
// Job: .NET 10.0

OverheadJitting  1: 1 op, 221874.00 ns, 221.8740 us/op
WorkloadJitting  1: 1 op, 273100.00 ns, 273.1000 us/op

OverheadJitting  2: 16 op, 349813.00 ns, 21.8633 us/op
WorkloadJitting  2: 16 op, 332140.00 ns, 20.7588 us/op

WorkloadPilot    1: 16 op, 2344.00 ns, 146.5000 ns/op
WorkloadPilot    2: 32 op, 2084.00 ns, 65.1250 ns/op
WorkloadPilot    3: 64 op, 2685.00 ns, 41.9531 ns/op
WorkloadPilot    4: 128 op, 4058.00 ns, 31.7031 ns/op
WorkloadPilot    5: 256 op, 7213.00 ns, 28.1758 ns/op
WorkloadPilot    6: 512 op, 13606.00 ns, 26.5742 ns/op
WorkloadPilot    7: 1024 op, 25959.00 ns, 25.3506 ns/op
WorkloadPilot    8: 2048 op, 61945.00 ns, 30.2466 ns/op
WorkloadPilot    9: 4096 op, 134461.00 ns, 32.8274 ns/op
WorkloadPilot   10: 8192 op, 214750.00 ns, 26.2146 ns/op
WorkloadPilot   11: 16384 op, 448718.00 ns, 27.3876 ns/op
WorkloadPilot   12: 32768 op, 830911.00 ns, 25.3574 ns/op
WorkloadPilot   13: 65536 op, 1657586.00 ns, 25.2928 ns/op
WorkloadPilot   14: 131072 op, 3335518.00 ns, 25.4480 ns/op
WorkloadPilot   15: 262144 op, 6663553.00 ns, 25.4194 ns/op
WorkloadPilot   16: 524288 op, 13311739.00 ns, 25.3901 ns/op
WorkloadPilot   17: 1048576 op, 26502292.00 ns, 25.2746 ns/op
WorkloadPilot   18: 2097152 op, 53177667.00 ns, 25.3571 ns/op
WorkloadPilot   19: 4194304 op, 97115028.00 ns, 23.1540 ns/op
WorkloadPilot   20: 8388608 op, 169819650.00 ns, 20.2441 ns/op
WorkloadPilot   21: 16777216 op, 340044727.00 ns, 20.2682 ns/op
WorkloadPilot   22: 33554432 op, 679673157.00 ns, 20.2558 ns/op

OverheadWarmup   1: 33554432 op, 122877688.00 ns, 3.6620 ns/op
OverheadWarmup   2: 33554432 op, 112569719.00 ns, 3.3548 ns/op
OverheadWarmup   3: 33554432 op, 56852279.00 ns, 1.6943 ns/op
OverheadWarmup   4: 33554432 op, 56832061.00 ns, 1.6937 ns/op
OverheadWarmup   5: 33554432 op, 56843833.00 ns, 1.6941 ns/op
OverheadWarmup   6: 33554432 op, 56853321.00 ns, 1.6944 ns/op
OverheadWarmup   7: 33554432 op, 56843813.00 ns, 1.6941 ns/op
OverheadWarmup   8: 33554432 op, 56862487.00 ns, 1.6946 ns/op
OverheadWarmup   9: 33554432 op, 56957264.00 ns, 1.6975 ns/op
OverheadWarmup  10: 33554432 op, 56956374.00 ns, 1.6974 ns/op

OverheadActual   1: 33554432 op, 56895199.00 ns, 1.6956 ns/op
OverheadActual   2: 33554432 op, 56811703.00 ns, 1.6931 ns/op
OverheadActual   3: 33554432 op, 56870632.00 ns, 1.6949 ns/op
OverheadActual   4: 33554432 op, 56953990.00 ns, 1.6974 ns/op
OverheadActual   5: 33554432 op, 56873118.00 ns, 1.6950 ns/op
OverheadActual   6: 33554432 op, 57002038.00 ns, 1.6988 ns/op
OverheadActual   7: 33554432 op, 57469251.00 ns, 1.7127 ns/op
OverheadActual   8: 33554432 op, 57105512.00 ns, 1.7019 ns/op
OverheadActual   9: 33554432 op, 56828525.00 ns, 1.6936 ns/op
OverheadActual  10: 33554432 op, 56908163.00 ns, 1.6960 ns/op
OverheadActual  11: 33554432 op, 56780314.00 ns, 1.6922 ns/op
OverheadActual  12: 33554432 op, 56889599.00 ns, 1.6954 ns/op
OverheadActual  13: 33554432 op, 56838243.00 ns, 1.6939 ns/op
OverheadActual  14: 33554432 op, 56829175.00 ns, 1.6936 ns/op
OverheadActual  15: 33554432 op, 56988754.00 ns, 1.6984 ns/op

WorkloadWarmup   1: 33554432 op, 679630537.00 ns, 20.2546 ns/op
WorkloadWarmup   2: 33554432 op, 682604611.00 ns, 20.3432 ns/op
WorkloadWarmup   3: 33554432 op, 679452591.00 ns, 20.2493 ns/op
WorkloadWarmup   4: 33554432 op, 679292953.00 ns, 20.2445 ns/op
WorkloadWarmup   5: 33554432 op, 679443745.00 ns, 20.2490 ns/op
WorkloadWarmup   6: 33554432 op, 679555302.00 ns, 20.2523 ns/op
WorkloadWarmup   7: 33554432 op, 679504477.00 ns, 20.2508 ns/op

// BeforeActualRun
WorkloadActual   1: 33554432 op, 679194428.00 ns, 20.2416 ns/op
WorkloadActual   2: 33554432 op, 679232079.00 ns, 20.2427 ns/op
WorkloadActual   3: 33554432 op, 679098409.00 ns, 20.2387 ns/op
WorkloadActual   4: 33554432 op, 678934393.00 ns, 20.2338 ns/op
WorkloadActual   5: 33554432 op, 680072718.00 ns, 20.2677 ns/op
WorkloadActual   6: 33554432 op, 679449716.00 ns, 20.2492 ns/op
WorkloadActual   7: 33554432 op, 679496213.00 ns, 20.2506 ns/op
WorkloadActual   8: 33554432 op, 678899466.00 ns, 20.2328 ns/op
WorkloadActual   9: 33554432 op, 678877630.00 ns, 20.2321 ns/op
WorkloadActual  10: 33554432 op, 678767324.00 ns, 20.2288 ns/op
WorkloadActual  11: 33554432 op, 678530042.00 ns, 20.2218 ns/op
WorkloadActual  12: 33554432 op, 678857232.00 ns, 20.2315 ns/op
WorkloadActual  13: 33554432 op, 678869786.00 ns, 20.2319 ns/op
WorkloadActual  14: 33554432 op, 678657469.00 ns, 20.2256 ns/op
WorkloadActual  15: 33554432 op, 678809083.00 ns, 20.2301 ns/op

// AfterActualRun
WorkloadResult   1: 33554432 op, 622304829.00 ns, 18.5461 ns/op
WorkloadResult   2: 33554432 op, 622342480.00 ns, 18.5473 ns/op
WorkloadResult   3: 33554432 op, 622208810.00 ns, 18.5433 ns/op
WorkloadResult   4: 33554432 op, 622044794.00 ns, 18.5384 ns/op
WorkloadResult   5: 33554432 op, 622560117.00 ns, 18.5537 ns/op
WorkloadResult   6: 33554432 op, 622606614.00 ns, 18.5551 ns/op
WorkloadResult   7: 33554432 op, 622009867.00 ns, 18.5373 ns/op
WorkloadResult   8: 33554432 op, 621988031.00 ns, 18.5367 ns/op
WorkloadResult   9: 33554432 op, 621877725.00 ns, 18.5334 ns/op
WorkloadResult  10: 33554432 op, 621640443.00 ns, 18.5263 ns/op
WorkloadResult  11: 33554432 op, 621967633.00 ns, 18.5361 ns/op
WorkloadResult  12: 33554432 op, 621980187.00 ns, 18.5365 ns/op
WorkloadResult  13: 33554432 op, 621767870.00 ns, 18.5301 ns/op
WorkloadResult  14: 33554432 op, 621919484.00 ns, 18.5346 ns/op
// GC:  0 0 0 0 33554432
// Threading:  0 0 33554432

// AfterAll
// Benchmark Process 4573 has exited with code 0.

Mean = 18.540 ns, StdErr = 0.002 ns (0.01%), N = 14, StdDev = 0.008 ns
Min = 18.526 ns, Q1 = 18.535 ns, Median = 18.537 ns, Q3 = 18.545 ns, Max = 18.555 ns
IQR = 0.010 ns, LowerFence = 18.519 ns, UpperFence = 18.561 ns
ConfidenceInterval = [18.530 ns; 18.549 ns] (CI 99.9%), Margin = 0.009 ns (0.05% of Mean)
Skewness = 0.43, Kurtosis = 2.05, MValue = 2

// ** Remained 51 (42.5 %) benchmark(s) to run. Estimated finish 2026-08-30 7:55 (0h 7m from now) **
// **************************
// Benchmark: ValueObjectBenchmarks.HashCode_RecordStruct: .NET 10.0(Runtime=.NET 10.0, Toolchain=net10.0)
// *** Execute ***
// Launch: 1 / 1
// Execute: dotnet "EricksonLopez.ValueObjects.Benchmarks-.NET 10.0-1.dll" --anonymousPipes 133 134 --benchmarkName EricksonLopez.ValueObjects.Benchmarks.ValueObjectBenchmarks.HashCode_RecordStruct --job ".NET 10.0" --benchmarkId 33 in /home/runner/work/dotnet-value-objects/dotnet-value-objects/benchmarks/EricksonLopez.ValueObjects.Benchmarks/bin/Release/net10.0/EricksonLopez.ValueObjects.Benchmarks-.NET 10.0-1/bin/Release/net10.0
// Failed to set up high priority (Permission denied). In order to run benchmarks with high priority, make sure you have the right permissions.
// BeforeAnythingElse

// Benchmark Process Environment Information:
// BenchmarkDotNet v0.15.8
// Runtime=.NET 10.0.11 (10.0.11, 10.0.1126.37416), X64 RyuJIT x86-64-v3
// GC=Concurrent Workstation
// HardwareIntrinsics=AVX2+BMI1+BMI2+F16C+FMA+LZCNT+MOVBE,AVX,SSE3+SSSE3+SSE4.1+SSE4.2+POPCNT,X86Base+SSE+SSE2,AES+PCLMUL VectorSize=256
// Job: .NET 10.0

OverheadJitting  1: 1 op, 215552.00 ns, 215.5520 us/op
WorkloadJitting  1: 1 op, 211374.00 ns, 211.3740 us/op

OverheadJitting  2: 16 op, 362367.00 ns, 22.6479 us/op
WorkloadJitting  2: 16 op, 326049.00 ns, 20.3781 us/op

WorkloadPilot    1: 16 op, 1944.00 ns, 121.5000 ns/op
WorkloadPilot    2: 32 op, 2124.00 ns, 66.3750 ns/op
WorkloadPilot    3: 64 op, 2855.00 ns, 44.6094 ns/op
WorkloadPilot    4: 128 op, 4529.00 ns, 35.3828 ns/op
WorkloadPilot    5: 256 op, 8095.00 ns, 31.6211 ns/op
WorkloadPilot    6: 512 op, 15539.00 ns, 30.3496 ns/op
WorkloadPilot    7: 1024 op, 28634.00 ns, 27.9629 ns/op
WorkloadPilot    8: 2048 op, 57337.00 ns, 27.9966 ns/op
WorkloadPilot    9: 4096 op, 113392.00 ns, 27.6836 ns/op
WorkloadPilot   10: 8192 op, 220873.00 ns, 26.9620 ns/op
WorkloadPilot   11: 16384 op, 474406.00 ns, 28.9554 ns/op
WorkloadPilot   12: 32768 op, 900392.00 ns, 27.4778 ns/op
WorkloadPilot   13: 65536 op, 1854163.00 ns, 28.2923 ns/op
WorkloadPilot   14: 131072 op, 3676877.00 ns, 28.0523 ns/op
WorkloadPilot   15: 262144 op, 7291258.00 ns, 27.8139 ns/op
WorkloadPilot   16: 524288 op, 14718208.00 ns, 28.0728 ns/op
WorkloadPilot   17: 1048576 op, 29147936.00 ns, 27.7976 ns/op
WorkloadPilot   18: 2097152 op, 58024597.00 ns, 27.6683 ns/op
WorkloadPilot   19: 4194304 op, 98742792.00 ns, 23.5421 ns/op
WorkloadPilot   20: 8388608 op, 162938113.00 ns, 19.4237 ns/op
WorkloadPilot   21: 16777216 op, 326371220.00 ns, 19.4532 ns/op
WorkloadPilot   22: 33554432 op, 651723818.00 ns, 19.4229 ns/op

OverheadWarmup   1: 33554432 op, 77787395.00 ns, 2.3182 ns/op
OverheadWarmup   2: 33554432 op, 77920074.00 ns, 2.3222 ns/op
OverheadWarmup   3: 33554432 op, 86350949.00 ns, 2.5735 ns/op
OverheadWarmup   4: 33554432 op, 56856505.00 ns, 1.6945 ns/op
OverheadWarmup   5: 33554432 op, 57521858.00 ns, 1.7143 ns/op
OverheadWarmup   6: 33554432 op, 59019595.00 ns, 1.7589 ns/op
OverheadWarmup   7: 33554432 op, 56881241.00 ns, 1.6952 ns/op

OverheadActual   1: 33554432 op, 56960469.00 ns, 1.6976 ns/op
OverheadActual   2: 33554432 op, 56923891.00 ns, 1.6965 ns/op
OverheadActual   3: 33554432 op, 57100701.00 ns, 1.7017 ns/op
OverheadActual   4: 33554432 op, 57711352.00 ns, 1.7199 ns/op
OverheadActual   5: 33554432 op, 56888705.00 ns, 1.6954 ns/op
OverheadActual   6: 33554432 op, 65805834.00 ns, 1.9612 ns/op
OverheadActual   7: 33554432 op, 67326809.00 ns, 2.0065 ns/op
OverheadActual   8: 33554432 op, 56762181.00 ns, 1.6916 ns/op
OverheadActual   9: 33554432 op, 57529585.00 ns, 1.7145 ns/op
OverheadActual  10: 33554432 op, 56783772.00 ns, 1.6923 ns/op
OverheadActual  11: 33554432 op, 56827283.00 ns, 1.6936 ns/op
OverheadActual  12: 33554432 op, 56848703.00 ns, 1.6942 ns/op
OverheadActual  13: 33554432 op, 56794192.00 ns, 1.6926 ns/op
OverheadActual  14: 33554432 op, 56908255.00 ns, 1.6960 ns/op
OverheadActual  15: 33554432 op, 57273446.00 ns, 1.7069 ns/op

WorkloadWarmup   1: 33554432 op, 651952096.00 ns, 19.4297 ns/op
WorkloadWarmup   2: 33554432 op, 652820117.00 ns, 19.4556 ns/op
WorkloadWarmup   3: 33554432 op, 653452257.00 ns, 19.4744 ns/op
WorkloadWarmup   4: 33554432 op, 652106495.00 ns, 19.4343 ns/op
WorkloadWarmup   5: 33554432 op, 652131511.00 ns, 19.4350 ns/op
WorkloadWarmup   6: 33554432 op, 652161938.00 ns, 19.4359 ns/op
WorkloadWarmup   7: 33554432 op, 652140077.00 ns, 19.4353 ns/op

// BeforeActualRun
WorkloadActual   1: 33554432 op, 653441327.00 ns, 19.4741 ns/op
WorkloadActual   2: 33554432 op, 652021556.00 ns, 19.4318 ns/op
WorkloadActual   3: 33554432 op, 654775345.00 ns, 19.5138 ns/op
WorkloadActual   4: 33554432 op, 652549412.00 ns, 19.4475 ns/op
WorkloadActual   5: 33554432 op, 652135428.00 ns, 19.4352 ns/op
WorkloadActual   6: 33554432 op, 653724977.00 ns, 19.4825 ns/op
WorkloadActual   7: 33554432 op, 653098237.00 ns, 19.4638 ns/op
WorkloadActual   8: 33554432 op, 653069453.00 ns, 19.4630 ns/op
WorkloadActual   9: 33554432 op, 652871825.00 ns, 19.4571 ns/op
WorkloadActual  10: 33554432 op, 654587878.00 ns, 19.5082 ns/op
WorkloadActual  11: 33554432 op, 652491956.00 ns, 19.4458 ns/op
WorkloadActual  12: 33554432 op, 652952726.00 ns, 19.4595 ns/op
WorkloadActual  13: 33554432 op, 652965129.00 ns, 19.4599 ns/op
WorkloadActual  14: 33554432 op, 652415611.00 ns, 19.4435 ns/op
WorkloadActual  15: 33554432 op, 653275882.00 ns, 19.4691 ns/op

// AfterActualRun
WorkloadResult   1: 33554432 op, 596517436.00 ns, 17.7776 ns/op
WorkloadResult   2: 33554432 op, 595097665.00 ns, 17.7353 ns/op
WorkloadResult   3: 33554432 op, 595625521.00 ns, 17.7510 ns/op
WorkloadResult   4: 33554432 op, 595211537.00 ns, 17.7387 ns/op
WorkloadResult   5: 33554432 op, 596801086.00 ns, 17.7861 ns/op
WorkloadResult   6: 33554432 op, 596174346.00 ns, 17.7674 ns/op
WorkloadResult   7: 33554432 op, 596145562.00 ns, 17.7665 ns/op
WorkloadResult   8: 33554432 op, 595947934.00 ns, 17.7606 ns/op
WorkloadResult   9: 33554432 op, 597663987.00 ns, 17.8118 ns/op
WorkloadResult  10: 33554432 op, 595568065.00 ns, 17.7493 ns/op
WorkloadResult  11: 33554432 op, 596028835.00 ns, 17.7630 ns/op
WorkloadResult  12: 33554432 op, 596041238.00 ns, 17.7634 ns/op
WorkloadResult  13: 33554432 op, 595491720.00 ns, 17.7470 ns/op
WorkloadResult  14: 33554432 op, 596351991.00 ns, 17.7727 ns/op
// GC:  0 0 0 0 33554432
// Threading:  0 0 33554432

// AfterAll
// Benchmark Process 4584 has exited with code 0.

Mean = 17.764 ns, StdErr = 0.005 ns (0.03%), N = 14, StdDev = 0.020 ns
Min = 17.735 ns, Q1 = 17.750 ns, Median = 17.763 ns, Q3 = 17.771 ns, Max = 17.812 ns
IQR = 0.022 ns, LowerFence = 17.717 ns, UpperFence = 17.804 ns
ConfidenceInterval = [17.741 ns; 17.786 ns] (CI 99.9%), Margin = 0.023 ns (0.13% of Mean)
Skewness = 0.71, Kurtosis = 3.07, MValue = 2

// ** Remained 50 (41.7 %) benchmark(s) to run. Estimated finish 2026-08-30 7:55 (0h 7m from now) **
// **************************
// Benchmark: ValueObjectBenchmarks.DictionaryLookup_RecordClass: .NET 10.0(Runtime=.NET 10.0, Toolchain=net10.0)
// *** Execute ***
// Launch: 1 / 1
// Execute: dotnet "EricksonLopez.ValueObjects.Benchmarks-.NET 10.0-1.dll" --anonymousPipes 133 134 --benchmarkName EricksonLopez.ValueObjects.Benchmarks.ValueObjectBenchmarks.DictionaryLookup_RecordClass --job ".NET 10.0" --benchmarkId 34 in /home/runner/work/dotnet-value-objects/dotnet-value-objects/benchmarks/EricksonLopez.ValueObjects.Benchmarks/bin/Release/net10.0/EricksonLopez.ValueObjects.Benchmarks-.NET 10.0-1/bin/Release/net10.0
// Failed to set up high priority (Permission denied). In order to run benchmarks with high priority, make sure you have the right permissions.
// BeforeAnythingElse

// Benchmark Process Environment Information:
// BenchmarkDotNet v0.15.8
// Runtime=.NET 10.0.11 (10.0.11, 10.0.1126.37416), X64 RyuJIT x86-64-v3
// GC=Concurrent Workstation
// HardwareIntrinsics=AVX2+BMI1+BMI2+F16C+FMA+LZCNT+MOVBE,AVX,SSE3+SSSE3+SSE4.1+SSE4.2+POPCNT,X86Base+SSE+SSE2,AES+PCLMUL VectorSize=256
// Job: .NET 10.0

OverheadJitting  1: 1 op, 249085.00 ns, 249.0850 us/op
WorkloadJitting  1: 1 op, 460620.00 ns, 460.6200 us/op

OverheadJitting  2: 16 op, 358799.00 ns, 22.4249 us/op
WorkloadJitting  2: 16 op, 416297.00 ns, 26.0186 us/op

WorkloadPilot    1: 16 op, 4658.00 ns, 291.1250 ns/op
WorkloadPilot    2: 32 op, 5431.00 ns, 169.7188 ns/op
WorkloadPilot    3: 64 op, 8236.00 ns, 128.6875 ns/op
WorkloadPilot    4: 128 op, 15890.00 ns, 124.1406 ns/op
WorkloadPilot    5: 256 op, 24887.00 ns, 97.2148 ns/op
WorkloadPilot    6: 512 op, 40055.00 ns, 78.2324 ns/op
WorkloadPilot    7: 1024 op, 67666.00 ns, 66.0801 ns/op
WorkloadPilot    8: 2048 op, 110998.00 ns, 54.1982 ns/op
WorkloadPilot    9: 4096 op, 217306.00 ns, 53.0532 ns/op
WorkloadPilot   10: 8192 op, 431957.00 ns, 52.7291 ns/op
WorkloadPilot   11: 16384 op, 895542.00 ns, 54.6595 ns/op
WorkloadPilot   12: 32768 op, 1776978.00 ns, 54.2291 ns/op
WorkloadPilot   13: 65536 op, 3526164.00 ns, 53.8050 ns/op
WorkloadPilot   14: 131072 op, 7010962.00 ns, 53.4894 ns/op
WorkloadPilot   15: 262144 op, 14011644.00 ns, 53.4502 ns/op
WorkloadPilot   16: 524288 op, 28942905.00 ns, 55.2042 ns/op
WorkloadPilot   17: 1048576 op, 56805603.00 ns, 54.1740 ns/op
WorkloadPilot   18: 2097152 op, 92460922.00 ns, 44.0888 ns/op
WorkloadPilot   19: 4194304 op, 118837463.00 ns, 28.3331 ns/op
WorkloadPilot   20: 8388608 op, 237986936.00 ns, 28.3703 ns/op
WorkloadPilot   21: 16777216 op, 476656044.00 ns, 28.4109 ns/op
WorkloadPilot   22: 33554432 op, 952331449.00 ns, 28.3817 ns/op

OverheadWarmup   1: 33554432 op, 77866939.00 ns, 2.3206 ns/op
OverheadWarmup   2: 33554432 op, 77846360.00 ns, 2.3200 ns/op
OverheadWarmup   3: 33554432 op, 87804294.00 ns, 2.6168 ns/op
OverheadWarmup   4: 33554432 op, 56865072.00 ns, 1.6947 ns/op
OverheadWarmup   5: 33554432 op, 56833263.00 ns, 1.6938 ns/op
OverheadWarmup   6: 33554432 op, 56882915.00 ns, 1.6952 ns/op
OverheadWarmup   7: 33554432 op, 56782518.00 ns, 1.6923 ns/op

OverheadActual   1: 33554432 op, 56909505.00 ns, 1.6960 ns/op
OverheadActual   2: 33554432 op, 56878318.00 ns, 1.6951 ns/op
OverheadActual   3: 33554432 op, 56984164.00 ns, 1.6983 ns/op
OverheadActual   4: 33554432 op, 57026003.00 ns, 1.6995 ns/op
OverheadActual   5: 33554432 op, 57414719.00 ns, 1.7111 ns/op
OverheadActual   6: 33554432 op, 56743776.00 ns, 1.6911 ns/op
OverheadActual   7: 33554432 op, 56892554.00 ns, 1.6955 ns/op
OverheadActual   8: 33554432 op, 56837832.00 ns, 1.6939 ns/op
OverheadActual   9: 33554432 op, 56789752.00 ns, 1.6925 ns/op
OverheadActual  10: 33554432 op, 56886693.00 ns, 1.6954 ns/op
OverheadActual  11: 33554432 op, 56748375.00 ns, 1.6912 ns/op
OverheadActual  12: 33554432 op, 56851577.00 ns, 1.6943 ns/op
OverheadActual  13: 33554432 op, 56771568.00 ns, 1.6919 ns/op
OverheadActual  14: 33554432 op, 56908764.00 ns, 1.6960 ns/op
OverheadActual  15: 33554432 op, 56860444.00 ns, 1.6946 ns/op

WorkloadWarmup   1: 33554432 op, 954218742.00 ns, 28.4379 ns/op
WorkloadWarmup   2: 33554432 op, 953178571.00 ns, 28.4069 ns/op
WorkloadWarmup   3: 33554432 op, 952855387.00 ns, 28.3973 ns/op
WorkloadWarmup   4: 33554432 op, 956355432.00 ns, 28.5016 ns/op
WorkloadWarmup   5: 33554432 op, 952148808.00 ns, 28.3762 ns/op
WorkloadWarmup   6: 33554432 op, 951582594.00 ns, 28.3594 ns/op
WorkloadWarmup   7: 33554432 op, 951647663.00 ns, 28.3613 ns/op
WorkloadWarmup   8: 33554432 op, 958194449.00 ns, 28.5564 ns/op
WorkloadWarmup   9: 33554432 op, 952319909.00 ns, 28.3813 ns/op

// BeforeActualRun
WorkloadActual   1: 33554432 op, 951768829.00 ns, 28.3649 ns/op
WorkloadActual   2: 33554432 op, 952009058.00 ns, 28.3721 ns/op
WorkloadActual   3: 33554432 op, 952820262.00 ns, 28.3963 ns/op
WorkloadActual   4: 33554432 op, 951950078.00 ns, 28.3703 ns/op
WorkloadActual   5: 33554432 op, 952506249.00 ns, 28.3869 ns/op
WorkloadActual   6: 33554432 op, 952148210.00 ns, 28.3762 ns/op
WorkloadActual   7: 33554432 op, 951951974.00 ns, 28.3704 ns/op
WorkloadActual   8: 33554432 op, 952127712.00 ns, 28.3756 ns/op
WorkloadActual   9: 33554432 op, 952227318.00 ns, 28.3786 ns/op
WorkloadActual  10: 33554432 op, 952364414.00 ns, 28.3827 ns/op
WorkloadActual  11: 33554432 op, 952269166.00 ns, 28.3798 ns/op
WorkloadActual  12: 33554432 op, 951830697.00 ns, 28.3668 ns/op
WorkloadActual  13: 33554432 op, 954288920.00 ns, 28.4400 ns/op
WorkloadActual  14: 33554432 op, 952192024.00 ns, 28.3775 ns/op
WorkloadActual  15: 33554432 op, 952600747.00 ns, 28.3897 ns/op

// AfterActualRun
WorkloadResult   1: 33554432 op, 894890511.00 ns, 26.6698 ns/op
WorkloadResult   2: 33554432 op, 895130740.00 ns, 26.6770 ns/op
WorkloadResult   3: 33554432 op, 895941944.00 ns, 26.7012 ns/op
WorkloadResult   4: 33554432 op, 895071760.00 ns, 26.6752 ns/op
WorkloadResult   5: 33554432 op, 895627931.00 ns, 26.6918 ns/op
WorkloadResult   6: 33554432 op, 895269892.00 ns, 26.6811 ns/op
WorkloadResult   7: 33554432 op, 895073656.00 ns, 26.6753 ns/op
WorkloadResult   8: 33554432 op, 895249394.00 ns, 26.6805 ns/op
WorkloadResult   9: 33554432 op, 895349000.00 ns, 26.6835 ns/op
WorkloadResult  10: 33554432 op, 895486096.00 ns, 26.6876 ns/op
WorkloadResult  11: 33554432 op, 895390848.00 ns, 26.6847 ns/op
WorkloadResult  12: 33554432 op, 894952379.00 ns, 26.6717 ns/op
WorkloadResult  13: 33554432 op, 895313706.00 ns, 26.6824 ns/op
WorkloadResult  14: 33554432 op, 895722429.00 ns, 26.6946 ns/op
// GC:  0 0 0 0 33554432
// Threading:  0 0 33554432

// AfterAll
// Benchmark Process 4594 has exited with code 0.

Mean = 26.683 ns, StdErr = 0.002 ns (0.01%), N = 14, StdDev = 0.009 ns
Min = 26.670 ns, Q1 = 26.676 ns, Median = 26.682 ns, Q3 = 26.687 ns, Max = 26.701 ns
IQR = 0.011 ns, LowerFence = 26.659 ns, UpperFence = 26.704 ns
ConfidenceInterval = [26.673 ns; 26.693 ns] (CI 99.9%), Margin = 0.010 ns (0.04% of Mean)
Skewness = 0.47, Kurtosis = 2.21, MValue = 2

// ** Remained 49 (40.8 %) benchmark(s) to run. Estimated finish 2026-08-30 7:56 (0h 7m from now) **
// **************************
// Benchmark: ValueObjectBenchmarks.DictionaryLookup_RecordStruct: .NET 10.0(Runtime=.NET 10.0, Toolchain=net10.0)
// *** Execute ***
// Launch: 1 / 1
// Execute: dotnet "EricksonLopez.ValueObjects.Benchmarks-.NET 10.0-1.dll" --anonymousPipes 133 134 --benchmarkName EricksonLopez.ValueObjects.Benchmarks.ValueObjectBenchmarks.DictionaryLookup_RecordStruct --job ".NET 10.0" --benchmarkId 35 in /home/runner/work/dotnet-value-objects/dotnet-value-objects/benchmarks/EricksonLopez.ValueObjects.Benchmarks/bin/Release/net10.0/EricksonLopez.ValueObjects.Benchmarks-.NET 10.0-1/bin/Release/net10.0
// Failed to set up high priority (Permission denied). In order to run benchmarks with high priority, make sure you have the right permissions.
// BeforeAnythingElse

// Benchmark Process Environment Information:
// BenchmarkDotNet v0.15.8
// Runtime=.NET 10.0.11 (10.0.11, 10.0.1126.37416), X64 RyuJIT x86-64-v3
// GC=Concurrent Workstation
// HardwareIntrinsics=AVX2+BMI1+BMI2+F16C+FMA+LZCNT+MOVBE,AVX,SSE3+SSSE3+SSE4.1+SSE4.2+POPCNT,X86Base+SSE+SSE2,AES+PCLMUL VectorSize=256
// Job: .NET 10.0

OverheadJitting  1: 1 op, 212497.00 ns, 212.4970 us/op
WorkloadJitting  1: 1 op, 898759.00 ns, 898.7590 us/op

OverheadJitting  2: 16 op, 346668.00 ns, 21.6668 us/op
WorkloadJitting  2: 16 op, 368047.00 ns, 23.0029 us/op

WorkloadPilot    1: 16 op, 3587.00 ns, 224.1875 ns/op
WorkloadPilot    2: 32 op, 5821.00 ns, 181.9063 ns/op
WorkloadPilot    3: 64 op, 8516.00 ns, 133.0625 ns/op
WorkloadPilot    4: 128 op, 14326.00 ns, 111.9219 ns/op
WorkloadPilot    5: 256 op, 26459.00 ns, 103.3555 ns/op
WorkloadPilot    6: 512 op, 70011.00 ns, 136.7402 ns/op
WorkloadPilot    7: 1024 op, 97973.00 ns, 95.6768 ns/op
WorkloadPilot    8: 2048 op, 195124.00 ns, 95.2754 ns/op
WorkloadPilot    9: 4096 op, 419644.00 ns, 102.4521 ns/op
WorkloadPilot   10: 8192 op, 1037127.00 ns, 126.6024 ns/op
WorkloadPilot   11: 16384 op, 1994546.00 ns, 121.7374 ns/op
WorkloadPilot   12: 32768 op, 3752248.00 ns, 114.5095 ns/op
WorkloadPilot   13: 65536 op, 7241747.00 ns, 110.5003 ns/op
WorkloadPilot   14: 131072 op, 14079037.00 ns, 107.4145 ns/op
WorkloadPilot   15: 262144 op, 27923025.00 ns, 106.5179 ns/op
WorkloadPilot   16: 524288 op, 55288161.00 ns, 105.4538 ns/op
WorkloadPilot   17: 1048576 op, 71608752.00 ns, 68.2914 ns/op
WorkloadPilot   18: 2097152 op, 53961440.00 ns, 25.7308 ns/op
WorkloadPilot   19: 4194304 op, 108221398.00 ns, 25.8020 ns/op
WorkloadPilot   20: 8388608 op, 216418330.00 ns, 25.7991 ns/op
WorkloadPilot   21: 16777216 op, 431794264.00 ns, 25.7369 ns/op
WorkloadPilot   22: 33554432 op, 864170565.00 ns, 25.7543 ns/op

OverheadWarmup   1: 33554432 op, 77830242.00 ns, 2.3195 ns/op
OverheadWarmup   2: 33554432 op, 77885085.00 ns, 2.3212 ns/op
OverheadWarmup   3: 33554432 op, 77726248.00 ns, 2.3164 ns/op
OverheadWarmup   4: 33554432 op, 79418228.00 ns, 2.3668 ns/op
OverheadWarmup   5: 33554432 op, 56906541.00 ns, 1.6959 ns/op

OverheadActual   1: 33554432 op, 56917451.00 ns, 1.6963 ns/op
OverheadActual   2: 33554432 op, 57029561.00 ns, 1.6996 ns/op
OverheadActual   3: 33554432 op, 57321898.00 ns, 1.7083 ns/op
OverheadActual   4: 33554432 op, 56819509.00 ns, 1.6934 ns/op
OverheadActual   5: 33554432 op, 57057423.00 ns, 1.7004 ns/op
OverheadActual   6: 33554432 op, 56835499.00 ns, 1.6938 ns/op
OverheadActual   7: 33554432 op, 57060719.00 ns, 1.7005 ns/op
OverheadActual   8: 33554432 op, 56883258.00 ns, 1.6953 ns/op
OverheadActual   9: 33554432 op, 56899538.00 ns, 1.6957 ns/op
OverheadActual  10: 33554432 op, 56998824.00 ns, 1.6987 ns/op
OverheadActual  11: 33554432 op, 56928001.00 ns, 1.6966 ns/op
OverheadActual  12: 33554432 op, 56796415.00 ns, 1.6927 ns/op
OverheadActual  13: 33554432 op, 56858702.00 ns, 1.6945 ns/op
OverheadActual  14: 33554432 op, 56902734.00 ns, 1.6958 ns/op
OverheadActual  15: 33554432 op, 56805663.00 ns, 1.6929 ns/op

WorkloadWarmup   1: 33554432 op, 863668128.00 ns, 25.7393 ns/op
WorkloadWarmup   2: 33554432 op, 867196535.00 ns, 25.8445 ns/op
WorkloadWarmup   3: 33554432 op, 862968385.00 ns, 25.7185 ns/op
WorkloadWarmup   4: 33554432 op, 863181546.00 ns, 25.7248 ns/op
WorkloadWarmup   5: 33554432 op, 863800810.00 ns, 25.7433 ns/op
WorkloadWarmup   6: 33554432 op, 863607742.00 ns, 25.7375 ns/op

// BeforeActualRun
WorkloadActual   1: 33554432 op, 863512755.00 ns, 25.7347 ns/op
WorkloadActual   2: 33554432 op, 863132946.00 ns, 25.7234 ns/op
WorkloadActual   3: 33554432 op, 863388233.00 ns, 25.7310 ns/op
WorkloadActual   4: 33554432 op, 862959081.00 ns, 25.7182 ns/op
WorkloadActual   5: 33554432 op, 863492267.00 ns, 25.7341 ns/op
WorkloadActual   6: 33554432 op, 863141152.00 ns, 25.7236 ns/op
WorkloadActual   7: 33554432 op, 863371322.00 ns, 25.7305 ns/op
WorkloadActual   8: 33554432 op, 862892408.00 ns, 25.7162 ns/op
WorkloadActual   9: 33554432 op, 862983408.00 ns, 25.7189 ns/op
WorkloadActual  10: 33554432 op, 863590642.00 ns, 25.7370 ns/op
WorkloadActual  11: 33554432 op, 863238714.00 ns, 25.7265 ns/op
WorkloadActual  12: 33554432 op, 863393915.00 ns, 25.7311 ns/op
WorkloadActual  13: 33554432 op, 863196545.00 ns, 25.7253 ns/op
WorkloadActual  14: 33554432 op, 863446293.00 ns, 25.7327 ns/op
WorkloadActual  15: 33554432 op, 863110961.00 ns, 25.7227 ns/op

// AfterActualRun
WorkloadResult   1: 33554432 op, 806610021.00 ns, 24.0389 ns/op
WorkloadResult   2: 33554432 op, 806230212.00 ns, 24.0275 ns/op
WorkloadResult   3: 33554432 op, 806485499.00 ns, 24.0351 ns/op
WorkloadResult   4: 33554432 op, 806056347.00 ns, 24.0224 ns/op
WorkloadResult   5: 33554432 op, 806589533.00 ns, 24.0382 ns/op
WorkloadResult   6: 33554432 op, 806238418.00 ns, 24.0278 ns/op
WorkloadResult   7: 33554432 op, 806468588.00 ns, 24.0346 ns/op
WorkloadResult   8: 33554432 op, 805989674.00 ns, 24.0204 ns/op
WorkloadResult   9: 33554432 op, 806080674.00 ns, 24.0231 ns/op
WorkloadResult  10: 33554432 op, 806687908.00 ns, 24.0412 ns/op
WorkloadResult  11: 33554432 op, 806335980.00 ns, 24.0307 ns/op
WorkloadResult  12: 33554432 op, 806491181.00 ns, 24.0353 ns/op
WorkloadResult  13: 33554432 op, 806293811.00 ns, 24.0294 ns/op
WorkloadResult  14: 33554432 op, 806543559.00 ns, 24.0369 ns/op
WorkloadResult  15: 33554432 op, 806208227.00 ns, 24.0269 ns/op
// GC:  0 0 0 0 33554432
// Threading:  0 0 33554432

// AfterAll
// Benchmark Process 4610 has exited with code 0.

Mean = 24.031 ns, StdErr = 0.002 ns (0.01%), N = 15, StdDev = 0.007 ns
Min = 24.020 ns, Q1 = 24.027 ns, Median = 24.031 ns, Q3 = 24.036 ns, Max = 24.041 ns
IQR = 0.009 ns, LowerFence = 24.014 ns, UpperFence = 24.049 ns
ConfidenceInterval = [24.024 ns; 24.038 ns] (CI 99.9%), Margin = 0.007 ns (0.03% of Mean)
Skewness = -0.14, Kurtosis = 1.58, MValue = 2

// ** Remained 48 (40.0 %) benchmark(s) to run. Estimated finish 2026-08-30 7:56 (0h 7m from now) **
// **************************
// Benchmark: ValueObjectBenchmarks.Domain_Money_Add: .NET 10.0(Runtime=.NET 10.0, Toolchain=net10.0)
// *** Execute ***
// Launch: 1 / 1
// Execute: dotnet "EricksonLopez.ValueObjects.Benchmarks-.NET 10.0-1.dll" --anonymousPipes 133 134 --benchmarkName EricksonLopez.ValueObjects.Benchmarks.ValueObjectBenchmarks.Domain_Money_Add --job ".NET 10.0" --benchmarkId 36 in /home/runner/work/dotnet-value-objects/dotnet-value-objects/benchmarks/EricksonLopez.ValueObjects.Benchmarks/bin/Release/net10.0/EricksonLopez.ValueObjects.Benchmarks-.NET 10.0-1/bin/Release/net10.0
// Failed to set up high priority (Permission denied). In order to run benchmarks with high priority, make sure you have the right permissions.
// BeforeAnythingElse

// Benchmark Process Environment Information:
// BenchmarkDotNet v0.15.8
// Runtime=.NET 10.0.11 (10.0.11, 10.0.1126.37416), X64 RyuJIT x86-64-v3
// GC=Concurrent Workstation
// HardwareIntrinsics=AVX2+BMI1+BMI2+F16C+FMA+LZCNT+MOVBE,AVX,SSE3+SSSE3+SSE4.1+SSE4.2+POPCNT,X86Base+SSE+SSE2,AES+PCLMUL VectorSize=256
// Job: .NET 10.0

OverheadJitting  1: 1 op, 230130.00 ns, 230.1300 us/op
WorkloadJitting  1: 1 op, 662266.00 ns, 662.2660 us/op

OverheadJitting  2: 16 op, 235570.00 ns, 14.7231 us/op
WorkloadJitting  2: 16 op, 237273.00 ns, 14.8296 us/op

WorkloadPilot    1: 16 op, 3867.00 ns, 241.6875 ns/op
WorkloadPilot    2: 32 op, 4017.00 ns, 125.5313 ns/op
WorkloadPilot    3: 64 op, 5511.00 ns, 86.1094 ns/op
WorkloadPilot    4: 128 op, 9457.00 ns, 73.8828 ns/op
WorkloadPilot    5: 256 op, 17232.00 ns, 67.3125 ns/op
WorkloadPilot    6: 512 op, 33602.00 ns, 65.6289 ns/op
WorkloadPilot    7: 1024 op, 62036.00 ns, 60.5820 ns/op
WorkloadPilot    8: 2048 op, 123480.00 ns, 60.2930 ns/op
WorkloadPilot    9: 4096 op, 244958.00 ns, 59.8042 ns/op
WorkloadPilot   10: 8192 op, 487159.00 ns, 59.4677 ns/op
WorkloadPilot   11: 16384 op, 1003194.00 ns, 61.2301 ns/op
WorkloadPilot   12: 32768 op, 1981540.00 ns, 60.4718 ns/op
WorkloadPilot   13: 65536 op, 4012443.00 ns, 61.2250 ns/op
WorkloadPilot   14: 131072 op, 7934026.00 ns, 60.5318 ns/op
WorkloadPilot   15: 262144 op, 15830370.00 ns, 60.3881 ns/op
WorkloadPilot   16: 524288 op, 31515700.00 ns, 60.1114 ns/op
WorkloadPilot   17: 1048576 op, 62912818.00 ns, 59.9983 ns/op
WorkloadPilot   18: 2097152 op, 62957001.00 ns, 30.0202 ns/op
WorkloadPilot   19: 4194304 op, 43560862.00 ns, 10.3857 ns/op
WorkloadPilot   20: 8388608 op, 87720903.00 ns, 10.4571 ns/op
WorkloadPilot   21: 16777216 op, 174473288.00 ns, 10.3994 ns/op
WorkloadPilot   22: 33554432 op, 349901469.00 ns, 10.4279 ns/op
WorkloadPilot   23: 67108864 op, 698094537.00 ns, 10.4024 ns/op

OverheadWarmup   1: 67108864 op, 172627110.00 ns, 2.5723 ns/op
OverheadWarmup   2: 67108864 op, 190191118.00 ns, 2.8341 ns/op
OverheadWarmup   3: 67108864 op, 109991570.00 ns, 1.6390 ns/op
OverheadWarmup   4: 67108864 op, 110034029.00 ns, 1.6396 ns/op
OverheadWarmup   5: 67108864 op, 110557347.00 ns, 1.6474 ns/op
OverheadWarmup   6: 67108864 op, 109877326.00 ns, 1.6373 ns/op

OverheadActual   1: 67108864 op, 109682593.00 ns, 1.6344 ns/op
OverheadActual   2: 67108864 op, 109850997.00 ns, 1.6369 ns/op
OverheadActual   3: 67108864 op, 109703191.00 ns, 1.6347 ns/op
OverheadActual   4: 67108864 op, 109746342.00 ns, 1.6353 ns/op
OverheadActual   5: 67108864 op, 109728789.00 ns, 1.6351 ns/op
OverheadActual   6: 67108864 op, 114752160.00 ns, 1.7099 ns/op
OverheadActual   7: 67108864 op, 110167818.00 ns, 1.6416 ns/op
OverheadActual   8: 67108864 op, 109728289.00 ns, 1.6351 ns/op
OverheadActual   9: 67108864 op, 109691209.00 ns, 1.6345 ns/op
OverheadActual  10: 67108864 op, 109778642.00 ns, 1.6358 ns/op
OverheadActual  11: 67108864 op, 109835348.00 ns, 1.6367 ns/op
OverheadActual  12: 67108864 op, 109777870.00 ns, 1.6358 ns/op
OverheadActual  13: 67108864 op, 109644742.00 ns, 1.6338 ns/op
OverheadActual  14: 67108864 op, 109691940.00 ns, 1.6345 ns/op
OverheadActual  15: 67108864 op, 110046061.00 ns, 1.6398 ns/op

WorkloadWarmup   1: 67108864 op, 697681226.00 ns, 10.3963 ns/op
WorkloadWarmup   2: 67108864 op, 697277160.00 ns, 10.3902 ns/op
WorkloadWarmup   3: 67108864 op, 696689103.00 ns, 10.3815 ns/op
WorkloadWarmup   4: 67108864 op, 697937646.00 ns, 10.4001 ns/op
WorkloadWarmup   5: 67108864 op, 697651217.00 ns, 10.3958 ns/op
WorkloadWarmup   6: 67108864 op, 700890445.00 ns, 10.4441 ns/op
WorkloadWarmup   7: 67108864 op, 696945118.00 ns, 10.3853 ns/op

// BeforeActualRun
WorkloadActual   1: 67108864 op, 698035494.00 ns, 10.4015 ns/op
WorkloadActual   2: 67108864 op, 697363069.00 ns, 10.3915 ns/op
WorkloadActual   3: 67108864 op, 696665005.00 ns, 10.3811 ns/op
WorkloadActual   4: 67108864 op, 697295683.00 ns, 10.3905 ns/op
WorkloadActual   5: 67108864 op, 697479586.00 ns, 10.3933 ns/op
WorkloadActual   6: 67108864 op, 696877101.00 ns, 10.3843 ns/op
WorkloadActual   7: 67108864 op, 697677266.00 ns, 10.3962 ns/op
WorkloadActual   8: 67108864 op, 698486125.00 ns, 10.4083 ns/op
WorkloadActual   9: 67108864 op, 697738358.00 ns, 10.3971 ns/op
WorkloadActual  10: 67108864 op, 697136223.00 ns, 10.3881 ns/op
WorkloadActual  11: 67108864 op, 699768709.00 ns, 10.4274 ns/op
WorkloadActual  12: 67108864 op, 697729932.00 ns, 10.3970 ns/op
WorkloadActual  13: 67108864 op, 697245447.00 ns, 10.3898 ns/op
WorkloadActual  14: 67108864 op, 697796927.00 ns, 10.3980 ns/op
WorkloadActual  15: 67108864 op, 697635756.00 ns, 10.3956 ns/op

// AfterActualRun
WorkloadResult   1: 67108864 op, 588289152.00 ns, 8.7662 ns/op
WorkloadResult   2: 67108864 op, 587616727.00 ns, 8.7562 ns/op
WorkloadResult   3: 67108864 op, 586918663.00 ns, 8.7458 ns/op
WorkloadResult   4: 67108864 op, 587549341.00 ns, 8.7552 ns/op
WorkloadResult   5: 67108864 op, 587733244.00 ns, 8.7579 ns/op
WorkloadResult   6: 67108864 op, 587130759.00 ns, 8.7489 ns/op
WorkloadResult   7: 67108864 op, 587930924.00 ns, 8.7609 ns/op
WorkloadResult   8: 67108864 op, 588739783.00 ns, 8.7729 ns/op
WorkloadResult   9: 67108864 op, 587992016.00 ns, 8.7618 ns/op
WorkloadResult  10: 67108864 op, 587389881.00 ns, 8.7528 ns/op
WorkloadResult  11: 67108864 op, 587983590.00 ns, 8.7616 ns/op
WorkloadResult  12: 67108864 op, 587499105.00 ns, 8.7544 ns/op
WorkloadResult  13: 67108864 op, 588050585.00 ns, 8.7626 ns/op
WorkloadResult  14: 67108864 op, 587889414.00 ns, 8.7602 ns/op
// GC:  0 0 0 0 67108864
// Threading:  0 0 67108864

// AfterAll
// Benchmark Process 4626 has exited with code 0.

Mean = 8.758 ns, StdErr = 0.002 ns (0.02%), N = 14, StdDev = 0.007 ns
Min = 8.746 ns, Q1 = 8.755 ns, Median = 8.759 ns, Q3 = 8.762 ns, Max = 8.773 ns
IQR = 0.007 ns, LowerFence = 8.744 ns, UpperFence = 8.772 ns
ConfidenceInterval = [8.751 ns; 8.766 ns] (CI 99.9%), Margin = 0.008 ns (0.09% of Mean)
Skewness = 0.12, Kurtosis = 2.52, MValue = 2

// ** Remained 47 (39.2 %) benchmark(s) to run. Estimated finish 2026-08-30 7:57 (0h 7m from now) **
// **************************
// Benchmark: ValueObjectBenchmarks.Domain_Money_Allocate: .NET 10.0(Runtime=.NET 10.0, Toolchain=net10.0)
// *** Execute ***
// Launch: 1 / 1
// Execute: dotnet "EricksonLopez.ValueObjects.Benchmarks-.NET 10.0-1.dll" --anonymousPipes 133 134 --benchmarkName EricksonLopez.ValueObjects.Benchmarks.ValueObjectBenchmarks.Domain_Money_Allocate --job ".NET 10.0" --benchmarkId 37 in /home/runner/work/dotnet-value-objects/dotnet-value-objects/benchmarks/EricksonLopez.ValueObjects.Benchmarks/bin/Release/net10.0/EricksonLopez.ValueObjects.Benchmarks-.NET 10.0-1/bin/Release/net10.0
// Failed to set up high priority (Permission denied). In order to run benchmarks with high priority, make sure you have the right permissions.
// BeforeAnythingElse

// Benchmark Process Environment Information:
// BenchmarkDotNet v0.15.8
// Runtime=.NET 10.0.11 (10.0.11, 10.0.1126.37416), X64 RyuJIT x86-64-v3
// GC=Concurrent Workstation
// HardwareIntrinsics=AVX2+BMI1+BMI2+F16C+FMA+LZCNT+MOVBE,AVX,SSE3+SSSE3+SSE4.1+SSE4.2+POPCNT,X86Base+SSE+SSE2,AES+PCLMUL VectorSize=256
// Job: .NET 10.0

OverheadJitting  1: 1 op, 250618.00 ns, 250.6180 us/op
WorkloadJitting  1: 1 op, 911893.00 ns, 911.8930 us/op

OverheadJitting  2: 16 op, 522135.00 ns, 32.6334 us/op
WorkloadJitting  2: 16 op, 566408.00 ns, 35.4005 us/op

WorkloadPilot    1: 16 op, 16440.00 ns, 1.0275 us/op
WorkloadPilot    2: 32 op, 28342.00 ns, 885.6875 ns/op
WorkloadPilot    3: 64 op, 59772.00 ns, 933.9375 ns/op
WorkloadPilot    4: 128 op, 105176.00 ns, 821.6875 ns/op
WorkloadPilot    5: 256 op, 202167.00 ns, 789.7148 ns/op
WorkloadPilot    6: 512 op, 385470.00 ns, 752.8711 ns/op
WorkloadPilot    7: 1024 op, 788332.00 ns, 769.8555 ns/op
WorkloadPilot    8: 2048 op, 1659279.00 ns, 810.1948 ns/op
WorkloadPilot    9: 4096 op, 3137859.00 ns, 766.0789 ns/op
WorkloadPilot   10: 8192 op, 6413467.00 ns, 782.8939 ns/op
WorkloadPilot   11: 16384 op, 12490744.00 ns, 762.3745 ns/op
WorkloadPilot   12: 32768 op, 24846427.00 ns, 758.2528 ns/op
WorkloadPilot   13: 65536 op, 49430044.00 ns, 754.2426 ns/op
WorkloadPilot   14: 131072 op, 98342372.00 ns, 750.2928 ns/op
WorkloadPilot   15: 262144 op, 104401332.00 ns, 398.2595 ns/op
WorkloadPilot   16: 524288 op, 197427122.00 ns, 376.5624 ns/op
WorkloadPilot   17: 1048576 op, 395199468.00 ns, 376.8916 ns/op
WorkloadPilot   18: 2097152 op, 791887325.00 ns, 377.6013 ns/op

OverheadWarmup   1: 2097152 op, 8858382.00 ns, 4.2240 ns/op
OverheadWarmup   2: 2097152 op, 8966112.00 ns, 4.2754 ns/op
OverheadWarmup   3: 2097152 op, 8300740.00 ns, 3.9581 ns/op
OverheadWarmup   4: 2097152 op, 8340314.00 ns, 3.9770 ns/op
OverheadWarmup   5: 2097152 op, 8721807.00 ns, 4.1589 ns/op
OverheadWarmup   6: 2097152 op, 8281064.00 ns, 3.9487 ns/op

OverheadActual   1: 2097152 op, 8298486.00 ns, 3.9570 ns/op
OverheadActual   2: 2097152 op, 8799281.00 ns, 4.1958 ns/op
OverheadActual   3: 2097152 op, 8298356.00 ns, 3.9570 ns/op
OverheadActual   4: 2097152 op, 8292245.00 ns, 3.9541 ns/op
OverheadActual   5: 2097152 op, 8289599.00 ns, 3.9528 ns/op
OverheadActual   6: 2097152 op, 8289389.00 ns, 3.9527 ns/op
OverheadActual   7: 2097152 op, 8289168.00 ns, 3.9526 ns/op
OverheadActual   8: 2097152 op, 8283328.00 ns, 3.9498 ns/op
OverheadActual   9: 2097152 op, 8285812.00 ns, 3.9510 ns/op
OverheadActual  10: 2097152 op, 8320387.00 ns, 3.9675 ns/op
OverheadActual  11: 2097152 op, 8294619.00 ns, 3.9552 ns/op
OverheadActual  12: 2097152 op, 8312282.00 ns, 3.9636 ns/op
OverheadActual  13: 2097152 op, 8643129.00 ns, 4.1214 ns/op
OverheadActual  14: 2097152 op, 8284380.00 ns, 3.9503 ns/op
OverheadActual  15: 2097152 op, 8292455.00 ns, 3.9542 ns/op

WorkloadWarmup   1: 2097152 op, 798310794.00 ns, 380.6643 ns/op
WorkloadWarmup   2: 2097152 op, 794959932.00 ns, 379.0664 ns/op
WorkloadWarmup   3: 2097152 op, 790456212.00 ns, 376.9189 ns/op
WorkloadWarmup   4: 2097152 op, 789805678.00 ns, 376.6087 ns/op
WorkloadWarmup   5: 2097152 op, 790292517.00 ns, 376.8408 ns/op
WorkloadWarmup   6: 2097152 op, 790045025.00 ns, 376.7228 ns/op
WorkloadWarmup   7: 2097152 op, 789930270.00 ns, 376.6681 ns/op
WorkloadWarmup   8: 2097152 op, 789205908.00 ns, 376.3227 ns/op
WorkloadWarmup   9: 2097152 op, 789368792.00 ns, 376.4004 ns/op
WorkloadWarmup  10: 2097152 op, 789263686.00 ns, 376.3503 ns/op

// BeforeActualRun
WorkloadActual   1: 2097152 op, 791196972.00 ns, 377.2721 ns/op
WorkloadActual   2: 2097152 op, 789437965.00 ns, 376.4334 ns/op
WorkloadActual   3: 2097152 op, 789856486.00 ns, 376.6329 ns/op
WorkloadActual   4: 2097152 op, 789359277.00 ns, 376.3958 ns/op
WorkloadActual   5: 2097152 op, 790529994.00 ns, 376.9541 ns/op
WorkloadActual   6: 2097152 op, 797131954.00 ns, 380.1021 ns/op
WorkloadActual   7: 2097152 op, 789258440.00 ns, 376.3478 ns/op
WorkloadActual   8: 2097152 op, 789827202.00 ns, 376.6190 ns/op
WorkloadActual   9: 2097152 op, 789024633.00 ns, 376.2363 ns/op
WorkloadActual  10: 2097152 op, 795208041.00 ns, 379.1847 ns/op
WorkloadActual  11: 2097152 op, 789610068.00 ns, 376.5154 ns/op
WorkloadActual  12: 2097152 op, 791039939.00 ns, 377.1972 ns/op
WorkloadActual  13: 2097152 op, 789428478.00 ns, 376.4288 ns/op
WorkloadActual  14: 2097152 op, 789296601.00 ns, 376.3659 ns/op
WorkloadActual  15: 2097152 op, 789788070.00 ns, 376.6003 ns/op

// AfterActualRun
WorkloadResult   1: 2097152 op, 782904517.00 ns, 373.3180 ns/op
WorkloadResult   2: 2097152 op, 781145510.00 ns, 372.4792 ns/op
WorkloadResult   3: 2097152 op, 781564031.00 ns, 372.6788 ns/op
WorkloadResult   4: 2097152 op, 781066822.00 ns, 372.4417 ns/op
WorkloadResult   5: 2097152 op, 782237539.00 ns, 372.9999 ns/op
WorkloadResult   6: 2097152 op, 780965985.00 ns, 372.3936 ns/op
WorkloadResult   7: 2097152 op, 781534747.00 ns, 372.6648 ns/op
WorkloadResult   8: 2097152 op, 780732178.00 ns, 372.2821 ns/op
WorkloadResult   9: 2097152 op, 781317613.00 ns, 372.5613 ns/op
WorkloadResult  10: 2097152 op, 782747484.00 ns, 373.2431 ns/op
WorkloadResult  11: 2097152 op, 781136023.00 ns, 372.4747 ns/op
WorkloadResult  12: 2097152 op, 781004146.00 ns, 372.4118 ns/op
WorkloadResult  13: 2097152 op, 781495615.00 ns, 372.6461 ns/op
// GC:  12 0 0 201326592 2097152
// Threading:  0 0 2097152

// AfterAll
// Benchmark Process 4638 has exited with code 0.

Mean = 372.661 ns, StdErr = 0.091 ns (0.02%), N = 13, StdDev = 0.328 ns
Min = 372.282 ns, Q1 = 372.442 ns, Median = 372.561 ns, Q3 = 372.679 ns, Max = 373.318 ns
IQR = 0.237 ns, LowerFence = 372.086 ns, UpperFence = 373.034 ns
ConfidenceInterval = [372.269 ns; 373.054 ns] (CI 99.9%), Margin = 0.392 ns (0.11% of Mean)
Skewness = 0.89, Kurtosis = 2.32, MValue = 2

// ** Remained 46 (38.3 %) benchmark(s) to run. Estimated finish 2026-08-30 7:57 (0h 7m from now) **
// **************************
// Benchmark: ValueObjectBenchmarks.Domain_Money_ApplyTax: .NET 10.0(Runtime=.NET 10.0, Toolchain=net10.0)
// *** Execute ***
// Launch: 1 / 1
// Execute: dotnet "EricksonLopez.ValueObjects.Benchmarks-.NET 10.0-1.dll" --anonymousPipes 133 134 --benchmarkName EricksonLopez.ValueObjects.Benchmarks.ValueObjectBenchmarks.Domain_Money_ApplyTax --job ".NET 10.0" --benchmarkId 38 in /home/runner/work/dotnet-value-objects/dotnet-value-objects/benchmarks/EricksonLopez.ValueObjects.Benchmarks/bin/Release/net10.0/EricksonLopez.ValueObjects.Benchmarks-.NET 10.0-1/bin/Release/net10.0
// Failed to set up high priority (Permission denied). In order to run benchmarks with high priority, make sure you have the right permissions.
// BeforeAnythingElse

// Benchmark Process Environment Information:
// BenchmarkDotNet v0.15.8
// Runtime=.NET 10.0.11 (10.0.11, 10.0.1126.37416), X64 RyuJIT x86-64-v3
// GC=Concurrent Workstation
// HardwareIntrinsics=AVX2+BMI1+BMI2+F16C+FMA+LZCNT+MOVBE,AVX,SSE3+SSSE3+SSE4.1+SSE4.2+POPCNT,X86Base+SSE+SSE2,AES+PCLMUL VectorSize=256
// Job: .NET 10.0

OverheadJitting  1: 1 op, 267981.00 ns, 267.9810 us/op
WorkloadJitting  1: 1 op, 557091.00 ns, 557.0910 us/op

OverheadJitting  2: 16 op, 212047.00 ns, 13.2529 us/op
WorkloadJitting  2: 16 op, 227705.00 ns, 14.2316 us/op

WorkloadPilot    1: 16 op, 4558.00 ns, 284.8750 ns/op
WorkloadPilot    2: 32 op, 6773.00 ns, 211.6563 ns/op
WorkloadPilot    3: 64 op, 10640.00 ns, 166.2500 ns/op
WorkloadPilot    4: 128 op, 21561.00 ns, 168.4453 ns/op
WorkloadPilot    5: 256 op, 41908.00 ns, 163.7031 ns/op
WorkloadPilot    6: 512 op, 81201.00 ns, 158.5957 ns/op
WorkloadPilot    7: 1024 op, 157304.00 ns, 153.6172 ns/op
WorkloadPilot    8: 2048 op, 274553.00 ns, 134.0591 ns/op
WorkloadPilot    9: 4096 op, 572580.00 ns, 139.7900 ns/op
WorkloadPilot   10: 8192 op, 1167001.00 ns, 142.4562 ns/op
WorkloadPilot   11: 16384 op, 2307433.00 ns, 140.8345 ns/op
WorkloadPilot   12: 32768 op, 4491965.00 ns, 137.0839 ns/op
WorkloadPilot   13: 65536 op, 9527437.00 ns, 145.3772 ns/op
WorkloadPilot   14: 131072 op, 19180208.00 ns, 146.3334 ns/op
WorkloadPilot   15: 262144 op, 39505787.00 ns, 150.7026 ns/op
WorkloadPilot   16: 524288 op, 77004874.00 ns, 146.8751 ns/op
WorkloadPilot   17: 1048576 op, 79468088.00 ns, 75.7867 ns/op
WorkloadPilot   18: 2097152 op, 119820417.00 ns, 57.1348 ns/op
WorkloadPilot   19: 4194304 op, 239448163.00 ns, 57.0889 ns/op
WorkloadPilot   20: 8388608 op, 478360895.00 ns, 57.0251 ns/op
WorkloadPilot   21: 16777216 op, 958978005.00 ns, 57.1595 ns/op

OverheadWarmup   1: 16777216 op, 43448838.00 ns, 2.5898 ns/op
OverheadWarmup   2: 16777216 op, 43678677.00 ns, 2.6035 ns/op
OverheadWarmup   3: 16777216 op, 43621290.00 ns, 2.6000 ns/op
OverheadWarmup   4: 16777216 op, 43401089.00 ns, 2.5869 ns/op
OverheadWarmup   5: 16777216 op, 43858904.00 ns, 2.6142 ns/op
OverheadWarmup   6: 16777216 op, 43472863.00 ns, 2.5912 ns/op

OverheadActual   1: 16777216 op, 43481508.00 ns, 2.5917 ns/op
OverheadActual   2: 16777216 op, 43628202.00 ns, 2.6004 ns/op
OverheadActual   3: 16777216 op, 43455300.00 ns, 2.5901 ns/op
OverheadActual   4: 16777216 op, 43641447.00 ns, 2.6012 ns/op
OverheadActual   5: 16777216 op, 43511966.00 ns, 2.5935 ns/op
OverheadActual   6: 16777216 op, 43467913.00 ns, 2.5909 ns/op
OverheadActual   7: 16777216 op, 44069858.00 ns, 2.6268 ns/op
OverheadActual   8: 16777216 op, 47242001.00 ns, 2.8158 ns/op
OverheadActual   9: 16777216 op, 27878461.00 ns, 1.6617 ns/op
OverheadActual  10: 16777216 op, 27737317.00 ns, 1.6533 ns/op
OverheadActual  11: 16777216 op, 27934105.00 ns, 1.6650 ns/op
OverheadActual  12: 16777216 op, 29366730.00 ns, 1.7504 ns/op
OverheadActual  13: 16777216 op, 27786830.00 ns, 1.6562 ns/op
OverheadActual  14: 16777216 op, 27771351.00 ns, 1.6553 ns/op
OverheadActual  15: 16777216 op, 27751344.00 ns, 1.6541 ns/op
OverheadActual  16: 16777216 op, 27857803.00 ns, 1.6605 ns/op
OverheadActual  17: 16777216 op, 27823368.00 ns, 1.6584 ns/op
OverheadActual  18: 16777216 op, 27755081.00 ns, 1.6543 ns/op
OverheadActual  19: 16777216 op, 27793543.00 ns, 1.6566 ns/op
OverheadActual  20: 16777216 op, 27781169.00 ns, 1.6559 ns/op

WorkloadWarmup   1: 16777216 op, 956824862.00 ns, 57.0312 ns/op
WorkloadWarmup   2: 16777216 op, 956495917.00 ns, 57.0116 ns/op
WorkloadWarmup   3: 16777216 op, 956296735.00 ns, 56.9997 ns/op
WorkloadWarmup   4: 16777216 op, 956990951.00 ns, 57.0411 ns/op
WorkloadWarmup   5: 16777216 op, 956275195.00 ns, 56.9984 ns/op
WorkloadWarmup   6: 16777216 op, 956284382.00 ns, 56.9990 ns/op
WorkloadWarmup   7: 16777216 op, 957779363.00 ns, 57.0881 ns/op
WorkloadWarmup   8: 16777216 op, 957124138.00 ns, 57.0490 ns/op

// BeforeActualRun
WorkloadActual   1: 16777216 op, 959290522.00 ns, 57.1782 ns/op
WorkloadActual   2: 16777216 op, 956318721.00 ns, 57.0010 ns/op
WorkloadActual   3: 16777216 op, 957401484.00 ns, 57.0656 ns/op
WorkloadActual   4: 16777216 op, 957202241.00 ns, 57.0537 ns/op
WorkloadActual   5: 16777216 op, 957117645.00 ns, 57.0487 ns/op
WorkloadActual   6: 16777216 op, 956117162.00 ns, 56.9890 ns/op
WorkloadActual   7: 16777216 op, 956437560.00 ns, 57.0081 ns/op
WorkloadActual   8: 16777216 op, 956279816.00 ns, 56.9987 ns/op
WorkloadActual   9: 16777216 op, 956223982.00 ns, 56.9954 ns/op
WorkloadActual  10: 16777216 op, 956212114.00 ns, 56.9947 ns/op
WorkloadActual  11: 16777216 op, 957121045.00 ns, 57.0489 ns/op
WorkloadActual  12: 16777216 op, 956693959.00 ns, 57.0234 ns/op
WorkloadActual  13: 16777216 op, 956167986.00 ns, 56.9921 ns/op
WorkloadActual  14: 16777216 op, 956065395.00 ns, 56.9859 ns/op
WorkloadActual  15: 16777216 op, 956145974.00 ns, 56.9907 ns/op

// AfterActualRun
WorkloadResult   1: 16777216 op, 928412438.00 ns, 55.3377 ns/op
WorkloadResult   2: 16777216 op, 929495201.00 ns, 55.4022 ns/op
WorkloadResult   3: 16777216 op, 929295958.00 ns, 55.3904 ns/op
WorkloadResult   4: 16777216 op, 929211362.00 ns, 55.3853 ns/op
WorkloadResult   5: 16777216 op, 928210879.00 ns, 55.3257 ns/op
WorkloadResult   6: 16777216 op, 928531277.00 ns, 55.3448 ns/op
WorkloadResult   7: 16777216 op, 928373533.00 ns, 55.3354 ns/op
WorkloadResult   8: 16777216 op, 928317699.00 ns, 55.3320 ns/op
WorkloadResult   9: 16777216 op, 928305831.00 ns, 55.3313 ns/op
WorkloadResult  10: 16777216 op, 929214762.00 ns, 55.3855 ns/op
WorkloadResult  11: 16777216 op, 928787676.00 ns, 55.3601 ns/op
WorkloadResult  12: 16777216 op, 928261703.00 ns, 55.3287 ns/op
WorkloadResult  13: 16777216 op, 928159112.00 ns, 55.3226 ns/op
WorkloadResult  14: 16777216 op, 928239691.00 ns, 55.3274 ns/op
// GC:  0 0 0 0 16777216
// Threading:  0 0 16777216

// AfterAll
// Benchmark Process 4653 has exited with code 0.

Mean = 55.351 ns, StdErr = 0.008 ns (0.01%), N = 14, StdDev = 0.028 ns
Min = 55.323 ns, Q1 = 55.329 ns, Median = 55.337 ns, Q3 = 55.379 ns, Max = 55.402 ns
IQR = 0.050 ns, LowerFence = 55.255 ns, UpperFence = 55.453 ns
ConfidenceInterval = [55.319 ns; 55.382 ns] (CI 99.9%), Margin = 0.032 ns (0.06% of Mean)
Skewness = 0.65, Kurtosis = 1.63, MValue = 2

// ** Remained 45 (37.5 %) benchmark(s) to run. Estimated finish 2026-08-30 7:57 (0h 7m from now) **
// **************************
// Benchmark: ValueObjectBenchmarks.Domain_Parse_BusinessDate: .NET 10.0(Runtime=.NET 10.0, Toolchain=net10.0)
// *** Execute ***
// Launch: 1 / 1
// Execute: dotnet "EricksonLopez.ValueObjects.Benchmarks-.NET 10.0-1.dll" --anonymousPipes 133 134 --benchmarkName EricksonLopez.ValueObjects.Benchmarks.ValueObjectBenchmarks.Domain_Parse_BusinessDate --job ".NET 10.0" --benchmarkId 39 in /home/runner/work/dotnet-value-objects/dotnet-value-objects/benchmarks/EricksonLopez.ValueObjects.Benchmarks/bin/Release/net10.0/EricksonLopez.ValueObjects.Benchmarks-.NET 10.0-1/bin/Release/net10.0
// Failed to set up high priority (Permission denied). In order to run benchmarks with high priority, make sure you have the right permissions.
// BeforeAnythingElse

// Benchmark Process Environment Information:
// BenchmarkDotNet v0.15.8
// Runtime=.NET 10.0.11 (10.0.11, 10.0.1126.37416), X64 RyuJIT x86-64-v3
// GC=Concurrent Workstation
// HardwareIntrinsics=AVX2+BMI1+BMI2+F16C+FMA+LZCNT+MOVBE,AVX,SSE3+SSSE3+SSE4.1+SSE4.2+POPCNT,X86Base+SSE+SSE2,AES+PCLMUL VectorSize=256
// Job: .NET 10.0

OverheadJitting  1: 1 op, 224389.00 ns, 224.3890 us/op
WorkloadJitting  1: 1 op, 8709798.00 ns, 8.7098 ms/op

OverheadJitting  2: 16 op, 249936.00 ns, 15.6210 us/op
WorkloadJitting  2: 16 op, 271546.00 ns, 16.9716 us/op

WorkloadPilot    1: 16 op, 9929.00 ns, 620.5625 ns/op
WorkloadPilot    2: 32 op, 12824.00 ns, 400.7500 ns/op
WorkloadPilot    3: 64 op, 20608.00 ns, 322.0000 ns/op
WorkloadPilot    4: 128 op, 34605.00 ns, 270.3516 ns/op
WorkloadPilot    5: 256 op, 66084.00 ns, 258.1406 ns/op
WorkloadPilot    6: 512 op, 127779.00 ns, 249.5684 ns/op
WorkloadPilot    7: 1024 op, 276506.00 ns, 270.0254 ns/op
WorkloadPilot    8: 2048 op, 518197.00 ns, 253.0259 ns/op
WorkloadPilot    9: 4096 op, 1008592.00 ns, 246.2383 ns/op
WorkloadPilot   10: 8192 op, 2024469.00 ns, 247.1276 ns/op
WorkloadPilot   11: 16384 op, 3956866.00 ns, 241.5079 ns/op
WorkloadPilot   12: 32768 op, 8007388.00 ns, 244.3661 ns/op
WorkloadPilot   13: 65536 op, 15686682.00 ns, 239.3598 ns/op
WorkloadPilot   14: 131072 op, 31485243.00 ns, 240.2133 ns/op
WorkloadPilot   15: 262144 op, 63572449.00 ns, 242.5096 ns/op
WorkloadPilot   16: 524288 op, 112261878.00 ns, 214.1225 ns/op
WorkloadPilot   17: 1048576 op, 137636712.00 ns, 131.2606 ns/op
WorkloadPilot   18: 2097152 op, 277115778.00 ns, 132.1391 ns/op
WorkloadPilot   19: 4194304 op, 550464916.00 ns, 131.2411 ns/op

OverheadWarmup   1: 4194304 op, 10981810.00 ns, 2.6183 ns/op
OverheadWarmup   2: 4194304 op, 10913922.00 ns, 2.6021 ns/op
OverheadWarmup   3: 4194304 op, 10881223.00 ns, 2.5943 ns/op
OverheadWarmup   4: 4194304 op, 10857447.00 ns, 2.5886 ns/op
OverheadWarmup   5: 4194304 op, 10858400.00 ns, 2.5888 ns/op
OverheadWarmup   6: 4194304 op, 10844733.00 ns, 2.5856 ns/op
OverheadWarmup   7: 4194304 op, 10869149.00 ns, 2.5914 ns/op
OverheadWarmup   8: 4194304 op, 10844153.00 ns, 2.5854 ns/op

OverheadActual   1: 4194304 op, 10884788.00 ns, 2.5951 ns/op
OverheadActual   2: 4194304 op, 10926486.00 ns, 2.6051 ns/op
OverheadActual   3: 4194304 op, 10869821.00 ns, 2.5916 ns/op
OverheadActual   4: 4194304 op, 10917570.00 ns, 2.6030 ns/op
OverheadActual   5: 4194304 op, 10885560.00 ns, 2.5953 ns/op
OverheadActual   6: 4194304 op, 10863107.00 ns, 2.5900 ns/op
OverheadActual   7: 4194304 op, 10863519.00 ns, 2.5901 ns/op
OverheadActual   8: 4194304 op, 10846407.00 ns, 2.5860 ns/op
OverheadActual   9: 4194304 op, 11084692.00 ns, 2.6428 ns/op
OverheadActual  10: 4194304 op, 10864411.00 ns, 2.5903 ns/op
OverheadActual  11: 4194304 op, 10882724.00 ns, 2.5946 ns/op
OverheadActual  12: 4194304 op, 10859552.00 ns, 2.5891 ns/op
OverheadActual  13: 4194304 op, 10862106.00 ns, 2.5897 ns/op
OverheadActual  14: 4194304 op, 10856175.00 ns, 2.5883 ns/op
OverheadActual  15: 4194304 op, 10863769.00 ns, 2.5901 ns/op

WorkloadWarmup   1: 4194304 op, 555309778.00 ns, 132.3962 ns/op
WorkloadWarmup   2: 4194304 op, 550704747.00 ns, 131.2982 ns/op
WorkloadWarmup   3: 4194304 op, 550473174.00 ns, 131.2430 ns/op
WorkloadWarmup   4: 4194304 op, 550380153.00 ns, 131.2209 ns/op
WorkloadWarmup   5: 4194304 op, 550405729.00 ns, 131.2270 ns/op
WorkloadWarmup   6: 4194304 op, 549835464.00 ns, 131.0910 ns/op
WorkloadWarmup   7: 4194304 op, 551415544.00 ns, 131.4677 ns/op
WorkloadWarmup   8: 4194304 op, 550164889.00 ns, 131.1695 ns/op

// BeforeActualRun
WorkloadActual   1: 4194304 op, 551294220.00 ns, 131.4388 ns/op
WorkloadActual   2: 4194304 op, 550869344.00 ns, 131.3375 ns/op
WorkloadActual   3: 4194304 op, 551309924.00 ns, 131.4425 ns/op
WorkloadActual   4: 4194304 op, 550516125.00 ns, 131.2533 ns/op
WorkloadActual   5: 4194304 op, 550504924.00 ns, 131.2506 ns/op
WorkloadActual   6: 4194304 op, 550966826.00 ns, 131.3607 ns/op
WorkloadActual   7: 4194304 op, 550310156.00 ns, 131.2042 ns/op
WorkloadActual   8: 4194304 op, 551019222.00 ns, 131.3732 ns/op
WorkloadActual   9: 4194304 op, 550489261.00 ns, 131.2469 ns/op
WorkloadActual  10: 4194304 op, 551082560.00 ns, 131.3883 ns/op
WorkloadActual  11: 4194304 op, 550280181.00 ns, 131.1970 ns/op
WorkloadActual  12: 4194304 op, 551077774.00 ns, 131.3872 ns/op
WorkloadActual  13: 4194304 op, 550012760.00 ns, 131.1333 ns/op
WorkloadActual  14: 4194304 op, 550343329.00 ns, 131.2121 ns/op
WorkloadActual  15: 4194304 op, 550355712.00 ns, 131.2150 ns/op

// AfterActualRun
WorkloadResult   1: 4194304 op, 540429809.00 ns, 128.8485 ns/op
WorkloadResult   2: 4194304 op, 540004933.00 ns, 128.7472 ns/op
WorkloadResult   3: 4194304 op, 540445513.00 ns, 128.8523 ns/op
WorkloadResult   4: 4194304 op, 539651714.00 ns, 128.6630 ns/op
WorkloadResult   5: 4194304 op, 539640513.00 ns, 128.6603 ns/op
WorkloadResult   6: 4194304 op, 540102415.00 ns, 128.7705 ns/op
WorkloadResult   7: 4194304 op, 539445745.00 ns, 128.6139 ns/op
WorkloadResult   8: 4194304 op, 540154811.00 ns, 128.7829 ns/op
WorkloadResult   9: 4194304 op, 539624850.00 ns, 128.6566 ns/op
WorkloadResult  10: 4194304 op, 540218149.00 ns, 128.7980 ns/op
WorkloadResult  11: 4194304 op, 539415770.00 ns, 128.6067 ns/op
WorkloadResult  12: 4194304 op, 540213363.00 ns, 128.7969 ns/op
WorkloadResult  13: 4194304 op, 539148349.00 ns, 128.5430 ns/op
WorkloadResult  14: 4194304 op, 539478918.00 ns, 128.6218 ns/op
WorkloadResult  15: 4194304 op, 539491301.00 ns, 128.6247 ns/op
// GC:  0 0 0 0 4194304
// Threading:  0 0 4194304

// AfterAll
// Benchmark Process 4667 has exited with code 0.

Mean = 128.706 ns, StdErr = 0.025 ns (0.02%), N = 15, StdDev = 0.098 ns
Min = 128.543 ns, Q1 = 128.623 ns, Median = 128.663 ns, Q3 = 128.790 ns, Max = 128.852 ns
IQR = 0.167 ns, LowerFence = 128.373 ns, UpperFence = 129.040 ns
ConfidenceInterval = [128.601 ns; 128.811 ns] (CI 99.9%), Margin = 0.105 ns (0.08% of Mean)
Skewness = 0.06, Kurtosis = 1.46, MValue = 2

// ** Remained 44 (36.7 %) benchmark(s) to run. Estimated finish 2026-08-30 7:57 (0h 7m from now) **
// Build Error: Standard output: 
  
 Standard error: 
   Determining projects to restore...
/home/runner/work/dotnet-value-objects/dotnet-value-objects/benchmarks/EricksonLopez.ValueObjects.Benchmarks/bin/Release/net10.0/EricksonLopez.ValueObjects.Benchmarks-.NET 8.0-2/BenchmarkDotNet.Autogenerated.csproj : error NU1201: Project EricksonLopez.ValueObjects.Benchmarks is not compatible with net8.0 (.NETCoreApp,Version=v8.0). Project EricksonLopez.ValueObjects.Benchmarks supports: net10.0 (.NETCoreApp,Version=v10.0)
  Failed to restore /home/runner/work/dotnet-value-objects/dotnet-value-objects/benchmarks/EricksonLopez.ValueObjects.Benchmarks/bin/Release/net10.0/EricksonLopez.ValueObjects.Benchmarks-.NET 8.0-2/BenchmarkDotNet.Autogenerated.csproj (in 272 ms).
  5 of 6 projects are up-to-date for restore.

// BenchmarkDotNet has failed to build the auto-generated boilerplate code.
// It can be found in /home/runner/work/dotnet-value-objects/dotnet-value-objects/benchmarks/EricksonLopez.ValueObjects.Benchmarks/bin/Release/net10.0/EricksonLopez.ValueObjects.Benchmarks-.NET 8.0-2
// Please follow the troubleshooting guide: https://benchmarkdotnet.org/articles/guides/troubleshooting.html

// ** Remained 43 (35.8 %) benchmark(s) to run. Estimated finish 2026-08-30 7:57 (0h 7m from now) **
// Build Error: Standard output: 
  
 Standard error: 
   Determining projects to restore...
/home/runner/work/dotnet-value-objects/dotnet-value-objects/benchmarks/EricksonLopez.ValueObjects.Benchmarks/bin/Release/net10.0/EricksonLopez.ValueObjects.Benchmarks-.NET 8.0-2/BenchmarkDotNet.Autogenerated.csproj : error NU1201: Project EricksonLopez.ValueObjects.Benchmarks is not compatible with net8.0 (.NETCoreApp,Version=v8.0). Project EricksonLopez.ValueObjects.Benchmarks supports: net10.0 (.NETCoreApp,Version=v10.0)
  Failed to restore /home/runner/work/dotnet-value-objects/dotnet-value-objects/benchmarks/EricksonLopez.ValueObjects.Benchmarks/bin/Release/net10.0/EricksonLopez.ValueObjects.Benchmarks-.NET 8.0-2/BenchmarkDotNet.Autogenerated.csproj (in 272 ms).
  5 of 6 projects are up-to-date for restore.

// BenchmarkDotNet has failed to build the auto-generated boilerplate code.
// It can be found in /home/runner/work/dotnet-value-objects/dotnet-value-objects/benchmarks/EricksonLopez.ValueObjects.Benchmarks/bin/Release/net10.0/EricksonLopez.ValueObjects.Benchmarks-.NET 8.0-2
// Please follow the troubleshooting guide: https://benchmarkdotnet.org/articles/guides/troubleshooting.html

// ** Remained 42 (35.0 %) benchmark(s) to run. Estimated finish 2026-08-30 7:57 (0h 6m from now) **
// Build Error: Standard output: 
  
 Standard error: 
   Determining projects to restore...
/home/runner/work/dotnet-value-objects/dotnet-value-objects/benchmarks/EricksonLopez.ValueObjects.Benchmarks/bin/Release/net10.0/EricksonLopez.ValueObjects.Benchmarks-.NET 8.0-2/BenchmarkDotNet.Autogenerated.csproj : error NU1201: Project EricksonLopez.ValueObjects.Benchmarks is not compatible with net8.0 (.NETCoreApp,Version=v8.0). Project EricksonLopez.ValueObjects.Benchmarks supports: net10.0 (.NETCoreApp,Version=v10.0)
  Failed to restore /home/runner/work/dotnet-value-objects/dotnet-value-objects/benchmarks/EricksonLopez.ValueObjects.Benchmarks/bin/Release/net10.0/EricksonLopez.ValueObjects.Benchmarks-.NET 8.0-2/BenchmarkDotNet.Autogenerated.csproj (in 272 ms).
  5 of 6 projects are up-to-date for restore.

// BenchmarkDotNet has failed to build the auto-generated boilerplate code.
// It can be found in /home/runner/work/dotnet-value-objects/dotnet-value-objects/benchmarks/EricksonLopez.ValueObjects.Benchmarks/bin/Release/net10.0/EricksonLopez.ValueObjects.Benchmarks-.NET 8.0-2
// Please follow the troubleshooting guide: https://benchmarkdotnet.org/articles/guides/troubleshooting.html

// ** Remained 41 (34.2 %) benchmark(s) to run. Estimated finish 2026-08-30 7:57 (0h 6m from now) **
// Build Error: Standard output: 
  
 Standard error: 
   Determining projects to restore...
/home/runner/work/dotnet-value-objects/dotnet-value-objects/benchmarks/EricksonLopez.ValueObjects.Benchmarks/bin/Release/net10.0/EricksonLopez.ValueObjects.Benchmarks-.NET 8.0-2/BenchmarkDotNet.Autogenerated.csproj : error NU1201: Project EricksonLopez.ValueObjects.Benchmarks is not compatible with net8.0 (.NETCoreApp,Version=v8.0). Project EricksonLopez.ValueObjects.Benchmarks supports: net10.0 (.NETCoreApp,Version=v10.0)
  Failed to restore /home/runner/work/dotnet-value-objects/dotnet-value-objects/benchmarks/EricksonLopez.ValueObjects.Benchmarks/bin/Release/net10.0/EricksonLopez.ValueObjects.Benchmarks-.NET 8.0-2/BenchmarkDotNet.Autogenerated.csproj (in 272 ms).
  5 of 6 projects are up-to-date for restore.

// BenchmarkDotNet has failed to build the auto-generated boilerplate code.
// It can be found in /home/runner/work/dotnet-value-objects/dotnet-value-objects/benchmarks/EricksonLopez.ValueObjects.Benchmarks/bin/Release/net10.0/EricksonLopez.ValueObjects.Benchmarks-.NET 8.0-2
// Please follow the troubleshooting guide: https://benchmarkdotnet.org/articles/guides/troubleshooting.html

// ** Remained 40 (33.3 %) benchmark(s) to run. Estimated finish 2026-08-30 7:56 (0h 6m from now) **
// Build Error: Standard output: 
  
 Standard error: 
   Determining projects to restore...
/home/runner/work/dotnet-value-objects/dotnet-value-objects/benchmarks/EricksonLopez.ValueObjects.Benchmarks/bin/Release/net10.0/EricksonLopez.ValueObjects.Benchmarks-.NET 8.0-2/BenchmarkDotNet.Autogenerated.csproj : error NU1201: Project EricksonLopez.ValueObjects.Benchmarks is not compatible with net8.0 (.NETCoreApp,Version=v8.0). Project EricksonLopez.ValueObjects.Benchmarks supports: net10.0 (.NETCoreApp,Version=v10.0)
  Failed to restore /home/runner/work/dotnet-value-objects/dotnet-value-objects/benchmarks/EricksonLopez.ValueObjects.Benchmarks/bin/Release/net10.0/EricksonLopez.ValueObjects.Benchmarks-.NET 8.0-2/BenchmarkDotNet.Autogenerated.csproj (in 272 ms).
  5 of 6 projects are up-to-date for restore.

// BenchmarkDotNet has failed to build the auto-generated boilerplate code.
// It can be found in /home/runner/work/dotnet-value-objects/dotnet-value-objects/benchmarks/EricksonLopez.ValueObjects.Benchmarks/bin/Release/net10.0/EricksonLopez.ValueObjects.Benchmarks-.NET 8.0-2
// Please follow the troubleshooting guide: https://benchmarkdotnet.org/articles/guides/troubleshooting.html

// ** Remained 39 (32.5 %) benchmark(s) to run. Estimated finish 2026-08-30 7:56 (0h 6m from now) **
// Build Error: Standard output: 
  
 Standard error: 
   Determining projects to restore...
/home/runner/work/dotnet-value-objects/dotnet-value-objects/benchmarks/EricksonLopez.ValueObjects.Benchmarks/bin/Release/net10.0/EricksonLopez.ValueObjects.Benchmarks-.NET 8.0-2/BenchmarkDotNet.Autogenerated.csproj : error NU1201: Project EricksonLopez.ValueObjects.Benchmarks is not compatible with net8.0 (.NETCoreApp,Version=v8.0). Project EricksonLopez.ValueObjects.Benchmarks supports: net10.0 (.NETCoreApp,Version=v10.0)
  Failed to restore /home/runner/work/dotnet-value-objects/dotnet-value-objects/benchmarks/EricksonLopez.ValueObjects.Benchmarks/bin/Release/net10.0/EricksonLopez.ValueObjects.Benchmarks-.NET 8.0-2/BenchmarkDotNet.Autogenerated.csproj (in 272 ms).
  5 of 6 projects are up-to-date for restore.

// BenchmarkDotNet has failed to build the auto-generated boilerplate code.
// It can be found in /home/runner/work/dotnet-value-objects/dotnet-value-objects/benchmarks/EricksonLopez.ValueObjects.Benchmarks/bin/Release/net10.0/EricksonLopez.ValueObjects.Benchmarks-.NET 8.0-2
// Please follow the troubleshooting guide: https://benchmarkdotnet.org/articles/guides/troubleshooting.html

// ** Remained 38 (31.7 %) benchmark(s) to run. Estimated finish 2026-08-30 7:56 (0h 5m from now) **
// Build Error: Standard output: 
  
 Standard error: 
   Determining projects to restore...
/home/runner/work/dotnet-value-objects/dotnet-value-objects/benchmarks/EricksonLopez.ValueObjects.Benchmarks/bin/Release/net10.0/EricksonLopez.ValueObjects.Benchmarks-.NET 8.0-2/BenchmarkDotNet.Autogenerated.csproj : error NU1201: Project EricksonLopez.ValueObjects.Benchmarks is not compatible with net8.0 (.NETCoreApp,Version=v8.0). Project EricksonLopez.ValueObjects.Benchmarks supports: net10.0 (.NETCoreApp,Version=v10.0)
  Failed to restore /home/runner/work/dotnet-value-objects/dotnet-value-objects/benchmarks/EricksonLopez.ValueObjects.Benchmarks/bin/Release/net10.0/EricksonLopez.ValueObjects.Benchmarks-.NET 8.0-2/BenchmarkDotNet.Autogenerated.csproj (in 272 ms).
  5 of 6 projects are up-to-date for restore.

// BenchmarkDotNet has failed to build the auto-generated boilerplate code.
// It can be found in /home/runner/work/dotnet-value-objects/dotnet-value-objects/benchmarks/EricksonLopez.ValueObjects.Benchmarks/bin/Release/net10.0/EricksonLopez.ValueObjects.Benchmarks-.NET 8.0-2
// Please follow the troubleshooting guide: https://benchmarkdotnet.org/articles/guides/troubleshooting.html

// ** Remained 37 (30.8 %) benchmark(s) to run. Estimated finish 2026-08-30 7:56 (0h 5m from now) **
// Build Error: Standard output: 
  
 Standard error: 
   Determining projects to restore...
/home/runner/work/dotnet-value-objects/dotnet-value-objects/benchmarks/EricksonLopez.ValueObjects.Benchmarks/bin/Release/net10.0/EricksonLopez.ValueObjects.Benchmarks-.NET 8.0-2/BenchmarkDotNet.Autogenerated.csproj : error NU1201: Project EricksonLopez.ValueObjects.Benchmarks is not compatible with net8.0 (.NETCoreApp,Version=v8.0). Project EricksonLopez.ValueObjects.Benchmarks supports: net10.0 (.NETCoreApp,Version=v10.0)
  Failed to restore /home/runner/work/dotnet-value-objects/dotnet-value-objects/benchmarks/EricksonLopez.ValueObjects.Benchmarks/bin/Release/net10.0/EricksonLopez.ValueObjects.Benchmarks-.NET 8.0-2/BenchmarkDotNet.Autogenerated.csproj (in 272 ms).
  5 of 6 projects are up-to-date for restore.

// BenchmarkDotNet has failed to build the auto-generated boilerplate code.
// It can be found in /home/runner/work/dotnet-value-objects/dotnet-value-objects/benchmarks/EricksonLopez.ValueObjects.Benchmarks/bin/Release/net10.0/EricksonLopez.ValueObjects.Benchmarks-.NET 8.0-2
// Please follow the troubleshooting guide: https://benchmarkdotnet.org/articles/guides/troubleshooting.html

// ** Remained 36 (30.0 %) benchmark(s) to run. Estimated finish 2026-08-30 7:56 (0h 5m from now) **
// Build Error: Standard output: 
  
 Standard error: 
   Determining projects to restore...
/home/runner/work/dotnet-value-objects/dotnet-value-objects/benchmarks/EricksonLopez.ValueObjects.Benchmarks/bin/Release/net10.0/EricksonLopez.ValueObjects.Benchmarks-.NET 8.0-2/BenchmarkDotNet.Autogenerated.csproj : error NU1201: Project EricksonLopez.ValueObjects.Benchmarks is not compatible with net8.0 (.NETCoreApp,Version=v8.0). Project EricksonLopez.ValueObjects.Benchmarks supports: net10.0 (.NETCoreApp,Version=v10.0)
  Failed to restore /home/runner/work/dotnet-value-objects/dotnet-value-objects/benchmarks/EricksonLopez.ValueObjects.Benchmarks/bin/Release/net10.0/EricksonLopez.ValueObjects.Benchmarks-.NET 8.0-2/BenchmarkDotNet.Autogenerated.csproj (in 272 ms).
  5 of 6 projects are up-to-date for restore.

// BenchmarkDotNet has failed to build the auto-generated boilerplate code.
// It can be found in /home/runner/work/dotnet-value-objects/dotnet-value-objects/benchmarks/EricksonLopez.ValueObjects.Benchmarks/bin/Release/net10.0/EricksonLopez.ValueObjects.Benchmarks-.NET 8.0-2
// Please follow the troubleshooting guide: https://benchmarkdotnet.org/articles/guides/troubleshooting.html

// ** Remained 35 (29.2 %) benchmark(s) to run. Estimated finish 2026-08-30 7:55 (0h 5m from now) **
// Build Error: Standard output: 
  
 Standard error: 
   Determining projects to restore...
/home/runner/work/dotnet-value-objects/dotnet-value-objects/benchmarks/EricksonLopez.ValueObjects.Benchmarks/bin/Release/net10.0/EricksonLopez.ValueObjects.Benchmarks-.NET 8.0-2/BenchmarkDotNet.Autogenerated.csproj : error NU1201: Project EricksonLopez.ValueObjects.Benchmarks is not compatible with net8.0 (.NETCoreApp,Version=v8.0). Project EricksonLopez.ValueObjects.Benchmarks supports: net10.0 (.NETCoreApp,Version=v10.0)
  Failed to restore /home/runner/work/dotnet-value-objects/dotnet-value-objects/benchmarks/EricksonLopez.ValueObjects.Benchmarks/bin/Release/net10.0/EricksonLopez.ValueObjects.Benchmarks-.NET 8.0-2/BenchmarkDotNet.Autogenerated.csproj (in 272 ms).
  5 of 6 projects are up-to-date for restore.

// BenchmarkDotNet has failed to build the auto-generated boilerplate code.
// It can be found in /home/runner/work/dotnet-value-objects/dotnet-value-objects/benchmarks/EricksonLopez.ValueObjects.Benchmarks/bin/Release/net10.0/EricksonLopez.ValueObjects.Benchmarks-.NET 8.0-2
// Please follow the troubleshooting guide: https://benchmarkdotnet.org/articles/guides/troubleshooting.html

// ** Remained 34 (28.3 %) benchmark(s) to run. Estimated finish 2026-08-30 7:55 (0h 5m from now) **
// Build Error: Standard output: 
  
 Standard error: 
   Determining projects to restore...
/home/runner/work/dotnet-value-objects/dotnet-value-objects/benchmarks/EricksonLopez.ValueObjects.Benchmarks/bin/Release/net10.0/EricksonLopez.ValueObjects.Benchmarks-.NET 8.0-2/BenchmarkDotNet.Autogenerated.csproj : error NU1201: Project EricksonLopez.ValueObjects.Benchmarks is not compatible with net8.0 (.NETCoreApp,Version=v8.0). Project EricksonLopez.ValueObjects.Benchmarks supports: net10.0 (.NETCoreApp,Version=v10.0)
  Failed to restore /home/runner/work/dotnet-value-objects/dotnet-value-objects/benchmarks/EricksonLopez.ValueObjects.Benchmarks/bin/Release/net10.0/EricksonLopez.ValueObjects.Benchmarks-.NET 8.0-2/BenchmarkDotNet.Autogenerated.csproj (in 272 ms).
  5 of 6 projects are up-to-date for restore.

// BenchmarkDotNet has failed to build the auto-generated boilerplate code.
// It can be found in /home/runner/work/dotnet-value-objects/dotnet-value-objects/benchmarks/EricksonLopez.ValueObjects.Benchmarks/bin/Release/net10.0/EricksonLopez.ValueObjects.Benchmarks-.NET 8.0-2
// Please follow the troubleshooting guide: https://benchmarkdotnet.org/articles/guides/troubleshooting.html

// ** Remained 33 (27.5 %) benchmark(s) to run. Estimated finish 2026-08-30 7:55 (0h 4m from now) **
// Build Error: Standard output: 
  
 Standard error: 
   Determining projects to restore...
/home/runner/work/dotnet-value-objects/dotnet-value-objects/benchmarks/EricksonLopez.ValueObjects.Benchmarks/bin/Release/net10.0/EricksonLopez.ValueObjects.Benchmarks-.NET 8.0-2/BenchmarkDotNet.Autogenerated.csproj : error NU1201: Project EricksonLopez.ValueObjects.Benchmarks is not compatible with net8.0 (.NETCoreApp,Version=v8.0). Project EricksonLopez.ValueObjects.Benchmarks supports: net10.0 (.NETCoreApp,Version=v10.0)
  Failed to restore /home/runner/work/dotnet-value-objects/dotnet-value-objects/benchmarks/EricksonLopez.ValueObjects.Benchmarks/bin/Release/net10.0/EricksonLopez.ValueObjects.Benchmarks-.NET 8.0-2/BenchmarkDotNet.Autogenerated.csproj (in 272 ms).
  5 of 6 projects are up-to-date for restore.

// BenchmarkDotNet has failed to build the auto-generated boilerplate code.
// It can be found in /home/runner/work/dotnet-value-objects/dotnet-value-objects/benchmarks/EricksonLopez.ValueObjects.Benchmarks/bin/Release/net10.0/EricksonLopez.ValueObjects.Benchmarks-.NET 8.0-2
// Please follow the troubleshooting guide: https://benchmarkdotnet.org/articles/guides/troubleshooting.html

// ** Remained 32 (26.7 %) benchmark(s) to run. Estimated finish 2026-08-30 7:55 (0h 4m from now) **
// Build Error: Standard output: 
  
 Standard error: 
   Determining projects to restore...
/home/runner/work/dotnet-value-objects/dotnet-value-objects/benchmarks/EricksonLopez.ValueObjects.Benchmarks/bin/Release/net10.0/EricksonLopez.ValueObjects.Benchmarks-.NET 8.0-2/BenchmarkDotNet.Autogenerated.csproj : error NU1201: Project EricksonLopez.ValueObjects.Benchmarks is not compatible with net8.0 (.NETCoreApp,Version=v8.0). Project EricksonLopez.ValueObjects.Benchmarks supports: net10.0 (.NETCoreApp,Version=v10.0)
  Failed to restore /home/runner/work/dotnet-value-objects/dotnet-value-objects/benchmarks/EricksonLopez.ValueObjects.Benchmarks/bin/Release/net10.0/EricksonLopez.ValueObjects.Benchmarks-.NET 8.0-2/BenchmarkDotNet.Autogenerated.csproj (in 272 ms).
  5 of 6 projects are up-to-date for restore.

// BenchmarkDotNet has failed to build the auto-generated boilerplate code.
// It can be found in /home/runner/work/dotnet-value-objects/dotnet-value-objects/benchmarks/EricksonLopez.ValueObjects.Benchmarks/bin/Release/net10.0/EricksonLopez.ValueObjects.Benchmarks-.NET 8.0-2
// Please follow the troubleshooting guide: https://benchmarkdotnet.org/articles/guides/troubleshooting.html

// ** Remained 31 (25.8 %) benchmark(s) to run. Estimated finish 2026-08-30 7:55 (0h 4m from now) **
// Build Error: Standard output: 
  
 Standard error: 
   Determining projects to restore...
/home/runner/work/dotnet-value-objects/dotnet-value-objects/benchmarks/EricksonLopez.ValueObjects.Benchmarks/bin/Release/net10.0/EricksonLopez.ValueObjects.Benchmarks-.NET 8.0-2/BenchmarkDotNet.Autogenerated.csproj : error NU1201: Project EricksonLopez.ValueObjects.Benchmarks is not compatible with net8.0 (.NETCoreApp,Version=v8.0). Project EricksonLopez.ValueObjects.Benchmarks supports: net10.0 (.NETCoreApp,Version=v10.0)
  Failed to restore /home/runner/work/dotnet-value-objects/dotnet-value-objects/benchmarks/EricksonLopez.ValueObjects.Benchmarks/bin/Release/net10.0/EricksonLopez.ValueObjects.Benchmarks-.NET 8.0-2/BenchmarkDotNet.Autogenerated.csproj (in 272 ms).
  5 of 6 projects are up-to-date for restore.

// BenchmarkDotNet has failed to build the auto-generated boilerplate code.
// It can be found in /home/runner/work/dotnet-value-objects/dotnet-value-objects/benchmarks/EricksonLopez.ValueObjects.Benchmarks/bin/Release/net10.0/EricksonLopez.ValueObjects.Benchmarks-.NET 8.0-2
// Please follow the troubleshooting guide: https://benchmarkdotnet.org/articles/guides/troubleshooting.html

// ** Remained 30 (25.0 %) benchmark(s) to run. Estimated finish 2026-08-30 7:54 (0h 4m from now) **
// Build Error: Standard output: 
  
 Standard error: 
   Determining projects to restore...
/home/runner/work/dotnet-value-objects/dotnet-value-objects/benchmarks/EricksonLopez.ValueObjects.Benchmarks/bin/Release/net10.0/EricksonLopez.ValueObjects.Benchmarks-.NET 8.0-2/BenchmarkDotNet.Autogenerated.csproj : error NU1201: Project EricksonLopez.ValueObjects.Benchmarks is not compatible with net8.0 (.NETCoreApp,Version=v8.0). Project EricksonLopez.ValueObjects.Benchmarks supports: net10.0 (.NETCoreApp,Version=v10.0)
  Failed to restore /home/runner/work/dotnet-value-objects/dotnet-value-objects/benchmarks/EricksonLopez.ValueObjects.Benchmarks/bin/Release/net10.0/EricksonLopez.ValueObjects.Benchmarks-.NET 8.0-2/BenchmarkDotNet.Autogenerated.csproj (in 272 ms).
  5 of 6 projects are up-to-date for restore.

// BenchmarkDotNet has failed to build the auto-generated boilerplate code.
// It can be found in /home/runner/work/dotnet-value-objects/dotnet-value-objects/benchmarks/EricksonLopez.ValueObjects.Benchmarks/bin/Release/net10.0/EricksonLopez.ValueObjects.Benchmarks-.NET 8.0-2
// Please follow the troubleshooting guide: https://benchmarkdotnet.org/articles/guides/troubleshooting.html

// ** Remained 29 (24.2 %) benchmark(s) to run. Estimated finish 2026-08-30 7:54 (0h 4m from now) **
// Build Error: Standard output: 
  
 Standard error: 
   Determining projects to restore...
/home/runner/work/dotnet-value-objects/dotnet-value-objects/benchmarks/EricksonLopez.ValueObjects.Benchmarks/bin/Release/net10.0/EricksonLopez.ValueObjects.Benchmarks-.NET 8.0-2/BenchmarkDotNet.Autogenerated.csproj : error NU1201: Project EricksonLopez.ValueObjects.Benchmarks is not compatible with net8.0 (.NETCoreApp,Version=v8.0). Project EricksonLopez.ValueObjects.Benchmarks supports: net10.0 (.NETCoreApp,Version=v10.0)
  Failed to restore /home/runner/work/dotnet-value-objects/dotnet-value-objects/benchmarks/EricksonLopez.ValueObjects.Benchmarks/bin/Release/net10.0/EricksonLopez.ValueObjects.Benchmarks-.NET 8.0-2/BenchmarkDotNet.Autogenerated.csproj (in 272 ms).
  5 of 6 projects are up-to-date for restore.

// BenchmarkDotNet has failed to build the auto-generated boilerplate code.
// It can be found in /home/runner/work/dotnet-value-objects/dotnet-value-objects/benchmarks/EricksonLopez.ValueObjects.Benchmarks/bin/Release/net10.0/EricksonLopez.ValueObjects.Benchmarks-.NET 8.0-2
// Please follow the troubleshooting guide: https://benchmarkdotnet.org/articles/guides/troubleshooting.html

// ** Remained 28 (23.3 %) benchmark(s) to run. Estimated finish 2026-08-30 7:54 (0h 3m from now) **
// Build Error: Standard output: 
  
 Standard error: 
   Determining projects to restore...
/home/runner/work/dotnet-value-objects/dotnet-value-objects/benchmarks/EricksonLopez.ValueObjects.Benchmarks/bin/Release/net10.0/EricksonLopez.ValueObjects.Benchmarks-.NET 8.0-2/BenchmarkDotNet.Autogenerated.csproj : error NU1201: Project EricksonLopez.ValueObjects.Benchmarks is not compatible with net8.0 (.NETCoreApp,Version=v8.0). Project EricksonLopez.ValueObjects.Benchmarks supports: net10.0 (.NETCoreApp,Version=v10.0)
  Failed to restore /home/runner/work/dotnet-value-objects/dotnet-value-objects/benchmarks/EricksonLopez.ValueObjects.Benchmarks/bin/Release/net10.0/EricksonLopez.ValueObjects.Benchmarks-.NET 8.0-2/BenchmarkDotNet.Autogenerated.csproj (in 272 ms).
  5 of 6 projects are up-to-date for restore.

// BenchmarkDotNet has failed to build the auto-generated boilerplate code.
// It can be found in /home/runner/work/dotnet-value-objects/dotnet-value-objects/benchmarks/EricksonLopez.ValueObjects.Benchmarks/bin/Release/net10.0/EricksonLopez.ValueObjects.Benchmarks-.NET 8.0-2
// Please follow the troubleshooting guide: https://benchmarkdotnet.org/articles/guides/troubleshooting.html

// ** Remained 27 (22.5 %) benchmark(s) to run. Estimated finish 2026-08-30 7:54 (0h 3m from now) **
// Build Error: Standard output: 
  
 Standard error: 
   Determining projects to restore...
/home/runner/work/dotnet-value-objects/dotnet-value-objects/benchmarks/EricksonLopez.ValueObjects.Benchmarks/bin/Release/net10.0/EricksonLopez.ValueObjects.Benchmarks-.NET 8.0-2/BenchmarkDotNet.Autogenerated.csproj : error NU1201: Project EricksonLopez.ValueObjects.Benchmarks is not compatible with net8.0 (.NETCoreApp,Version=v8.0). Project EricksonLopez.ValueObjects.Benchmarks supports: net10.0 (.NETCoreApp,Version=v10.0)
  Failed to restore /home/runner/work/dotnet-value-objects/dotnet-value-objects/benchmarks/EricksonLopez.ValueObjects.Benchmarks/bin/Release/net10.0/EricksonLopez.ValueObjects.Benchmarks-.NET 8.0-2/BenchmarkDotNet.Autogenerated.csproj (in 272 ms).
  5 of 6 projects are up-to-date for restore.

// BenchmarkDotNet has failed to build the auto-generated boilerplate code.
// It can be found in /home/runner/work/dotnet-value-objects/dotnet-value-objects/benchmarks/EricksonLopez.ValueObjects.Benchmarks/bin/Release/net10.0/EricksonLopez.ValueObjects.Benchmarks-.NET 8.0-2
// Please follow the troubleshooting guide: https://benchmarkdotnet.org/articles/guides/troubleshooting.html

// ** Remained 26 (21.7 %) benchmark(s) to run. Estimated finish 2026-08-30 7:54 (0h 3m from now) **
// Build Error: Standard output: 
  
 Standard error: 
   Determining projects to restore...
/home/runner/work/dotnet-value-objects/dotnet-value-objects/benchmarks/EricksonLopez.ValueObjects.Benchmarks/bin/Release/net10.0/EricksonLopez.ValueObjects.Benchmarks-.NET 8.0-2/BenchmarkDotNet.Autogenerated.csproj : error NU1201: Project EricksonLopez.ValueObjects.Benchmarks is not compatible with net8.0 (.NETCoreApp,Version=v8.0). Project EricksonLopez.ValueObjects.Benchmarks supports: net10.0 (.NETCoreApp,Version=v10.0)
  Failed to restore /home/runner/work/dotnet-value-objects/dotnet-value-objects/benchmarks/EricksonLopez.ValueObjects.Benchmarks/bin/Release/net10.0/EricksonLopez.ValueObjects.Benchmarks-.NET 8.0-2/BenchmarkDotNet.Autogenerated.csproj (in 272 ms).
  5 of 6 projects are up-to-date for restore.

// BenchmarkDotNet has failed to build the auto-generated boilerplate code.
// It can be found in /home/runner/work/dotnet-value-objects/dotnet-value-objects/benchmarks/EricksonLopez.ValueObjects.Benchmarks/bin/Release/net10.0/EricksonLopez.ValueObjects.Benchmarks-.NET 8.0-2
// Please follow the troubleshooting guide: https://benchmarkdotnet.org/articles/guides/troubleshooting.html

// ** Remained 25 (20.8 %) benchmark(s) to run. Estimated finish 2026-08-30 7:53 (0h 3m from now) **
// Build Error: Standard output: 
  
 Standard error: 
   Determining projects to restore...
/home/runner/work/dotnet-value-objects/dotnet-value-objects/benchmarks/EricksonLopez.ValueObjects.Benchmarks/bin/Release/net10.0/EricksonLopez.ValueObjects.Benchmarks-.NET 8.0-2/BenchmarkDotNet.Autogenerated.csproj : error NU1201: Project EricksonLopez.ValueObjects.Benchmarks is not compatible with net8.0 (.NETCoreApp,Version=v8.0). Project EricksonLopez.ValueObjects.Benchmarks supports: net10.0 (.NETCoreApp,Version=v10.0)
  Failed to restore /home/runner/work/dotnet-value-objects/dotnet-value-objects/benchmarks/EricksonLopez.ValueObjects.Benchmarks/bin/Release/net10.0/EricksonLopez.ValueObjects.Benchmarks-.NET 8.0-2/BenchmarkDotNet.Autogenerated.csproj (in 272 ms).
  5 of 6 projects are up-to-date for restore.

// BenchmarkDotNet has failed to build the auto-generated boilerplate code.
// It can be found in /home/runner/work/dotnet-value-objects/dotnet-value-objects/benchmarks/EricksonLopez.ValueObjects.Benchmarks/bin/Release/net10.0/EricksonLopez.ValueObjects.Benchmarks-.NET 8.0-2
// Please follow the troubleshooting guide: https://benchmarkdotnet.org/articles/guides/troubleshooting.html

// ** Remained 24 (20.0 %) benchmark(s) to run. Estimated finish 2026-08-30 7:53 (0h 3m from now) **
// Build Error: Standard output: 
  
 Standard error: 
   Determining projects to restore...
/home/runner/work/dotnet-value-objects/dotnet-value-objects/benchmarks/EricksonLopez.ValueObjects.Benchmarks/bin/Release/net10.0/EricksonLopez.ValueObjects.Benchmarks-.NET 8.0-2/BenchmarkDotNet.Autogenerated.csproj : error NU1201: Project EricksonLopez.ValueObjects.Benchmarks is not compatible with net8.0 (.NETCoreApp,Version=v8.0). Project EricksonLopez.ValueObjects.Benchmarks supports: net10.0 (.NETCoreApp,Version=v10.0)
  Failed to restore /home/runner/work/dotnet-value-objects/dotnet-value-objects/benchmarks/EricksonLopez.ValueObjects.Benchmarks/bin/Release/net10.0/EricksonLopez.ValueObjects.Benchmarks-.NET 8.0-2/BenchmarkDotNet.Autogenerated.csproj (in 272 ms).
  5 of 6 projects are up-to-date for restore.

// BenchmarkDotNet has failed to build the auto-generated boilerplate code.
// It can be found in /home/runner/work/dotnet-value-objects/dotnet-value-objects/benchmarks/EricksonLopez.ValueObjects.Benchmarks/bin/Release/net10.0/EricksonLopez.ValueObjects.Benchmarks-.NET 8.0-2
// Please follow the troubleshooting guide: https://benchmarkdotnet.org/articles/guides/troubleshooting.html

// ** Remained 23 (19.2 %) benchmark(s) to run. Estimated finish 2026-08-30 7:53 (0h 3m from now) **
// Build Error: Standard output: 
  
 Standard error: 
   Determining projects to restore...
/home/runner/work/dotnet-value-objects/dotnet-value-objects/benchmarks/EricksonLopez.ValueObjects.Benchmarks/bin/Release/net10.0/EricksonLopez.ValueObjects.Benchmarks-.NET 8.0-2/BenchmarkDotNet.Autogenerated.csproj : error NU1201: Project EricksonLopez.ValueObjects.Benchmarks is not compatible with net8.0 (.NETCoreApp,Version=v8.0). Project EricksonLopez.ValueObjects.Benchmarks supports: net10.0 (.NETCoreApp,Version=v10.0)
  Failed to restore /home/runner/work/dotnet-value-objects/dotnet-value-objects/benchmarks/EricksonLopez.ValueObjects.Benchmarks/bin/Release/net10.0/EricksonLopez.ValueObjects.Benchmarks-.NET 8.0-2/BenchmarkDotNet.Autogenerated.csproj (in 272 ms).
  5 of 6 projects are up-to-date for restore.

// BenchmarkDotNet has failed to build the auto-generated boilerplate code.
// It can be found in /home/runner/work/dotnet-value-objects/dotnet-value-objects/benchmarks/EricksonLopez.ValueObjects.Benchmarks/bin/Release/net10.0/EricksonLopez.ValueObjects.Benchmarks-.NET 8.0-2
// Please follow the troubleshooting guide: https://benchmarkdotnet.org/articles/guides/troubleshooting.html

// ** Remained 22 (18.3 %) benchmark(s) to run. Estimated finish 2026-08-30 7:53 (0h 2m from now) **
// Build Error: Standard output: 
  
 Standard error: 
   Determining projects to restore...
/home/runner/work/dotnet-value-objects/dotnet-value-objects/benchmarks/EricksonLopez.ValueObjects.Benchmarks/bin/Release/net10.0/EricksonLopez.ValueObjects.Benchmarks-.NET 9.0-3/BenchmarkDotNet.Autogenerated.csproj : error NU1201: Project EricksonLopez.ValueObjects.Benchmarks is not compatible with net9.0 (.NETCoreApp,Version=v9.0). Project EricksonLopez.ValueObjects.Benchmarks supports: net10.0 (.NETCoreApp,Version=v10.0)
  Failed to restore /home/runner/work/dotnet-value-objects/dotnet-value-objects/benchmarks/EricksonLopez.ValueObjects.Benchmarks/bin/Release/net10.0/EricksonLopez.ValueObjects.Benchmarks-.NET 9.0-3/BenchmarkDotNet.Autogenerated.csproj (in 228 ms).
  5 of 6 projects are up-to-date for restore.

// BenchmarkDotNet has failed to build the auto-generated boilerplate code.
// It can be found in /home/runner/work/dotnet-value-objects/dotnet-value-objects/benchmarks/EricksonLopez.ValueObjects.Benchmarks/bin/Release/net10.0/EricksonLopez.ValueObjects.Benchmarks-.NET 9.0-3
// Please follow the troubleshooting guide: https://benchmarkdotnet.org/articles/guides/troubleshooting.html

// ** Remained 21 (17.5 %) benchmark(s) to run. Estimated finish 2026-08-30 7:53 (0h 2m from now) **
// Build Error: Standard output: 
  
 Standard error: 
   Determining projects to restore...
/home/runner/work/dotnet-value-objects/dotnet-value-objects/benchmarks/EricksonLopez.ValueObjects.Benchmarks/bin/Release/net10.0/EricksonLopez.ValueObjects.Benchmarks-.NET 9.0-3/BenchmarkDotNet.Autogenerated.csproj : error NU1201: Project EricksonLopez.ValueObjects.Benchmarks is not compatible with net9.0 (.NETCoreApp,Version=v9.0). Project EricksonLopez.ValueObjects.Benchmarks supports: net10.0 (.NETCoreApp,Version=v10.0)
  Failed to restore /home/runner/work/dotnet-value-objects/dotnet-value-objects/benchmarks/EricksonLopez.ValueObjects.Benchmarks/bin/Release/net10.0/EricksonLopez.ValueObjects.Benchmarks-.NET 9.0-3/BenchmarkDotNet.Autogenerated.csproj (in 228 ms).
  5 of 6 projects are up-to-date for restore.

// BenchmarkDotNet has failed to build the auto-generated boilerplate code.
// It can be found in /home/runner/work/dotnet-value-objects/dotnet-value-objects/benchmarks/EricksonLopez.ValueObjects.Benchmarks/bin/Release/net10.0/EricksonLopez.ValueObjects.Benchmarks-.NET 9.0-3
// Please follow the troubleshooting guide: https://benchmarkdotnet.org/articles/guides/troubleshooting.html

// ** Remained 20 (16.7 %) benchmark(s) to run. Estimated finish 2026-08-30 7:53 (0h 2m from now) **
// Build Error: Standard output: 
  
 Standard error: 
   Determining projects to restore...
/home/runner/work/dotnet-value-objects/dotnet-value-objects/benchmarks/EricksonLopez.ValueObjects.Benchmarks/bin/Release/net10.0/EricksonLopez.ValueObjects.Benchmarks-.NET 9.0-3/BenchmarkDotNet.Autogenerated.csproj : error NU1201: Project EricksonLopez.ValueObjects.Benchmarks is not compatible with net9.0 (.NETCoreApp,Version=v9.0). Project EricksonLopez.ValueObjects.Benchmarks supports: net10.0 (.NETCoreApp,Version=v10.0)
  Failed to restore /home/runner/work/dotnet-value-objects/dotnet-value-objects/benchmarks/EricksonLopez.ValueObjects.Benchmarks/bin/Release/net10.0/EricksonLopez.ValueObjects.Benchmarks-.NET 9.0-3/BenchmarkDotNet.Autogenerated.csproj (in 228 ms).
  5 of 6 projects are up-to-date for restore.

// BenchmarkDotNet has failed to build the auto-generated boilerplate code.
// It can be found in /home/runner/work/dotnet-value-objects/dotnet-value-objects/benchmarks/EricksonLopez.ValueObjects.Benchmarks/bin/Release/net10.0/EricksonLopez.ValueObjects.Benchmarks-.NET 9.0-3
// Please follow the troubleshooting guide: https://benchmarkdotnet.org/articles/guides/troubleshooting.html

// ** Remained 19 (15.8 %) benchmark(s) to run. Estimated finish 2026-08-30 7:52 (0h 2m from now) **
// Build Error: Standard output: 
  
 Standard error: 
   Determining projects to restore...
/home/runner/work/dotnet-value-objects/dotnet-value-objects/benchmarks/EricksonLopez.ValueObjects.Benchmarks/bin/Release/net10.0/EricksonLopez.ValueObjects.Benchmarks-.NET 9.0-3/BenchmarkDotNet.Autogenerated.csproj : error NU1201: Project EricksonLopez.ValueObjects.Benchmarks is not compatible with net9.0 (.NETCoreApp,Version=v9.0). Project EricksonLopez.ValueObjects.Benchmarks supports: net10.0 (.NETCoreApp,Version=v10.0)
  Failed to restore /home/runner/work/dotnet-value-objects/dotnet-value-objects/benchmarks/EricksonLopez.ValueObjects.Benchmarks/bin/Release/net10.0/EricksonLopez.ValueObjects.Benchmarks-.NET 9.0-3/BenchmarkDotNet.Autogenerated.csproj (in 228 ms).
  5 of 6 projects are up-to-date for restore.

// BenchmarkDotNet has failed to build the auto-generated boilerplate code.
// It can be found in /home/runner/work/dotnet-value-objects/dotnet-value-objects/benchmarks/EricksonLopez.ValueObjects.Benchmarks/bin/Release/net10.0/EricksonLopez.ValueObjects.Benchmarks-.NET 9.0-3
// Please follow the troubleshooting guide: https://benchmarkdotnet.org/articles/guides/troubleshooting.html

// ** Remained 18 (15.0 %) benchmark(s) to run. Estimated finish 2026-08-30 7:52 (0h 2m from now) **
// Build Error: Standard output: 
  
 Standard error: 
   Determining projects to restore...
/home/runner/work/dotnet-value-objects/dotnet-value-objects/benchmarks/EricksonLopez.ValueObjects.Benchmarks/bin/Release/net10.0/EricksonLopez.ValueObjects.Benchmarks-.NET 9.0-3/BenchmarkDotNet.Autogenerated.csproj : error NU1201: Project EricksonLopez.ValueObjects.Benchmarks is not compatible with net9.0 (.NETCoreApp,Version=v9.0). Project EricksonLopez.ValueObjects.Benchmarks supports: net10.0 (.NETCoreApp,Version=v10.0)
  Failed to restore /home/runner/work/dotnet-value-objects/dotnet-value-objects/benchmarks/EricksonLopez.ValueObjects.Benchmarks/bin/Release/net10.0/EricksonLopez.ValueObjects.Benchmarks-.NET 9.0-3/BenchmarkDotNet.Autogenerated.csproj (in 228 ms).
  5 of 6 projects are up-to-date for restore.

// BenchmarkDotNet has failed to build the auto-generated boilerplate code.
// It can be found in /home/runner/work/dotnet-value-objects/dotnet-value-objects/benchmarks/EricksonLopez.ValueObjects.Benchmarks/bin/Release/net10.0/EricksonLopez.ValueObjects.Benchmarks-.NET 9.0-3
// Please follow the troubleshooting guide: https://benchmarkdotnet.org/articles/guides/troubleshooting.html

// ** Remained 17 (14.2 %) benchmark(s) to run. Estimated finish 2026-08-30 7:52 (0h 2m from now) **
// Build Error: Standard output: 
  
 Standard error: 
   Determining projects to restore...
/home/runner/work/dotnet-value-objects/dotnet-value-objects/benchmarks/EricksonLopez.ValueObjects.Benchmarks/bin/Release/net10.0/EricksonLopez.ValueObjects.Benchmarks-.NET 9.0-3/BenchmarkDotNet.Autogenerated.csproj : error NU1201: Project EricksonLopez.ValueObjects.Benchmarks is not compatible with net9.0 (.NETCoreApp,Version=v9.0). Project EricksonLopez.ValueObjects.Benchmarks supports: net10.0 (.NETCoreApp,Version=v10.0)
  Failed to restore /home/runner/work/dotnet-value-objects/dotnet-value-objects/benchmarks/EricksonLopez.ValueObjects.Benchmarks/bin/Release/net10.0/EricksonLopez.ValueObjects.Benchmarks-.NET 9.0-3/BenchmarkDotNet.Autogenerated.csproj (in 228 ms).
  5 of 6 projects are up-to-date for restore.

// BenchmarkDotNet has failed to build the auto-generated boilerplate code.
// It can be found in /home/runner/work/dotnet-value-objects/dotnet-value-objects/benchmarks/EricksonLopez.ValueObjects.Benchmarks/bin/Release/net10.0/EricksonLopez.ValueObjects.Benchmarks-.NET 9.0-3
// Please follow the troubleshooting guide: https://benchmarkdotnet.org/articles/guides/troubleshooting.html

// ** Remained 16 (13.3 %) benchmark(s) to run. Estimated finish 2026-08-30 7:52 (0h 1m from now) **
// Build Error: Standard output: 
  
 Standard error: 
   Determining projects to restore...
/home/runner/work/dotnet-value-objects/dotnet-value-objects/benchmarks/EricksonLopez.ValueObjects.Benchmarks/bin/Release/net10.0/EricksonLopez.ValueObjects.Benchmarks-.NET 9.0-3/BenchmarkDotNet.Autogenerated.csproj : error NU1201: Project EricksonLopez.ValueObjects.Benchmarks is not compatible with net9.0 (.NETCoreApp,Version=v9.0). Project EricksonLopez.ValueObjects.Benchmarks supports: net10.0 (.NETCoreApp,Version=v10.0)
  Failed to restore /home/runner/work/dotnet-value-objects/dotnet-value-objects/benchmarks/EricksonLopez.ValueObjects.Benchmarks/bin/Release/net10.0/EricksonLopez.ValueObjects.Benchmarks-.NET 9.0-3/BenchmarkDotNet.Autogenerated.csproj (in 228 ms).
  5 of 6 projects are up-to-date for restore.

// BenchmarkDotNet has failed to build the auto-generated boilerplate code.
// It can be found in /home/runner/work/dotnet-value-objects/dotnet-value-objects/benchmarks/EricksonLopez.ValueObjects.Benchmarks/bin/Release/net10.0/EricksonLopez.ValueObjects.Benchmarks-.NET 9.0-3
// Please follow the troubleshooting guide: https://benchmarkdotnet.org/articles/guides/troubleshooting.html

// ** Remained 15 (12.5 %) benchmark(s) to run. Estimated finish 2026-08-30 7:52 (0h 1m from now) **
// Build Error: Standard output: 
  
 Standard error: 
   Determining projects to restore...
/home/runner/work/dotnet-value-objects/dotnet-value-objects/benchmarks/EricksonLopez.ValueObjects.Benchmarks/bin/Release/net10.0/EricksonLopez.ValueObjects.Benchmarks-.NET 9.0-3/BenchmarkDotNet.Autogenerated.csproj : error NU1201: Project EricksonLopez.ValueObjects.Benchmarks is not compatible with net9.0 (.NETCoreApp,Version=v9.0). Project EricksonLopez.ValueObjects.Benchmarks supports: net10.0 (.NETCoreApp,Version=v10.0)
  Failed to restore /home/runner/work/dotnet-value-objects/dotnet-value-objects/benchmarks/EricksonLopez.ValueObjects.Benchmarks/bin/Release/net10.0/EricksonLopez.ValueObjects.Benchmarks-.NET 9.0-3/BenchmarkDotNet.Autogenerated.csproj (in 228 ms).
  5 of 6 projects are up-to-date for restore.

// BenchmarkDotNet has failed to build the auto-generated boilerplate code.
// It can be found in /home/runner/work/dotnet-value-objects/dotnet-value-objects/benchmarks/EricksonLopez.ValueObjects.Benchmarks/bin/Release/net10.0/EricksonLopez.ValueObjects.Benchmarks-.NET 9.0-3
// Please follow the troubleshooting guide: https://benchmarkdotnet.org/articles/guides/troubleshooting.html

// ** Remained 14 (11.7 %) benchmark(s) to run. Estimated finish 2026-08-30 7:52 (0h 1m from now) **
// Build Error: Standard output: 
  
 Standard error: 
   Determining projects to restore...
/home/runner/work/dotnet-value-objects/dotnet-value-objects/benchmarks/EricksonLopez.ValueObjects.Benchmarks/bin/Release/net10.0/EricksonLopez.ValueObjects.Benchmarks-.NET 9.0-3/BenchmarkDotNet.Autogenerated.csproj : error NU1201: Project EricksonLopez.ValueObjects.Benchmarks is not compatible with net9.0 (.NETCoreApp,Version=v9.0). Project EricksonLopez.ValueObjects.Benchmarks supports: net10.0 (.NETCoreApp,Version=v10.0)
  Failed to restore /home/runner/work/dotnet-value-objects/dotnet-value-objects/benchmarks/EricksonLopez.ValueObjects.Benchmarks/bin/Release/net10.0/EricksonLopez.ValueObjects.Benchmarks-.NET 9.0-3/BenchmarkDotNet.Autogenerated.csproj (in 228 ms).
  5 of 6 projects are up-to-date for restore.

// BenchmarkDotNet has failed to build the auto-generated boilerplate code.
// It can be found in /home/runner/work/dotnet-value-objects/dotnet-value-objects/benchmarks/EricksonLopez.ValueObjects.Benchmarks/bin/Release/net10.0/EricksonLopez.ValueObjects.Benchmarks-.NET 9.0-3
// Please follow the troubleshooting guide: https://benchmarkdotnet.org/articles/guides/troubleshooting.html

// ** Remained 13 (10.8 %) benchmark(s) to run. Estimated finish 2026-08-30 7:52 (0h 1m from now) **
// Build Error: Standard output: 
  
 Standard error: 
   Determining projects to restore...
/home/runner/work/dotnet-value-objects/dotnet-value-objects/benchmarks/EricksonLopez.ValueObjects.Benchmarks/bin/Release/net10.0/EricksonLopez.ValueObjects.Benchmarks-.NET 9.0-3/BenchmarkDotNet.Autogenerated.csproj : error NU1201: Project EricksonLopez.ValueObjects.Benchmarks is not compatible with net9.0 (.NETCoreApp,Version=v9.0). Project EricksonLopez.ValueObjects.Benchmarks supports: net10.0 (.NETCoreApp,Version=v10.0)
  Failed to restore /home/runner/work/dotnet-value-objects/dotnet-value-objects/benchmarks/EricksonLopez.ValueObjects.Benchmarks/bin/Release/net10.0/EricksonLopez.ValueObjects.Benchmarks-.NET 9.0-3/BenchmarkDotNet.Autogenerated.csproj (in 228 ms).
  5 of 6 projects are up-to-date for restore.

// BenchmarkDotNet has failed to build the auto-generated boilerplate code.
// It can be found in /home/runner/work/dotnet-value-objects/dotnet-value-objects/benchmarks/EricksonLopez.ValueObjects.Benchmarks/bin/Release/net10.0/EricksonLopez.ValueObjects.Benchmarks-.NET 9.0-3
// Please follow the troubleshooting guide: https://benchmarkdotnet.org/articles/guides/troubleshooting.html

// ** Remained 12 (10.0 %) benchmark(s) to run. Estimated finish 2026-08-30 7:51 (0h 1m from now) **
// Build Error: Standard output: 
  
 Standard error: 
   Determining projects to restore...
/home/runner/work/dotnet-value-objects/dotnet-value-objects/benchmarks/EricksonLopez.ValueObjects.Benchmarks/bin/Release/net10.0/EricksonLopez.ValueObjects.Benchmarks-.NET 9.0-3/BenchmarkDotNet.Autogenerated.csproj : error NU1201: Project EricksonLopez.ValueObjects.Benchmarks is not compatible with net9.0 (.NETCoreApp,Version=v9.0). Project EricksonLopez.ValueObjects.Benchmarks supports: net10.0 (.NETCoreApp,Version=v10.0)
  Failed to restore /home/runner/work/dotnet-value-objects/dotnet-value-objects/benchmarks/EricksonLopez.ValueObjects.Benchmarks/bin/Release/net10.0/EricksonLopez.ValueObjects.Benchmarks-.NET 9.0-3/BenchmarkDotNet.Autogenerated.csproj (in 228 ms).
  5 of 6 projects are up-to-date for restore.

// BenchmarkDotNet has failed to build the auto-generated boilerplate code.
// It can be found in /home/runner/work/dotnet-value-objects/dotnet-value-objects/benchmarks/EricksonLopez.ValueObjects.Benchmarks/bin/Release/net10.0/EricksonLopez.ValueObjects.Benchmarks-.NET 9.0-3
// Please follow the troubleshooting guide: https://benchmarkdotnet.org/articles/guides/troubleshooting.html

// ** Remained 11 (9.2 %) benchmark(s) to run. Estimated finish 2026-08-30 7:51 (0h 1m from now) **
// Build Error: Standard output: 
  
 Standard error: 
   Determining projects to restore...
/home/runner/work/dotnet-value-objects/dotnet-value-objects/benchmarks/EricksonLopez.ValueObjects.Benchmarks/bin/Release/net10.0/EricksonLopez.ValueObjects.Benchmarks-.NET 9.0-3/BenchmarkDotNet.Autogenerated.csproj : error NU1201: Project EricksonLopez.ValueObjects.Benchmarks is not compatible with net9.0 (.NETCoreApp,Version=v9.0). Project EricksonLopez.ValueObjects.Benchmarks supports: net10.0 (.NETCoreApp,Version=v10.0)
  Failed to restore /home/runner/work/dotnet-value-objects/dotnet-value-objects/benchmarks/EricksonLopez.ValueObjects.Benchmarks/bin/Release/net10.0/EricksonLopez.ValueObjects.Benchmarks-.NET 9.0-3/BenchmarkDotNet.Autogenerated.csproj (in 228 ms).
  5 of 6 projects are up-to-date for restore.

// BenchmarkDotNet has failed to build the auto-generated boilerplate code.
// It can be found in /home/runner/work/dotnet-value-objects/dotnet-value-objects/benchmarks/EricksonLopez.ValueObjects.Benchmarks/bin/Release/net10.0/EricksonLopez.ValueObjects.Benchmarks-.NET 9.0-3
// Please follow the troubleshooting guide: https://benchmarkdotnet.org/articles/guides/troubleshooting.html

// ** Remained 10 (8.3 %) benchmark(s) to run. Estimated finish 2026-08-30 7:51 (0h 1m from now) **
// Build Error: Standard output: 
  
 Standard error: 
   Determining projects to restore...
/home/runner/work/dotnet-value-objects/dotnet-value-objects/benchmarks/EricksonLopez.ValueObjects.Benchmarks/bin/Release/net10.0/EricksonLopez.ValueObjects.Benchmarks-.NET 9.0-3/BenchmarkDotNet.Autogenerated.csproj : error NU1201: Project EricksonLopez.ValueObjects.Benchmarks is not compatible with net9.0 (.NETCoreApp,Version=v9.0). Project EricksonLopez.ValueObjects.Benchmarks supports: net10.0 (.NETCoreApp,Version=v10.0)
  Failed to restore /home/runner/work/dotnet-value-objects/dotnet-value-objects/benchmarks/EricksonLopez.ValueObjects.Benchmarks/bin/Release/net10.0/EricksonLopez.ValueObjects.Benchmarks-.NET 9.0-3/BenchmarkDotNet.Autogenerated.csproj (in 228 ms).
  5 of 6 projects are up-to-date for restore.

// BenchmarkDotNet has failed to build the auto-generated boilerplate code.
// It can be found in /home/runner/work/dotnet-value-objects/dotnet-value-objects/benchmarks/EricksonLopez.ValueObjects.Benchmarks/bin/Release/net10.0/EricksonLopez.ValueObjects.Benchmarks-.NET 9.0-3
// Please follow the troubleshooting guide: https://benchmarkdotnet.org/articles/guides/troubleshooting.html

// ** Remained 9 (7.5 %) benchmark(s) to run. Estimated finish 2026-08-30 7:51 (0h 1m from now) **
// Build Error: Standard output: 
  
 Standard error: 
   Determining projects to restore...
/home/runner/work/dotnet-value-objects/dotnet-value-objects/benchmarks/EricksonLopez.ValueObjects.Benchmarks/bin/Release/net10.0/EricksonLopez.ValueObjects.Benchmarks-.NET 9.0-3/BenchmarkDotNet.Autogenerated.csproj : error NU1201: Project EricksonLopez.ValueObjects.Benchmarks is not compatible with net9.0 (.NETCoreApp,Version=v9.0). Project EricksonLopez.ValueObjects.Benchmarks supports: net10.0 (.NETCoreApp,Version=v10.0)
  Failed to restore /home/runner/work/dotnet-value-objects/dotnet-value-objects/benchmarks/EricksonLopez.ValueObjects.Benchmarks/bin/Release/net10.0/EricksonLopez.ValueObjects.Benchmarks-.NET 9.0-3/BenchmarkDotNet.Autogenerated.csproj (in 228 ms).
  5 of 6 projects are up-to-date for restore.

// BenchmarkDotNet has failed to build the auto-generated boilerplate code.
// It can be found in /home/runner/work/dotnet-value-objects/dotnet-value-objects/benchmarks/EricksonLopez.ValueObjects.Benchmarks/bin/Release/net10.0/EricksonLopez.ValueObjects.Benchmarks-.NET 9.0-3
// Please follow the troubleshooting guide: https://benchmarkdotnet.org/articles/guides/troubleshooting.html

// ** Remained 8 (6.7 %) benchmark(s) to run. Estimated finish 2026-08-30 7:51 (0h 0m from now) **
// Build Error: Standard output: 
  
 Standard error: 
   Determining projects to restore...
/home/runner/work/dotnet-value-objects/dotnet-value-objects/benchmarks/EricksonLopez.ValueObjects.Benchmarks/bin/Release/net10.0/EricksonLopez.ValueObjects.Benchmarks-.NET 9.0-3/BenchmarkDotNet.Autogenerated.csproj : error NU1201: Project EricksonLopez.ValueObjects.Benchmarks is not compatible with net9.0 (.NETCoreApp,Version=v9.0). Project EricksonLopez.ValueObjects.Benchmarks supports: net10.0 (.NETCoreApp,Version=v10.0)
  Failed to restore /home/runner/work/dotnet-value-objects/dotnet-value-objects/benchmarks/EricksonLopez.ValueObjects.Benchmarks/bin/Release/net10.0/EricksonLopez.ValueObjects.Benchmarks-.NET 9.0-3/BenchmarkDotNet.Autogenerated.csproj (in 228 ms).
  5 of 6 projects are up-to-date for restore.

// BenchmarkDotNet has failed to build the auto-generated boilerplate code.
// It can be found in /home/runner/work/dotnet-value-objects/dotnet-value-objects/benchmarks/EricksonLopez.ValueObjects.Benchmarks/bin/Release/net10.0/EricksonLopez.ValueObjects.Benchmarks-.NET 9.0-3
// Please follow the troubleshooting guide: https://benchmarkdotnet.org/articles/guides/troubleshooting.html

// ** Remained 7 (5.8 %) benchmark(s) to run. Estimated finish 2026-08-30 7:51 (0h 0m from now) **
// Build Error: Standard output: 
  
 Standard error: 
   Determining projects to restore...
/home/runner/work/dotnet-value-objects/dotnet-value-objects/benchmarks/EricksonLopez.ValueObjects.Benchmarks/bin/Release/net10.0/EricksonLopez.ValueObjects.Benchmarks-.NET 9.0-3/BenchmarkDotNet.Autogenerated.csproj : error NU1201: Project EricksonLopez.ValueObjects.Benchmarks is not compatible with net9.0 (.NETCoreApp,Version=v9.0). Project EricksonLopez.ValueObjects.Benchmarks supports: net10.0 (.NETCoreApp,Version=v10.0)
  Failed to restore /home/runner/work/dotnet-value-objects/dotnet-value-objects/benchmarks/EricksonLopez.ValueObjects.Benchmarks/bin/Release/net10.0/EricksonLopez.ValueObjects.Benchmarks-.NET 9.0-3/BenchmarkDotNet.Autogenerated.csproj (in 228 ms).
  5 of 6 projects are up-to-date for restore.

// BenchmarkDotNet has failed to build the auto-generated boilerplate code.
// It can be found in /home/runner/work/dotnet-value-objects/dotnet-value-objects/benchmarks/EricksonLopez.ValueObjects.Benchmarks/bin/Release/net10.0/EricksonLopez.ValueObjects.Benchmarks-.NET 9.0-3
// Please follow the troubleshooting guide: https://benchmarkdotnet.org/articles/guides/troubleshooting.html

// ** Remained 6 (5.0 %) benchmark(s) to run. Estimated finish 2026-08-30 7:51 (0h 0m from now) **
// Build Error: Standard output: 
  
 Standard error: 
   Determining projects to restore...
/home/runner/work/dotnet-value-objects/dotnet-value-objects/benchmarks/EricksonLopez.ValueObjects.Benchmarks/bin/Release/net10.0/EricksonLopez.ValueObjects.Benchmarks-.NET 9.0-3/BenchmarkDotNet.Autogenerated.csproj : error NU1201: Project EricksonLopez.ValueObjects.Benchmarks is not compatible with net9.0 (.NETCoreApp,Version=v9.0). Project EricksonLopez.ValueObjects.Benchmarks supports: net10.0 (.NETCoreApp,Version=v10.0)
  Failed to restore /home/runner/work/dotnet-value-objects/dotnet-value-objects/benchmarks/EricksonLopez.ValueObjects.Benchmarks/bin/Release/net10.0/EricksonLopez.ValueObjects.Benchmarks-.NET 9.0-3/BenchmarkDotNet.Autogenerated.csproj (in 228 ms).
  5 of 6 projects are up-to-date for restore.

// BenchmarkDotNet has failed to build the auto-generated boilerplate code.
// It can be found in /home/runner/work/dotnet-value-objects/dotnet-value-objects/benchmarks/EricksonLopez.ValueObjects.Benchmarks/bin/Release/net10.0/EricksonLopez.ValueObjects.Benchmarks-.NET 9.0-3
// Please follow the troubleshooting guide: https://benchmarkdotnet.org/articles/guides/troubleshooting.html

// ** Remained 5 (4.2 %) benchmark(s) to run. Estimated finish 2026-08-30 7:51 (0h 0m from now) **
// Build Error: Standard output: 
  
 Standard error: 
   Determining projects to restore...
/home/runner/work/dotnet-value-objects/dotnet-value-objects/benchmarks/EricksonLopez.ValueObjects.Benchmarks/bin/Release/net10.0/EricksonLopez.ValueObjects.Benchmarks-.NET 9.0-3/BenchmarkDotNet.Autogenerated.csproj : error NU1201: Project EricksonLopez.ValueObjects.Benchmarks is not compatible with net9.0 (.NETCoreApp,Version=v9.0). Project EricksonLopez.ValueObjects.Benchmarks supports: net10.0 (.NETCoreApp,Version=v10.0)
  Failed to restore /home/runner/work/dotnet-value-objects/dotnet-value-objects/benchmarks/EricksonLopez.ValueObjects.Benchmarks/bin/Release/net10.0/EricksonLopez.ValueObjects.Benchmarks-.NET 9.0-3/BenchmarkDotNet.Autogenerated.csproj (in 228 ms).
  5 of 6 projects are up-to-date for restore.

// BenchmarkDotNet has failed to build the auto-generated boilerplate code.
// It can be found in /home/runner/work/dotnet-value-objects/dotnet-value-objects/benchmarks/EricksonLopez.ValueObjects.Benchmarks/bin/Release/net10.0/EricksonLopez.ValueObjects.Benchmarks-.NET 9.0-3
// Please follow the troubleshooting guide: https://benchmarkdotnet.org/articles/guides/troubleshooting.html

// ** Remained 4 (3.3 %) benchmark(s) to run. Estimated finish 2026-08-30 7:50 (0h 0m from now) **
// Build Error: Standard output: 
  
 Standard error: 
   Determining projects to restore...
/home/runner/work/dotnet-value-objects/dotnet-value-objects/benchmarks/EricksonLopez.ValueObjects.Benchmarks/bin/Release/net10.0/EricksonLopez.ValueObjects.Benchmarks-.NET 9.0-3/BenchmarkDotNet.Autogenerated.csproj : error NU1201: Project EricksonLopez.ValueObjects.Benchmarks is not compatible with net9.0 (.NETCoreApp,Version=v9.0). Project EricksonLopez.ValueObjects.Benchmarks supports: net10.0 (.NETCoreApp,Version=v10.0)
  Failed to restore /home/runner/work/dotnet-value-objects/dotnet-value-objects/benchmarks/EricksonLopez.ValueObjects.Benchmarks/bin/Release/net10.0/EricksonLopez.ValueObjects.Benchmarks-.NET 9.0-3/BenchmarkDotNet.Autogenerated.csproj (in 228 ms).
  5 of 6 projects are up-to-date for restore.

// BenchmarkDotNet has failed to build the auto-generated boilerplate code.
// It can be found in /home/runner/work/dotnet-value-objects/dotnet-value-objects/benchmarks/EricksonLopez.ValueObjects.Benchmarks/bin/Release/net10.0/EricksonLopez.ValueObjects.Benchmarks-.NET 9.0-3
// Please follow the troubleshooting guide: https://benchmarkdotnet.org/articles/guides/troubleshooting.html

// ** Remained 3 (2.5 %) benchmark(s) to run. Estimated finish 2026-08-30 7:50 (0h 0m from now) **
// Build Error: Standard output: 
  
 Standard error: 
   Determining projects to restore...
/home/runner/work/dotnet-value-objects/dotnet-value-objects/benchmarks/EricksonLopez.ValueObjects.Benchmarks/bin/Release/net10.0/EricksonLopez.ValueObjects.Benchmarks-.NET 9.0-3/BenchmarkDotNet.Autogenerated.csproj : error NU1201: Project EricksonLopez.ValueObjects.Benchmarks is not compatible with net9.0 (.NETCoreApp,Version=v9.0). Project EricksonLopez.ValueObjects.Benchmarks supports: net10.0 (.NETCoreApp,Version=v10.0)
  Failed to restore /home/runner/work/dotnet-value-objects/dotnet-value-objects/benchmarks/EricksonLopez.ValueObjects.Benchmarks/bin/Release/net10.0/EricksonLopez.ValueObjects.Benchmarks-.NET 9.0-3/BenchmarkDotNet.Autogenerated.csproj (in 228 ms).
  5 of 6 projects are up-to-date for restore.

// BenchmarkDotNet has failed to build the auto-generated boilerplate code.
// It can be found in /home/runner/work/dotnet-value-objects/dotnet-value-objects/benchmarks/EricksonLopez.ValueObjects.Benchmarks/bin/Release/net10.0/EricksonLopez.ValueObjects.Benchmarks-.NET 9.0-3
// Please follow the troubleshooting guide: https://benchmarkdotnet.org/articles/guides/troubleshooting.html

// ** Remained 2 (1.7 %) benchmark(s) to run. Estimated finish 2026-08-30 7:50 (0h 0m from now) **
// Build Error: Standard output: 
  
 Standard error: 
   Determining projects to restore...
/home/runner/work/dotnet-value-objects/dotnet-value-objects/benchmarks/EricksonLopez.ValueObjects.Benchmarks/bin/Release/net10.0/EricksonLopez.ValueObjects.Benchmarks-.NET 9.0-3/BenchmarkDotNet.Autogenerated.csproj : error NU1201: Project EricksonLopez.ValueObjects.Benchmarks is not compatible with net9.0 (.NETCoreApp,Version=v9.0). Project EricksonLopez.ValueObjects.Benchmarks supports: net10.0 (.NETCoreApp,Version=v10.0)
  Failed to restore /home/runner/work/dotnet-value-objects/dotnet-value-objects/benchmarks/EricksonLopez.ValueObjects.Benchmarks/bin/Release/net10.0/EricksonLopez.ValueObjects.Benchmarks-.NET 9.0-3/BenchmarkDotNet.Autogenerated.csproj (in 228 ms).
  5 of 6 projects are up-to-date for restore.

// BenchmarkDotNet has failed to build the auto-generated boilerplate code.
// It can be found in /home/runner/work/dotnet-value-objects/dotnet-value-objects/benchmarks/EricksonLopez.ValueObjects.Benchmarks/bin/Release/net10.0/EricksonLopez.ValueObjects.Benchmarks-.NET 9.0-3
// Please follow the troubleshooting guide: https://benchmarkdotnet.org/articles/guides/troubleshooting.html

// ** Remained 1 (0.8 %) benchmark(s) to run. Estimated finish 2026-08-30 7:50 (0h 0m from now) **
// Build Error: Standard output: 
  
 Standard error: 
   Determining projects to restore...
/home/runner/work/dotnet-value-objects/dotnet-value-objects/benchmarks/EricksonLopez.ValueObjects.Benchmarks/bin/Release/net10.0/EricksonLopez.ValueObjects.Benchmarks-.NET 9.0-3/BenchmarkDotNet.Autogenerated.csproj : error NU1201: Project EricksonLopez.ValueObjects.Benchmarks is not compatible with net9.0 (.NETCoreApp,Version=v9.0). Project EricksonLopez.ValueObjects.Benchmarks supports: net10.0 (.NETCoreApp,Version=v10.0)
  Failed to restore /home/runner/work/dotnet-value-objects/dotnet-value-objects/benchmarks/EricksonLopez.ValueObjects.Benchmarks/bin/Release/net10.0/EricksonLopez.ValueObjects.Benchmarks-.NET 9.0-3/BenchmarkDotNet.Autogenerated.csproj (in 228 ms).
  5 of 6 projects are up-to-date for restore.

// BenchmarkDotNet has failed to build the auto-generated boilerplate code.
// It can be found in /home/runner/work/dotnet-value-objects/dotnet-value-objects/benchmarks/EricksonLopez.ValueObjects.Benchmarks/bin/Release/net10.0/EricksonLopez.ValueObjects.Benchmarks-.NET 9.0-3
// Please follow the troubleshooting guide: https://benchmarkdotnet.org/articles/guides/troubleshooting.html

// ** Remained 0 (0.0 %) benchmark(s) to run. Estimated finish 2026-08-30 7:50 (0h 0m from now) **
// ***** BenchmarkRunner: Finish  *****

// * Export *
  benchmarks/results/results/EricksonLopez.ValueObjects.Benchmarks.ValueObjectBenchmarks-report.csv
  benchmarks/results/results/EricksonLopez.ValueObjects.Benchmarks.ValueObjectBenchmarks-report-github.md
  benchmarks/results/results/EricksonLopez.ValueObjects.Benchmarks.ValueObjectBenchmarks-report.html
  benchmarks/results/results/EricksonLopez.ValueObjects.Benchmarks.ValueObjectBenchmarks-report-full-compressed.json
  benchmarks/results/results/EricksonLopez.ValueObjects.Benchmarks.ValueObjectBenchmarks-report-default.md

// * Detailed results *
ValueObjectBenchmarks.Create_Class: .NET 10.0(Runtime=.NET 10.0, Toolchain=net10.0)
Runtime = .NET 10.0.11 (10.0.11, 10.0.1126.37416), X64 RyuJIT x86-64-v3; GC = Concurrent Workstation
Mean = 14.622 ns, StdErr = 0.103 ns (0.71%), N = 71, StdDev = 0.869 ns
Min = 12.014 ns, Q1 = 13.930 ns, Median = 14.614 ns, Q3 = 15.142 ns, Max = 16.438 ns
IQR = 1.212 ns, LowerFence = 12.111 ns, UpperFence = 16.960 ns
ConfidenceInterval = [14.268 ns; 14.976 ns] (CI 99.9%), Margin = 0.354 ns (2.42% of Mean)
Skewness = 0.02, Kurtosis = 2.84, MValue = 2.09
-------------------- Histogram --------------------
[11.739 ns ; 12.289 ns) | @
[12.289 ns ; 12.840 ns) | 
[12.840 ns ; 13.114 ns) | 
[13.114 ns ; 13.468 ns) | @@
[13.468 ns ; 14.219 ns) | @@@@@@@@@@@@@@@@@@@@
[14.219 ns ; 14.770 ns) | @@@@@@@@@@@@@@@@@@@@
[14.770 ns ; 15.417 ns) | @@@@@@@@@@@
[15.417 ns ; 15.968 ns) | @@@@@@@@@@@@@
[15.968 ns ; 16.555 ns) | @@@@
---------------------------------------------------

ValueObjectBenchmarks.Create_Class: .NET 8.0(Runtime=.NET 8.0, Toolchain=net8.0)
Runtime = ; GC = 
There are not any results runs

ValueObjectBenchmarks.Create_Class: .NET 9.0(Runtime=.NET 9.0, Toolchain=net9.0)
Runtime = ; GC = 
There are not any results runs

ValueObjectBenchmarks.Create_RecordClass: .NET 10.0(Runtime=.NET 10.0, Toolchain=net10.0)
Runtime = .NET 10.0.11 (10.0.11, 10.0.1126.37416), X64 RyuJIT x86-64-v3; GC = Concurrent Workstation
Mean = 15.065 ns, StdErr = 0.107 ns (0.71%), N = 86, StdDev = 0.991 ns
Min = 11.482 ns, Q1 = 14.510 ns, Median = 15.170 ns, Q3 = 15.753 ns, Max = 17.249 ns
IQR = 1.243 ns, LowerFence = 12.645 ns, UpperFence = 17.618 ns
ConfidenceInterval = [14.701 ns; 15.430 ns] (CI 99.9%), Margin = 0.364 ns (2.42% of Mean)
Skewness = -0.52, Kurtosis = 3.83, MValue = 2
-------------------- Histogram --------------------
[11.187 ns ; 11.777 ns) | @
[11.777 ns ; 12.367 ns) | 
[12.367 ns ; 12.807 ns) | 
[12.807 ns ; 13.401 ns) | @@@
[13.401 ns ; 13.979 ns) | @@@@@@@
[13.979 ns ; 14.657 ns) | @@@@@@@@@@@@@
[14.657 ns ; 15.246 ns) | @@@@@@@@@@@@@@@@@@@@@@@@
[15.246 ns ; 15.904 ns) | @@@@@@@@@@@@@@@@@@@@@@
[15.904 ns ; 16.466 ns) | @@@@@@@@@@@
[16.466 ns ; 17.077 ns) | @@@@
[17.077 ns ; 17.544 ns) | @
---------------------------------------------------

ValueObjectBenchmarks.Create_RecordClass: .NET 8.0(Runtime=.NET 8.0, Toolchain=net8.0)
Runtime = ; GC = 
There are not any results runs

ValueObjectBenchmarks.Create_RecordClass: .NET 9.0(Runtime=.NET 9.0, Toolchain=net9.0)
Runtime = ; GC = 
There are not any results runs

ValueObjectBenchmarks.Create_Struct: .NET 10.0(Runtime=.NET 10.0, Toolchain=net10.0)
Runtime = .NET 10.0.11 (10.0.11, 10.0.1126.37416), X64 RyuJIT x86-64-v3; GC = Concurrent Workstation
Mean = 0.001 ns, StdErr = 0.000 ns (20.49%), N = 14, StdDev = 0.001 ns
Min = 0.000 ns, Q1 = 0.000 ns, Median = 0.001 ns, Q3 = 0.001 ns, Max = 0.002 ns
IQR = 0.001 ns, LowerFence = -0.001 ns, UpperFence = 0.003 ns
ConfidenceInterval = [0.000 ns; 0.001 ns] (CI 99.9%), Margin = 0.001 ns (86.50% of Mean)
Skewness = 0.23, Kurtosis = 1.51, MValue = 2
-------------------- Histogram --------------------
[0.000 ns ; 0.001 ns) | @@@@@@
[0.001 ns ; 0.002 ns) | @@@@@@
[0.002 ns ; 0.002 ns) | @@
---------------------------------------------------

ValueObjectBenchmarks.Create_Struct: .NET 8.0(Runtime=.NET 8.0, Toolchain=net8.0)
Runtime = ; GC = 
There are not any results runs

ValueObjectBenchmarks.Create_Struct: .NET 9.0(Runtime=.NET 9.0, Toolchain=net9.0)
Runtime = ; GC = 
There are not any results runs

ValueObjectBenchmarks.Create_RecordStruct: .NET 10.0(Runtime=.NET 10.0, Toolchain=net10.0)
Runtime = .NET 10.0.11 (10.0.11, 10.0.1126.37416), X64 RyuJIT x86-64-v3; GC = Concurrent Workstation
Mean = 0.000 ns, StdErr = 0.000 ns (32.19%), N = 15, StdDev = 0.001 ns
Min = 0.000 ns, Q1 = 0.000 ns, Median = 0.000 ns, Q3 = 0.001 ns, Max = 0.001 ns
IQR = 0.001 ns, LowerFence = -0.002 ns, UpperFence = 0.003 ns
ConfidenceInterval = [-0.000 ns; 0.001 ns] (CI 99.9%), Margin = 0.001 ns (133.29% of Mean)
Skewness = 0.45, Kurtosis = 1.2, MValue = 3.33
-------------------- Histogram --------------------
[0.000 ns ; 0.000 ns) | @@@@@@@@@
[0.000 ns ; 0.001 ns) | 
[0.001 ns ; 0.002 ns) | @@@@@@
---------------------------------------------------

ValueObjectBenchmarks.Create_RecordStruct: .NET 8.0(Runtime=.NET 8.0, Toolchain=net8.0)
Runtime = ; GC = 
There are not any results runs

ValueObjectBenchmarks.Create_RecordStruct: .NET 9.0(Runtime=.NET 9.0, Toolchain=net9.0)
Runtime = ; GC = 
There are not any results runs

ValueObjectBenchmarks.Domain_Create_Email: .NET 10.0(Runtime=.NET 10.0, Toolchain=net10.0)
Runtime = .NET 10.0.11 (10.0.11, 10.0.1126.37416), X64 RyuJIT x86-64-v3; GC = Concurrent Workstation
Mean = 166.887 ns, StdErr = 0.128 ns (0.08%), N = 15, StdDev = 0.497 ns
Min = 166.106 ns, Q1 = 166.430 ns, Median = 167.056 ns, Q3 = 167.209 ns, Max = 167.658 ns
IQR = 0.779 ns, LowerFence = 165.261 ns, UpperFence = 168.378 ns
ConfidenceInterval = [166.356 ns; 167.418 ns] (CI 99.9%), Margin = 0.531 ns (0.32% of Mean)
Skewness = 0, Kurtosis = 1.61, MValue = 2
-------------------- Histogram --------------------
[165.842 ns ; 167.922 ns) | @@@@@@@@@@@@@@@
---------------------------------------------------

ValueObjectBenchmarks.Domain_Create_Email: .NET 8.0(Runtime=.NET 8.0, Toolchain=net8.0)
Runtime = ; GC = 
There are not any results runs

ValueObjectBenchmarks.Domain_Create_Email: .NET 9.0(Runtime=.NET 9.0, Toolchain=net9.0)
Runtime = ; GC = 
There are not any results runs

ValueObjectBenchmarks.Domain_Create_Money: .NET 10.0(Runtime=.NET 10.0, Toolchain=net10.0)
Runtime = .NET 10.0.11 (10.0.11, 10.0.1126.37416), X64 RyuJIT x86-64-v3; GC = Concurrent Workstation
Mean = 11.198 ns, StdErr = 0.002 ns (0.02%), N = 13, StdDev = 0.007 ns
Min = 11.190 ns, Q1 = 11.193 ns, Median = 11.196 ns, Q3 = 11.201 ns, Max = 11.211 ns
IQR = 0.008 ns, LowerFence = 11.181 ns, UpperFence = 11.213 ns
ConfidenceInterval = [11.190 ns; 11.206 ns] (CI 99.9%), Margin = 0.008 ns (0.07% of Mean)
Skewness = 0.57, Kurtosis = 1.81, MValue = 2
-------------------- Histogram --------------------
[11.187 ns ; 11.215 ns) | @@@@@@@@@@@@@
---------------------------------------------------

ValueObjectBenchmarks.Domain_Create_Money: .NET 8.0(Runtime=.NET 8.0, Toolchain=net8.0)
Runtime = ; GC = 
There are not any results runs

ValueObjectBenchmarks.Domain_Create_Money: .NET 9.0(Runtime=.NET 9.0, Toolchain=net9.0)
Runtime = ; GC = 
There are not any results runs

ValueObjectBenchmarks.Domain_Create_Percentage: .NET 10.0(Runtime=.NET 10.0, Toolchain=net10.0)
Runtime = .NET 10.0.11 (10.0.11, 10.0.1126.37416), X64 RyuJIT x86-64-v3; GC = Concurrent Workstation
Mean = 7.434 ns, StdErr = 0.001 ns (0.01%), N = 15, StdDev = 0.004 ns
Min = 7.429 ns, Q1 = 7.431 ns, Median = 7.433 ns, Q3 = 7.435 ns, Max = 7.440 ns
IQR = 0.004 ns, LowerFence = 7.425 ns, UpperFence = 7.441 ns
ConfidenceInterval = [7.430 ns; 7.437 ns] (CI 99.9%), Margin = 0.004 ns (0.05% of Mean)
Skewness = 0.58, Kurtosis = 2.02, MValue = 2
-------------------- Histogram --------------------
[7.427 ns ; 7.442 ns) | @@@@@@@@@@@@@@@
---------------------------------------------------

ValueObjectBenchmarks.Domain_Create_Percentage: .NET 8.0(Runtime=.NET 8.0, Toolchain=net8.0)
Runtime = ; GC = 
There are not any results runs

ValueObjectBenchmarks.Domain_Create_Percentage: .NET 9.0(Runtime=.NET 9.0, Toolchain=net9.0)
Runtime = ; GC = 
There are not any results runs

ValueObjectBenchmarks.Equals_Class: .NET 10.0(Runtime=.NET 10.0, Toolchain=net10.0)
Runtime = .NET 10.0.11 (10.0.11, 10.0.1126.37416), X64 RyuJIT x86-64-v3; GC = Concurrent Workstation
Mean = 0.593 ns, StdErr = 0.001 ns (0.19%), N = 14, StdDev = 0.004 ns
Min = 0.584 ns, Q1 = 0.590 ns, Median = 0.594 ns, Q3 = 0.597 ns, Max = 0.598 ns
IQR = 0.007 ns, LowerFence = 0.580 ns, UpperFence = 0.607 ns
ConfidenceInterval = [0.588 ns; 0.598 ns] (CI 99.9%), Margin = 0.005 ns (0.82% of Mean)
Skewness = -0.45, Kurtosis = 1.89, MValue = 2
-------------------- Histogram --------------------
[0.582 ns ; 0.600 ns) | @@@@@@@@@@@@@@
---------------------------------------------------

ValueObjectBenchmarks.Equals_Class: .NET 8.0(Runtime=.NET 8.0, Toolchain=net8.0)
Runtime = ; GC = 
There are not any results runs

ValueObjectBenchmarks.Equals_Class: .NET 9.0(Runtime=.NET 9.0, Toolchain=net9.0)
Runtime = ; GC = 
There are not any results runs

ValueObjectBenchmarks.Equals_RecordClass: .NET 10.0(Runtime=.NET 10.0, Toolchain=net10.0)
Runtime = .NET 10.0.11 (10.0.11, 10.0.1126.37416), X64 RyuJIT x86-64-v3; GC = Concurrent Workstation
Mean = 0.540 ns, StdErr = 0.001 ns (0.27%), N = 14, StdDev = 0.006 ns
Min = 0.529 ns, Q1 = 0.538 ns, Median = 0.540 ns, Q3 = 0.544 ns, Max = 0.547 ns
IQR = 0.007 ns, LowerFence = 0.527 ns, UpperFence = 0.555 ns
ConfidenceInterval = [0.534 ns; 0.546 ns] (CI 99.9%), Margin = 0.006 ns (1.15% of Mean)
Skewness = -0.49, Kurtosis = 1.91, MValue = 2
-------------------- Histogram --------------------
[0.526 ns ; 0.547 ns) | @@@@@@@@@@@@@@
---------------------------------------------------

ValueObjectBenchmarks.Equals_RecordClass: .NET 8.0(Runtime=.NET 8.0, Toolchain=net8.0)
Runtime = ; GC = 
There are not any results runs

ValueObjectBenchmarks.Equals_RecordClass: .NET 9.0(Runtime=.NET 9.0, Toolchain=net9.0)
Runtime = ; GC = 
There are not any results runs

ValueObjectBenchmarks.Equals_Struct: .NET 10.0(Runtime=.NET 10.0, Toolchain=net10.0)
Runtime = .NET 10.0.11 (10.0.11, 10.0.1126.37416), X64 RyuJIT x86-64-v3; GC = Concurrent Workstation
Mean = 0.519 ns, StdErr = 0.001 ns (0.11%), N = 15, StdDev = 0.002 ns
Min = 0.514 ns, Q1 = 0.518 ns, Median = 0.519 ns, Q3 = 0.521 ns, Max = 0.523 ns
IQR = 0.003 ns, LowerFence = 0.514 ns, UpperFence = 0.526 ns
ConfidenceInterval = [0.517 ns; 0.522 ns] (CI 99.9%), Margin = 0.002 ns (0.45% of Mean)
Skewness = -0.42, Kurtosis = 2.91, MValue = 2
-------------------- Histogram --------------------
[0.513 ns ; 0.524 ns) | @@@@@@@@@@@@@@@
---------------------------------------------------

ValueObjectBenchmarks.Equals_Struct: .NET 8.0(Runtime=.NET 8.0, Toolchain=net8.0)
Runtime = ; GC = 
There are not any results runs

ValueObjectBenchmarks.Equals_Struct: .NET 9.0(Runtime=.NET 9.0, Toolchain=net9.0)
Runtime = ; GC = 
There are not any results runs

ValueObjectBenchmarks.Equals_RecordStruct: .NET 10.0(Runtime=.NET 10.0, Toolchain=net10.0)
Runtime = .NET 10.0.11 (10.0.11, 10.0.1126.37416), X64 RyuJIT x86-64-v3; GC = Concurrent Workstation
Mean = 0.319 ns, StdErr = 0.001 ns (0.33%), N = 13, StdDev = 0.004 ns
Min = 0.313 ns, Q1 = 0.318 ns, Median = 0.318 ns, Q3 = 0.322 ns, Max = 0.325 ns
IQR = 0.004 ns, LowerFence = 0.311 ns, UpperFence = 0.328 ns
ConfidenceInterval = [0.314 ns; 0.323 ns] (CI 99.9%), Margin = 0.005 ns (1.42% of Mean)
Skewness = 0.1, Kurtosis = 1.9, MValue = 2
-------------------- Histogram --------------------
[0.310 ns ; 0.327 ns) | @@@@@@@@@@@@@
---------------------------------------------------

ValueObjectBenchmarks.Equals_RecordStruct: .NET 8.0(Runtime=.NET 8.0, Toolchain=net8.0)
Runtime = ; GC = 
There are not any results runs

ValueObjectBenchmarks.Equals_RecordStruct: .NET 9.0(Runtime=.NET 9.0, Toolchain=net9.0)
Runtime = ; GC = 
There are not any results runs

ValueObjectBenchmarks.Domain_Equals_Money: .NET 10.0(Runtime=.NET 10.0, Toolchain=net10.0)
Runtime = .NET 10.0.11 (10.0.11, 10.0.1126.37416), X64 RyuJIT x86-64-v3; GC = Concurrent Workstation
Mean = 5.097 ns, StdErr = 0.001 ns (0.02%), N = 14, StdDev = 0.004 ns
Min = 5.090 ns, Q1 = 5.094 ns, Median = 5.096 ns, Q3 = 5.099 ns, Max = 5.106 ns
IQR = 0.005 ns, LowerFence = 5.086 ns, UpperFence = 5.107 ns
ConfidenceInterval = [5.092 ns; 5.101 ns] (CI 99.9%), Margin = 0.005 ns (0.09% of Mean)
Skewness = 0.5, Kurtosis = 2.53, MValue = 2
-------------------- Histogram --------------------
[5.088 ns ; 5.109 ns) | @@@@@@@@@@@@@@
---------------------------------------------------

ValueObjectBenchmarks.Domain_Equals_Money: .NET 8.0(Runtime=.NET 8.0, Toolchain=net8.0)
Runtime = ; GC = 
There are not any results runs

ValueObjectBenchmarks.Domain_Equals_Money: .NET 9.0(Runtime=.NET 9.0, Toolchain=net9.0)
Runtime = ; GC = 
There are not any results runs

ValueObjectBenchmarks.HashCode_Class: .NET 10.0(Runtime=.NET 10.0, Toolchain=net10.0)
Runtime = .NET 10.0.11 (10.0.11, 10.0.1126.37416), X64 RyuJIT x86-64-v3; GC = Concurrent Workstation
Mean = 18.887 ns, StdErr = 0.003 ns (0.01%), N = 14, StdDev = 0.010 ns
Min = 18.870 ns, Q1 = 18.884 ns, Median = 18.887 ns, Q3 = 18.895 ns, Max = 18.899 ns
IQR = 0.011 ns, LowerFence = 18.867 ns, UpperFence = 18.912 ns
ConfidenceInterval = [18.876 ns; 18.898 ns] (CI 99.9%), Margin = 0.011 ns (0.06% of Mean)
Skewness = -0.55, Kurtosis = 1.92, MValue = 2
-------------------- Histogram --------------------
[18.864 ns ; 18.904 ns) | @@@@@@@@@@@@@@
---------------------------------------------------

ValueObjectBenchmarks.HashCode_Class: .NET 8.0(Runtime=.NET 8.0, Toolchain=net8.0)
Runtime = ; GC = 
There are not any results runs

ValueObjectBenchmarks.HashCode_Class: .NET 9.0(Runtime=.NET 9.0, Toolchain=net9.0)
Runtime = ; GC = 
There are not any results runs

ValueObjectBenchmarks.HashCode_RecordClass: .NET 10.0(Runtime=.NET 10.0, Toolchain=net10.0)
Runtime = .NET 10.0.11 (10.0.11, 10.0.1126.37416), X64 RyuJIT x86-64-v3; GC = Concurrent Workstation
Mean = 22.394 ns, StdErr = 0.028 ns (0.13%), N = 15, StdDev = 0.108 ns
Min = 22.213 ns, Q1 = 22.282 ns, Median = 22.441 ns, Q3 = 22.475 ns, Max = 22.501 ns
IQR = 0.194 ns, LowerFence = 21.991 ns, UpperFence = 22.766 ns
ConfidenceInterval = [22.278 ns; 22.509 ns] (CI 99.9%), Margin = 0.116 ns (0.52% of Mean)
Skewness = -0.59, Kurtosis = 1.46, MValue = 2
-------------------- Histogram --------------------
[22.155 ns ; 22.559 ns) | @@@@@@@@@@@@@@@
---------------------------------------------------

ValueObjectBenchmarks.HashCode_RecordClass: .NET 8.0(Runtime=.NET 8.0, Toolchain=net8.0)
Runtime = ; GC = 
There are not any results runs

ValueObjectBenchmarks.HashCode_RecordClass: .NET 9.0(Runtime=.NET 9.0, Toolchain=net9.0)
Runtime = ; GC = 
There are not any results runs

ValueObjectBenchmarks.HashCode_Struct: .NET 10.0(Runtime=.NET 10.0, Toolchain=net10.0)
Runtime = .NET 10.0.11 (10.0.11, 10.0.1126.37416), X64 RyuJIT x86-64-v3; GC = Concurrent Workstation
Mean = 18.540 ns, StdErr = 0.002 ns (0.01%), N = 14, StdDev = 0.008 ns
Min = 18.526 ns, Q1 = 18.535 ns, Median = 18.537 ns, Q3 = 18.545 ns, Max = 18.555 ns
IQR = 0.010 ns, LowerFence = 18.519 ns, UpperFence = 18.561 ns
ConfidenceInterval = [18.530 ns; 18.549 ns] (CI 99.9%), Margin = 0.009 ns (0.05% of Mean)
Skewness = 0.43, Kurtosis = 2.05, MValue = 2
-------------------- Histogram --------------------
[18.522 ns ; 18.560 ns) | @@@@@@@@@@@@@@
---------------------------------------------------

ValueObjectBenchmarks.HashCode_Struct: .NET 8.0(Runtime=.NET 8.0, Toolchain=net8.0)
Runtime = ; GC = 
There are not any results runs

ValueObjectBenchmarks.HashCode_Struct: .NET 9.0(Runtime=.NET 9.0, Toolchain=net9.0)
Runtime = ; GC = 
There are not any results runs

ValueObjectBenchmarks.HashCode_RecordStruct: .NET 10.0(Runtime=.NET 10.0, Toolchain=net10.0)
Runtime = .NET 10.0.11 (10.0.11, 10.0.1126.37416), X64 RyuJIT x86-64-v3; GC = Concurrent Workstation
Mean = 17.764 ns, StdErr = 0.005 ns (0.03%), N = 14, StdDev = 0.020 ns
Min = 17.735 ns, Q1 = 17.750 ns, Median = 17.763 ns, Q3 = 17.771 ns, Max = 17.812 ns
IQR = 0.022 ns, LowerFence = 17.717 ns, UpperFence = 17.804 ns
ConfidenceInterval = [17.741 ns; 17.786 ns] (CI 99.9%), Margin = 0.023 ns (0.13% of Mean)
Skewness = 0.71, Kurtosis = 3.07, MValue = 2
-------------------- Histogram --------------------
[17.724 ns ; 17.823 ns) | @@@@@@@@@@@@@@
---------------------------------------------------

ValueObjectBenchmarks.HashCode_RecordStruct: .NET 8.0(Runtime=.NET 8.0, Toolchain=net8.0)
Runtime = ; GC = 
There are not any results runs

ValueObjectBenchmarks.HashCode_RecordStruct: .NET 9.0(Runtime=.NET 9.0, Toolchain=net9.0)
Runtime = ; GC = 
There are not any results runs

ValueObjectBenchmarks.DictionaryLookup_RecordClass: .NET 10.0(Runtime=.NET 10.0, Toolchain=net10.0)
Runtime = .NET 10.0.11 (10.0.11, 10.0.1126.37416), X64 RyuJIT x86-64-v3; GC = Concurrent Workstation
Mean = 26.683 ns, StdErr = 0.002 ns (0.01%), N = 14, StdDev = 0.009 ns
Min = 26.670 ns, Q1 = 26.676 ns, Median = 26.682 ns, Q3 = 26.687 ns, Max = 26.701 ns
IQR = 0.011 ns, LowerFence = 26.659 ns, UpperFence = 26.704 ns
ConfidenceInterval = [26.673 ns; 26.693 ns] (CI 99.9%), Margin = 0.010 ns (0.04% of Mean)
Skewness = 0.47, Kurtosis = 2.21, MValue = 2
-------------------- Histogram --------------------
[26.665 ns ; 26.706 ns) | @@@@@@@@@@@@@@
---------------------------------------------------

ValueObjectBenchmarks.DictionaryLookup_RecordClass: .NET 8.0(Runtime=.NET 8.0, Toolchain=net8.0)
Runtime = ; GC = 
There are not any results runs

ValueObjectBenchmarks.DictionaryLookup_RecordClass: .NET 9.0(Runtime=.NET 9.0, Toolchain=net9.0)
Runtime = ; GC = 
There are not any results runs

ValueObjectBenchmarks.DictionaryLookup_RecordStruct: .NET 10.0(Runtime=.NET 10.0, Toolchain=net10.0)
Runtime = .NET 10.0.11 (10.0.11, 10.0.1126.37416), X64 RyuJIT x86-64-v3; GC = Concurrent Workstation
Mean = 24.031 ns, StdErr = 0.002 ns (0.01%), N = 15, StdDev = 0.007 ns
Min = 24.020 ns, Q1 = 24.027 ns, Median = 24.031 ns, Q3 = 24.036 ns, Max = 24.041 ns
IQR = 0.009 ns, LowerFence = 24.014 ns, UpperFence = 24.049 ns
ConfidenceInterval = [24.024 ns; 24.038 ns] (CI 99.9%), Margin = 0.007 ns (0.03% of Mean)
Skewness = -0.14, Kurtosis = 1.58, MValue = 2
-------------------- Histogram --------------------
[24.017 ns ; 24.045 ns) | @@@@@@@@@@@@@@@
---------------------------------------------------

ValueObjectBenchmarks.DictionaryLookup_RecordStruct: .NET 8.0(Runtime=.NET 8.0, Toolchain=net8.0)
Runtime = ; GC = 
There are not any results runs

ValueObjectBenchmarks.DictionaryLookup_RecordStruct: .NET 9.0(Runtime=.NET 9.0, Toolchain=net9.0)
Runtime = ; GC = 
There are not any results runs

ValueObjectBenchmarks.Domain_Money_Add: .NET 10.0(Runtime=.NET 10.0, Toolchain=net10.0)
Runtime = .NET 10.0.11 (10.0.11, 10.0.1126.37416), X64 RyuJIT x86-64-v3; GC = Concurrent Workstation
Mean = 8.758 ns, StdErr = 0.002 ns (0.02%), N = 14, StdDev = 0.007 ns
Min = 8.746 ns, Q1 = 8.755 ns, Median = 8.759 ns, Q3 = 8.762 ns, Max = 8.773 ns
IQR = 0.007 ns, LowerFence = 8.744 ns, UpperFence = 8.772 ns
ConfidenceInterval = [8.751 ns; 8.766 ns] (CI 99.9%), Margin = 0.008 ns (0.09% of Mean)
Skewness = 0.12, Kurtosis = 2.52, MValue = 2
-------------------- Histogram --------------------
[8.742 ns ; 8.777 ns) | @@@@@@@@@@@@@@
---------------------------------------------------

ValueObjectBenchmarks.Domain_Money_Add: .NET 8.0(Runtime=.NET 8.0, Toolchain=net8.0)
Runtime = ; GC = 
There are not any results runs

ValueObjectBenchmarks.Domain_Money_Add: .NET 9.0(Runtime=.NET 9.0, Toolchain=net9.0)
Runtime = ; GC = 
There are not any results runs

ValueObjectBenchmarks.Domain_Money_Allocate: .NET 10.0(Runtime=.NET 10.0, Toolchain=net10.0)
Runtime = .NET 10.0.11 (10.0.11, 10.0.1126.37416), X64 RyuJIT x86-64-v3; GC = Concurrent Workstation
Mean = 372.661 ns, StdErr = 0.091 ns (0.02%), N = 13, StdDev = 0.328 ns
Min = 372.282 ns, Q1 = 372.442 ns, Median = 372.561 ns, Q3 = 372.679 ns, Max = 373.318 ns
IQR = 0.237 ns, LowerFence = 372.086 ns, UpperFence = 373.034 ns
ConfidenceInterval = [372.269 ns; 373.054 ns] (CI 99.9%), Margin = 0.392 ns (0.11% of Mean)
Skewness = 0.89, Kurtosis = 2.32, MValue = 2
-------------------- Histogram --------------------
[372.099 ns ; 373.501 ns) | @@@@@@@@@@@@@
---------------------------------------------------

ValueObjectBenchmarks.Domain_Money_Allocate: .NET 8.0(Runtime=.NET 8.0, Toolchain=net8.0)
Runtime = ; GC = 
There are not any results runs

ValueObjectBenchmarks.Domain_Money_Allocate: .NET 9.0(Runtime=.NET 9.0, Toolchain=net9.0)
Runtime = ; GC = 
There are not any results runs

ValueObjectBenchmarks.Domain_Money_ApplyTax: .NET 10.0(Runtime=.NET 10.0, Toolchain=net10.0)
Runtime = .NET 10.0.11 (10.0.11, 10.0.1126.37416), X64 RyuJIT x86-64-v3; GC = Concurrent Workstation
Mean = 55.351 ns, StdErr = 0.008 ns (0.01%), N = 14, StdDev = 0.028 ns
Min = 55.323 ns, Q1 = 55.329 ns, Median = 55.337 ns, Q3 = 55.379 ns, Max = 55.402 ns
IQR = 0.050 ns, LowerFence = 55.255 ns, UpperFence = 55.453 ns
ConfidenceInterval = [55.319 ns; 55.382 ns] (CI 99.9%), Margin = 0.032 ns (0.06% of Mean)
Skewness = 0.65, Kurtosis = 1.63, MValue = 2
-------------------- Histogram --------------------
[55.307 ns ; 55.418 ns) | @@@@@@@@@@@@@@
---------------------------------------------------

ValueObjectBenchmarks.Domain_Money_ApplyTax: .NET 8.0(Runtime=.NET 8.0, Toolchain=net8.0)
Runtime = ; GC = 
There are not any results runs

ValueObjectBenchmarks.Domain_Money_ApplyTax: .NET 9.0(Runtime=.NET 9.0, Toolchain=net9.0)
Runtime = ; GC = 
There are not any results runs

ValueObjectBenchmarks.Domain_Parse_BusinessDate: .NET 10.0(Runtime=.NET 10.0, Toolchain=net10.0)
Runtime = .NET 10.0.11 (10.0.11, 10.0.1126.37416), X64 RyuJIT x86-64-v3; GC = Concurrent Workstation
Mean = 128.706 ns, StdErr = 0.025 ns (0.02%), N = 15, StdDev = 0.098 ns
Min = 128.543 ns, Q1 = 128.623 ns, Median = 128.663 ns, Q3 = 128.790 ns, Max = 128.852 ns
IQR = 0.167 ns, LowerFence = 128.373 ns, UpperFence = 129.040 ns
ConfidenceInterval = [128.601 ns; 128.811 ns] (CI 99.9%), Margin = 0.105 ns (0.08% of Mean)
Skewness = 0.06, Kurtosis = 1.46, MValue = 2
-------------------- Histogram --------------------
[128.491 ns ; 128.905 ns) | @@@@@@@@@@@@@@@
---------------------------------------------------

ValueObjectBenchmarks.Domain_Parse_BusinessDate: .NET 8.0(Runtime=.NET 8.0, Toolchain=net8.0)
Runtime = ; GC = 
There are not any results runs

ValueObjectBenchmarks.Domain_Parse_BusinessDate: .NET 9.0(Runtime=.NET 9.0, Toolchain=net9.0)
Runtime = ; GC = 
There are not any results runs

// * Summary *

BenchmarkDotNet v0.15.8, Linux Ubuntu 24.04.4 LTS (Noble Numbat)
AMD EPYC 7763 2.60GHz, 1 CPU, 4 logical and 2 physical cores
.NET SDK 10.0.400
  [Host]    : .NET 10.0.11 (10.0.11, 10.0.1126.37416), X64 RyuJIT x86-64-v3
  .NET 10.0 : .NET 10.0.11 (10.0.11, 10.0.1126.37416), X64 RyuJIT x86-64-v3


| Method                        | Job       | Runtime   | Mean        | Error     | StdDev    | Median      | Ratio | RatioSD | Gen0   | Allocated | Alloc Ratio |
|------------------------------ |---------- |---------- |------------:|----------:|----------:|------------:|------:|--------:|-------:|----------:|------------:|
| Create_Class                  | .NET 10.0 | .NET 10.0 |  14.6220 ns | 0.3542 ns | 0.8689 ns |  14.6140 ns |     ? |       ? | 0.0014 |      24 B |           ? |
| Create_Class                  | .NET 8.0  | .NET 8.0  |          NA |        NA |        NA |          NA |     ? |       ? |     NA |        NA |           ? |
| Create_Class                  | .NET 9.0  | .NET 9.0  |          NA |        NA |        NA |          NA |     ? |       ? |     NA |        NA |           ? |
|                               |           |           |             |           |           |             |       |         |        |           |             |
| Create_RecordClass            | .NET 10.0 | .NET 10.0 |  15.0651 ns | 0.3644 ns | 0.9915 ns |  15.1702 ns |     ? |       ? | 0.0014 |      24 B |           ? |
| Create_RecordClass            | .NET 8.0  | .NET 8.0  |          NA |        NA |        NA |          NA |     ? |       ? |     NA |        NA |           ? |
| Create_RecordClass            | .NET 9.0  | .NET 9.0  |          NA |        NA |        NA |          NA |     ? |       ? |     NA |        NA |           ? |
|                               |           |           |             |           |           |             |       |         |        |           |             |
| Create_Struct                 | .NET 10.0 | .NET 10.0 |   0.0008 ns | 0.0007 ns | 0.0006 ns |   0.0008 ns |     ? |       ? |      - |         - |           ? |
| Create_Struct                 | .NET 8.0  | .NET 8.0  |          NA |        NA |        NA |          NA |     ? |       ? |     NA |        NA |           ? |
| Create_Struct                 | .NET 9.0  | .NET 9.0  |          NA |        NA |        NA |          NA |     ? |       ? |     NA |        NA |           ? |
|                               |           |           |             |           |           |             |       |         |        |           |             |
| Create_RecordStruct           | .NET 10.0 | .NET 10.0 |   0.0005 ns | 0.0007 ns | 0.0006 ns |   0.0000 ns |     ? |       ? |      - |         - |           ? |
| Create_RecordStruct           | .NET 8.0  | .NET 8.0  |          NA |        NA |        NA |          NA |     ? |       ? |     NA |        NA |           ? |
| Create_RecordStruct           | .NET 9.0  | .NET 9.0  |          NA |        NA |        NA |          NA |     ? |       ? |     NA |        NA |           ? |
|                               |           |           |             |           |           |             |       |         |        |           |             |
| Domain_Create_Email           | .NET 10.0 | .NET 10.0 | 166.8870 ns | 0.5310 ns | 0.4967 ns | 167.0560 ns |     ? |       ? | 0.0091 |     152 B |           ? |
| Domain_Create_Email           | .NET 8.0  | .NET 8.0  |          NA |        NA |        NA |          NA |     ? |       ? |     NA |        NA |           ? |
| Domain_Create_Email           | .NET 9.0  | .NET 9.0  |          NA |        NA |        NA |          NA |     ? |       ? |     NA |        NA |           ? |
|                               |           |           |             |           |           |             |       |         |        |           |             |
| Domain_Create_Money           | .NET 10.0 | .NET 10.0 |  11.1980 ns | 0.0081 ns | 0.0068 ns |  11.1964 ns |     ? |       ? |      - |         - |           ? |
| Domain_Create_Money           | .NET 8.0  | .NET 8.0  |          NA |        NA |        NA |          NA |     ? |       ? |     NA |        NA |           ? |
| Domain_Create_Money           | .NET 9.0  | .NET 9.0  |          NA |        NA |        NA |          NA |     ? |       ? |     NA |        NA |           ? |
|                               |           |           |             |           |           |             |       |         |        |           |             |
| Domain_Create_Percentage      | .NET 10.0 | .NET 10.0 |   7.4336 ns | 0.0038 ns | 0.0035 ns |   7.4331 ns |     ? |       ? |      - |         - |           ? |
| Domain_Create_Percentage      | .NET 8.0  | .NET 8.0  |          NA |        NA |        NA |          NA |     ? |       ? |     NA |        NA |           ? |
| Domain_Create_Percentage      | .NET 9.0  | .NET 9.0  |          NA |        NA |        NA |          NA |     ? |       ? |     NA |        NA |           ? |
|                               |           |           |             |           |           |             |       |         |        |           |             |
| Equals_Class                  | .NET 10.0 | .NET 10.0 |   0.5929 ns | 0.0048 ns | 0.0043 ns |   0.5937 ns |     ? |       ? |      - |         - |           ? |
| Equals_Class                  | .NET 8.0  | .NET 8.0  |          NA |        NA |        NA |          NA |     ? |       ? |     NA |        NA |           ? |
| Equals_Class                  | .NET 9.0  | .NET 9.0  |          NA |        NA |        NA |          NA |     ? |       ? |     NA |        NA |           ? |
|                               |           |           |             |           |           |             |       |         |        |           |             |
| Equals_RecordClass            | .NET 10.0 | .NET 10.0 |   0.5398 ns | 0.0062 ns | 0.0055 ns |   0.5404 ns |     ? |       ? |      - |         - |           ? |
| Equals_RecordClass            | .NET 8.0  | .NET 8.0  |          NA |        NA |        NA |          NA |     ? |       ? |     NA |        NA |           ? |
| Equals_RecordClass            | .NET 9.0  | .NET 9.0  |          NA |        NA |        NA |          NA |     ? |       ? |     NA |        NA |           ? |
|                               |           |           |             |           |           |             |       |         |        |           |             |
| Equals_Struct                 | .NET 10.0 | .NET 10.0 |   0.5194 ns | 0.0024 ns | 0.0022 ns |   0.5192 ns |     ? |       ? |      - |         - |           ? |
| Equals_Struct                 | .NET 8.0  | .NET 8.0  |          NA |        NA |        NA |          NA |     ? |       ? |     NA |        NA |           ? |
| Equals_Struct                 | .NET 9.0  | .NET 9.0  |          NA |        NA |        NA |          NA |     ? |       ? |     NA |        NA |           ? |
|                               |           |           |             |           |           |             |       |         |        |           |             |
| Equals_RecordStruct           | .NET 10.0 | .NET 10.0 |   0.3188 ns | 0.0045 ns | 0.0038 ns |   0.3184 ns |     ? |       ? |      - |         - |           ? |
| Equals_RecordStruct           | .NET 8.0  | .NET 8.0  |          NA |        NA |        NA |          NA |     ? |       ? |     NA |        NA |           ? |
| Equals_RecordStruct           | .NET 9.0  | .NET 9.0  |          NA |        NA |        NA |          NA |     ? |       ? |     NA |        NA |           ? |
|                               |           |           |             |           |           |             |       |         |        |           |             |
| Domain_Equals_Money           | .NET 10.0 | .NET 10.0 |   5.0967 ns | 0.0048 ns | 0.0043 ns |   5.0960 ns |     ? |       ? |      - |         - |           ? |
| Domain_Equals_Money           | .NET 8.0  | .NET 8.0  |          NA |        NA |        NA |          NA |     ? |       ? |     NA |        NA |           ? |
| Domain_Equals_Money           | .NET 9.0  | .NET 9.0  |          NA |        NA |        NA |          NA |     ? |       ? |     NA |        NA |           ? |
|                               |           |           |             |           |           |             |       |         |        |           |             |
| HashCode_Class                | .NET 10.0 | .NET 10.0 |  18.8870 ns | 0.0110 ns | 0.0098 ns |  18.8873 ns |     ? |       ? |      - |         - |           ? |
| HashCode_Class                | .NET 8.0  | .NET 8.0  |          NA |        NA |        NA |          NA |     ? |       ? |     NA |        NA |           ? |
| HashCode_Class                | .NET 9.0  | .NET 9.0  |          NA |        NA |        NA |          NA |     ? |       ? |     NA |        NA |           ? |
|                               |           |           |             |           |           |             |       |         |        |           |             |
| HashCode_RecordClass          | .NET 10.0 | .NET 10.0 |  22.3936 ns | 0.1159 ns | 0.1084 ns |  22.4406 ns |     ? |       ? |      - |         - |           ? |
| HashCode_RecordClass          | .NET 8.0  | .NET 8.0  |          NA |        NA |        NA |          NA |     ? |       ? |     NA |        NA |           ? |
| HashCode_RecordClass          | .NET 9.0  | .NET 9.0  |          NA |        NA |        NA |          NA |     ? |       ? |     NA |        NA |           ? |
|                               |           |           |             |           |           |             |       |         |        |           |             |
| HashCode_Struct               | .NET 10.0 | .NET 10.0 |  18.5396 ns | 0.0095 ns | 0.0084 ns |  18.5370 ns |     ? |       ? |      - |         - |           ? |
| HashCode_Struct               | .NET 8.0  | .NET 8.0  |          NA |        NA |        NA |          NA |     ? |       ? |     NA |        NA |           ? |
| HashCode_Struct               | .NET 9.0  | .NET 9.0  |          NA |        NA |        NA |          NA |     ? |       ? |     NA |        NA |           ? |
|                               |           |           |             |           |           |             |       |         |        |           |             |
| HashCode_RecordStruct         | .NET 10.0 | .NET 10.0 |  17.7636 ns | 0.0225 ns | 0.0200 ns |  17.7632 ns |     ? |       ? |      - |         - |           ? |
| HashCode_RecordStruct         | .NET 8.0  | .NET 8.0  |          NA |        NA |        NA |          NA |     ? |       ? |     NA |        NA |           ? |
| HashCode_RecordStruct         | .NET 9.0  | .NET 9.0  |          NA |        NA |        NA |          NA |     ? |       ? |     NA |        NA |           ? |
|                               |           |           |             |           |           |             |       |         |        |           |             |
| DictionaryLookup_RecordClass  | .NET 10.0 | .NET 10.0 |  26.6826 ns | 0.0101 ns | 0.0089 ns |  26.6818 ns |     ? |       ? |      - |         - |           ? |
| DictionaryLookup_RecordClass  | .NET 8.0  | .NET 8.0  |          NA |        NA |        NA |          NA |     ? |       ? |     NA |        NA |           ? |
| DictionaryLookup_RecordClass  | .NET 9.0  | .NET 9.0  |          NA |        NA |        NA |          NA |     ? |       ? |     NA |        NA |           ? |
|                               |           |           |             |           |           |             |       |         |        |           |             |
| DictionaryLookup_RecordStruct | .NET 10.0 | .NET 10.0 |  24.0312 ns | 0.0070 ns | 0.0065 ns |  24.0307 ns |     ? |       ? |      - |         - |           ? |
| DictionaryLookup_RecordStruct | .NET 8.0  | .NET 8.0  |          NA |        NA |        NA |          NA |     ? |       ? |     NA |        NA |           ? |
| DictionaryLookup_RecordStruct | .NET 9.0  | .NET 9.0  |          NA |        NA |        NA |          NA |     ? |       ? |     NA |        NA |           ? |
|                               |           |           |             |           |           |             |       |         |        |           |             |
| Domain_Money_Add              | .NET 10.0 | .NET 10.0 |   8.7584 ns | 0.0079 ns | 0.0070 ns |   8.7591 ns |     ? |       ? |      - |         - |           ? |
| Domain_Money_Add              | .NET 8.0  | .NET 8.0  |          NA |        NA |        NA |          NA |     ? |       ? |     NA |        NA |           ? |
| Domain_Money_Add              | .NET 9.0  | .NET 9.0  |          NA |        NA |        NA |          NA |     ? |       ? |     NA |        NA |           ? |
|                               |           |           |             |           |           |             |       |         |        |           |             |
| Domain_Money_Allocate         | .NET 10.0 | .NET 10.0 | 372.6612 ns | 0.3925 ns | 0.3277 ns | 372.5613 ns |     ? |       ? | 0.0057 |      96 B |           ? |
| Domain_Money_Allocate         | .NET 8.0  | .NET 8.0  |          NA |        NA |        NA |          NA |     ? |       ? |     NA |        NA |           ? |
| Domain_Money_Allocate         | .NET 9.0  | .NET 9.0  |          NA |        NA |        NA |          NA |     ? |       ? |     NA |        NA |           ? |
|                               |           |           |             |           |           |             |       |         |        |           |             |
| Domain_Money_ApplyTax         | .NET 10.0 | .NET 10.0 |  55.3506 ns | 0.0318 ns | 0.0282 ns |  55.3365 ns |     ? |       ? |      - |         - |           ? |
| Domain_Money_ApplyTax         | .NET 8.0  | .NET 8.0  |          NA |        NA |        NA |          NA |     ? |       ? |     NA |        NA |           ? |
| Domain_Money_ApplyTax         | .NET 9.0  | .NET 9.0  |          NA |        NA |        NA |          NA |     ? |       ? |     NA |        NA |           ? |
|                               |           |           |             |           |           |             |       |         |        |           |             |
| Domain_Parse_BusinessDate     | .NET 10.0 | .NET 10.0 | 128.7058 ns | 0.1051 ns | 0.0983 ns | 128.6630 ns |     ? |       ? |      - |         - |           ? |
| Domain_Parse_BusinessDate     | .NET 8.0  | .NET 8.0  |          NA |        NA |        NA |          NA |     ? |       ? |     NA |        NA |           ? |
| Domain_Parse_BusinessDate     | .NET 9.0  | .NET 9.0  |          NA |        NA |        NA |          NA |     ? |       ? |     NA |        NA |           ? |

Benchmarks with issues:
  ValueObjectBenchmarks.Create_Class: .NET 8.0(Runtime=.NET 8.0, Toolchain=net8.0)
  ValueObjectBenchmarks.Create_Class: .NET 9.0(Runtime=.NET 9.0, Toolchain=net9.0)
  ValueObjectBenchmarks.Create_RecordClass: .NET 8.0(Runtime=.NET 8.0, Toolchain=net8.0)
  ValueObjectBenchmarks.Create_RecordClass: .NET 9.0(Runtime=.NET 9.0, Toolchain=net9.0)
  ValueObjectBenchmarks.Create_Struct: .NET 8.0(Runtime=.NET 8.0, Toolchain=net8.0)
  ValueObjectBenchmarks.Create_Struct: .NET 9.0(Runtime=.NET 9.0, Toolchain=net9.0)
  ValueObjectBenchmarks.Create_RecordStruct: .NET 8.0(Runtime=.NET 8.0, Toolchain=net8.0)
  ValueObjectBenchmarks.Create_RecordStruct: .NET 9.0(Runtime=.NET 9.0, Toolchain=net9.0)
  ValueObjectBenchmarks.Domain_Create_Email: .NET 8.0(Runtime=.NET 8.0, Toolchain=net8.0)
  ValueObjectBenchmarks.Domain_Create_Email: .NET 9.0(Runtime=.NET 9.0, Toolchain=net9.0)
  ValueObjectBenchmarks.Domain_Create_Money: .NET 8.0(Runtime=.NET 8.0, Toolchain=net8.0)
  ValueObjectBenchmarks.Domain_Create_Money: .NET 9.0(Runtime=.NET 9.0, Toolchain=net9.0)
  ValueObjectBenchmarks.Domain_Create_Percentage: .NET 8.0(Runtime=.NET 8.0, Toolchain=net8.0)
  ValueObjectBenchmarks.Domain_Create_Percentage: .NET 9.0(Runtime=.NET 9.0, Toolchain=net9.0)
  ValueObjectBenchmarks.Equals_Class: .NET 8.0(Runtime=.NET 8.0, Toolchain=net8.0)
  ValueObjectBenchmarks.Equals_Class: .NET 9.0(Runtime=.NET 9.0, Toolchain=net9.0)
  ValueObjectBenchmarks.Equals_RecordClass: .NET 8.0(Runtime=.NET 8.0, Toolchain=net8.0)
  ValueObjectBenchmarks.Equals_RecordClass: .NET 9.0(Runtime=.NET 9.0, Toolchain=net9.0)
  ValueObjectBenchmarks.Equals_Struct: .NET 8.0(Runtime=.NET 8.0, Toolchain=net8.0)
  ValueObjectBenchmarks.Equals_Struct: .NET 9.0(Runtime=.NET 9.0, Toolchain=net9.0)
  ValueObjectBenchmarks.Equals_RecordStruct: .NET 8.0(Runtime=.NET 8.0, Toolchain=net8.0)
  ValueObjectBenchmarks.Equals_RecordStruct: .NET 9.0(Runtime=.NET 9.0, Toolchain=net9.0)
  ValueObjectBenchmarks.Domain_Equals_Money: .NET 8.0(Runtime=.NET 8.0, Toolchain=net8.0)
  ValueObjectBenchmarks.Domain_Equals_Money: .NET 9.0(Runtime=.NET 9.0, Toolchain=net9.0)
  ValueObjectBenchmarks.HashCode_Class: .NET 8.0(Runtime=.NET 8.0, Toolchain=net8.0)
  ValueObjectBenchmarks.HashCode_Class: .NET 9.0(Runtime=.NET 9.0, Toolchain=net9.0)
  ValueObjectBenchmarks.HashCode_RecordClass: .NET 8.0(Runtime=.NET 8.0, Toolchain=net8.0)
  ValueObjectBenchmarks.HashCode_RecordClass: .NET 9.0(Runtime=.NET 9.0, Toolchain=net9.0)
  ValueObjectBenchmarks.HashCode_Struct: .NET 8.0(Runtime=.NET 8.0, Toolchain=net8.0)
  ValueObjectBenchmarks.HashCode_Struct: .NET 9.0(Runtime=.NET 9.0, Toolchain=net9.0)
  ValueObjectBenchmarks.HashCode_RecordStruct: .NET 8.0(Runtime=.NET 8.0, Toolchain=net8.0)
  ValueObjectBenchmarks.HashCode_RecordStruct: .NET 9.0(Runtime=.NET 9.0, Toolchain=net9.0)
  ValueObjectBenchmarks.DictionaryLookup_RecordClass: .NET 8.0(Runtime=.NET 8.0, Toolchain=net8.0)
  ValueObjectBenchmarks.DictionaryLookup_RecordClass: .NET 9.0(Runtime=.NET 9.0, Toolchain=net9.0)
  ValueObjectBenchmarks.DictionaryLookup_RecordStruct: .NET 8.0(Runtime=.NET 8.0, Toolchain=net8.0)
  ValueObjectBenchmarks.DictionaryLookup_RecordStruct: .NET 9.0(Runtime=.NET 9.0, Toolchain=net9.0)
  ValueObjectBenchmarks.Domain_Money_Add: .NET 8.0(Runtime=.NET 8.0, Toolchain=net8.0)
  ValueObjectBenchmarks.Domain_Money_Add: .NET 9.0(Runtime=.NET 9.0, Toolchain=net9.0)
  ValueObjectBenchmarks.Domain_Money_Allocate: .NET 8.0(Runtime=.NET 8.0, Toolchain=net8.0)
  ValueObjectBenchmarks.Domain_Money_Allocate: .NET 9.0(Runtime=.NET 9.0, Toolchain=net9.0)
  ValueObjectBenchmarks.Domain_Money_ApplyTax: .NET 8.0(Runtime=.NET 8.0, Toolchain=net8.0)
  ValueObjectBenchmarks.Domain_Money_ApplyTax: .NET 9.0(Runtime=.NET 9.0, Toolchain=net9.0)
  ValueObjectBenchmarks.Domain_Parse_BusinessDate: .NET 8.0(Runtime=.NET 8.0, Toolchain=net8.0)
  ValueObjectBenchmarks.Domain_Parse_BusinessDate: .NET 9.0(Runtime=.NET 9.0, Toolchain=net9.0)

// * Warnings *
MultimodalDistribution
  ValueObjectBenchmarks.Create_RecordStruct: .NET 10.0 -> It seems that the distribution is bimodal (mValue = 3.33)
ZeroMeasurement
  ValueObjectBenchmarks.Create_Struct: .NET 10.0       -> The method duration is indistinguishable from the empty method duration
  ValueObjectBenchmarks.Create_RecordStruct: .NET 10.0 -> The method duration is indistinguishable from the empty method duration
BaselineCustomAnalyzer
  Summary -> A question mark '?' symbol indicates that it was not possible to compute the (Ratio, RatioSD, Alloc Ratio) column(s) because the baseline or benchmark could not be found, or the baseline value is too close to zero.

// * Hints *
Outliers
  ValueObjectBenchmarks.Create_Class: .NET 10.0                 -> 1 outlier  was  detected (15.33 ns)
  ValueObjectBenchmarks.Create_RecordClass: .NET 10.0           -> 1 outlier  was  detected (14.79 ns)
  ValueObjectBenchmarks.Create_Struct: .NET 10.0                -> 1 outlier  was  removed (1.66 ns)
  ValueObjectBenchmarks.Domain_Create_Money: .NET 10.0          -> 2 outliers were removed (12.91 ns, 12.92 ns)
  ValueObjectBenchmarks.Equals_Class: .NET 10.0                 -> 1 outlier  was  removed (2.46 ns)
  ValueObjectBenchmarks.Equals_RecordClass: .NET 10.0           -> 1 outlier  was  removed (2.44 ns)
  ValueObjectBenchmarks.Equals_RecordStruct: .NET 10.0          -> 2 outliers were removed (2.19 ns, 2.20 ns)
  ValueObjectBenchmarks.Domain_Equals_Money: .NET 10.0          -> 1 outlier  was  removed (6.97 ns)
  ValueObjectBenchmarks.HashCode_Class: .NET 10.0               -> 1 outlier  was  removed (20.62 ns)
  ValueObjectBenchmarks.HashCode_Struct: .NET 10.0              -> 1 outlier  was  removed (20.27 ns)
  ValueObjectBenchmarks.HashCode_RecordStruct: .NET 10.0        -> 1 outlier  was  removed (19.51 ns)
  ValueObjectBenchmarks.DictionaryLookup_RecordClass: .NET 10.0 -> 1 outlier  was  removed (28.44 ns)
  ValueObjectBenchmarks.Domain_Money_Add: .NET 10.0             -> 1 outlier  was  removed (10.43 ns)
  ValueObjectBenchmarks.Domain_Money_Allocate: .NET 10.0        -> 2 outliers were removed (379.18 ns, 380.10 ns)
  ValueObjectBenchmarks.Domain_Money_ApplyTax: .NET 10.0        -> 1 outlier  was  removed (57.18 ns)

// * Legends *
  Mean        : Arithmetic mean of all measurements
  Error       : Half of 99.9% confidence interval
  StdDev      : Standard deviation of all measurements
  Median      : Value separating the higher half of all measurements (50th percentile)
  Ratio       : Mean of the ratio distribution ([Current]/[Baseline])
  RatioSD     : Standard deviation of the ratio distribution ([Current]/[Baseline])
  Gen0        : GC Generation 0 collects per 1000 operations
  Allocated   : Allocated memory per single operation (managed only, inclusive, 1KB = 1024B)
  Alloc Ratio : Allocated memory ratio distribution ([Current]/[Baseline])
  1 ns        : 1 Nanosecond (0.000000001 sec)

// * Diagnostic Output - MemoryDiagnoser *


// ***** BenchmarkRunner: End *****
Run time: 00:10:24 (624.81 sec), executed benchmarks: 22

Global total time: 00:13:22 (802.37 sec), executed benchmarks: 40
// * Artifacts cleanup *
Artifacts cleanup is finished
