// Validating benchmarks:
// ***** BenchmarkRunner: Start   *****
// ***** Found 120 benchmark(s) in total *****
// ***** Building 3 exe(s) in Parallel: Start   *****
// ***** Done, took 00:00:21 (21.07 sec)   *****
// ***** Failed to build in Parallel, switching to sequential build   *****
// ***** Done, took 00:00:03 (3.5 sec)   *****
// Found 6 benchmarks:
//   DapperTypeHandlerBenchmarks.Parse_TenantCode_ValidObject: .NET 10.0(Runtime=.NET 10.0, Toolchain=net10.0)
//   DapperTypeHandlerBenchmarks.Parse_TenantCode_Null: .NET 10.0(Runtime=.NET 10.0, Toolchain=net10.0)
//   DapperTypeHandlerBenchmarks.Parse_TenantCode_ValidObject: .NET 8.0(Runtime=.NET 8.0, Toolchain=net8.0)
//   DapperTypeHandlerBenchmarks.Parse_TenantCode_Null: .NET 8.0(Runtime=.NET 8.0, Toolchain=net8.0)
//   DapperTypeHandlerBenchmarks.Parse_TenantCode_ValidObject: .NET 9.0(Runtime=.NET 9.0, Toolchain=net9.0)
//   DapperTypeHandlerBenchmarks.Parse_TenantCode_Null: .NET 9.0(Runtime=.NET 9.0, Toolchain=net9.0)

// **************************
// Benchmark: DapperTypeHandlerBenchmarks.Parse_TenantCode_ValidObject: .NET 10.0(Runtime=.NET 10.0, Toolchain=net10.0)
// *** Execute ***
// Launch: 1 / 1
// Execute: dotnet "EricksonLopez.ValueObjects.Benchmarks-.NET 10.0-1.dll" --anonymousPipes 125 126 --benchmarkName EricksonLopez.ValueObjects.Benchmarks.DapperTypeHandlerBenchmarks.Parse_TenantCode_ValidObject --job ".NET 10.0" --benchmarkId 0 in /home/runner/work/dotnet-value-objects/dotnet-value-objects/benchmarks/EricksonLopez.ValueObjects.Benchmarks/bin/Release/net10.0/EricksonLopez.ValueObjects.Benchmarks-.NET 10.0-1/bin/Release/net10.0
// Failed to set up high priority (Permission denied). In order to run benchmarks with high priority, make sure you have the right permissions.
// BeforeAnythingElse

System.Reflection.TargetInvocationException: Exception has been thrown by the target of an invocation.
 ---> System.InvalidOperationException: Cannot access Value of a failed result. Error: [Validation] TenantCode.InvalidFormat: Tenant code must be DNS-friendly lowercase text using letters, digits, and hyphens.
   at EricksonLopez.Result.Result`1.get_Value()
   at EricksonLopez.ValueObjects.Benchmarks.DapperTypeHandlerBenchmarks..ctor() in /_/benchmarks/EricksonLopez.ValueObjects.Benchmarks/DapperTypeHandlerBenchmarks.cs:line 17
   at BenchmarkDotNet.Autogenerated.Runnable_0..ctor() in /_/benchmarks/EricksonLopez.ValueObjects.Benchmarks/bin/Release/net10.0/EricksonLopez.ValueObjects.Benchmarks-.NET 10.0-1/EricksonLopez.ValueObjects.Benchmarks-.NET 10.0-1.notcs:line 190
   at BenchmarkDotNet.Autogenerated.Runnable_0.Run(IHost host, String benchmarkName) in /_/benchmarks/EricksonLopez.ValueObjects.Benchmarks/bin/Release/net10.0/EricksonLopez.ValueObjects.Benchmarks-.NET 10.0-1/EricksonLopez.ValueObjects.Benchmarks-.NET 10.0-1.notcs:line 138
   at System.Reflection.MethodBaseInvoker.InterpretedInvoke_Method(Object obj, IntPtr* args)
   at System.Reflection.MethodBaseInvoker.InvokeDirectByRefWithFewArgs(Object obj, Span`1 copyOfArgs, BindingFlags invokeAttr)
   --- End of inner exception stack trace ---
   at System.Reflection.MethodBaseInvoker.InvokeDirectByRefWithFewArgs(Object obj, Span`1 copyOfArgs, BindingFlags invokeAttr)
   at System.Reflection.MethodBaseInvoker.InvokeWithFewArgs(Object obj, BindingFlags invokeAttr, Binder binder, Object[] parameters, CultureInfo culture)
   at System.Reflection.RuntimeMethodInfo.Invoke(Object obj, BindingFlags invokeAttr, Binder binder, Object[] parameters, CultureInfo culture)
   at BenchmarkDotNet.Autogenerated.UniqueProgramName.AfterAssemblyLoadingAttached(String[] args) in /_/benchmarks/EricksonLopez.ValueObjects.Benchmarks/bin/Release/net10.0/EricksonLopez.ValueObjects.Benchmarks-.NET 10.0-1/EricksonLopez.ValueObjects.Benchmarks-.NET 10.0-1.notcs:line 57
// AfterAll
No Workload Results were obtained from the run.
// Benchmark Process 3768 has exited with code 255.

// ** Remained 119 (99.2 %) benchmark(s) to run. Estimated finish 2026-09-06 6:36 (0h 0m from now) **
// **************************
// Benchmark: DapperTypeHandlerBenchmarks.Parse_TenantCode_Null: .NET 10.0(Runtime=.NET 10.0, Toolchain=net10.0)
// *** Execute ***
// Launch: 1 / 1
// Execute: dotnet "EricksonLopez.ValueObjects.Benchmarks-.NET 10.0-1.dll" --anonymousPipes 125 126 --benchmarkName EricksonLopez.ValueObjects.Benchmarks.DapperTypeHandlerBenchmarks.Parse_TenantCode_Null --job ".NET 10.0" --benchmarkId 1 in /home/runner/work/dotnet-value-objects/dotnet-value-objects/benchmarks/EricksonLopez.ValueObjects.Benchmarks/bin/Release/net10.0/EricksonLopez.ValueObjects.Benchmarks-.NET 10.0-1/bin/Release/net10.0
// Failed to set up high priority (Permission denied). In order to run benchmarks with high priority, make sure you have the right permissions.
// BeforeAnythingElse

System.Reflection.TargetInvocationException: Exception has been thrown by the target of an invocation.
 ---> System.InvalidOperationException: Cannot access Value of a failed result. Error: [Validation] TenantCode.InvalidFormat: Tenant code must be DNS-friendly lowercase text using letters, digits, and hyphens.
   at EricksonLopez.Result.Result`1.get_Value()
   at EricksonLopez.ValueObjects.Benchmarks.DapperTypeHandlerBenchmarks..ctor() in /_/benchmarks/EricksonLopez.ValueObjects.Benchmarks/DapperTypeHandlerBenchmarks.cs:line 17
   at BenchmarkDotNet.Autogenerated.Runnable_1..ctor() in /_/benchmarks/EricksonLopez.ValueObjects.Benchmarks/bin/Release/net10.0/EricksonLopez.ValueObjects.Benchmarks-.NET 10.0-1/EricksonLopez.ValueObjects.Benchmarks-.NET 10.0-1.notcs:line 387
   at BenchmarkDotNet.Autogenerated.Runnable_1.Run(IHost host, String benchmarkName) in /_/benchmarks/EricksonLopez.ValueObjects.Benchmarks/bin/Release/net10.0/EricksonLopez.ValueObjects.Benchmarks-.NET 10.0-1/EricksonLopez.ValueObjects.Benchmarks-.NET 10.0-1.notcs:line 335
   at System.Reflection.MethodBaseInvoker.InterpretedInvoke_Method(Object obj, IntPtr* args)
   at System.Reflection.MethodBaseInvoker.InvokeDirectByRefWithFewArgs(Object obj, Span`1 copyOfArgs, BindingFlags invokeAttr)
   --- End of inner exception stack trace ---
   at System.Reflection.MethodBaseInvoker.InvokeDirectByRefWithFewArgs(Object obj, Span`1 copyOfArgs, BindingFlags invokeAttr)
   at System.Reflection.MethodBaseInvoker.InvokeWithFewArgs(Object obj, BindingFlags invokeAttr, Binder binder, Object[] parameters, CultureInfo culture)
   at System.Reflection.RuntimeMethodInfo.Invoke(Object obj, BindingFlags invokeAttr, Binder binder, Object[] parameters, CultureInfo culture)
   at BenchmarkDotNet.Autogenerated.UniqueProgramName.AfterAssemblyLoadingAttached(String[] args) in /_/benchmarks/EricksonLopez.ValueObjects.Benchmarks/bin/Release/net10.0/EricksonLopez.ValueObjects.Benchmarks-.NET 10.0-1/EricksonLopez.ValueObjects.Benchmarks-.NET 10.0-1.notcs:line 57
// AfterAll
No Workload Results were obtained from the run.
// Benchmark Process 3776 has exited with code 255.

// ** Remained 118 (98.3 %) benchmark(s) to run. Estimated finish 2026-09-06 6:36 (0h 0m from now) **
// Build Error: Standard output: 
  
 Standard error: 
   Determining projects to restore...
/home/runner/work/dotnet-value-objects/dotnet-value-objects/benchmarks/EricksonLopez.ValueObjects.Benchmarks/bin/Release/net10.0/EricksonLopez.ValueObjects.Benchmarks-.NET 8.0-2/BenchmarkDotNet.Autogenerated.csproj : error NU1201: Project EricksonLopez.ValueObjects.Benchmarks is not compatible with net8.0 (.NETCoreApp,Version=v8.0). Project EricksonLopez.ValueObjects.Benchmarks supports: net10.0 (.NETCoreApp,Version=v10.0)
  Failed to restore /home/runner/work/dotnet-value-objects/dotnet-value-objects/benchmarks/EricksonLopez.ValueObjects.Benchmarks/bin/Release/net10.0/EricksonLopez.ValueObjects.Benchmarks-.NET 8.0-2/BenchmarkDotNet.Autogenerated.csproj (in 209 ms).
  5 of 6 projects are up-to-date for restore.

// BenchmarkDotNet has failed to build the auto-generated boilerplate code.
// It can be found in /home/runner/work/dotnet-value-objects/dotnet-value-objects/benchmarks/EricksonLopez.ValueObjects.Benchmarks/bin/Release/net10.0/EricksonLopez.ValueObjects.Benchmarks-.NET 8.0-2
// Please follow the troubleshooting guide: https://benchmarkdotnet.org/articles/guides/troubleshooting.html

// ** Remained 117 (97.5 %) benchmark(s) to run. Estimated finish 2026-09-06 6:36 (0h 0m from now) **
// Build Error: Standard output: 
  
 Standard error: 
   Determining projects to restore...
/home/runner/work/dotnet-value-objects/dotnet-value-objects/benchmarks/EricksonLopez.ValueObjects.Benchmarks/bin/Release/net10.0/EricksonLopez.ValueObjects.Benchmarks-.NET 8.0-2/BenchmarkDotNet.Autogenerated.csproj : error NU1201: Project EricksonLopez.ValueObjects.Benchmarks is not compatible with net8.0 (.NETCoreApp,Version=v8.0). Project EricksonLopez.ValueObjects.Benchmarks supports: net10.0 (.NETCoreApp,Version=v10.0)
  Failed to restore /home/runner/work/dotnet-value-objects/dotnet-value-objects/benchmarks/EricksonLopez.ValueObjects.Benchmarks/bin/Release/net10.0/EricksonLopez.ValueObjects.Benchmarks-.NET 8.0-2/BenchmarkDotNet.Autogenerated.csproj (in 209 ms).
  5 of 6 projects are up-to-date for restore.

// BenchmarkDotNet has failed to build the auto-generated boilerplate code.
// It can be found in /home/runner/work/dotnet-value-objects/dotnet-value-objects/benchmarks/EricksonLopez.ValueObjects.Benchmarks/bin/Release/net10.0/EricksonLopez.ValueObjects.Benchmarks-.NET 8.0-2
// Please follow the troubleshooting guide: https://benchmarkdotnet.org/articles/guides/troubleshooting.html

// ** Remained 116 (96.7 %) benchmark(s) to run. Estimated finish 2026-09-06 6:36 (0h 0m from now) **
// Build Error: Standard output: 
  
 Standard error: 
   Determining projects to restore...
/home/runner/work/dotnet-value-objects/dotnet-value-objects/benchmarks/EricksonLopez.ValueObjects.Benchmarks/bin/Release/net10.0/EricksonLopez.ValueObjects.Benchmarks-.NET 9.0-3/BenchmarkDotNet.Autogenerated.csproj : error NU1201: Project EricksonLopez.ValueObjects.Benchmarks is not compatible with net9.0 (.NETCoreApp,Version=v9.0). Project EricksonLopez.ValueObjects.Benchmarks supports: net10.0 (.NETCoreApp,Version=v10.0)
  Failed to restore /home/runner/work/dotnet-value-objects/dotnet-value-objects/benchmarks/EricksonLopez.ValueObjects.Benchmarks/bin/Release/net10.0/EricksonLopez.ValueObjects.Benchmarks-.NET 9.0-3/BenchmarkDotNet.Autogenerated.csproj (in 221 ms).
  5 of 6 projects are up-to-date for restore.

// BenchmarkDotNet has failed to build the auto-generated boilerplate code.
// It can be found in /home/runner/work/dotnet-value-objects/dotnet-value-objects/benchmarks/EricksonLopez.ValueObjects.Benchmarks/bin/Release/net10.0/EricksonLopez.ValueObjects.Benchmarks-.NET 9.0-3
// Please follow the troubleshooting guide: https://benchmarkdotnet.org/articles/guides/troubleshooting.html

// ** Remained 115 (95.8 %) benchmark(s) to run. Estimated finish 2026-09-06 6:36 (0h 0m from now) **
// Build Error: Standard output: 
  
 Standard error: 
   Determining projects to restore...
/home/runner/work/dotnet-value-objects/dotnet-value-objects/benchmarks/EricksonLopez.ValueObjects.Benchmarks/bin/Release/net10.0/EricksonLopez.ValueObjects.Benchmarks-.NET 9.0-3/BenchmarkDotNet.Autogenerated.csproj : error NU1201: Project EricksonLopez.ValueObjects.Benchmarks is not compatible with net9.0 (.NETCoreApp,Version=v9.0). Project EricksonLopez.ValueObjects.Benchmarks supports: net10.0 (.NETCoreApp,Version=v10.0)
  Failed to restore /home/runner/work/dotnet-value-objects/dotnet-value-objects/benchmarks/EricksonLopez.ValueObjects.Benchmarks/bin/Release/net10.0/EricksonLopez.ValueObjects.Benchmarks-.NET 9.0-3/BenchmarkDotNet.Autogenerated.csproj (in 221 ms).
  5 of 6 projects are up-to-date for restore.

// BenchmarkDotNet has failed to build the auto-generated boilerplate code.
// It can be found in /home/runner/work/dotnet-value-objects/dotnet-value-objects/benchmarks/EricksonLopez.ValueObjects.Benchmarks/bin/Release/net10.0/EricksonLopez.ValueObjects.Benchmarks-.NET 9.0-3
// Please follow the troubleshooting guide: https://benchmarkdotnet.org/articles/guides/troubleshooting.html

// ** Remained 114 (95.0 %) benchmark(s) to run. Estimated finish 2026-09-06 6:36 (0h 0m from now) **
// ***** BenchmarkRunner: Finish  *****

// * Export *
  benchmarks/results/results/EricksonLopez.ValueObjects.Benchmarks.DapperTypeHandlerBenchmarks-report.csv
  benchmarks/results/results/EricksonLopez.ValueObjects.Benchmarks.DapperTypeHandlerBenchmarks-report-github.md
  benchmarks/results/results/EricksonLopez.ValueObjects.Benchmarks.DapperTypeHandlerBenchmarks-report.html
  benchmarks/results/results/EricksonLopez.ValueObjects.Benchmarks.DapperTypeHandlerBenchmarks-report-full-compressed.json
  benchmarks/results/results/EricksonLopez.ValueObjects.Benchmarks.DapperTypeHandlerBenchmarks-report-default.md

// * Detailed results *
DapperTypeHandlerBenchmarks.Parse_TenantCode_ValidObject: .NET 10.0(Runtime=.NET 10.0, Toolchain=net10.0)
Runtime = ; GC = 
There are not any results runs

DapperTypeHandlerBenchmarks.Parse_TenantCode_ValidObject: .NET 8.0(Runtime=.NET 8.0, Toolchain=net8.0)
Runtime = ; GC = 
There are not any results runs

DapperTypeHandlerBenchmarks.Parse_TenantCode_ValidObject: .NET 9.0(Runtime=.NET 9.0, Toolchain=net9.0)
Runtime = ; GC = 
There are not any results runs

DapperTypeHandlerBenchmarks.Parse_TenantCode_Null: .NET 10.0(Runtime=.NET 10.0, Toolchain=net10.0)
Runtime = ; GC = 
There are not any results runs

DapperTypeHandlerBenchmarks.Parse_TenantCode_Null: .NET 8.0(Runtime=.NET 8.0, Toolchain=net8.0)
Runtime = ; GC = 
There are not any results runs

DapperTypeHandlerBenchmarks.Parse_TenantCode_Null: .NET 9.0(Runtime=.NET 9.0, Toolchain=net9.0)
Runtime = ; GC = 
There are not any results runs

// * Summary *

BenchmarkDotNet v0.15.8, Linux Ubuntu 24.04.4 LTS (Noble Numbat)
INTEL XEON PLATINUM 8573C 3.35GHz, 1 CPU, 4 logical and 2 physical cores
.NET SDK 10.0.400
  [Host] : .NET 10.0.11 (10.0.11, 10.0.1126.37416), X64 RyuJIT x86-64-v4


| Method                       | Job       | Runtime   | Mean | Error | Ratio | RatioSD | Alloc Ratio |
|----------------------------- |---------- |---------- |-----:|------:|------:|--------:|------------:|
| Parse_TenantCode_ValidObject | .NET 10.0 | .NET 10.0 |   NA |    NA |     ? |       ? |           ? |
| Parse_TenantCode_ValidObject | .NET 8.0  | .NET 8.0  |   NA |    NA |     ? |       ? |           ? |
| Parse_TenantCode_ValidObject | .NET 9.0  | .NET 9.0  |   NA |    NA |     ? |       ? |           ? |
|                              |           |           |      |       |       |         |             |
| Parse_TenantCode_Null        | .NET 10.0 | .NET 10.0 |   NA |    NA |     ? |       ? |           ? |
| Parse_TenantCode_Null        | .NET 8.0  | .NET 8.0  |   NA |    NA |     ? |       ? |           ? |
| Parse_TenantCode_Null        | .NET 9.0  | .NET 9.0  |   NA |    NA |     ? |       ? |           ? |

Benchmarks with issues:
  DapperTypeHandlerBenchmarks.Parse_TenantCode_ValidObject: .NET 10.0(Runtime=.NET 10.0, Toolchain=net10.0)
  DapperTypeHandlerBenchmarks.Parse_TenantCode_ValidObject: .NET 8.0(Runtime=.NET 8.0, Toolchain=net8.0)
  DapperTypeHandlerBenchmarks.Parse_TenantCode_ValidObject: .NET 9.0(Runtime=.NET 9.0, Toolchain=net9.0)
  DapperTypeHandlerBenchmarks.Parse_TenantCode_Null: .NET 10.0(Runtime=.NET 10.0, Toolchain=net10.0)
  DapperTypeHandlerBenchmarks.Parse_TenantCode_Null: .NET 8.0(Runtime=.NET 8.0, Toolchain=net8.0)
  DapperTypeHandlerBenchmarks.Parse_TenantCode_Null: .NET 9.0(Runtime=.NET 9.0, Toolchain=net9.0)

// * Warnings *
BaselineCustomAnalyzer
  Summary -> A question mark '?' symbol indicates that it was not possible to compute the (Ratio, RatioSD, Alloc Ratio) column(s) because the baseline or benchmark could not be found, or the baseline value is too close to zero.

// * Legends *
  Mean        : Arithmetic mean of all measurements
  Error       : Half of 99.9% confidence interval
  Ratio       : Mean of the ratio distribution ([Current]/[Baseline])
  RatioSD     : Standard deviation of the ratio distribution ([Current]/[Baseline])
  Alloc Ratio : Allocated memory ratio distribution ([Current]/[Baseline])
  1 ns        : 1 Nanosecond (0.000000001 sec)

// * Diagnostic Output - MemoryDiagnoser *


// ***** BenchmarkRunner: End *****
Run time: 00:00:00 (0.15 sec), executed benchmarks: 2

// Found 30 benchmarks:
//   ParsingBenchmarks.Parse_Percentage_String: .NET 10.0(Runtime=.NET 10.0, Toolchain=net10.0)
//   ParsingBenchmarks.Parse_Percentage_Span: .NET 10.0(Runtime=.NET 10.0, Toolchain=net10.0)
//   ParsingBenchmarks.TryParse_Percentage_Span: .NET 10.0(Runtime=.NET 10.0, Toolchain=net10.0)
//   ParsingBenchmarks.Parse_Cuit_String: .NET 10.0(Runtime=.NET 10.0, Toolchain=net10.0)
//   ParsingBenchmarks.Parse_Cuit_Span: .NET 10.0(Runtime=.NET 10.0, Toolchain=net10.0)
//   ParsingBenchmarks.Parse_Cuit_Utf8: .NET 10.0(Runtime=.NET 10.0, Toolchain=net10.0)
//   ParsingBenchmarks.TryParse_Cuit_Utf8: .NET 10.0(Runtime=.NET 10.0, Toolchain=net10.0)
//   ParsingBenchmarks.Parse_Cbu_String: .NET 10.0(Runtime=.NET 10.0, Toolchain=net10.0)
//   ParsingBenchmarks.Parse_Cbu_Span: .NET 10.0(Runtime=.NET 10.0, Toolchain=net10.0)
//   ParsingBenchmarks.Parse_Cbu_Utf8: .NET 10.0(Runtime=.NET 10.0, Toolchain=net10.0)
//   ParsingBenchmarks.Parse_Percentage_String: .NET 8.0(Runtime=.NET 8.0, Toolchain=net8.0)
//   ParsingBenchmarks.Parse_Percentage_Span: .NET 8.0(Runtime=.NET 8.0, Toolchain=net8.0)
//   ParsingBenchmarks.TryParse_Percentage_Span: .NET 8.0(Runtime=.NET 8.0, Toolchain=net8.0)
//   ParsingBenchmarks.Parse_Cuit_String: .NET 8.0(Runtime=.NET 8.0, Toolchain=net8.0)
//   ParsingBenchmarks.Parse_Cuit_Span: .NET 8.0(Runtime=.NET 8.0, Toolchain=net8.0)
//   ParsingBenchmarks.Parse_Cuit_Utf8: .NET 8.0(Runtime=.NET 8.0, Toolchain=net8.0)
//   ParsingBenchmarks.TryParse_Cuit_Utf8: .NET 8.0(Runtime=.NET 8.0, Toolchain=net8.0)
//   ParsingBenchmarks.Parse_Cbu_String: .NET 8.0(Runtime=.NET 8.0, Toolchain=net8.0)
//   ParsingBenchmarks.Parse_Cbu_Span: .NET 8.0(Runtime=.NET 8.0, Toolchain=net8.0)
//   ParsingBenchmarks.Parse_Cbu_Utf8: .NET 8.0(Runtime=.NET 8.0, Toolchain=net8.0)
//   ParsingBenchmarks.Parse_Percentage_String: .NET 9.0(Runtime=.NET 9.0, Toolchain=net9.0)
//   ParsingBenchmarks.Parse_Percentage_Span: .NET 9.0(Runtime=.NET 9.0, Toolchain=net9.0)
//   ParsingBenchmarks.TryParse_Percentage_Span: .NET 9.0(Runtime=.NET 9.0, Toolchain=net9.0)
//   ParsingBenchmarks.Parse_Cuit_String: .NET 9.0(Runtime=.NET 9.0, Toolchain=net9.0)
//   ParsingBenchmarks.Parse_Cuit_Span: .NET 9.0(Runtime=.NET 9.0, Toolchain=net9.0)
//   ParsingBenchmarks.Parse_Cuit_Utf8: .NET 9.0(Runtime=.NET 9.0, Toolchain=net9.0)
//   ParsingBenchmarks.TryParse_Cuit_Utf8: .NET 9.0(Runtime=.NET 9.0, Toolchain=net9.0)
//   ParsingBenchmarks.Parse_Cbu_String: .NET 9.0(Runtime=.NET 9.0, Toolchain=net9.0)
//   ParsingBenchmarks.Parse_Cbu_Span: .NET 9.0(Runtime=.NET 9.0, Toolchain=net9.0)
//   ParsingBenchmarks.Parse_Cbu_Utf8: .NET 9.0(Runtime=.NET 9.0, Toolchain=net9.0)

// **************************
// Benchmark: ParsingBenchmarks.Parse_Percentage_String: .NET 10.0(Runtime=.NET 10.0, Toolchain=net10.0)
// *** Execute ***
// Launch: 1 / 1
// Execute: dotnet "EricksonLopez.ValueObjects.Benchmarks-.NET 10.0-1.dll" --anonymousPipes 131 132 --benchmarkName EricksonLopez.ValueObjects.Benchmarks.ParsingBenchmarks.Parse_Percentage_String --job ".NET 10.0" --benchmarkId 2 in /home/runner/work/dotnet-value-objects/dotnet-value-objects/benchmarks/EricksonLopez.ValueObjects.Benchmarks/bin/Release/net10.0/EricksonLopez.ValueObjects.Benchmarks-.NET 10.0-1/bin/Release/net10.0
// Failed to set up high priority (Permission denied). In order to run benchmarks with high priority, make sure you have the right permissions.
// BeforeAnythingElse

// Benchmark Process Environment Information:
// BenchmarkDotNet v0.15.8
// Runtime=.NET 10.0.11 (10.0.11, 10.0.1126.37416), X64 RyuJIT x86-64-v4
// GC=Concurrent Workstation
// HardwareIntrinsics=AVX512 BITALG+VBMI2+VNNI+VPOPCNTDQ,AVX512 IFMA+VBMI,AVX512 F+BW+CD+DQ+VL,AVX2+BMI1+BMI2+F16C+FMA+LZCNT+MOVBE,AVX,SSE3+SSSE3+SSE4.1+SSE4.2+POPCNT,X86Base+SSE+SSE2,AES+PCLMUL,AvxVnni,SERIALIZE VectorSize=256
// Job: .NET 10.0

OverheadJitting  1: 1 op, 216983.00 ns, 216.9830 us/op
WorkloadJitting  1: 1 op, 2186525.00 ns, 2.1865 ms/op

OverheadJitting  2: 16 op, 287103.00 ns, 17.9439 us/op
WorkloadJitting  2: 16 op, 322943.00 ns, 20.1839 us/op

WorkloadPilot    1: 16 op, 8358.00 ns, 522.3750 ns/op
WorkloadPilot    2: 32 op, 9989.00 ns, 312.1563 ns/op
WorkloadPilot    3: 64 op, 28990.00 ns, 452.9688 ns/op
WorkloadPilot    4: 128 op, 15426.00 ns, 120.5156 ns/op
WorkloadPilot    5: 256 op, 29979.00 ns, 117.1055 ns/op
WorkloadPilot    6: 512 op, 63521.00 ns, 124.0645 ns/op
WorkloadPilot    7: 1024 op, 116575.00 ns, 113.8428 ns/op
WorkloadPilot    8: 2048 op, 205347.00 ns, 100.2671 ns/op
WorkloadPilot    9: 4096 op, 418150.00 ns, 102.0874 ns/op
WorkloadPilot   10: 8192 op, 832517.00 ns, 101.6256 ns/op
WorkloadPilot   11: 16384 op, 1662380.00 ns, 101.4636 ns/op
WorkloadPilot   12: 32768 op, 3276147.00 ns, 99.9801 ns/op
WorkloadPilot   13: 65536 op, 6626620.00 ns, 101.1142 ns/op
WorkloadPilot   14: 131072 op, 14002556.00 ns, 106.8310 ns/op
WorkloadPilot   15: 262144 op, 26168054.00 ns, 99.8232 ns/op
WorkloadPilot   16: 524288 op, 71048423.00 ns, 135.5141 ns/op
WorkloadPilot   17: 1048576 op, 60674105.00 ns, 57.8633 ns/op
WorkloadPilot   18: 2097152 op, 84696449.00 ns, 40.3864 ns/op
WorkloadPilot   19: 4194304 op, 166302121.00 ns, 39.6495 ns/op
WorkloadPilot   20: 8388608 op, 329648007.00 ns, 39.2971 ns/op
WorkloadPilot   21: 16777216 op, 663363759.00 ns, 39.5396 ns/op

OverheadWarmup   1: 16777216 op, 54942655.00 ns, 3.2748 ns/op
OverheadWarmup   2: 16777216 op, 55339307.00 ns, 3.2985 ns/op
OverheadWarmup   3: 16777216 op, 54893768.00 ns, 3.2719 ns/op
OverheadWarmup   4: 16777216 op, 47990106.00 ns, 2.8604 ns/op
OverheadWarmup   5: 16777216 op, 35911984.00 ns, 2.1405 ns/op
OverheadWarmup   6: 16777216 op, 36249986.00 ns, 2.1607 ns/op
OverheadWarmup   7: 16777216 op, 35278423.00 ns, 2.1028 ns/op

OverheadActual   1: 16777216 op, 35649494.00 ns, 2.1249 ns/op
OverheadActual   2: 16777216 op, 35269381.00 ns, 2.1022 ns/op
OverheadActual   3: 16777216 op, 35282765.00 ns, 2.1030 ns/op
OverheadActual   4: 16777216 op, 36740240.00 ns, 2.1899 ns/op
OverheadActual   5: 16777216 op, 35330585.00 ns, 2.1059 ns/op
OverheadActual   6: 16777216 op, 35864153.00 ns, 2.1377 ns/op
OverheadActual   7: 16777216 op, 35955585.00 ns, 2.1431 ns/op
OverheadActual   8: 16777216 op, 37563337.00 ns, 2.2389 ns/op
OverheadActual   9: 16777216 op, 36001186.00 ns, 2.1458 ns/op
OverheadActual  10: 16777216 op, 35391941.00 ns, 2.1095 ns/op
OverheadActual  11: 16777216 op, 36114191.00 ns, 2.1526 ns/op
OverheadActual  12: 16777216 op, 36357773.00 ns, 2.1671 ns/op
OverheadActual  13: 16777216 op, 35281984.00 ns, 2.1030 ns/op
OverheadActual  14: 16777216 op, 36257744.00 ns, 2.1611 ns/op
OverheadActual  15: 16777216 op, 36990709.00 ns, 2.2048 ns/op

WorkloadWarmup   1: 16777216 op, 675853246.00 ns, 40.2840 ns/op
WorkloadWarmup   2: 16777216 op, 686540574.00 ns, 40.9210 ns/op
WorkloadWarmup   3: 16777216 op, 669723714.00 ns, 39.9186 ns/op
WorkloadWarmup   4: 16777216 op, 661704274.00 ns, 39.4406 ns/op
WorkloadWarmup   5: 16777216 op, 663127161.00 ns, 39.5255 ns/op
WorkloadWarmup   6: 16777216 op, 653065588.00 ns, 38.9257 ns/op

// BeforeActualRun
WorkloadActual   1: 16777216 op, 662464223.00 ns, 39.4859 ns/op
WorkloadActual   2: 16777216 op, 658655836.00 ns, 39.2589 ns/op
WorkloadActual   3: 16777216 op, 664690941.00 ns, 39.6187 ns/op
WorkloadActual   4: 16777216 op, 671982245.00 ns, 40.0533 ns/op
WorkloadActual   5: 16777216 op, 661399124.00 ns, 39.4225 ns/op
WorkloadActual   6: 16777216 op, 661797870.00 ns, 39.4462 ns/op
WorkloadActual   7: 16777216 op, 656911025.00 ns, 39.1549 ns/op
WorkloadActual   8: 16777216 op, 661547541.00 ns, 39.4313 ns/op
WorkloadActual   9: 16777216 op, 662557315.00 ns, 39.4915 ns/op
WorkloadActual  10: 16777216 op, 656767021.00 ns, 39.1464 ns/op
WorkloadActual  11: 16777216 op, 656585127.00 ns, 39.1355 ns/op
WorkloadActual  12: 16777216 op, 657543890.00 ns, 39.1927 ns/op
WorkloadActual  13: 16777216 op, 662935940.00 ns, 39.5141 ns/op
WorkloadActual  14: 16777216 op, 657329463.00 ns, 39.1799 ns/op
WorkloadActual  15: 16777216 op, 654294243.00 ns, 38.9990 ns/op

// AfterActualRun
WorkloadResult   1: 16777216 op, 626508638.00 ns, 37.3428 ns/op
WorkloadResult   2: 16777216 op, 622700251.00 ns, 37.1158 ns/op
WorkloadResult   3: 16777216 op, 628735356.00 ns, 37.4755 ns/op
WorkloadResult   4: 16777216 op, 625443539.00 ns, 37.2793 ns/op
WorkloadResult   5: 16777216 op, 625842285.00 ns, 37.3031 ns/op
WorkloadResult   6: 16777216 op, 620955440.00 ns, 37.0118 ns/op
WorkloadResult   7: 16777216 op, 625591956.00 ns, 37.2882 ns/op
WorkloadResult   8: 16777216 op, 626601730.00 ns, 37.3484 ns/op
WorkloadResult   9: 16777216 op, 620811436.00 ns, 37.0032 ns/op
WorkloadResult  10: 16777216 op, 620629542.00 ns, 36.9924 ns/op
WorkloadResult  11: 16777216 op, 621588305.00 ns, 37.0496 ns/op
WorkloadResult  12: 16777216 op, 626980355.00 ns, 37.3709 ns/op
WorkloadResult  13: 16777216 op, 621373878.00 ns, 37.0368 ns/op
WorkloadResult  14: 16777216 op, 618338658.00 ns, 36.8559 ns/op
// GC:  0 0 0 0 16777216
// Threading:  0 0 16777216

// AfterAll
// Benchmark Process 3789 has exited with code 0.

Mean = 37.177 ns, StdErr = 0.050 ns (0.13%), N = 14, StdDev = 0.187 ns
Min = 36.856 ns, Q1 = 37.018 ns, Median = 37.198 ns, Q3 = 37.333 ns, Max = 37.476 ns
IQR = 0.315 ns, LowerFence = 36.546 ns, UpperFence = 37.805 ns
ConfidenceInterval = [36.965 ns; 37.388 ns] (CI 99.9%), Margin = 0.211 ns (0.57% of Mean)
Skewness = -0.06, Kurtosis = 1.48, MValue = 2

// ** Remained 113 (94.2 %) benchmark(s) to run. Estimated finish 2026-09-06 6:41 (0h 4m from now) **
// **************************
// Benchmark: ParsingBenchmarks.Parse_Percentage_Span: .NET 10.0(Runtime=.NET 10.0, Toolchain=net10.0)
// *** Execute ***
// Launch: 1 / 1
// Execute: dotnet "EricksonLopez.ValueObjects.Benchmarks-.NET 10.0-1.dll" --anonymousPipes 129 130 --benchmarkName EricksonLopez.ValueObjects.Benchmarks.ParsingBenchmarks.Parse_Percentage_Span --job ".NET 10.0" --benchmarkId 3 in /home/runner/work/dotnet-value-objects/dotnet-value-objects/benchmarks/EricksonLopez.ValueObjects.Benchmarks/bin/Release/net10.0/EricksonLopez.ValueObjects.Benchmarks-.NET 10.0-1/bin/Release/net10.0
// Failed to set up high priority (Permission denied). In order to run benchmarks with high priority, make sure you have the right permissions.
// BeforeAnythingElse

// Benchmark Process Environment Information:
// BenchmarkDotNet v0.15.8
// Runtime=.NET 10.0.11 (10.0.11, 10.0.1126.37416), X64 RyuJIT x86-64-v4
// GC=Concurrent Workstation
// HardwareIntrinsics=AVX512 BITALG+VBMI2+VNNI+VPOPCNTDQ,AVX512 IFMA+VBMI,AVX512 F+BW+CD+DQ+VL,AVX2+BMI1+BMI2+F16C+FMA+LZCNT+MOVBE,AVX,SSE3+SSSE3+SSE4.1+SSE4.2+POPCNT,X86Base+SSE+SSE2,AES+PCLMUL,AvxVnni,SERIALIZE VectorSize=256
// Job: .NET 10.0

OverheadJitting  1: 1 op, 189706.00 ns, 189.7060 us/op
WorkloadJitting  1: 1 op, 1723368.00 ns, 1.7234 ms/op

OverheadJitting  2: 16 op, 213527.00 ns, 13.3454 us/op
WorkloadJitting  2: 16 op, 270560.00 ns, 16.9100 us/op

WorkloadPilot    1: 16 op, 6273.00 ns, 392.0625 ns/op
WorkloadPilot    2: 32 op, 7035.00 ns, 219.8438 ns/op
WorkloadPilot    3: 64 op, 8636.00 ns, 134.9375 ns/op
WorkloadPilot    4: 128 op, 14951.00 ns, 116.8047 ns/op
WorkloadPilot    5: 256 op, 51679.00 ns, 201.8711 ns/op
WorkloadPilot    6: 512 op, 74272.00 ns, 145.0625 ns/op
WorkloadPilot    7: 1024 op, 147886.00 ns, 144.4199 ns/op
WorkloadPilot    8: 2048 op, 233090.00 ns, 113.8135 ns/op
WorkloadPilot    9: 4096 op, 460660.00 ns, 112.4658 ns/op
WorkloadPilot   10: 8192 op, 881699.00 ns, 107.6293 ns/op
WorkloadPilot   11: 16384 op, 1728541.00 ns, 105.5018 ns/op
WorkloadPilot   12: 32768 op, 3357536.00 ns, 102.4639 ns/op
WorkloadPilot   13: 65536 op, 6953059.00 ns, 106.0953 ns/op
WorkloadPilot   14: 131072 op, 13816494.00 ns, 105.4115 ns/op
WorkloadPilot   15: 262144 op, 27015829.00 ns, 103.0572 ns/op
WorkloadPilot   16: 524288 op, 55840690.00 ns, 106.5077 ns/op
WorkloadPilot   17: 1048576 op, 56737337.00 ns, 54.1089 ns/op
WorkloadPilot   18: 2097152 op, 79607895.00 ns, 37.9600 ns/op
WorkloadPilot   19: 4194304 op, 160308207.00 ns, 38.2205 ns/op
WorkloadPilot   20: 8388608 op, 323630499.00 ns, 38.5798 ns/op
WorkloadPilot   21: 16777216 op, 644169225.00 ns, 38.3955 ns/op

OverheadWarmup   1: 16777216 op, 53709849.00 ns, 3.2014 ns/op
OverheadWarmup   2: 16777216 op, 54070563.00 ns, 3.2229 ns/op
OverheadWarmup   3: 16777216 op, 54393846.00 ns, 3.2421 ns/op
OverheadWarmup   4: 16777216 op, 48032335.00 ns, 2.8630 ns/op
OverheadWarmup   5: 16777216 op, 34991035.00 ns, 2.0856 ns/op
OverheadWarmup   6: 16777216 op, 35074836.00 ns, 2.0906 ns/op
OverheadWarmup   7: 16777216 op, 35107052.00 ns, 2.0925 ns/op
OverheadWarmup   8: 16777216 op, 34969730.00 ns, 2.0844 ns/op

OverheadActual   1: 16777216 op, 35068984.00 ns, 2.0903 ns/op
OverheadActual   2: 16777216 op, 35969460.00 ns, 2.1439 ns/op
OverheadActual   3: 16777216 op, 35321704.00 ns, 2.1053 ns/op
OverheadActual   4: 16777216 op, 34655481.00 ns, 2.0656 ns/op
OverheadActual   5: 16777216 op, 35024029.00 ns, 2.0876 ns/op
OverheadActual   6: 16777216 op, 35020900.00 ns, 2.0874 ns/op
OverheadActual   7: 16777216 op, 35081260.00 ns, 2.0910 ns/op
OverheadActual   8: 16777216 op, 35538044.00 ns, 2.1182 ns/op
OverheadActual   9: 16777216 op, 35230948.00 ns, 2.0999 ns/op
OverheadActual  10: 16777216 op, 34861891.00 ns, 2.0779 ns/op
OverheadActual  11: 16777216 op, 35424085.00 ns, 2.1114 ns/op
OverheadActual  12: 16777216 op, 35042695.00 ns, 2.0887 ns/op
OverheadActual  13: 16777216 op, 34867746.00 ns, 2.0783 ns/op
OverheadActual  14: 16777216 op, 35302360.00 ns, 2.1042 ns/op
OverheadActual  15: 16777216 op, 35835960.00 ns, 2.1360 ns/op

WorkloadWarmup   1: 16777216 op, 646450324.00 ns, 38.5314 ns/op
WorkloadWarmup   2: 16777216 op, 644773838.00 ns, 38.4315 ns/op
WorkloadWarmup   3: 16777216 op, 645557754.00 ns, 38.4782 ns/op
WorkloadWarmup   4: 16777216 op, 645074644.00 ns, 38.4494 ns/op
WorkloadWarmup   5: 16777216 op, 645824178.00 ns, 38.4941 ns/op
WorkloadWarmup   6: 16777216 op, 644732711.00 ns, 38.4291 ns/op

// BeforeActualRun
WorkloadActual   1: 16777216 op, 646861772.00 ns, 38.5560 ns/op
WorkloadActual   2: 16777216 op, 644354317.00 ns, 38.4065 ns/op
WorkloadActual   3: 16777216 op, 644050656.00 ns, 38.3884 ns/op
WorkloadActual   4: 16777216 op, 641970194.00 ns, 38.2644 ns/op
WorkloadActual   5: 16777216 op, 639853394.00 ns, 38.1382 ns/op
WorkloadActual   6: 16777216 op, 640682584.00 ns, 38.1877 ns/op
WorkloadActual   7: 16777216 op, 642755917.00 ns, 38.3112 ns/op
WorkloadActual   8: 16777216 op, 642702442.00 ns, 38.3081 ns/op
WorkloadActual   9: 16777216 op, 643112506.00 ns, 38.3325 ns/op
WorkloadActual  10: 16777216 op, 641300346.00 ns, 38.2245 ns/op
WorkloadActual  11: 16777216 op, 643226033.00 ns, 38.3393 ns/op
WorkloadActual  12: 16777216 op, 642160321.00 ns, 38.2757 ns/op
WorkloadActual  13: 16777216 op, 639801817.00 ns, 38.1352 ns/op
WorkloadActual  14: 16777216 op, 638008835.00 ns, 38.0283 ns/op
WorkloadActual  15: 16777216 op, 635871924.00 ns, 37.9009 ns/op

// AfterActualRun
WorkloadResult   1: 16777216 op, 611780512.00 ns, 36.4650 ns/op
WorkloadResult   2: 16777216 op, 609273057.00 ns, 36.3155 ns/op
WorkloadResult   3: 16777216 op, 608969396.00 ns, 36.2974 ns/op
WorkloadResult   4: 16777216 op, 606888934.00 ns, 36.1734 ns/op
WorkloadResult   5: 16777216 op, 604772134.00 ns, 36.0472 ns/op
WorkloadResult   6: 16777216 op, 605601324.00 ns, 36.0967 ns/op
WorkloadResult   7: 16777216 op, 607674657.00 ns, 36.2202 ns/op
WorkloadResult   8: 16777216 op, 607621182.00 ns, 36.2170 ns/op
WorkloadResult   9: 16777216 op, 608031246.00 ns, 36.2415 ns/op
WorkloadResult  10: 16777216 op, 606219086.00 ns, 36.1335 ns/op
WorkloadResult  11: 16777216 op, 608144773.00 ns, 36.2483 ns/op
WorkloadResult  12: 16777216 op, 607079061.00 ns, 36.1847 ns/op
WorkloadResult  13: 16777216 op, 604720557.00 ns, 36.0442 ns/op
WorkloadResult  14: 16777216 op, 602927575.00 ns, 35.9373 ns/op
WorkloadResult  15: 16777216 op, 600790664.00 ns, 35.8099 ns/op
// GC:  0 0 0 0 16777216
// Threading:  0 0 16777216

// AfterAll
// Benchmark Process 3803 has exited with code 0.

Mean = 36.162 ns, StdErr = 0.041 ns (0.11%), N = 15, StdDev = 0.161 ns
Min = 35.810 ns, Q1 = 36.072 ns, Median = 36.185 ns, Q3 = 36.245 ns, Max = 36.465 ns
IQR = 0.173 ns, LowerFence = 35.813 ns, UpperFence = 36.504 ns
ConfidenceInterval = [35.990 ns; 36.334 ns] (CI 99.9%), Margin = 0.172 ns (0.47% of Mean)
Skewness = -0.37, Kurtosis = 2.78, MValue = 2

// ** Remained 112 (93.3 %) benchmark(s) to run. Estimated finish 2026-09-06 6:45 (0h 7m from now) **
// **************************
// Benchmark: ParsingBenchmarks.TryParse_Percentage_Span: .NET 10.0(Runtime=.NET 10.0, Toolchain=net10.0)
// *** Execute ***
// Launch: 1 / 1
// Execute: dotnet "EricksonLopez.ValueObjects.Benchmarks-.NET 10.0-1.dll" --anonymousPipes 129 130 --benchmarkName EricksonLopez.ValueObjects.Benchmarks.ParsingBenchmarks.TryParse_Percentage_Span --job ".NET 10.0" --benchmarkId 4 in /home/runner/work/dotnet-value-objects/dotnet-value-objects/benchmarks/EricksonLopez.ValueObjects.Benchmarks/bin/Release/net10.0/EricksonLopez.ValueObjects.Benchmarks-.NET 10.0-1/bin/Release/net10.0
// Failed to set up high priority (Permission denied). In order to run benchmarks with high priority, make sure you have the right permissions.
// BeforeAnythingElse

// Benchmark Process Environment Information:
// BenchmarkDotNet v0.15.8
// Runtime=.NET 10.0.11 (10.0.11, 10.0.1126.37416), X64 RyuJIT x86-64-v4
// GC=Concurrent Workstation
// HardwareIntrinsics=AVX512 BITALG+VBMI2+VNNI+VPOPCNTDQ,AVX512 IFMA+VBMI,AVX512 F+BW+CD+DQ+VL,AVX2+BMI1+BMI2+F16C+FMA+LZCNT+MOVBE,AVX,SSE3+SSSE3+SSE4.1+SSE4.2+POPCNT,X86Base+SSE+SSE2,AES+PCLMUL,AvxVnni,SERIALIZE VectorSize=256
// Job: .NET 10.0

OverheadJitting  1: 1 op, 182919.00 ns, 182.9190 us/op
WorkloadJitting  1: 1 op, 2194882.00 ns, 2.1949 ms/op

OverheadJitting  2: 16 op, 394325.00 ns, 24.6453 us/op
WorkloadJitting  2: 16 op, 378214.00 ns, 23.6384 us/op

WorkloadPilot    1: 16 op, 7406.00 ns, 462.8750 ns/op
WorkloadPilot    2: 32 op, 11576.00 ns, 361.7500 ns/op
WorkloadPilot    3: 64 op, 9594.00 ns, 149.9063 ns/op
WorkloadPilot    4: 128 op, 31343.00 ns, 244.8672 ns/op
WorkloadPilot    5: 256 op, 31309.00 ns, 122.3008 ns/op
WorkloadPilot    6: 512 op, 72498.00 ns, 141.5977 ns/op
WorkloadPilot    7: 1024 op, 111202.00 ns, 108.5957 ns/op
WorkloadPilot    8: 2048 op, 220588.00 ns, 107.7090 ns/op
WorkloadPilot    9: 4096 op, 452208.00 ns, 110.4023 ns/op
WorkloadPilot   10: 8192 op, 866733.00 ns, 105.8024 ns/op
WorkloadPilot   11: 16384 op, 1758769.00 ns, 107.3467 ns/op
WorkloadPilot   12: 32768 op, 3662228.00 ns, 111.7623 ns/op
WorkloadPilot   13: 65536 op, 7145181.00 ns, 109.0268 ns/op
WorkloadPilot   14: 131072 op, 14062362.00 ns, 107.2873 ns/op
WorkloadPilot   15: 262144 op, 27885352.00 ns, 106.3742 ns/op
WorkloadPilot   16: 524288 op, 72499880.00 ns, 138.2825 ns/op
WorkloadPilot   17: 1048576 op, 42168595.00 ns, 40.2151 ns/op
WorkloadPilot   18: 2097152 op, 77788961.00 ns, 37.0927 ns/op
WorkloadPilot   19: 4194304 op, 153270101.00 ns, 36.5424 ns/op
WorkloadPilot   20: 8388608 op, 308587635.00 ns, 36.7865 ns/op
WorkloadPilot   21: 16777216 op, 611617313.00 ns, 36.4552 ns/op

OverheadWarmup   1: 16777216 op, 45683510.00 ns, 2.7229 ns/op
OverheadWarmup   2: 16777216 op, 45806853.00 ns, 2.7303 ns/op
OverheadWarmup   3: 16777216 op, 45639286.00 ns, 2.7203 ns/op
OverheadWarmup   4: 16777216 op, 45587094.00 ns, 2.7172 ns/op
OverheadWarmup   5: 16777216 op, 45112162.00 ns, 2.6889 ns/op
OverheadWarmup   6: 16777216 op, 45942840.00 ns, 2.7384 ns/op
OverheadWarmup   7: 16777216 op, 40992077.00 ns, 2.4433 ns/op

OverheadActual   1: 16777216 op, 36392286.00 ns, 2.1691 ns/op
OverheadActual   2: 16777216 op, 35887917.00 ns, 2.1391 ns/op
OverheadActual   3: 16777216 op, 35437954.00 ns, 2.1123 ns/op
OverheadActual   4: 16777216 op, 35694482.00 ns, 2.1276 ns/op
OverheadActual   5: 16777216 op, 35297287.00 ns, 2.1039 ns/op
OverheadActual   6: 16777216 op, 35909543.00 ns, 2.1404 ns/op
OverheadActual   7: 16777216 op, 35893211.00 ns, 2.1394 ns/op
OverheadActual   8: 16777216 op, 35256689.00 ns, 2.1015 ns/op
OverheadActual   9: 16777216 op, 37321762.00 ns, 2.2246 ns/op
OverheadActual  10: 16777216 op, 36307722.00 ns, 2.1641 ns/op
OverheadActual  11: 16777216 op, 35825112.00 ns, 2.1353 ns/op
OverheadActual  12: 16777216 op, 36106031.00 ns, 2.1521 ns/op
OverheadActual  13: 16777216 op, 36214416.00 ns, 2.1585 ns/op
OverheadActual  14: 16777216 op, 35521546.00 ns, 2.1172 ns/op
OverheadActual  15: 16777216 op, 36128134.00 ns, 2.1534 ns/op

WorkloadWarmup   1: 16777216 op, 611384146.00 ns, 36.4413 ns/op
WorkloadWarmup   2: 16777216 op, 612175642.00 ns, 36.4885 ns/op
WorkloadWarmup   3: 16777216 op, 608001766.00 ns, 36.2397 ns/op
WorkloadWarmup   4: 16777216 op, 610358791.00 ns, 36.3802 ns/op
WorkloadWarmup   5: 16777216 op, 610569649.00 ns, 36.3928 ns/op
WorkloadWarmup   6: 16777216 op, 609919465.00 ns, 36.3540 ns/op

// BeforeActualRun
WorkloadActual   1: 16777216 op, 620505068.00 ns, 36.9850 ns/op
WorkloadActual   2: 16777216 op, 622797114.00 ns, 37.1216 ns/op
WorkloadActual   3: 16777216 op, 620901305.00 ns, 37.0086 ns/op
WorkloadActual   4: 16777216 op, 607464610.00 ns, 36.2077 ns/op
WorkloadActual   5: 16777216 op, 606672163.00 ns, 36.1605 ns/op
WorkloadActual   6: 16777216 op, 610294869.00 ns, 36.3764 ns/op
WorkloadActual   7: 16777216 op, 610674651.00 ns, 36.3990 ns/op
WorkloadActual   8: 16777216 op, 608777431.00 ns, 36.2860 ns/op
WorkloadActual   9: 16777216 op, 609397401.00 ns, 36.3229 ns/op
WorkloadActual  10: 16777216 op, 613478876.00 ns, 36.5662 ns/op
WorkloadActual  11: 16777216 op, 611204145.00 ns, 36.4306 ns/op
WorkloadActual  12: 16777216 op, 608132586.00 ns, 36.2475 ns/op
WorkloadActual  13: 16777216 op, 609573529.00 ns, 36.3334 ns/op
WorkloadActual  14: 16777216 op, 613310024.00 ns, 36.5561 ns/op
WorkloadActual  15: 16777216 op, 612546657.00 ns, 36.5106 ns/op

// AfterActualRun
WorkloadResult   1: 16777216 op, 571571399.00 ns, 34.0683 ns/op
WorkloadResult   2: 16777216 op, 570778952.00 ns, 34.0211 ns/op
WorkloadResult   3: 16777216 op, 574401658.00 ns, 34.2370 ns/op
WorkloadResult   4: 16777216 op, 574781440.00 ns, 34.2596 ns/op
WorkloadResult   5: 16777216 op, 572884220.00 ns, 34.1466 ns/op
WorkloadResult   6: 16777216 op, 573504190.00 ns, 34.1835 ns/op
WorkloadResult   7: 16777216 op, 577585665.00 ns, 34.4268 ns/op
WorkloadResult   8: 16777216 op, 575310934.00 ns, 34.2912 ns/op
WorkloadResult   9: 16777216 op, 572239375.00 ns, 34.1081 ns/op
WorkloadResult  10: 16777216 op, 573680318.00 ns, 34.1940 ns/op
WorkloadResult  11: 16777216 op, 577416813.00 ns, 34.4167 ns/op
WorkloadResult  12: 16777216 op, 576653446.00 ns, 34.3712 ns/op
// GC:  0 0 0 0 16777216
// Threading:  0 0 16777216

// AfterAll
// Benchmark Process 3817 has exited with code 0.

Mean = 34.227 ns, StdErr = 0.038 ns (0.11%), N = 12, StdDev = 0.133 ns
Min = 34.021 ns, Q1 = 34.137 ns, Median = 34.216 ns, Q3 = 34.311 ns, Max = 34.427 ns
IQR = 0.174 ns, LowerFence = 33.876 ns, UpperFence = 34.573 ns
ConfidenceInterval = [34.057 ns; 34.397 ns] (CI 99.9%), Margin = 0.170 ns (0.50% of Mean)
Skewness = 0.11, Kurtosis = 1.63, MValue = 2

// ** Remained 111 (92.5 %) benchmark(s) to run. Estimated finish 2026-09-06 6:47 (0h 10m from now) **
// **************************
// Benchmark: ParsingBenchmarks.Parse_Cuit_String: .NET 10.0(Runtime=.NET 10.0, Toolchain=net10.0)
// *** Execute ***
// Launch: 1 / 1
// Execute: dotnet "EricksonLopez.ValueObjects.Benchmarks-.NET 10.0-1.dll" --anonymousPipes 129 130 --benchmarkName EricksonLopez.ValueObjects.Benchmarks.ParsingBenchmarks.Parse_Cuit_String --job ".NET 10.0" --benchmarkId 5 in /home/runner/work/dotnet-value-objects/dotnet-value-objects/benchmarks/EricksonLopez.ValueObjects.Benchmarks/bin/Release/net10.0/EricksonLopez.ValueObjects.Benchmarks-.NET 10.0-1/bin/Release/net10.0
// Failed to set up high priority (Permission denied). In order to run benchmarks with high priority, make sure you have the right permissions.
// BeforeAnythingElse

// Benchmark Process Environment Information:
// BenchmarkDotNet v0.15.8
// Runtime=.NET 10.0.11 (10.0.11, 10.0.1126.37416), X64 RyuJIT x86-64-v4
// GC=Concurrent Workstation
// HardwareIntrinsics=AVX512 BITALG+VBMI2+VNNI+VPOPCNTDQ,AVX512 IFMA+VBMI,AVX512 F+BW+CD+DQ+VL,AVX2+BMI1+BMI2+F16C+FMA+LZCNT+MOVBE,AVX,SSE3+SSSE3+SSE4.1+SSE4.2+POPCNT,X86Base+SSE+SSE2,AES+PCLMUL,AvxVnni,SERIALIZE VectorSize=256
// Job: .NET 10.0

OverheadJitting  1: 1 op, 186257.00 ns, 186.2570 us/op
WorkloadJitting  1: 1 op, 4193731.00 ns, 4.1937 ms/op

OverheadJitting  2: 16 op, 238415.00 ns, 14.9009 us/op
WorkloadJitting  2: 16 op, 260315.00 ns, 16.2697 us/op

WorkloadPilot    1: 16 op, 15615.00 ns, 975.9375 ns/op
WorkloadPilot    2: 32 op, 11267.00 ns, 352.0938 ns/op
WorkloadPilot    3: 64 op, 15263.00 ns, 238.4844 ns/op
WorkloadPilot    4: 128 op, 39150.00 ns, 305.8594 ns/op
WorkloadPilot    5: 256 op, 54738.00 ns, 213.8203 ns/op
WorkloadPilot    6: 512 op, 111662.00 ns, 218.0898 ns/op
WorkloadPilot    7: 1024 op, 216721.00 ns, 211.6416 ns/op
WorkloadPilot    8: 2048 op, 343515.00 ns, 167.7319 ns/op
WorkloadPilot    9: 4096 op, 590855.00 ns, 144.2517 ns/op
WorkloadPilot   10: 8192 op, 1073152.00 ns, 131.0000 ns/op
WorkloadPilot   11: 16384 op, 2026227.00 ns, 123.6711 ns/op
WorkloadPilot   12: 32768 op, 3957700.00 ns, 120.7794 ns/op
WorkloadPilot   13: 65536 op, 7797803.00 ns, 118.9850 ns/op
WorkloadPilot   14: 131072 op, 15205307.00 ns, 116.0073 ns/op
WorkloadPilot   15: 262144 op, 29771307.00 ns, 113.5685 ns/op
WorkloadPilot   16: 524288 op, 48391141.00 ns, 92.2988 ns/op
WorkloadPilot   17: 1048576 op, 46450744.00 ns, 44.2989 ns/op
WorkloadPilot   18: 2097152 op, 90521285.00 ns, 43.1639 ns/op
WorkloadPilot   19: 4194304 op, 154788491.00 ns, 36.9045 ns/op
WorkloadPilot   20: 8388608 op, 314278973.00 ns, 37.4650 ns/op
WorkloadPilot   21: 16777216 op, 614801358.00 ns, 36.6450 ns/op

OverheadWarmup   1: 16777216 op, 54089018.00 ns, 3.2240 ns/op
OverheadWarmup   2: 16777216 op, 53972925.00 ns, 3.2170 ns/op
OverheadWarmup   3: 16777216 op, 53770942.00 ns, 3.2050 ns/op
OverheadWarmup   4: 16777216 op, 48703083.00 ns, 2.9029 ns/op
OverheadWarmup   5: 16777216 op, 34820644.00 ns, 2.0755 ns/op
OverheadWarmup   6: 16777216 op, 35008178.00 ns, 2.0867 ns/op
OverheadWarmup   7: 16777216 op, 36080265.00 ns, 2.1506 ns/op
OverheadWarmup   8: 16777216 op, 35567361.00 ns, 2.1200 ns/op
OverheadWarmup   9: 16777216 op, 35195710.00 ns, 2.0978 ns/op
OverheadWarmup  10: 16777216 op, 35186442.00 ns, 2.0973 ns/op

OverheadActual   1: 16777216 op, 35082184.00 ns, 2.0911 ns/op
OverheadActual   2: 16777216 op, 35126436.00 ns, 2.0937 ns/op
OverheadActual   3: 16777216 op, 35806833.00 ns, 2.1343 ns/op
OverheadActual   4: 16777216 op, 35162976.00 ns, 2.0959 ns/op
OverheadActual   5: 16777216 op, 35014197.00 ns, 2.0870 ns/op
OverheadActual   6: 16777216 op, 34889989.00 ns, 2.0796 ns/op
OverheadActual   7: 16777216 op, 35302504.00 ns, 2.1042 ns/op
OverheadActual   8: 16777216 op, 35686986.00 ns, 2.1271 ns/op
OverheadActual   9: 16777216 op, 35426677.00 ns, 2.1116 ns/op
OverheadActual  10: 16777216 op, 34928095.00 ns, 2.0819 ns/op
OverheadActual  11: 16777216 op, 35201169.00 ns, 2.0982 ns/op
OverheadActual  12: 16777216 op, 34463932.00 ns, 2.0542 ns/op
OverheadActual  13: 16777216 op, 35106597.00 ns, 2.0925 ns/op
OverheadActual  14: 16777216 op, 35513104.00 ns, 2.1167 ns/op
OverheadActual  15: 16777216 op, 35277322.00 ns, 2.1027 ns/op

WorkloadWarmup   1: 16777216 op, 647046468.00 ns, 38.5670 ns/op
WorkloadWarmup   2: 16777216 op, 618423673.00 ns, 36.8609 ns/op
WorkloadWarmup   3: 16777216 op, 609338936.00 ns, 36.3194 ns/op
WorkloadWarmup   4: 16777216 op, 606606795.00 ns, 36.1566 ns/op
WorkloadWarmup   5: 16777216 op, 611900966.00 ns, 36.4721 ns/op
WorkloadWarmup   6: 16777216 op, 621635664.00 ns, 37.0524 ns/op
WorkloadWarmup   7: 16777216 op, 613343111.00 ns, 36.5581 ns/op
WorkloadWarmup   8: 16777216 op, 596556392.00 ns, 35.5575 ns/op
WorkloadWarmup   9: 16777216 op, 603083868.00 ns, 35.9466 ns/op
WorkloadWarmup  10: 16777216 op, 605467960.00 ns, 36.0887 ns/op
WorkloadWarmup  11: 16777216 op, 598401644.00 ns, 35.6675 ns/op

// BeforeActualRun
WorkloadActual   1: 16777216 op, 600578807.00 ns, 35.7973 ns/op
WorkloadActual   2: 16777216 op, 596197472.00 ns, 35.5361 ns/op
WorkloadActual   3: 16777216 op, 602097860.00 ns, 35.8878 ns/op
WorkloadActual   4: 16777216 op, 593414121.00 ns, 35.3702 ns/op
WorkloadActual   5: 16777216 op, 595090789.00 ns, 35.4702 ns/op
WorkloadActual   6: 16777216 op, 597652928.00 ns, 35.6229 ns/op
WorkloadActual   7: 16777216 op, 593920294.00 ns, 35.4004 ns/op
WorkloadActual   8: 16777216 op, 602649630.00 ns, 35.9207 ns/op
WorkloadActual   9: 16777216 op, 599700270.00 ns, 35.7449 ns/op
WorkloadActual  10: 16777216 op, 595786251.00 ns, 35.5116 ns/op
WorkloadActual  11: 16777216 op, 611336773.00 ns, 36.4385 ns/op
WorkloadActual  12: 16777216 op, 614057062.00 ns, 36.6007 ns/op
WorkloadActual  13: 16777216 op, 611548103.00 ns, 36.4511 ns/op
WorkloadActual  14: 16777216 op, 615233154.00 ns, 36.6708 ns/op
WorkloadActual  15: 16777216 op, 613204471.00 ns, 36.5498 ns/op

// AfterActualRun
WorkloadResult   1: 16777216 op, 565415831.00 ns, 33.7014 ns/op
WorkloadResult   2: 16777216 op, 561034496.00 ns, 33.4403 ns/op
WorkloadResult   3: 16777216 op, 566934884.00 ns, 33.7920 ns/op
WorkloadResult   4: 16777216 op, 558251145.00 ns, 33.2744 ns/op
WorkloadResult   5: 16777216 op, 559927813.00 ns, 33.3743 ns/op
WorkloadResult   6: 16777216 op, 562489952.00 ns, 33.5270 ns/op
WorkloadResult   7: 16777216 op, 558757318.00 ns, 33.3045 ns/op
WorkloadResult   8: 16777216 op, 567486654.00 ns, 33.8248 ns/op
WorkloadResult   9: 16777216 op, 564537294.00 ns, 33.6490 ns/op
WorkloadResult  10: 16777216 op, 560623275.00 ns, 33.4158 ns/op
WorkloadResult  11: 16777216 op, 576173797.00 ns, 34.3426 ns/op
WorkloadResult  12: 16777216 op, 578894086.00 ns, 34.5048 ns/op
WorkloadResult  13: 16777216 op, 576385127.00 ns, 34.3552 ns/op
WorkloadResult  14: 16777216 op, 580070178.00 ns, 34.5749 ns/op
WorkloadResult  15: 16777216 op, 578041495.00 ns, 34.4540 ns/op
// GC:  9 0 0 805306368 16777216
// Threading:  0 0 16777216

// AfterAll
// Benchmark Process 3835 has exited with code 0.

Mean = 33.836 ns, StdErr = 0.123 ns (0.36%), N = 15, StdDev = 0.478 ns
Min = 33.274 ns, Q1 = 33.428 ns, Median = 33.701 ns, Q3 = 34.349 ns, Max = 34.575 ns
IQR = 0.921 ns, LowerFence = 32.047 ns, UpperFence = 35.730 ns
ConfidenceInterval = [33.325 ns; 34.346 ns] (CI 99.9%), Margin = 0.511 ns (1.51% of Mean)
Skewness = 0.37, Kurtosis = 1.37, MValue = 2

// ** Remained 110 (91.7 %) benchmark(s) to run. Estimated finish 2026-09-06 6:50 (0h 12m from now) **
// **************************
// Benchmark: ParsingBenchmarks.Parse_Cuit_Span: .NET 10.0(Runtime=.NET 10.0, Toolchain=net10.0)
// *** Execute ***
// Launch: 1 / 1
// Execute: dotnet "EricksonLopez.ValueObjects.Benchmarks-.NET 10.0-1.dll" --anonymousPipes 129 130 --benchmarkName EricksonLopez.ValueObjects.Benchmarks.ParsingBenchmarks.Parse_Cuit_Span --job ".NET 10.0" --benchmarkId 6 in /home/runner/work/dotnet-value-objects/dotnet-value-objects/benchmarks/EricksonLopez.ValueObjects.Benchmarks/bin/Release/net10.0/EricksonLopez.ValueObjects.Benchmarks-.NET 10.0-1/bin/Release/net10.0
// Failed to set up high priority (Permission denied). In order to run benchmarks with high priority, make sure you have the right permissions.
// BeforeAnythingElse

// Benchmark Process Environment Information:
// BenchmarkDotNet v0.15.8
// Runtime=.NET 10.0.11 (10.0.11, 10.0.1126.37416), X64 RyuJIT x86-64-v4
// GC=Concurrent Workstation
// HardwareIntrinsics=AVX512 BITALG+VBMI2+VNNI+VPOPCNTDQ,AVX512 IFMA+VBMI,AVX512 F+BW+CD+DQ+VL,AVX2+BMI1+BMI2+F16C+FMA+LZCNT+MOVBE,AVX,SSE3+SSSE3+SSE4.1+SSE4.2+POPCNT,X86Base+SSE+SSE2,AES+PCLMUL,AvxVnni,SERIALIZE VectorSize=256
// Job: .NET 10.0

OverheadJitting  1: 1 op, 181493.00 ns, 181.4930 us/op
WorkloadJitting  1: 1 op, 4257333.00 ns, 4.2573 ms/op

OverheadJitting  2: 16 op, 233426.00 ns, 14.5891 us/op
WorkloadJitting  2: 16 op, 246887.00 ns, 15.4304 us/op

WorkloadPilot    1: 16 op, 6097.00 ns, 381.0625 ns/op
WorkloadPilot    2: 32 op, 7859.00 ns, 245.5938 ns/op
WorkloadPilot    3: 64 op, 11160.00 ns, 174.3750 ns/op
WorkloadPilot    4: 128 op, 30995.00 ns, 242.1484 ns/op
WorkloadPilot    5: 256 op, 47773.00 ns, 186.6133 ns/op
WorkloadPilot    6: 512 op, 108035.00 ns, 211.0059 ns/op
WorkloadPilot    7: 1024 op, 203003.00 ns, 198.2451 ns/op
WorkloadPilot    8: 2048 op, 329646.00 ns, 160.9600 ns/op
WorkloadPilot    9: 4096 op, 581032.00 ns, 141.8535 ns/op
WorkloadPilot   10: 8192 op, 1003148.00 ns, 122.4546 ns/op
WorkloadPilot   11: 16384 op, 1919508.00 ns, 117.1575 ns/op
WorkloadPilot   12: 32768 op, 3909260.00 ns, 119.3011 ns/op
WorkloadPilot   13: 65536 op, 7484612.00 ns, 114.2061 ns/op
WorkloadPilot   14: 131072 op, 14681215.00 ns, 112.0088 ns/op
WorkloadPilot   15: 262144 op, 29340243.00 ns, 111.9241 ns/op
WorkloadPilot   16: 524288 op, 54013479.00 ns, 103.0225 ns/op
WorkloadPilot   17: 1048576 op, 51328426.00 ns, 48.9506 ns/op
WorkloadPilot   18: 2097152 op, 101196814.00 ns, 48.2544 ns/op
WorkloadPilot   19: 4194304 op, 180560961.00 ns, 43.0491 ns/op
WorkloadPilot   20: 8388608 op, 350853696.00 ns, 41.8250 ns/op
WorkloadPilot   21: 16777216 op, 681009076.00 ns, 40.5913 ns/op

OverheadWarmup   1: 16777216 op, 54272445.00 ns, 3.2349 ns/op
OverheadWarmup   2: 16777216 op, 54137704.00 ns, 3.2269 ns/op
OverheadWarmup   3: 16777216 op, 53835859.00 ns, 3.2089 ns/op
OverheadWarmup   4: 16777216 op, 48762363.00 ns, 2.9065 ns/op
OverheadWarmup   5: 16777216 op, 35310561.00 ns, 2.1047 ns/op
OverheadWarmup   6: 16777216 op, 35176572.00 ns, 2.0967 ns/op
OverheadWarmup   7: 16777216 op, 35229356.00 ns, 2.0998 ns/op
OverheadWarmup   8: 16777216 op, 35217677.00 ns, 2.0991 ns/op
OverheadWarmup   9: 16777216 op, 34636605.00 ns, 2.0645 ns/op
OverheadWarmup  10: 16777216 op, 34888675.00 ns, 2.0795 ns/op

OverheadActual   1: 16777216 op, 35533071.00 ns, 2.1179 ns/op
OverheadActual   2: 16777216 op, 35211483.00 ns, 2.0988 ns/op
OverheadActual   3: 16777216 op, 35227846.00 ns, 2.0997 ns/op
OverheadActual   4: 16777216 op, 34958367.00 ns, 2.0837 ns/op
OverheadActual   5: 16777216 op, 35076493.00 ns, 2.0907 ns/op
OverheadActual   6: 16777216 op, 34673131.00 ns, 2.0667 ns/op
OverheadActual   7: 16777216 op, 35784082.00 ns, 2.1329 ns/op
OverheadActual   8: 16777216 op, 35285337.00 ns, 2.1032 ns/op
OverheadActual   9: 16777216 op, 35927303.00 ns, 2.1414 ns/op
OverheadActual  10: 16777216 op, 35341481.00 ns, 2.1065 ns/op
OverheadActual  11: 16777216 op, 35232004.00 ns, 2.1000 ns/op
OverheadActual  12: 16777216 op, 34888538.00 ns, 2.0795 ns/op
OverheadActual  13: 16777216 op, 35158705.00 ns, 2.0956 ns/op
OverheadActual  14: 16777216 op, 35160175.00 ns, 2.0957 ns/op
OverheadActual  15: 16777216 op, 34954924.00 ns, 2.0835 ns/op

WorkloadWarmup   1: 16777216 op, 730269770.00 ns, 43.5275 ns/op
WorkloadWarmup   2: 16777216 op, 713057415.00 ns, 42.5015 ns/op
WorkloadWarmup   3: 16777216 op, 701304402.00 ns, 41.8010 ns/op
WorkloadWarmup   4: 16777216 op, 671715018.00 ns, 40.0373 ns/op
WorkloadWarmup   5: 16777216 op, 673203421.00 ns, 40.1261 ns/op
WorkloadWarmup   6: 16777216 op, 682315172.00 ns, 40.6692 ns/op
WorkloadWarmup   7: 16777216 op, 675215270.00 ns, 40.2460 ns/op
WorkloadWarmup   8: 16777216 op, 677115436.00 ns, 40.3592 ns/op
WorkloadWarmup   9: 16777216 op, 686698054.00 ns, 40.9304 ns/op
WorkloadWarmup  10: 16777216 op, 680331326.00 ns, 40.5509 ns/op

// BeforeActualRun
WorkloadActual   1: 16777216 op, 679415974.00 ns, 40.4963 ns/op
WorkloadActual   2: 16777216 op, 677829189.00 ns, 40.4018 ns/op
WorkloadActual   3: 16777216 op, 678424791.00 ns, 40.4373 ns/op
WorkloadActual   4: 16777216 op, 679392124.00 ns, 40.4949 ns/op
WorkloadActual   5: 16777216 op, 685709043.00 ns, 40.8714 ns/op
WorkloadActual   6: 16777216 op, 683477710.00 ns, 40.7384 ns/op
WorkloadActual   7: 16777216 op, 680673388.00 ns, 40.5713 ns/op
WorkloadActual   8: 16777216 op, 687806591.00 ns, 40.9965 ns/op
WorkloadActual   9: 16777216 op, 672888618.00 ns, 40.1073 ns/op
WorkloadActual  10: 16777216 op, 684059835.00 ns, 40.7731 ns/op
WorkloadActual  11: 16777216 op, 674624832.00 ns, 40.2108 ns/op
WorkloadActual  12: 16777216 op, 672637358.00 ns, 40.0923 ns/op
WorkloadActual  13: 16777216 op, 672169384.00 ns, 40.0644 ns/op
WorkloadActual  14: 16777216 op, 670248949.00 ns, 39.9500 ns/op
WorkloadActual  15: 16777216 op, 668821899.00 ns, 39.8649 ns/op

// AfterActualRun
WorkloadResult   1: 16777216 op, 644204491.00 ns, 38.3976 ns/op
WorkloadResult   2: 16777216 op, 642617706.00 ns, 38.3030 ns/op
WorkloadResult   3: 16777216 op, 643213308.00 ns, 38.3385 ns/op
WorkloadResult   4: 16777216 op, 644180641.00 ns, 38.3962 ns/op
WorkloadResult   5: 16777216 op, 650497560.00 ns, 38.7727 ns/op
WorkloadResult   6: 16777216 op, 648266227.00 ns, 38.6397 ns/op
WorkloadResult   7: 16777216 op, 645461905.00 ns, 38.4725 ns/op
WorkloadResult   8: 16777216 op, 652595108.00 ns, 38.8977 ns/op
WorkloadResult   9: 16777216 op, 637677135.00 ns, 38.0085 ns/op
WorkloadResult  10: 16777216 op, 648848352.00 ns, 38.6744 ns/op
WorkloadResult  11: 16777216 op, 639413349.00 ns, 38.1120 ns/op
WorkloadResult  12: 16777216 op, 637425875.00 ns, 37.9935 ns/op
WorkloadResult  13: 16777216 op, 636957901.00 ns, 37.9656 ns/op
WorkloadResult  14: 16777216 op, 635037466.00 ns, 37.8512 ns/op
WorkloadResult  15: 16777216 op, 633610416.00 ns, 37.7661 ns/op
// GC:  9 0 0 805306368 16777216
// Threading:  0 0 16777216

// AfterAll
// Benchmark Process 3852 has exited with code 0.

Mean = 38.306 ns, StdErr = 0.090 ns (0.23%), N = 15, StdDev = 0.348 ns
Min = 37.766 ns, Q1 = 38.001 ns, Median = 38.339 ns, Q3 = 38.556 ns, Max = 38.898 ns
IQR = 0.555 ns, LowerFence = 37.168 ns, UpperFence = 39.389 ns
ConfidenceInterval = [37.934 ns; 38.678 ns] (CI 99.9%), Margin = 0.372 ns (0.97% of Mean)
Skewness = 0.07, Kurtosis = 1.64, MValue = 2

// ** Remained 109 (90.8 %) benchmark(s) to run. Estimated finish 2026-09-06 6:52 (0h 14m from now) **
// **************************
// Benchmark: ParsingBenchmarks.Parse_Cuit_Utf8: .NET 10.0(Runtime=.NET 10.0, Toolchain=net10.0)
// *** Execute ***
// Launch: 1 / 1
// Execute: dotnet "EricksonLopez.ValueObjects.Benchmarks-.NET 10.0-1.dll" --anonymousPipes 129 130 --benchmarkName EricksonLopez.ValueObjects.Benchmarks.ParsingBenchmarks.Parse_Cuit_Utf8 --job ".NET 10.0" --benchmarkId 7 in /home/runner/work/dotnet-value-objects/dotnet-value-objects/benchmarks/EricksonLopez.ValueObjects.Benchmarks/bin/Release/net10.0/EricksonLopez.ValueObjects.Benchmarks-.NET 10.0-1/bin/Release/net10.0
// Failed to set up high priority (Permission denied). In order to run benchmarks with high priority, make sure you have the right permissions.
// BeforeAnythingElse

// Benchmark Process Environment Information:
// BenchmarkDotNet v0.15.8
// Runtime=.NET 10.0.11 (10.0.11, 10.0.1126.37416), X64 RyuJIT x86-64-v4
// GC=Concurrent Workstation
// HardwareIntrinsics=AVX512 BITALG+VBMI2+VNNI+VPOPCNTDQ,AVX512 IFMA+VBMI,AVX512 F+BW+CD+DQ+VL,AVX2+BMI1+BMI2+F16C+FMA+LZCNT+MOVBE,AVX,SSE3+SSSE3+SSE4.1+SSE4.2+POPCNT,X86Base+SSE+SSE2,AES+PCLMUL,AvxVnni,SERIALIZE VectorSize=256
// Job: .NET 10.0

OverheadJitting  1: 1 op, 181814.00 ns, 181.8140 us/op
WorkloadJitting  1: 1 op, 4602075.00 ns, 4.6021 ms/op

OverheadJitting  2: 16 op, 263448.00 ns, 16.4655 us/op
WorkloadJitting  2: 16 op, 278894.00 ns, 17.4309 us/op

WorkloadPilot    1: 16 op, 7444.00 ns, 465.2500 ns/op
WorkloadPilot    2: 32 op, 8920.00 ns, 278.7500 ns/op
WorkloadPilot    3: 64 op, 12725.00 ns, 198.8281 ns/op
WorkloadPilot    4: 128 op, 29554.00 ns, 230.8906 ns/op
WorkloadPilot    5: 256 op, 52501.00 ns, 205.0820 ns/op
WorkloadPilot    6: 512 op, 144527.00 ns, 282.2793 ns/op
WorkloadPilot    7: 1024 op, 258669.00 ns, 252.6064 ns/op
WorkloadPilot    8: 2048 op, 396650.00 ns, 193.6768 ns/op
WorkloadPilot    9: 4096 op, 746373.00 ns, 182.2200 ns/op
WorkloadPilot   10: 8192 op, 1328229.00 ns, 162.1373 ns/op
WorkloadPilot   11: 16384 op, 2531648.00 ns, 154.5195 ns/op
WorkloadPilot   12: 32768 op, 4905682.00 ns, 149.7095 ns/op
WorkloadPilot   13: 65536 op, 9005193.00 ns, 137.4083 ns/op
WorkloadPilot   14: 131072 op, 18502081.00 ns, 141.1597 ns/op
WorkloadPilot   15: 262144 op, 35258444.00 ns, 134.5003 ns/op
WorkloadPilot   16: 524288 op, 64510025.00 ns, 123.0431 ns/op
WorkloadPilot   17: 1048576 op, 57297719.00 ns, 54.6434 ns/op
WorkloadPilot   18: 2097152 op, 112498769.00 ns, 53.6436 ns/op
WorkloadPilot   19: 4194304 op, 194548655.00 ns, 46.3840 ns/op
WorkloadPilot   20: 8388608 op, 382896206.00 ns, 45.6448 ns/op
WorkloadPilot   21: 16777216 op, 767535058.00 ns, 45.7487 ns/op

OverheadWarmup   1: 16777216 op, 53593579.00 ns, 3.1944 ns/op
OverheadWarmup   2: 16777216 op, 53665299.00 ns, 3.1987 ns/op
OverheadWarmup   3: 16777216 op, 54188482.00 ns, 3.2299 ns/op
OverheadWarmup   4: 16777216 op, 47954963.00 ns, 2.8583 ns/op
OverheadWarmup   5: 16777216 op, 35700378.00 ns, 2.1279 ns/op
OverheadWarmup   6: 16777216 op, 34793382.00 ns, 2.0738 ns/op
OverheadWarmup   7: 16777216 op, 34725242.00 ns, 2.0698 ns/op
OverheadWarmup   8: 16777216 op, 35428704.00 ns, 2.1117 ns/op
OverheadWarmup   9: 16777216 op, 35355863.00 ns, 2.1074 ns/op

OverheadActual   1: 16777216 op, 35169059.00 ns, 2.0962 ns/op
OverheadActual   2: 16777216 op, 35003618.00 ns, 2.0864 ns/op
OverheadActual   3: 16777216 op, 34867028.00 ns, 2.0782 ns/op
OverheadActual   4: 16777216 op, 35457379.00 ns, 2.1134 ns/op
OverheadActual   5: 16777216 op, 36148572.00 ns, 2.1546 ns/op
OverheadActual   6: 16777216 op, 35521976.00 ns, 2.1173 ns/op
OverheadActual   7: 16777216 op, 35439187.00 ns, 2.1123 ns/op
OverheadActual   8: 16777216 op, 35298734.00 ns, 2.1040 ns/op
OverheadActual   9: 16777216 op, 35431300.00 ns, 2.1119 ns/op
OverheadActual  10: 16777216 op, 35343815.00 ns, 2.1067 ns/op
OverheadActual  11: 16777216 op, 35163657.00 ns, 2.0959 ns/op
OverheadActual  12: 16777216 op, 34964731.00 ns, 2.0841 ns/op
OverheadActual  13: 16777216 op, 35943326.00 ns, 2.1424 ns/op
OverheadActual  14: 16777216 op, 35139433.00 ns, 2.0945 ns/op
OverheadActual  15: 16777216 op, 35379402.00 ns, 2.1088 ns/op

WorkloadWarmup   1: 16777216 op, 805660177.00 ns, 48.0211 ns/op
WorkloadWarmup   2: 16777216 op, 773356180.00 ns, 46.0956 ns/op
WorkloadWarmup   3: 16777216 op, 772596220.00 ns, 46.0503 ns/op
WorkloadWarmup   4: 16777216 op, 772169206.00 ns, 46.0249 ns/op
WorkloadWarmup   5: 16777216 op, 771180420.00 ns, 45.9659 ns/op
WorkloadWarmup   6: 16777216 op, 769706106.00 ns, 45.8781 ns/op
WorkloadWarmup   7: 16777216 op, 771362152.00 ns, 45.9768 ns/op
WorkloadWarmup   8: 16777216 op, 766214550.00 ns, 45.6699 ns/op
WorkloadWarmup   9: 16777216 op, 765800053.00 ns, 45.6452 ns/op
WorkloadWarmup  10: 16777216 op, 765518520.00 ns, 45.6285 ns/op
WorkloadWarmup  11: 16777216 op, 765577462.00 ns, 45.6320 ns/op
WorkloadWarmup  12: 16777216 op, 760876197.00 ns, 45.3518 ns/op

// BeforeActualRun
WorkloadActual   1: 16777216 op, 767241663.00 ns, 45.7312 ns/op
WorkloadActual   2: 16777216 op, 763106205.00 ns, 45.4847 ns/op
WorkloadActual   3: 16777216 op, 761645457.00 ns, 45.3976 ns/op
WorkloadActual   4: 16777216 op, 764190540.00 ns, 45.5493 ns/op
WorkloadActual   5: 16777216 op, 765243935.00 ns, 45.6121 ns/op
WorkloadActual   6: 16777216 op, 768585659.00 ns, 45.8113 ns/op
WorkloadActual   7: 16777216 op, 769276417.00 ns, 45.8524 ns/op
WorkloadActual   8: 16777216 op, 766445278.00 ns, 45.6837 ns/op
WorkloadActual   9: 16777216 op, 772397586.00 ns, 46.0385 ns/op
WorkloadActual  10: 16777216 op, 771477784.00 ns, 45.9837 ns/op
WorkloadActual  11: 16777216 op, 771419340.00 ns, 45.9802 ns/op
WorkloadActual  12: 16777216 op, 768046519.00 ns, 45.7791 ns/op
WorkloadActual  13: 16777216 op, 769854864.00 ns, 45.8869 ns/op
WorkloadActual  14: 16777216 op, 777400527.00 ns, 46.3367 ns/op
WorkloadActual  15: 16777216 op, 774367471.00 ns, 46.1559 ns/op

// AfterActualRun
WorkloadResult   1: 16777216 op, 731897848.00 ns, 43.6245 ns/op
WorkloadResult   2: 16777216 op, 727762390.00 ns, 43.3780 ns/op
WorkloadResult   3: 16777216 op, 726301642.00 ns, 43.2910 ns/op
WorkloadResult   4: 16777216 op, 728846725.00 ns, 43.4427 ns/op
WorkloadResult   5: 16777216 op, 729900120.00 ns, 43.5054 ns/op
WorkloadResult   6: 16777216 op, 733241844.00 ns, 43.7046 ns/op
WorkloadResult   7: 16777216 op, 733932602.00 ns, 43.7458 ns/op
WorkloadResult   8: 16777216 op, 731101463.00 ns, 43.5770 ns/op
WorkloadResult   9: 16777216 op, 737053771.00 ns, 43.9318 ns/op
WorkloadResult  10: 16777216 op, 736133969.00 ns, 43.8770 ns/op
WorkloadResult  11: 16777216 op, 736075525.00 ns, 43.8735 ns/op
WorkloadResult  12: 16777216 op, 732702704.00 ns, 43.6725 ns/op
WorkloadResult  13: 16777216 op, 734511049.00 ns, 43.7803 ns/op
WorkloadResult  14: 16777216 op, 742056712.00 ns, 44.2300 ns/op
WorkloadResult  15: 16777216 op, 739023656.00 ns, 44.0492 ns/op
// GC:  9 0 0 805306368 16777216
// Threading:  0 0 16777216

// AfterAll
// Benchmark Process 3869 has exited with code 0.

Mean = 43.712 ns, StdErr = 0.066 ns (0.15%), N = 15, StdDev = 0.256 ns
Min = 43.291 ns, Q1 = 43.541 ns, Median = 43.705 ns, Q3 = 43.875 ns, Max = 44.230 ns
IQR = 0.334 ns, LowerFence = 43.040 ns, UpperFence = 44.376 ns
ConfidenceInterval = [43.438 ns; 43.986 ns] (CI 99.9%), Margin = 0.274 ns (0.63% of Mean)
Skewness = 0.21, Kurtosis = 2.16, MValue = 2

// ** Remained 108 (90.0 %) benchmark(s) to run. Estimated finish 2026-09-06 6:55 (0h 17m from now) **
// **************************
// Benchmark: ParsingBenchmarks.TryParse_Cuit_Utf8: .NET 10.0(Runtime=.NET 10.0, Toolchain=net10.0)
// *** Execute ***
// Launch: 1 / 1
// Execute: dotnet "EricksonLopez.ValueObjects.Benchmarks-.NET 10.0-1.dll" --anonymousPipes 129 130 --benchmarkName EricksonLopez.ValueObjects.Benchmarks.ParsingBenchmarks.TryParse_Cuit_Utf8 --job ".NET 10.0" --benchmarkId 8 in /home/runner/work/dotnet-value-objects/dotnet-value-objects/benchmarks/EricksonLopez.ValueObjects.Benchmarks/bin/Release/net10.0/EricksonLopez.ValueObjects.Benchmarks-.NET 10.0-1/bin/Release/net10.0
// Failed to set up high priority (Permission denied). In order to run benchmarks with high priority, make sure you have the right permissions.
// BeforeAnythingElse

// Benchmark Process Environment Information:
// BenchmarkDotNet v0.15.8
// Runtime=.NET 10.0.11 (10.0.11, 10.0.1126.37416), X64 RyuJIT x86-64-v4
// GC=Concurrent Workstation
// HardwareIntrinsics=AVX512 BITALG+VBMI2+VNNI+VPOPCNTDQ,AVX512 IFMA+VBMI,AVX512 F+BW+CD+DQ+VL,AVX2+BMI1+BMI2+F16C+FMA+LZCNT+MOVBE,AVX,SSE3+SSSE3+SSE4.1+SSE4.2+POPCNT,X86Base+SSE+SSE2,AES+PCLMUL,AvxVnni,SERIALIZE VectorSize=256
// Job: .NET 10.0

OverheadJitting  1: 1 op, 187599.00 ns, 187.5990 us/op
WorkloadJitting  1: 1 op, 4449354.00 ns, 4.4494 ms/op

OverheadJitting  2: 16 op, 348447.00 ns, 21.7779 us/op
WorkloadJitting  2: 16 op, 365925.00 ns, 22.8703 us/op

WorkloadPilot    1: 16 op, 7452.00 ns, 465.7500 ns/op
WorkloadPilot    2: 32 op, 9408.00 ns, 294.0000 ns/op
WorkloadPilot    3: 64 op, 16095.00 ns, 251.4844 ns/op
WorkloadPilot    4: 128 op, 35580.00 ns, 277.9688 ns/op
WorkloadPilot    5: 256 op, 71726.00 ns, 280.1797 ns/op
WorkloadPilot    6: 512 op, 125487.00 ns, 245.0918 ns/op
WorkloadPilot    7: 1024 op, 250231.00 ns, 244.3662 ns/op
WorkloadPilot    8: 2048 op, 407218.00 ns, 198.8369 ns/op
WorkloadPilot    9: 4096 op, 712503.00 ns, 173.9509 ns/op
WorkloadPilot   10: 8192 op, 1205547.00 ns, 147.1615 ns/op
WorkloadPilot   11: 16384 op, 2387608.00 ns, 145.7280 ns/op
WorkloadPilot   12: 32768 op, 4456885.00 ns, 136.0133 ns/op
WorkloadPilot   13: 65536 op, 8686112.00 ns, 132.5396 ns/op
WorkloadPilot   14: 131072 op, 17445176.00 ns, 133.0961 ns/op
WorkloadPilot   15: 262144 op, 34137195.00 ns, 130.2231 ns/op
WorkloadPilot   16: 524288 op, 62985873.00 ns, 120.1360 ns/op
WorkloadPilot   17: 1048576 op, 54805633.00 ns, 52.2667 ns/op
WorkloadPilot   18: 2097152 op, 108353548.00 ns, 51.6670 ns/op
WorkloadPilot   19: 4194304 op, 189358176.00 ns, 45.1465 ns/op
WorkloadPilot   20: 8388608 op, 372865683.00 ns, 44.4491 ns/op
WorkloadPilot   21: 16777216 op, 743322725.00 ns, 44.3055 ns/op

OverheadWarmup   1: 16777216 op, 45151816.00 ns, 2.6913 ns/op
OverheadWarmup   2: 16777216 op, 46133314.00 ns, 2.7498 ns/op
OverheadWarmup   3: 16777216 op, 45548533.00 ns, 2.7149 ns/op
OverheadWarmup   4: 16777216 op, 45170556.00 ns, 2.6924 ns/op
OverheadWarmup   5: 16777216 op, 44856861.00 ns, 2.6737 ns/op
OverheadWarmup   6: 16777216 op, 46474243.00 ns, 2.7701 ns/op
OverheadWarmup   7: 16777216 op, 42435434.00 ns, 2.5293 ns/op

OverheadActual   1: 16777216 op, 35764273.00 ns, 2.1317 ns/op
OverheadActual   2: 16777216 op, 36532958.00 ns, 2.1775 ns/op
OverheadActual   3: 16777216 op, 36096976.00 ns, 2.1515 ns/op
OverheadActual   4: 16777216 op, 36267626.00 ns, 2.1617 ns/op
OverheadActual   5: 16777216 op, 36676122.00 ns, 2.1861 ns/op
OverheadActual   6: 16777216 op, 35342720.00 ns, 2.1066 ns/op
OverheadActual   7: 16777216 op, 35725250.00 ns, 2.1294 ns/op
OverheadActual   8: 16777216 op, 35699007.00 ns, 2.1278 ns/op
OverheadActual   9: 16777216 op, 36373684.00 ns, 2.1680 ns/op
OverheadActual  10: 16777216 op, 35626208.00 ns, 2.1235 ns/op
OverheadActual  11: 16777216 op, 35435663.00 ns, 2.1121 ns/op
OverheadActual  12: 16777216 op, 35264082.00 ns, 2.1019 ns/op
OverheadActual  13: 16777216 op, 35268234.00 ns, 2.1022 ns/op
OverheadActual  14: 16777216 op, 35517593.00 ns, 2.1170 ns/op
OverheadActual  15: 16777216 op, 35496065.00 ns, 2.1157 ns/op

WorkloadWarmup   1: 16777216 op, 779268360.00 ns, 46.4480 ns/op
WorkloadWarmup   2: 16777216 op, 751213179.00 ns, 44.7758 ns/op
WorkloadWarmup   3: 16777216 op, 756826188.00 ns, 45.1104 ns/op
WorkloadWarmup   4: 16777216 op, 742432324.00 ns, 44.2524 ns/op
WorkloadWarmup   5: 16777216 op, 748062873.00 ns, 44.5880 ns/op
WorkloadWarmup   6: 16777216 op, 746996400.00 ns, 44.5245 ns/op

// BeforeActualRun
WorkloadActual   1: 16777216 op, 747143123.00 ns, 44.5332 ns/op
WorkloadActual   2: 16777216 op, 741582848.00 ns, 44.2018 ns/op
WorkloadActual   3: 16777216 op, 740627885.00 ns, 44.1449 ns/op
WorkloadActual   4: 16777216 op, 741116195.00 ns, 44.1740 ns/op
WorkloadActual   5: 16777216 op, 752336500.00 ns, 44.8427 ns/op
WorkloadActual   6: 16777216 op, 746675720.00 ns, 44.5053 ns/op
WorkloadActual   7: 16777216 op, 751922374.00 ns, 44.8181 ns/op
WorkloadActual   8: 16777216 op, 743257641.00 ns, 44.3016 ns/op
WorkloadActual   9: 16777216 op, 748454472.00 ns, 44.6114 ns/op
WorkloadActual  10: 16777216 op, 748644436.00 ns, 44.6227 ns/op
WorkloadActual  11: 16777216 op, 753730011.00 ns, 44.9258 ns/op
WorkloadActual  12: 16777216 op, 756662221.00 ns, 45.1006 ns/op
WorkloadActual  13: 16777216 op, 758067935.00 ns, 45.1844 ns/op
WorkloadActual  14: 16777216 op, 743354468.00 ns, 44.3074 ns/op
WorkloadActual  15: 16777216 op, 755877860.00 ns, 45.0538 ns/op

// AfterActualRun
WorkloadResult   1: 16777216 op, 711444116.00 ns, 42.4054 ns/op
WorkloadResult   2: 16777216 op, 705883841.00 ns, 42.0740 ns/op
WorkloadResult   3: 16777216 op, 704928878.00 ns, 42.0170 ns/op
WorkloadResult   4: 16777216 op, 705417188.00 ns, 42.0461 ns/op
WorkloadResult   5: 16777216 op, 716637493.00 ns, 42.7149 ns/op
WorkloadResult   6: 16777216 op, 710976713.00 ns, 42.3775 ns/op
WorkloadResult   7: 16777216 op, 716223367.00 ns, 42.6902 ns/op
WorkloadResult   8: 16777216 op, 707558634.00 ns, 42.1738 ns/op
WorkloadResult   9: 16777216 op, 712755465.00 ns, 42.4835 ns/op
WorkloadResult  10: 16777216 op, 712945429.00 ns, 42.4949 ns/op
WorkloadResult  11: 16777216 op, 718031004.00 ns, 42.7980 ns/op
WorkloadResult  12: 16777216 op, 720963214.00 ns, 42.9728 ns/op
WorkloadResult  13: 16777216 op, 722368928.00 ns, 43.0565 ns/op
WorkloadResult  14: 16777216 op, 707655461.00 ns, 42.1796 ns/op
WorkloadResult  15: 16777216 op, 720178853.00 ns, 42.9260 ns/op
// GC:  9 0 0 805306368 16777216
// Threading:  0 0 16777216

// AfterAll
// Benchmark Process 3889 has exited with code 0.

Mean = 42.494 ns, StdErr = 0.091 ns (0.21%), N = 15, StdDev = 0.352 ns
Min = 42.017 ns, Q1 = 42.177 ns, Median = 42.484 ns, Q3 = 42.756 ns, Max = 43.057 ns
IQR = 0.580 ns, LowerFence = 41.307 ns, UpperFence = 43.626 ns
ConfidenceInterval = [42.117 ns; 42.871 ns] (CI 99.9%), Margin = 0.377 ns (0.89% of Mean)
Skewness = 0.12, Kurtosis = 1.48, MValue = 2

// ** Remained 107 (89.2 %) benchmark(s) to run. Estimated finish 2026-09-06 6:56 (0h 18m from now) **
// **************************
// Benchmark: ParsingBenchmarks.Parse_Cbu_String: .NET 10.0(Runtime=.NET 10.0, Toolchain=net10.0)
// *** Execute ***
// Launch: 1 / 1
// Execute: dotnet "EricksonLopez.ValueObjects.Benchmarks-.NET 10.0-1.dll" --anonymousPipes 129 130 --benchmarkName EricksonLopez.ValueObjects.Benchmarks.ParsingBenchmarks.Parse_Cbu_String --job ".NET 10.0" --benchmarkId 9 in /home/runner/work/dotnet-value-objects/dotnet-value-objects/benchmarks/EricksonLopez.ValueObjects.Benchmarks/bin/Release/net10.0/EricksonLopez.ValueObjects.Benchmarks-.NET 10.0-1/bin/Release/net10.0
// Failed to set up high priority (Permission denied). In order to run benchmarks with high priority, make sure you have the right permissions.
// BeforeAnythingElse

// Benchmark Process Environment Information:
// BenchmarkDotNet v0.15.8
// Runtime=.NET 10.0.11 (10.0.11, 10.0.1126.37416), X64 RyuJIT x86-64-v4
// GC=Concurrent Workstation
// HardwareIntrinsics=AVX512 BITALG+VBMI2+VNNI+VPOPCNTDQ,AVX512 IFMA+VBMI,AVX512 F+BW+CD+DQ+VL,AVX2+BMI1+BMI2+F16C+FMA+LZCNT+MOVBE,AVX,SSE3+SSSE3+SSE4.1+SSE4.2+POPCNT,X86Base+SSE+SSE2,AES+PCLMUL,AvxVnni,SERIALIZE VectorSize=256
// Job: .NET 10.0

OverheadJitting  1: 1 op, 191317.00 ns, 191.3170 us/op

System.Reflection.TargetInvocationException: Exception has been thrown by the target of an invocation.
 ---> System.FormatException: Invalid CBU: '0110599520000001234567'.
   at EricksonLopez.ValueObjects.Fiscal.Argentina.Cbu.Parse(String s, IFormatProvider provider) in /_/src/EricksonLopez.ValueObjects.Fiscal.Argentina/Cbu.cs:line 175
   at EricksonLopez.ValueObjects.Benchmarks.ParsingBenchmarks.Parse_Cbu_String() in /_/benchmarks/EricksonLopez.ValueObjects.Benchmarks/ParsingBenchmarks.cs:line 54
   at BenchmarkDotNet.Autogenerated.Runnable_9.WorkloadActionNoUnroll(Int64 invokeCount) in /_/benchmarks/EricksonLopez.ValueObjects.Benchmarks/bin/Release/net10.0/EricksonLopez.ValueObjects.Benchmarks-.NET 10.0-1/EricksonLopez.ValueObjects.Benchmarks-.NET 10.0-1.notcs:line 2146
   at BenchmarkDotNet.Engines.Engine.Measure(Action`1 action, Int64 invokeCount)
   at BenchmarkDotNet.Engines.Engine.RunIteration(IterationData data)
   at BenchmarkDotNet.Engines.EngineFactory.Jit(Engine engine, Int32 jitIndex, Int32 invokeCount, Int32 unrollFactor)
   at BenchmarkDotNet.Engines.EngineFactory.CreateReadyToRun(EngineParameters engineParameters)
   at BenchmarkDotNet.Autogenerated.Runnable_9.Run(IHost host, String benchmarkName) in /_/benchmarks/EricksonLopez.ValueObjects.Benchmarks/bin/Release/net10.0/EricksonLopez.ValueObjects.Benchmarks-.NET 10.0-1/EricksonLopez.ValueObjects.Benchmarks-.NET 10.0-1.notcs:line 2004
   at System.Reflection.MethodBaseInvoker.InterpretedInvoke_Method(Object obj, IntPtr* args)
   at System.Reflection.MethodBaseInvoker.InvokeDirectByRefWithFewArgs(Object obj, Span`1 copyOfArgs, BindingFlags invokeAttr)
   --- End of inner exception stack trace ---
   at System.Reflection.MethodBaseInvoker.InvokeDirectByRefWithFewArgs(Object obj, Span`1 copyOfArgs, BindingFlags invokeAttr)
   at System.Reflection.MethodBaseInvoker.InvokeWithFewArgs(Object obj, BindingFlags invokeAttr, Binder binder, Object[] parameters, CultureInfo culture)
   at System.Reflection.RuntimeMethodInfo.Invoke(Object obj, BindingFlags invokeAttr, Binder binder, Object[] parameters, CultureInfo culture)
   at BenchmarkDotNet.Autogenerated.UniqueProgramName.AfterAssemblyLoadingAttached(String[] args) in /_/benchmarks/EricksonLopez.ValueObjects.Benchmarks/bin/Release/net10.0/EricksonLopez.ValueObjects.Benchmarks-.NET 10.0-1/EricksonLopez.ValueObjects.Benchmarks-.NET 10.0-1.notcs:line 57
// AfterAll
No Workload Results were obtained from the run.
// Benchmark Process 3902 has exited with code 255.

// ** Remained 106 (88.3 %) benchmark(s) to run. Estimated finish 2026-09-06 6:55 (0h 16m from now) **
// **************************
// Benchmark: ParsingBenchmarks.Parse_Cbu_Span: .NET 10.0(Runtime=.NET 10.0, Toolchain=net10.0)
// *** Execute ***
// Launch: 1 / 1
// Execute: dotnet "EricksonLopez.ValueObjects.Benchmarks-.NET 10.0-1.dll" --anonymousPipes 129 130 --benchmarkName EricksonLopez.ValueObjects.Benchmarks.ParsingBenchmarks.Parse_Cbu_Span --job ".NET 10.0" --benchmarkId 10 in /home/runner/work/dotnet-value-objects/dotnet-value-objects/benchmarks/EricksonLopez.ValueObjects.Benchmarks/bin/Release/net10.0/EricksonLopez.ValueObjects.Benchmarks-.NET 10.0-1/bin/Release/net10.0
// Failed to set up high priority (Permission denied). In order to run benchmarks with high priority, make sure you have the right permissions.
// BeforeAnythingElse

// Benchmark Process Environment Information:
// BenchmarkDotNet v0.15.8
// Runtime=.NET 10.0.11 (10.0.11, 10.0.1126.37416), X64 RyuJIT x86-64-v4
// GC=Concurrent Workstation
// HardwareIntrinsics=AVX512 BITALG+VBMI2+VNNI+VPOPCNTDQ,AVX512 IFMA+VBMI,AVX512 F+BW+CD+DQ+VL,AVX2+BMI1+BMI2+F16C+FMA+LZCNT+MOVBE,AVX,SSE3+SSSE3+SSE4.1+SSE4.2+POPCNT,X86Base+SSE+SSE2,AES+PCLMUL,AvxVnni,SERIALIZE VectorSize=256
// Job: .NET 10.0

OverheadJitting  1: 1 op, 185635.00 ns, 185.6350 us/op

System.Reflection.TargetInvocationException: Exception has been thrown by the target of an invocation.
 ---> System.FormatException: Invalid CBU: '0110599520000001234567'.
   at EricksonLopez.ValueObjects.Fiscal.Argentina.Cbu.Parse(ReadOnlySpan`1 s, IFormatProvider provider) in /_/src/EricksonLopez.ValueObjects.Fiscal.Argentina/Cbu.cs:line 179
   at EricksonLopez.ValueObjects.Benchmarks.ParsingBenchmarks.Parse_Cbu_Span() in /_/benchmarks/EricksonLopez.ValueObjects.Benchmarks/ParsingBenchmarks.cs:line 57
   at BenchmarkDotNet.Autogenerated.Runnable_10.WorkloadActionNoUnroll(Int64 invokeCount) in /_/benchmarks/EricksonLopez.ValueObjects.Benchmarks/bin/Release/net10.0/EricksonLopez.ValueObjects.Benchmarks-.NET 10.0-1/EricksonLopez.ValueObjects.Benchmarks-.NET 10.0-1.notcs:line 2354
   at BenchmarkDotNet.Engines.Engine.Measure(Action`1 action, Int64 invokeCount)
   at BenchmarkDotNet.Engines.Engine.RunIteration(IterationData data)
   at BenchmarkDotNet.Engines.EngineFactory.Jit(Engine engine, Int32 jitIndex, Int32 invokeCount, Int32 unrollFactor)
   at BenchmarkDotNet.Engines.EngineFactory.CreateReadyToRun(EngineParameters engineParameters)
   at BenchmarkDotNet.Autogenerated.Runnable_10.Run(IHost host, String benchmarkName) in /_/benchmarks/EricksonLopez.ValueObjects.Benchmarks/bin/Release/net10.0/EricksonLopez.ValueObjects.Benchmarks-.NET 10.0-1/EricksonLopez.ValueObjects.Benchmarks-.NET 10.0-1.notcs:line 2212
   at System.Reflection.MethodBaseInvoker.InterpretedInvoke_Method(Object obj, IntPtr* args)
   at System.Reflection.MethodBaseInvoker.InvokeDirectByRefWithFewArgs(Object obj, Span`1 copyOfArgs, BindingFlags invokeAttr)
   --- End of inner exception stack trace ---
   at System.Reflection.MethodBaseInvoker.InvokeDirectByRefWithFewArgs(Object obj, Span`1 copyOfArgs, BindingFlags invokeAttr)
   at System.Reflection.MethodBaseInvoker.InvokeWithFewArgs(Object obj, BindingFlags invokeAttr, Binder binder, Object[] parameters, CultureInfo culture)
   at System.Reflection.RuntimeMethodInfo.Invoke(Object obj, BindingFlags invokeAttr, Binder binder, Object[] parameters, CultureInfo culture)
   at BenchmarkDotNet.Autogenerated.UniqueProgramName.AfterAssemblyLoadingAttached(String[] args) in /_/benchmarks/EricksonLopez.ValueObjects.Benchmarks/bin/Release/net10.0/EricksonLopez.ValueObjects.Benchmarks-.NET 10.0-1/EricksonLopez.ValueObjects.Benchmarks-.NET 10.0-1.notcs:line 57
// AfterAll
No Workload Results were obtained from the run.
// Benchmark Process 3910 has exited with code 255.

// ** Remained 105 (87.5 %) benchmark(s) to run. Estimated finish 2026-09-06 6:54 (0h 15m from now) **
// **************************
// Benchmark: ParsingBenchmarks.Parse_Cbu_Utf8: .NET 10.0(Runtime=.NET 10.0, Toolchain=net10.0)
// *** Execute ***
// Launch: 1 / 1
// Execute: dotnet "EricksonLopez.ValueObjects.Benchmarks-.NET 10.0-1.dll" --anonymousPipes 129 130 --benchmarkName EricksonLopez.ValueObjects.Benchmarks.ParsingBenchmarks.Parse_Cbu_Utf8 --job ".NET 10.0" --benchmarkId 11 in /home/runner/work/dotnet-value-objects/dotnet-value-objects/benchmarks/EricksonLopez.ValueObjects.Benchmarks/bin/Release/net10.0/EricksonLopez.ValueObjects.Benchmarks-.NET 10.0-1/bin/Release/net10.0
// Failed to set up high priority (Permission denied). In order to run benchmarks with high priority, make sure you have the right permissions.
// BeforeAnythingElse

// Benchmark Process Environment Information:
// BenchmarkDotNet v0.15.8
// Runtime=.NET 10.0.11 (10.0.11, 10.0.1126.37416), X64 RyuJIT x86-64-v4
// GC=Concurrent Workstation
// HardwareIntrinsics=AVX512 BITALG+VBMI2+VNNI+VPOPCNTDQ,AVX512 IFMA+VBMI,AVX512 F+BW+CD+DQ+VL,AVX2+BMI1+BMI2+F16C+FMA+LZCNT+MOVBE,AVX,SSE3+SSSE3+SSE4.1+SSE4.2+POPCNT,X86Base+SSE+SSE2,AES+PCLMUL,AvxVnni,SERIALIZE VectorSize=256
// Job: .NET 10.0

OverheadJitting  1: 1 op, 201633.00 ns, 201.6330 us/op

System.Reflection.TargetInvocationException: Exception has been thrown by the target of an invocation.
 ---> System.FormatException: Invalid UTF-8 CBU representation.
   at EricksonLopez.ValueObjects.Fiscal.Argentina.Cbu.Parse(ReadOnlySpan`1 utf8Text, IFormatProvider provider) in /_/src/EricksonLopez.ValueObjects.Fiscal.Argentina/Cbu.cs:line 195
   at EricksonLopez.ValueObjects.Benchmarks.ParsingBenchmarks.Parse_Cbu_Utf8() in /_/benchmarks/EricksonLopez.ValueObjects.Benchmarks/ParsingBenchmarks.cs:line 60
   at BenchmarkDotNet.Autogenerated.Runnable_11.WorkloadActionNoUnroll(Int64 invokeCount) in /_/benchmarks/EricksonLopez.ValueObjects.Benchmarks/bin/Release/net10.0/EricksonLopez.ValueObjects.Benchmarks-.NET 10.0-1/EricksonLopez.ValueObjects.Benchmarks-.NET 10.0-1.notcs:line 2562
   at BenchmarkDotNet.Engines.Engine.Measure(Action`1 action, Int64 invokeCount)
   at BenchmarkDotNet.Engines.Engine.RunIteration(IterationData data)
   at BenchmarkDotNet.Engines.EngineFactory.Jit(Engine engine, Int32 jitIndex, Int32 invokeCount, Int32 unrollFactor)
   at BenchmarkDotNet.Engines.EngineFactory.CreateReadyToRun(EngineParameters engineParameters)
   at BenchmarkDotNet.Autogenerated.Runnable_11.Run(IHost host, String benchmarkName) in /_/benchmarks/EricksonLopez.ValueObjects.Benchmarks/bin/Release/net10.0/EricksonLopez.ValueObjects.Benchmarks-.NET 10.0-1/EricksonLopez.ValueObjects.Benchmarks-.NET 10.0-1.notcs:line 2420
   at System.Reflection.MethodBaseInvoker.InterpretedInvoke_Method(Object obj, IntPtr* args)
   at System.Reflection.MethodBaseInvoker.InvokeDirectByRefWithFewArgs(Object obj, Span`1 copyOfArgs, BindingFlags invokeAttr)
   --- End of inner exception stack trace ---
   at System.Reflection.MethodBaseInvoker.InvokeDirectByRefWithFewArgs(Object obj, Span`1 copyOfArgs, BindingFlags invokeAttr)
   at System.Reflection.MethodBaseInvoker.InvokeWithFewArgs(Object obj, BindingFlags invokeAttr, Binder binder, Object[] parameters, CultureInfo culture)
   at System.Reflection.RuntimeMethodInfo.Invoke(Object obj, BindingFlags invokeAttr, Binder binder, Object[] parameters, CultureInfo culture)
   at BenchmarkDotNet.Autogenerated.UniqueProgramName.AfterAssemblyLoadingAttached(String[] args) in /_/benchmarks/EricksonLopez.ValueObjects.Benchmarks/bin/Release/net10.0/EricksonLopez.ValueObjects.Benchmarks-.NET 10.0-1/EricksonLopez.ValueObjects.Benchmarks-.NET 10.0-1.notcs:line 57
// AfterAll
No Workload Results were obtained from the run.
// Benchmark Process 3917 has exited with code 255.

// ** Remained 104 (86.7 %) benchmark(s) to run. Estimated finish 2026-09-06 6:53 (0h 14m from now) **
// Build Error: Standard output: 
  
 Standard error: 
   Determining projects to restore...
/home/runner/work/dotnet-value-objects/dotnet-value-objects/benchmarks/EricksonLopez.ValueObjects.Benchmarks/bin/Release/net10.0/EricksonLopez.ValueObjects.Benchmarks-.NET 8.0-2/BenchmarkDotNet.Autogenerated.csproj : error NU1201: Project EricksonLopez.ValueObjects.Benchmarks is not compatible with net8.0 (.NETCoreApp,Version=v8.0). Project EricksonLopez.ValueObjects.Benchmarks supports: net10.0 (.NETCoreApp,Version=v10.0)
  Failed to restore /home/runner/work/dotnet-value-objects/dotnet-value-objects/benchmarks/EricksonLopez.ValueObjects.Benchmarks/bin/Release/net10.0/EricksonLopez.ValueObjects.Benchmarks-.NET 8.0-2/BenchmarkDotNet.Autogenerated.csproj (in 209 ms).
  5 of 6 projects are up-to-date for restore.

// BenchmarkDotNet has failed to build the auto-generated boilerplate code.
// It can be found in /home/runner/work/dotnet-value-objects/dotnet-value-objects/benchmarks/EricksonLopez.ValueObjects.Benchmarks/bin/Release/net10.0/EricksonLopez.ValueObjects.Benchmarks-.NET 8.0-2
// Please follow the troubleshooting guide: https://benchmarkdotnet.org/articles/guides/troubleshooting.html

// ** Remained 103 (85.8 %) benchmark(s) to run. Estimated finish 2026-09-06 6:52 (0h 13m from now) **
// Build Error: Standard output: 
  
 Standard error: 
   Determining projects to restore...
/home/runner/work/dotnet-value-objects/dotnet-value-objects/benchmarks/EricksonLopez.ValueObjects.Benchmarks/bin/Release/net10.0/EricksonLopez.ValueObjects.Benchmarks-.NET 8.0-2/BenchmarkDotNet.Autogenerated.csproj : error NU1201: Project EricksonLopez.ValueObjects.Benchmarks is not compatible with net8.0 (.NETCoreApp,Version=v8.0). Project EricksonLopez.ValueObjects.Benchmarks supports: net10.0 (.NETCoreApp,Version=v10.0)
  Failed to restore /home/runner/work/dotnet-value-objects/dotnet-value-objects/benchmarks/EricksonLopez.ValueObjects.Benchmarks/bin/Release/net10.0/EricksonLopez.ValueObjects.Benchmarks-.NET 8.0-2/BenchmarkDotNet.Autogenerated.csproj (in 209 ms).
  5 of 6 projects are up-to-date for restore.

// BenchmarkDotNet has failed to build the auto-generated boilerplate code.
// It can be found in /home/runner/work/dotnet-value-objects/dotnet-value-objects/benchmarks/EricksonLopez.ValueObjects.Benchmarks/bin/Release/net10.0/EricksonLopez.ValueObjects.Benchmarks-.NET 8.0-2
// Please follow the troubleshooting guide: https://benchmarkdotnet.org/articles/guides/troubleshooting.html

// ** Remained 102 (85.0 %) benchmark(s) to run. Estimated finish 2026-09-06 6:51 (0h 12m from now) **
// Build Error: Standard output: 
  
 Standard error: 
   Determining projects to restore...
/home/runner/work/dotnet-value-objects/dotnet-value-objects/benchmarks/EricksonLopez.ValueObjects.Benchmarks/bin/Release/net10.0/EricksonLopez.ValueObjects.Benchmarks-.NET 8.0-2/BenchmarkDotNet.Autogenerated.csproj : error NU1201: Project EricksonLopez.ValueObjects.Benchmarks is not compatible with net8.0 (.NETCoreApp,Version=v8.0). Project EricksonLopez.ValueObjects.Benchmarks supports: net10.0 (.NETCoreApp,Version=v10.0)
  Failed to restore /home/runner/work/dotnet-value-objects/dotnet-value-objects/benchmarks/EricksonLopez.ValueObjects.Benchmarks/bin/Release/net10.0/EricksonLopez.ValueObjects.Benchmarks-.NET 8.0-2/BenchmarkDotNet.Autogenerated.csproj (in 209 ms).
  5 of 6 projects are up-to-date for restore.

// BenchmarkDotNet has failed to build the auto-generated boilerplate code.
// It can be found in /home/runner/work/dotnet-value-objects/dotnet-value-objects/benchmarks/EricksonLopez.ValueObjects.Benchmarks/bin/Release/net10.0/EricksonLopez.ValueObjects.Benchmarks-.NET 8.0-2
// Please follow the troubleshooting guide: https://benchmarkdotnet.org/articles/guides/troubleshooting.html

// ** Remained 101 (84.2 %) benchmark(s) to run. Estimated finish 2026-09-06 6:50 (0h 11m from now) **
// Build Error: Standard output: 
  
 Standard error: 
   Determining projects to restore...
/home/runner/work/dotnet-value-objects/dotnet-value-objects/benchmarks/EricksonLopez.ValueObjects.Benchmarks/bin/Release/net10.0/EricksonLopez.ValueObjects.Benchmarks-.NET 8.0-2/BenchmarkDotNet.Autogenerated.csproj : error NU1201: Project EricksonLopez.ValueObjects.Benchmarks is not compatible with net8.0 (.NETCoreApp,Version=v8.0). Project EricksonLopez.ValueObjects.Benchmarks supports: net10.0 (.NETCoreApp,Version=v10.0)
  Failed to restore /home/runner/work/dotnet-value-objects/dotnet-value-objects/benchmarks/EricksonLopez.ValueObjects.Benchmarks/bin/Release/net10.0/EricksonLopez.ValueObjects.Benchmarks-.NET 8.0-2/BenchmarkDotNet.Autogenerated.csproj (in 209 ms).
  5 of 6 projects are up-to-date for restore.

// BenchmarkDotNet has failed to build the auto-generated boilerplate code.
// It can be found in /home/runner/work/dotnet-value-objects/dotnet-value-objects/benchmarks/EricksonLopez.ValueObjects.Benchmarks/bin/Release/net10.0/EricksonLopez.ValueObjects.Benchmarks-.NET 8.0-2
// Please follow the troubleshooting guide: https://benchmarkdotnet.org/articles/guides/troubleshooting.html

// ** Remained 100 (83.3 %) benchmark(s) to run. Estimated finish 2026-09-06 6:49 (0h 11m from now) **
// Build Error: Standard output: 
  
 Standard error: 
   Determining projects to restore...
/home/runner/work/dotnet-value-objects/dotnet-value-objects/benchmarks/EricksonLopez.ValueObjects.Benchmarks/bin/Release/net10.0/EricksonLopez.ValueObjects.Benchmarks-.NET 8.0-2/BenchmarkDotNet.Autogenerated.csproj : error NU1201: Project EricksonLopez.ValueObjects.Benchmarks is not compatible with net8.0 (.NETCoreApp,Version=v8.0). Project EricksonLopez.ValueObjects.Benchmarks supports: net10.0 (.NETCoreApp,Version=v10.0)
  Failed to restore /home/runner/work/dotnet-value-objects/dotnet-value-objects/benchmarks/EricksonLopez.ValueObjects.Benchmarks/bin/Release/net10.0/EricksonLopez.ValueObjects.Benchmarks-.NET 8.0-2/BenchmarkDotNet.Autogenerated.csproj (in 209 ms).
  5 of 6 projects are up-to-date for restore.

// BenchmarkDotNet has failed to build the auto-generated boilerplate code.
// It can be found in /home/runner/work/dotnet-value-objects/dotnet-value-objects/benchmarks/EricksonLopez.ValueObjects.Benchmarks/bin/Release/net10.0/EricksonLopez.ValueObjects.Benchmarks-.NET 8.0-2
// Please follow the troubleshooting guide: https://benchmarkdotnet.org/articles/guides/troubleshooting.html

// ** Remained 99 (82.5 %) benchmark(s) to run. Estimated finish 2026-09-06 6:49 (0h 10m from now) **
// Build Error: Standard output: 
  
 Standard error: 
   Determining projects to restore...
/home/runner/work/dotnet-value-objects/dotnet-value-objects/benchmarks/EricksonLopez.ValueObjects.Benchmarks/bin/Release/net10.0/EricksonLopez.ValueObjects.Benchmarks-.NET 8.0-2/BenchmarkDotNet.Autogenerated.csproj : error NU1201: Project EricksonLopez.ValueObjects.Benchmarks is not compatible with net8.0 (.NETCoreApp,Version=v8.0). Project EricksonLopez.ValueObjects.Benchmarks supports: net10.0 (.NETCoreApp,Version=v10.0)
  Failed to restore /home/runner/work/dotnet-value-objects/dotnet-value-objects/benchmarks/EricksonLopez.ValueObjects.Benchmarks/bin/Release/net10.0/EricksonLopez.ValueObjects.Benchmarks-.NET 8.0-2/BenchmarkDotNet.Autogenerated.csproj (in 209 ms).
  5 of 6 projects are up-to-date for restore.

// BenchmarkDotNet has failed to build the auto-generated boilerplate code.
// It can be found in /home/runner/work/dotnet-value-objects/dotnet-value-objects/benchmarks/EricksonLopez.ValueObjects.Benchmarks/bin/Release/net10.0/EricksonLopez.ValueObjects.Benchmarks-.NET 8.0-2
// Please follow the troubleshooting guide: https://benchmarkdotnet.org/articles/guides/troubleshooting.html

// ** Remained 98 (81.7 %) benchmark(s) to run. Estimated finish 2026-09-06 6:48 (0h 9m from now) **
// Build Error: Standard output: 
  
 Standard error: 
   Determining projects to restore...
/home/runner/work/dotnet-value-objects/dotnet-value-objects/benchmarks/EricksonLopez.ValueObjects.Benchmarks/bin/Release/net10.0/EricksonLopez.ValueObjects.Benchmarks-.NET 8.0-2/BenchmarkDotNet.Autogenerated.csproj : error NU1201: Project EricksonLopez.ValueObjects.Benchmarks is not compatible with net8.0 (.NETCoreApp,Version=v8.0). Project EricksonLopez.ValueObjects.Benchmarks supports: net10.0 (.NETCoreApp,Version=v10.0)
  Failed to restore /home/runner/work/dotnet-value-objects/dotnet-value-objects/benchmarks/EricksonLopez.ValueObjects.Benchmarks/bin/Release/net10.0/EricksonLopez.ValueObjects.Benchmarks-.NET 8.0-2/BenchmarkDotNet.Autogenerated.csproj (in 209 ms).
  5 of 6 projects are up-to-date for restore.

// BenchmarkDotNet has failed to build the auto-generated boilerplate code.
// It can be found in /home/runner/work/dotnet-value-objects/dotnet-value-objects/benchmarks/EricksonLopez.ValueObjects.Benchmarks/bin/Release/net10.0/EricksonLopez.ValueObjects.Benchmarks-.NET 8.0-2
// Please follow the troubleshooting guide: https://benchmarkdotnet.org/articles/guides/troubleshooting.html

// ** Remained 97 (80.8 %) benchmark(s) to run. Estimated finish 2026-09-06 6:48 (0h 9m from now) **
// Build Error: Standard output: 
  
 Standard error: 
   Determining projects to restore...
/home/runner/work/dotnet-value-objects/dotnet-value-objects/benchmarks/EricksonLopez.ValueObjects.Benchmarks/bin/Release/net10.0/EricksonLopez.ValueObjects.Benchmarks-.NET 8.0-2/BenchmarkDotNet.Autogenerated.csproj : error NU1201: Project EricksonLopez.ValueObjects.Benchmarks is not compatible with net8.0 (.NETCoreApp,Version=v8.0). Project EricksonLopez.ValueObjects.Benchmarks supports: net10.0 (.NETCoreApp,Version=v10.0)
  Failed to restore /home/runner/work/dotnet-value-objects/dotnet-value-objects/benchmarks/EricksonLopez.ValueObjects.Benchmarks/bin/Release/net10.0/EricksonLopez.ValueObjects.Benchmarks-.NET 8.0-2/BenchmarkDotNet.Autogenerated.csproj (in 209 ms).
  5 of 6 projects are up-to-date for restore.

// BenchmarkDotNet has failed to build the auto-generated boilerplate code.
// It can be found in /home/runner/work/dotnet-value-objects/dotnet-value-objects/benchmarks/EricksonLopez.ValueObjects.Benchmarks/bin/Release/net10.0/EricksonLopez.ValueObjects.Benchmarks-.NET 8.0-2
// Please follow the troubleshooting guide: https://benchmarkdotnet.org/articles/guides/troubleshooting.html

// ** Remained 96 (80.0 %) benchmark(s) to run. Estimated finish 2026-09-06 6:47 (0h 8m from now) **
// Build Error: Standard output: 
  
 Standard error: 
   Determining projects to restore...
/home/runner/work/dotnet-value-objects/dotnet-value-objects/benchmarks/EricksonLopez.ValueObjects.Benchmarks/bin/Release/net10.0/EricksonLopez.ValueObjects.Benchmarks-.NET 8.0-2/BenchmarkDotNet.Autogenerated.csproj : error NU1201: Project EricksonLopez.ValueObjects.Benchmarks is not compatible with net8.0 (.NETCoreApp,Version=v8.0). Project EricksonLopez.ValueObjects.Benchmarks supports: net10.0 (.NETCoreApp,Version=v10.0)
  Failed to restore /home/runner/work/dotnet-value-objects/dotnet-value-objects/benchmarks/EricksonLopez.ValueObjects.Benchmarks/bin/Release/net10.0/EricksonLopez.ValueObjects.Benchmarks-.NET 8.0-2/BenchmarkDotNet.Autogenerated.csproj (in 209 ms).
  5 of 6 projects are up-to-date for restore.

// BenchmarkDotNet has failed to build the auto-generated boilerplate code.
// It can be found in /home/runner/work/dotnet-value-objects/dotnet-value-objects/benchmarks/EricksonLopez.ValueObjects.Benchmarks/bin/Release/net10.0/EricksonLopez.ValueObjects.Benchmarks-.NET 8.0-2
// Please follow the troubleshooting guide: https://benchmarkdotnet.org/articles/guides/troubleshooting.html

// ** Remained 95 (79.2 %) benchmark(s) to run. Estimated finish 2026-09-06 6:47 (0h 8m from now) **
// Build Error: Standard output: 
  
 Standard error: 
   Determining projects to restore...
/home/runner/work/dotnet-value-objects/dotnet-value-objects/benchmarks/EricksonLopez.ValueObjects.Benchmarks/bin/Release/net10.0/EricksonLopez.ValueObjects.Benchmarks-.NET 8.0-2/BenchmarkDotNet.Autogenerated.csproj : error NU1201: Project EricksonLopez.ValueObjects.Benchmarks is not compatible with net8.0 (.NETCoreApp,Version=v8.0). Project EricksonLopez.ValueObjects.Benchmarks supports: net10.0 (.NETCoreApp,Version=v10.0)
  Failed to restore /home/runner/work/dotnet-value-objects/dotnet-value-objects/benchmarks/EricksonLopez.ValueObjects.Benchmarks/bin/Release/net10.0/EricksonLopez.ValueObjects.Benchmarks-.NET 8.0-2/BenchmarkDotNet.Autogenerated.csproj (in 209 ms).
  5 of 6 projects are up-to-date for restore.

// BenchmarkDotNet has failed to build the auto-generated boilerplate code.
// It can be found in /home/runner/work/dotnet-value-objects/dotnet-value-objects/benchmarks/EricksonLopez.ValueObjects.Benchmarks/bin/Release/net10.0/EricksonLopez.ValueObjects.Benchmarks-.NET 8.0-2
// Please follow the troubleshooting guide: https://benchmarkdotnet.org/articles/guides/troubleshooting.html

// ** Remained 94 (78.3 %) benchmark(s) to run. Estimated finish 2026-09-06 6:46 (0h 8m from now) **
// Build Error: Standard output: 
  
 Standard error: 
   Determining projects to restore...
/home/runner/work/dotnet-value-objects/dotnet-value-objects/benchmarks/EricksonLopez.ValueObjects.Benchmarks/bin/Release/net10.0/EricksonLopez.ValueObjects.Benchmarks-.NET 9.0-3/BenchmarkDotNet.Autogenerated.csproj : error NU1201: Project EricksonLopez.ValueObjects.Benchmarks is not compatible with net9.0 (.NETCoreApp,Version=v9.0). Project EricksonLopez.ValueObjects.Benchmarks supports: net10.0 (.NETCoreApp,Version=v10.0)
  Failed to restore /home/runner/work/dotnet-value-objects/dotnet-value-objects/benchmarks/EricksonLopez.ValueObjects.Benchmarks/bin/Release/net10.0/EricksonLopez.ValueObjects.Benchmarks-.NET 9.0-3/BenchmarkDotNet.Autogenerated.csproj (in 221 ms).
  5 of 6 projects are up-to-date for restore.

// BenchmarkDotNet has failed to build the auto-generated boilerplate code.
// It can be found in /home/runner/work/dotnet-value-objects/dotnet-value-objects/benchmarks/EricksonLopez.ValueObjects.Benchmarks/bin/Release/net10.0/EricksonLopez.ValueObjects.Benchmarks-.NET 9.0-3
// Please follow the troubleshooting guide: https://benchmarkdotnet.org/articles/guides/troubleshooting.html

// ** Remained 93 (77.5 %) benchmark(s) to run. Estimated finish 2026-09-06 6:46 (0h 7m from now) **
// Build Error: Standard output: 
  
 Standard error: 
   Determining projects to restore...
/home/runner/work/dotnet-value-objects/dotnet-value-objects/benchmarks/EricksonLopez.ValueObjects.Benchmarks/bin/Release/net10.0/EricksonLopez.ValueObjects.Benchmarks-.NET 9.0-3/BenchmarkDotNet.Autogenerated.csproj : error NU1201: Project EricksonLopez.ValueObjects.Benchmarks is not compatible with net9.0 (.NETCoreApp,Version=v9.0). Project EricksonLopez.ValueObjects.Benchmarks supports: net10.0 (.NETCoreApp,Version=v10.0)
  Failed to restore /home/runner/work/dotnet-value-objects/dotnet-value-objects/benchmarks/EricksonLopez.ValueObjects.Benchmarks/bin/Release/net10.0/EricksonLopez.ValueObjects.Benchmarks-.NET 9.0-3/BenchmarkDotNet.Autogenerated.csproj (in 221 ms).
  5 of 6 projects are up-to-date for restore.

// BenchmarkDotNet has failed to build the auto-generated boilerplate code.
// It can be found in /home/runner/work/dotnet-value-objects/dotnet-value-objects/benchmarks/EricksonLopez.ValueObjects.Benchmarks/bin/Release/net10.0/EricksonLopez.ValueObjects.Benchmarks-.NET 9.0-3
// Please follow the troubleshooting guide: https://benchmarkdotnet.org/articles/guides/troubleshooting.html

// ** Remained 92 (76.7 %) benchmark(s) to run. Estimated finish 2026-09-06 6:46 (0h 7m from now) **
// Build Error: Standard output: 
  
 Standard error: 
   Determining projects to restore...
/home/runner/work/dotnet-value-objects/dotnet-value-objects/benchmarks/EricksonLopez.ValueObjects.Benchmarks/bin/Release/net10.0/EricksonLopez.ValueObjects.Benchmarks-.NET 9.0-3/BenchmarkDotNet.Autogenerated.csproj : error NU1201: Project EricksonLopez.ValueObjects.Benchmarks is not compatible with net9.0 (.NETCoreApp,Version=v9.0). Project EricksonLopez.ValueObjects.Benchmarks supports: net10.0 (.NETCoreApp,Version=v10.0)
  Failed to restore /home/runner/work/dotnet-value-objects/dotnet-value-objects/benchmarks/EricksonLopez.ValueObjects.Benchmarks/bin/Release/net10.0/EricksonLopez.ValueObjects.Benchmarks-.NET 9.0-3/BenchmarkDotNet.Autogenerated.csproj (in 221 ms).
  5 of 6 projects are up-to-date for restore.

// BenchmarkDotNet has failed to build the auto-generated boilerplate code.
// It can be found in /home/runner/work/dotnet-value-objects/dotnet-value-objects/benchmarks/EricksonLopez.ValueObjects.Benchmarks/bin/Release/net10.0/EricksonLopez.ValueObjects.Benchmarks-.NET 9.0-3
// Please follow the troubleshooting guide: https://benchmarkdotnet.org/articles/guides/troubleshooting.html

// ** Remained 91 (75.8 %) benchmark(s) to run. Estimated finish 2026-09-06 6:45 (0h 6m from now) **
// Build Error: Standard output: 
  
 Standard error: 
   Determining projects to restore...
/home/runner/work/dotnet-value-objects/dotnet-value-objects/benchmarks/EricksonLopez.ValueObjects.Benchmarks/bin/Release/net10.0/EricksonLopez.ValueObjects.Benchmarks-.NET 9.0-3/BenchmarkDotNet.Autogenerated.csproj : error NU1201: Project EricksonLopez.ValueObjects.Benchmarks is not compatible with net9.0 (.NETCoreApp,Version=v9.0). Project EricksonLopez.ValueObjects.Benchmarks supports: net10.0 (.NETCoreApp,Version=v10.0)
  Failed to restore /home/runner/work/dotnet-value-objects/dotnet-value-objects/benchmarks/EricksonLopez.ValueObjects.Benchmarks/bin/Release/net10.0/EricksonLopez.ValueObjects.Benchmarks-.NET 9.0-3/BenchmarkDotNet.Autogenerated.csproj (in 221 ms).
  5 of 6 projects are up-to-date for restore.

// BenchmarkDotNet has failed to build the auto-generated boilerplate code.
// It can be found in /home/runner/work/dotnet-value-objects/dotnet-value-objects/benchmarks/EricksonLopez.ValueObjects.Benchmarks/bin/Release/net10.0/EricksonLopez.ValueObjects.Benchmarks-.NET 9.0-3
// Please follow the troubleshooting guide: https://benchmarkdotnet.org/articles/guides/troubleshooting.html

// ** Remained 90 (75.0 %) benchmark(s) to run. Estimated finish 2026-09-06 6:45 (0h 6m from now) **
// Build Error: Standard output: 
  
 Standard error: 
   Determining projects to restore...
/home/runner/work/dotnet-value-objects/dotnet-value-objects/benchmarks/EricksonLopez.ValueObjects.Benchmarks/bin/Release/net10.0/EricksonLopez.ValueObjects.Benchmarks-.NET 9.0-3/BenchmarkDotNet.Autogenerated.csproj : error NU1201: Project EricksonLopez.ValueObjects.Benchmarks is not compatible with net9.0 (.NETCoreApp,Version=v9.0). Project EricksonLopez.ValueObjects.Benchmarks supports: net10.0 (.NETCoreApp,Version=v10.0)
  Failed to restore /home/runner/work/dotnet-value-objects/dotnet-value-objects/benchmarks/EricksonLopez.ValueObjects.Benchmarks/bin/Release/net10.0/EricksonLopez.ValueObjects.Benchmarks-.NET 9.0-3/BenchmarkDotNet.Autogenerated.csproj (in 221 ms).
  5 of 6 projects are up-to-date for restore.

// BenchmarkDotNet has failed to build the auto-generated boilerplate code.
// It can be found in /home/runner/work/dotnet-value-objects/dotnet-value-objects/benchmarks/EricksonLopez.ValueObjects.Benchmarks/bin/Release/net10.0/EricksonLopez.ValueObjects.Benchmarks-.NET 9.0-3
// Please follow the troubleshooting guide: https://benchmarkdotnet.org/articles/guides/troubleshooting.html

// ** Remained 89 (74.2 %) benchmark(s) to run. Estimated finish 2026-09-06 6:45 (0h 6m from now) **
// Build Error: Standard output: 
  
 Standard error: 
   Determining projects to restore...
/home/runner/work/dotnet-value-objects/dotnet-value-objects/benchmarks/EricksonLopez.ValueObjects.Benchmarks/bin/Release/net10.0/EricksonLopez.ValueObjects.Benchmarks-.NET 9.0-3/BenchmarkDotNet.Autogenerated.csproj : error NU1201: Project EricksonLopez.ValueObjects.Benchmarks is not compatible with net9.0 (.NETCoreApp,Version=v9.0). Project EricksonLopez.ValueObjects.Benchmarks supports: net10.0 (.NETCoreApp,Version=v10.0)
  Failed to restore /home/runner/work/dotnet-value-objects/dotnet-value-objects/benchmarks/EricksonLopez.ValueObjects.Benchmarks/bin/Release/net10.0/EricksonLopez.ValueObjects.Benchmarks-.NET 9.0-3/BenchmarkDotNet.Autogenerated.csproj (in 221 ms).
  5 of 6 projects are up-to-date for restore.

// BenchmarkDotNet has failed to build the auto-generated boilerplate code.
// It can be found in /home/runner/work/dotnet-value-objects/dotnet-value-objects/benchmarks/EricksonLopez.ValueObjects.Benchmarks/bin/Release/net10.0/EricksonLopez.ValueObjects.Benchmarks-.NET 9.0-3
// Please follow the troubleshooting guide: https://benchmarkdotnet.org/articles/guides/troubleshooting.html

// ** Remained 88 (73.3 %) benchmark(s) to run. Estimated finish 2026-09-06 6:44 (0h 6m from now) **
// Build Error: Standard output: 
  
 Standard error: 
   Determining projects to restore...
/home/runner/work/dotnet-value-objects/dotnet-value-objects/benchmarks/EricksonLopez.ValueObjects.Benchmarks/bin/Release/net10.0/EricksonLopez.ValueObjects.Benchmarks-.NET 9.0-3/BenchmarkDotNet.Autogenerated.csproj : error NU1201: Project EricksonLopez.ValueObjects.Benchmarks is not compatible with net9.0 (.NETCoreApp,Version=v9.0). Project EricksonLopez.ValueObjects.Benchmarks supports: net10.0 (.NETCoreApp,Version=v10.0)
  Failed to restore /home/runner/work/dotnet-value-objects/dotnet-value-objects/benchmarks/EricksonLopez.ValueObjects.Benchmarks/bin/Release/net10.0/EricksonLopez.ValueObjects.Benchmarks-.NET 9.0-3/BenchmarkDotNet.Autogenerated.csproj (in 221 ms).
  5 of 6 projects are up-to-date for restore.

// BenchmarkDotNet has failed to build the auto-generated boilerplate code.
// It can be found in /home/runner/work/dotnet-value-objects/dotnet-value-objects/benchmarks/EricksonLopez.ValueObjects.Benchmarks/bin/Release/net10.0/EricksonLopez.ValueObjects.Benchmarks-.NET 9.0-3
// Please follow the troubleshooting guide: https://benchmarkdotnet.org/articles/guides/troubleshooting.html

// ** Remained 87 (72.5 %) benchmark(s) to run. Estimated finish 2026-09-06 6:44 (0h 5m from now) **
// Build Error: Standard output: 
  
 Standard error: 
   Determining projects to restore...
/home/runner/work/dotnet-value-objects/dotnet-value-objects/benchmarks/EricksonLopez.ValueObjects.Benchmarks/bin/Release/net10.0/EricksonLopez.ValueObjects.Benchmarks-.NET 9.0-3/BenchmarkDotNet.Autogenerated.csproj : error NU1201: Project EricksonLopez.ValueObjects.Benchmarks is not compatible with net9.0 (.NETCoreApp,Version=v9.0). Project EricksonLopez.ValueObjects.Benchmarks supports: net10.0 (.NETCoreApp,Version=v10.0)
  Failed to restore /home/runner/work/dotnet-value-objects/dotnet-value-objects/benchmarks/EricksonLopez.ValueObjects.Benchmarks/bin/Release/net10.0/EricksonLopez.ValueObjects.Benchmarks-.NET 9.0-3/BenchmarkDotNet.Autogenerated.csproj (in 221 ms).
  5 of 6 projects are up-to-date for restore.

// BenchmarkDotNet has failed to build the auto-generated boilerplate code.
// It can be found in /home/runner/work/dotnet-value-objects/dotnet-value-objects/benchmarks/EricksonLopez.ValueObjects.Benchmarks/bin/Release/net10.0/EricksonLopez.ValueObjects.Benchmarks-.NET 9.0-3
// Please follow the troubleshooting guide: https://benchmarkdotnet.org/articles/guides/troubleshooting.html

// ** Remained 86 (71.7 %) benchmark(s) to run. Estimated finish 2026-09-06 6:44 (0h 5m from now) **
// Build Error: Standard output: 
  
 Standard error: 
   Determining projects to restore...
/home/runner/work/dotnet-value-objects/dotnet-value-objects/benchmarks/EricksonLopez.ValueObjects.Benchmarks/bin/Release/net10.0/EricksonLopez.ValueObjects.Benchmarks-.NET 9.0-3/BenchmarkDotNet.Autogenerated.csproj : error NU1201: Project EricksonLopez.ValueObjects.Benchmarks is not compatible with net9.0 (.NETCoreApp,Version=v9.0). Project EricksonLopez.ValueObjects.Benchmarks supports: net10.0 (.NETCoreApp,Version=v10.0)
  Failed to restore /home/runner/work/dotnet-value-objects/dotnet-value-objects/benchmarks/EricksonLopez.ValueObjects.Benchmarks/bin/Release/net10.0/EricksonLopez.ValueObjects.Benchmarks-.NET 9.0-3/BenchmarkDotNet.Autogenerated.csproj (in 221 ms).
  5 of 6 projects are up-to-date for restore.

// BenchmarkDotNet has failed to build the auto-generated boilerplate code.
// It can be found in /home/runner/work/dotnet-value-objects/dotnet-value-objects/benchmarks/EricksonLopez.ValueObjects.Benchmarks/bin/Release/net10.0/EricksonLopez.ValueObjects.Benchmarks-.NET 9.0-3
// Please follow the troubleshooting guide: https://benchmarkdotnet.org/articles/guides/troubleshooting.html

// ** Remained 85 (70.8 %) benchmark(s) to run. Estimated finish 2026-09-06 6:44 (0h 5m from now) **
// Build Error: Standard output: 
  
 Standard error: 
   Determining projects to restore...
/home/runner/work/dotnet-value-objects/dotnet-value-objects/benchmarks/EricksonLopez.ValueObjects.Benchmarks/bin/Release/net10.0/EricksonLopez.ValueObjects.Benchmarks-.NET 9.0-3/BenchmarkDotNet.Autogenerated.csproj : error NU1201: Project EricksonLopez.ValueObjects.Benchmarks is not compatible with net9.0 (.NETCoreApp,Version=v9.0). Project EricksonLopez.ValueObjects.Benchmarks supports: net10.0 (.NETCoreApp,Version=v10.0)
  Failed to restore /home/runner/work/dotnet-value-objects/dotnet-value-objects/benchmarks/EricksonLopez.ValueObjects.Benchmarks/bin/Release/net10.0/EricksonLopez.ValueObjects.Benchmarks-.NET 9.0-3/BenchmarkDotNet.Autogenerated.csproj (in 221 ms).
  5 of 6 projects are up-to-date for restore.

// BenchmarkDotNet has failed to build the auto-generated boilerplate code.
// It can be found in /home/runner/work/dotnet-value-objects/dotnet-value-objects/benchmarks/EricksonLopez.ValueObjects.Benchmarks/bin/Release/net10.0/EricksonLopez.ValueObjects.Benchmarks-.NET 9.0-3
// Please follow the troubleshooting guide: https://benchmarkdotnet.org/articles/guides/troubleshooting.html

// ** Remained 84 (70.0 %) benchmark(s) to run. Estimated finish 2026-09-06 6:43 (0h 5m from now) **
// ***** BenchmarkRunner: Finish  *****

// * Export *
  benchmarks/results/results/EricksonLopez.ValueObjects.Benchmarks.ParsingBenchmarks-report.csv
  benchmarks/results/results/EricksonLopez.ValueObjects.Benchmarks.ParsingBenchmarks-report-github.md
  benchmarks/results/results/EricksonLopez.ValueObjects.Benchmarks.ParsingBenchmarks-report.html
  benchmarks/results/results/EricksonLopez.ValueObjects.Benchmarks.ParsingBenchmarks-report-full-compressed.json
  benchmarks/results/results/EricksonLopez.ValueObjects.Benchmarks.ParsingBenchmarks-report-default.md

// * Detailed results *
ParsingBenchmarks.Parse_Percentage_String: .NET 10.0(Runtime=.NET 10.0, Toolchain=net10.0)
Runtime = .NET 10.0.11 (10.0.11, 10.0.1126.37416), X64 RyuJIT x86-64-v4; GC = Concurrent Workstation
Mean = 37.177 ns, StdErr = 0.050 ns (0.13%), N = 14, StdDev = 0.187 ns
Min = 36.856 ns, Q1 = 37.018 ns, Median = 37.198 ns, Q3 = 37.333 ns, Max = 37.476 ns
IQR = 0.315 ns, LowerFence = 36.546 ns, UpperFence = 37.805 ns
ConfidenceInterval = [36.965 ns; 37.388 ns] (CI 99.9%), Margin = 0.211 ns (0.57% of Mean)
Skewness = -0.06, Kurtosis = 1.48, MValue = 2
-------------------- Histogram --------------------
[36.754 ns ; 37.578 ns) | @@@@@@@@@@@@@@
---------------------------------------------------

ParsingBenchmarks.Parse_Percentage_String: .NET 8.0(Runtime=.NET 8.0, Toolchain=net8.0)
Runtime = ; GC = 
There are not any results runs

ParsingBenchmarks.Parse_Percentage_String: .NET 9.0(Runtime=.NET 9.0, Toolchain=net9.0)
Runtime = ; GC = 
There are not any results runs

ParsingBenchmarks.Parse_Percentage_Span: .NET 10.0(Runtime=.NET 10.0, Toolchain=net10.0)
Runtime = .NET 10.0.11 (10.0.11, 10.0.1126.37416), X64 RyuJIT x86-64-v4; GC = Concurrent Workstation
Mean = 36.162 ns, StdErr = 0.041 ns (0.11%), N = 15, StdDev = 0.161 ns
Min = 35.810 ns, Q1 = 36.072 ns, Median = 36.185 ns, Q3 = 36.245 ns, Max = 36.465 ns
IQR = 0.173 ns, LowerFence = 35.813 ns, UpperFence = 36.504 ns
ConfidenceInterval = [35.990 ns; 36.334 ns] (CI 99.9%), Margin = 0.172 ns (0.47% of Mean)
Skewness = -0.37, Kurtosis = 2.78, MValue = 2
-------------------- Histogram --------------------
[35.724 ns ; 36.550 ns) | @@@@@@@@@@@@@@@
---------------------------------------------------

ParsingBenchmarks.Parse_Percentage_Span: .NET 8.0(Runtime=.NET 8.0, Toolchain=net8.0)
Runtime = ; GC = 
There are not any results runs

ParsingBenchmarks.Parse_Percentage_Span: .NET 9.0(Runtime=.NET 9.0, Toolchain=net9.0)
Runtime = ; GC = 
There are not any results runs

ParsingBenchmarks.TryParse_Percentage_Span: .NET 10.0(Runtime=.NET 10.0, Toolchain=net10.0)
Runtime = .NET 10.0.11 (10.0.11, 10.0.1126.37416), X64 RyuJIT x86-64-v4; GC = Concurrent Workstation
Mean = 34.227 ns, StdErr = 0.038 ns (0.11%), N = 12, StdDev = 0.133 ns
Min = 34.021 ns, Q1 = 34.137 ns, Median = 34.216 ns, Q3 = 34.311 ns, Max = 34.427 ns
IQR = 0.174 ns, LowerFence = 33.876 ns, UpperFence = 34.573 ns
ConfidenceInterval = [34.057 ns; 34.397 ns] (CI 99.9%), Margin = 0.170 ns (0.50% of Mean)
Skewness = 0.11, Kurtosis = 1.63, MValue = 2
-------------------- Histogram --------------------
[33.945 ns ; 34.503 ns) | @@@@@@@@@@@@
---------------------------------------------------

ParsingBenchmarks.TryParse_Percentage_Span: .NET 8.0(Runtime=.NET 8.0, Toolchain=net8.0)
Runtime = ; GC = 
There are not any results runs

ParsingBenchmarks.TryParse_Percentage_Span: .NET 9.0(Runtime=.NET 9.0, Toolchain=net9.0)
Runtime = ; GC = 
There are not any results runs

ParsingBenchmarks.Parse_Cuit_String: .NET 10.0(Runtime=.NET 10.0, Toolchain=net10.0)
Runtime = .NET 10.0.11 (10.0.11, 10.0.1126.37416), X64 RyuJIT x86-64-v4; GC = Concurrent Workstation
Mean = 33.836 ns, StdErr = 0.123 ns (0.36%), N = 15, StdDev = 0.478 ns
Min = 33.274 ns, Q1 = 33.428 ns, Median = 33.701 ns, Q3 = 34.349 ns, Max = 34.575 ns
IQR = 0.921 ns, LowerFence = 32.047 ns, UpperFence = 35.730 ns
ConfidenceInterval = [33.325 ns; 34.346 ns] (CI 99.9%), Margin = 0.511 ns (1.51% of Mean)
Skewness = 0.37, Kurtosis = 1.37, MValue = 2
-------------------- Histogram --------------------
[33.153 ns ; 34.114 ns) | @@@@@@@@@@
[34.114 ns ; 34.829 ns) | @@@@@
---------------------------------------------------

ParsingBenchmarks.Parse_Cuit_String: .NET 8.0(Runtime=.NET 8.0, Toolchain=net8.0)
Runtime = ; GC = 
There are not any results runs

ParsingBenchmarks.Parse_Cuit_String: .NET 9.0(Runtime=.NET 9.0, Toolchain=net9.0)
Runtime = ; GC = 
There are not any results runs

ParsingBenchmarks.Parse_Cuit_Span: .NET 10.0(Runtime=.NET 10.0, Toolchain=net10.0)
Runtime = .NET 10.0.11 (10.0.11, 10.0.1126.37416), X64 RyuJIT x86-64-v4; GC = Concurrent Workstation
Mean = 38.306 ns, StdErr = 0.090 ns (0.23%), N = 15, StdDev = 0.348 ns
Min = 37.766 ns, Q1 = 38.001 ns, Median = 38.339 ns, Q3 = 38.556 ns, Max = 38.898 ns
IQR = 0.555 ns, LowerFence = 37.168 ns, UpperFence = 39.389 ns
ConfidenceInterval = [37.934 ns; 38.678 ns] (CI 99.9%), Margin = 0.372 ns (0.97% of Mean)
Skewness = 0.07, Kurtosis = 1.64, MValue = 2
-------------------- Histogram --------------------
[37.581 ns ; 39.083 ns) | @@@@@@@@@@@@@@@
---------------------------------------------------

ParsingBenchmarks.Parse_Cuit_Span: .NET 8.0(Runtime=.NET 8.0, Toolchain=net8.0)
Runtime = ; GC = 
There are not any results runs

ParsingBenchmarks.Parse_Cuit_Span: .NET 9.0(Runtime=.NET 9.0, Toolchain=net9.0)
Runtime = ; GC = 
There are not any results runs

ParsingBenchmarks.Parse_Cuit_Utf8: .NET 10.0(Runtime=.NET 10.0, Toolchain=net10.0)
Runtime = .NET 10.0.11 (10.0.11, 10.0.1126.37416), X64 RyuJIT x86-64-v4; GC = Concurrent Workstation
Mean = 43.712 ns, StdErr = 0.066 ns (0.15%), N = 15, StdDev = 0.256 ns
Min = 43.291 ns, Q1 = 43.541 ns, Median = 43.705 ns, Q3 = 43.875 ns, Max = 44.230 ns
IQR = 0.334 ns, LowerFence = 43.040 ns, UpperFence = 44.376 ns
ConfidenceInterval = [43.438 ns; 43.986 ns] (CI 99.9%), Margin = 0.274 ns (0.63% of Mean)
Skewness = 0.21, Kurtosis = 2.16, MValue = 2
-------------------- Histogram --------------------
[43.154 ns ; 44.367 ns) | @@@@@@@@@@@@@@@
---------------------------------------------------

ParsingBenchmarks.Parse_Cuit_Utf8: .NET 8.0(Runtime=.NET 8.0, Toolchain=net8.0)
Runtime = ; GC = 
There are not any results runs

ParsingBenchmarks.Parse_Cuit_Utf8: .NET 9.0(Runtime=.NET 9.0, Toolchain=net9.0)
Runtime = ; GC = 
There are not any results runs

ParsingBenchmarks.TryParse_Cuit_Utf8: .NET 10.0(Runtime=.NET 10.0, Toolchain=net10.0)
Runtime = .NET 10.0.11 (10.0.11, 10.0.1126.37416), X64 RyuJIT x86-64-v4; GC = Concurrent Workstation
Mean = 42.494 ns, StdErr = 0.091 ns (0.21%), N = 15, StdDev = 0.352 ns
Min = 42.017 ns, Q1 = 42.177 ns, Median = 42.484 ns, Q3 = 42.756 ns, Max = 43.057 ns
IQR = 0.580 ns, LowerFence = 41.307 ns, UpperFence = 43.626 ns
ConfidenceInterval = [42.117 ns; 42.871 ns] (CI 99.9%), Margin = 0.377 ns (0.89% of Mean)
Skewness = 0.12, Kurtosis = 1.48, MValue = 2
-------------------- Histogram --------------------
[41.911 ns ; 43.244 ns) | @@@@@@@@@@@@@@@
---------------------------------------------------

ParsingBenchmarks.TryParse_Cuit_Utf8: .NET 8.0(Runtime=.NET 8.0, Toolchain=net8.0)
Runtime = ; GC = 
There are not any results runs

ParsingBenchmarks.TryParse_Cuit_Utf8: .NET 9.0(Runtime=.NET 9.0, Toolchain=net9.0)
Runtime = ; GC = 
There are not any results runs

ParsingBenchmarks.Parse_Cbu_String: .NET 10.0(Runtime=.NET 10.0, Toolchain=net10.0)
Runtime = .NET 10.0.11 (10.0.11, 10.0.1126.37416), X64 RyuJIT x86-64-v4; GC = Concurrent Workstation
There are not any results runs

ParsingBenchmarks.Parse_Cbu_String: .NET 8.0(Runtime=.NET 8.0, Toolchain=net8.0)
Runtime = ; GC = 
There are not any results runs

ParsingBenchmarks.Parse_Cbu_String: .NET 9.0(Runtime=.NET 9.0, Toolchain=net9.0)
Runtime = ; GC = 
There are not any results runs

ParsingBenchmarks.Parse_Cbu_Span: .NET 10.0(Runtime=.NET 10.0, Toolchain=net10.0)
Runtime = .NET 10.0.11 (10.0.11, 10.0.1126.37416), X64 RyuJIT x86-64-v4; GC = Concurrent Workstation
There are not any results runs

ParsingBenchmarks.Parse_Cbu_Span: .NET 8.0(Runtime=.NET 8.0, Toolchain=net8.0)
Runtime = ; GC = 
There are not any results runs

ParsingBenchmarks.Parse_Cbu_Span: .NET 9.0(Runtime=.NET 9.0, Toolchain=net9.0)
Runtime = ; GC = 
There are not any results runs

ParsingBenchmarks.Parse_Cbu_Utf8: .NET 10.0(Runtime=.NET 10.0, Toolchain=net10.0)
Runtime = .NET 10.0.11 (10.0.11, 10.0.1126.37416), X64 RyuJIT x86-64-v4; GC = Concurrent Workstation
There are not any results runs

ParsingBenchmarks.Parse_Cbu_Utf8: .NET 8.0(Runtime=.NET 8.0, Toolchain=net8.0)
Runtime = ; GC = 
There are not any results runs

ParsingBenchmarks.Parse_Cbu_Utf8: .NET 9.0(Runtime=.NET 9.0, Toolchain=net9.0)
Runtime = ; GC = 
There are not any results runs

// * Summary *

BenchmarkDotNet v0.15.8, Linux Ubuntu 24.04.4 LTS (Noble Numbat)
INTEL XEON PLATINUM 8573C 3.35GHz, 1 CPU, 4 logical and 2 physical cores
.NET SDK 10.0.400
  [Host]    : .NET 10.0.11 (10.0.11, 10.0.1126.37416), X64 RyuJIT x86-64-v4
  .NET 10.0 : .NET 10.0.11 (10.0.11, 10.0.1126.37416), X64 RyuJIT x86-64-v4


| Method                   | Job       | Runtime   | Mean     | Error    | StdDev   | Ratio | RatioSD | Gen0   | Allocated | Alloc Ratio |
|------------------------- |---------- |---------- |---------:|---------:|---------:|------:|--------:|-------:|----------:|------------:|
| Parse_Percentage_String  | .NET 10.0 | .NET 10.0 | 37.18 ns | 0.211 ns | 0.187 ns |     ? |       ? |      - |         - |           ? |
| Parse_Percentage_String  | .NET 8.0  | .NET 8.0  |       NA |       NA |       NA |     ? |       ? |     NA |        NA |           ? |
| Parse_Percentage_String  | .NET 9.0  | .NET 9.0  |       NA |       NA |       NA |     ? |       ? |     NA |        NA |           ? |
|                          |           |           |          |          |          |       |         |        |           |             |
| Parse_Percentage_Span    | .NET 10.0 | .NET 10.0 | 36.16 ns | 0.172 ns | 0.161 ns |     ? |       ? |      - |         - |           ? |
| Parse_Percentage_Span    | .NET 8.0  | .NET 8.0  |       NA |       NA |       NA |     ? |       ? |     NA |        NA |           ? |
| Parse_Percentage_Span    | .NET 9.0  | .NET 9.0  |       NA |       NA |       NA |     ? |       ? |     NA |        NA |           ? |
|                          |           |           |          |          |          |       |         |        |           |             |
| TryParse_Percentage_Span | .NET 10.0 | .NET 10.0 | 34.23 ns | 0.170 ns | 0.133 ns |     ? |       ? |      - |         - |           ? |
| TryParse_Percentage_Span | .NET 8.0  | .NET 8.0  |       NA |       NA |       NA |     ? |       ? |     NA |        NA |           ? |
| TryParse_Percentage_Span | .NET 9.0  | .NET 9.0  |       NA |       NA |       NA |     ? |       ? |     NA |        NA |           ? |
|                          |           |           |          |          |          |       |         |        |           |             |
| Parse_Cuit_String        | .NET 10.0 | .NET 10.0 | 33.84 ns | 0.511 ns | 0.478 ns |     ? |       ? | 0.0005 |      48 B |           ? |
| Parse_Cuit_String        | .NET 8.0  | .NET 8.0  |       NA |       NA |       NA |     ? |       ? |     NA |        NA |           ? |
| Parse_Cuit_String        | .NET 9.0  | .NET 9.0  |       NA |       NA |       NA |     ? |       ? |     NA |        NA |           ? |
|                          |           |           |          |          |          |       |         |        |           |             |
| Parse_Cuit_Span          | .NET 10.0 | .NET 10.0 | 38.31 ns | 0.372 ns | 0.348 ns |     ? |       ? | 0.0005 |      48 B |           ? |
| Parse_Cuit_Span          | .NET 8.0  | .NET 8.0  |       NA |       NA |       NA |     ? |       ? |     NA |        NA |           ? |
| Parse_Cuit_Span          | .NET 9.0  | .NET 9.0  |       NA |       NA |       NA |     ? |       ? |     NA |        NA |           ? |
|                          |           |           |          |          |          |       |         |        |           |             |
| Parse_Cuit_Utf8          | .NET 10.0 | .NET 10.0 | 43.71 ns | 0.274 ns | 0.256 ns |     ? |       ? | 0.0005 |      48 B |           ? |
| Parse_Cuit_Utf8          | .NET 8.0  | .NET 8.0  |       NA |       NA |       NA |     ? |       ? |     NA |        NA |           ? |
| Parse_Cuit_Utf8          | .NET 9.0  | .NET 9.0  |       NA |       NA |       NA |     ? |       ? |     NA |        NA |           ? |
|                          |           |           |          |          |          |       |         |        |           |             |
| TryParse_Cuit_Utf8       | .NET 10.0 | .NET 10.0 | 42.49 ns | 0.377 ns | 0.352 ns |     ? |       ? | 0.0005 |      48 B |           ? |
| TryParse_Cuit_Utf8       | .NET 8.0  | .NET 8.0  |       NA |       NA |       NA |     ? |       ? |     NA |        NA |           ? |
| TryParse_Cuit_Utf8       | .NET 9.0  | .NET 9.0  |       NA |       NA |       NA |     ? |       ? |     NA |        NA |           ? |
|                          |           |           |          |          |          |       |         |        |           |             |
| Parse_Cbu_String         | .NET 10.0 | .NET 10.0 |       NA |       NA |       NA |     ? |       ? |     NA |        NA |           ? |
| Parse_Cbu_String         | .NET 8.0  | .NET 8.0  |       NA |       NA |       NA |     ? |       ? |     NA |        NA |           ? |
| Parse_Cbu_String         | .NET 9.0  | .NET 9.0  |       NA |       NA |       NA |     ? |       ? |     NA |        NA |           ? |
|                          |           |           |          |          |          |       |         |        |           |             |
| Parse_Cbu_Span           | .NET 10.0 | .NET 10.0 |       NA |       NA |       NA |     ? |       ? |     NA |        NA |           ? |
| Parse_Cbu_Span           | .NET 8.0  | .NET 8.0  |       NA |       NA |       NA |     ? |       ? |     NA |        NA |           ? |
| Parse_Cbu_Span           | .NET 9.0  | .NET 9.0  |       NA |       NA |       NA |     ? |       ? |     NA |        NA |           ? |
|                          |           |           |          |          |          |       |         |        |           |             |
| Parse_Cbu_Utf8           | .NET 10.0 | .NET 10.0 |       NA |       NA |       NA |     ? |       ? |     NA |        NA |           ? |
| Parse_Cbu_Utf8           | .NET 8.0  | .NET 8.0  |       NA |       NA |       NA |     ? |       ? |     NA |        NA |           ? |
| Parse_Cbu_Utf8           | .NET 9.0  | .NET 9.0  |       NA |       NA |       NA |     ? |       ? |     NA |        NA |           ? |

Benchmarks with issues:
  ParsingBenchmarks.Parse_Percentage_String: .NET 8.0(Runtime=.NET 8.0, Toolchain=net8.0)
  ParsingBenchmarks.Parse_Percentage_String: .NET 9.0(Runtime=.NET 9.0, Toolchain=net9.0)
  ParsingBenchmarks.Parse_Percentage_Span: .NET 8.0(Runtime=.NET 8.0, Toolchain=net8.0)
  ParsingBenchmarks.Parse_Percentage_Span: .NET 9.0(Runtime=.NET 9.0, Toolchain=net9.0)
  ParsingBenchmarks.TryParse_Percentage_Span: .NET 8.0(Runtime=.NET 8.0, Toolchain=net8.0)
  ParsingBenchmarks.TryParse_Percentage_Span: .NET 9.0(Runtime=.NET 9.0, Toolchain=net9.0)
  ParsingBenchmarks.Parse_Cuit_String: .NET 8.0(Runtime=.NET 8.0, Toolchain=net8.0)
  ParsingBenchmarks.Parse_Cuit_String: .NET 9.0(Runtime=.NET 9.0, Toolchain=net9.0)
  ParsingBenchmarks.Parse_Cuit_Span: .NET 8.0(Runtime=.NET 8.0, Toolchain=net8.0)
  ParsingBenchmarks.Parse_Cuit_Span: .NET 9.0(Runtime=.NET 9.0, Toolchain=net9.0)
  ParsingBenchmarks.Parse_Cuit_Utf8: .NET 8.0(Runtime=.NET 8.0, Toolchain=net8.0)
  ParsingBenchmarks.Parse_Cuit_Utf8: .NET 9.0(Runtime=.NET 9.0, Toolchain=net9.0)
  ParsingBenchmarks.TryParse_Cuit_Utf8: .NET 8.0(Runtime=.NET 8.0, Toolchain=net8.0)
  ParsingBenchmarks.TryParse_Cuit_Utf8: .NET 9.0(Runtime=.NET 9.0, Toolchain=net9.0)
  ParsingBenchmarks.Parse_Cbu_String: .NET 10.0(Runtime=.NET 10.0, Toolchain=net10.0)
  ParsingBenchmarks.Parse_Cbu_String: .NET 8.0(Runtime=.NET 8.0, Toolchain=net8.0)
  ParsingBenchmarks.Parse_Cbu_String: .NET 9.0(Runtime=.NET 9.0, Toolchain=net9.0)
  ParsingBenchmarks.Parse_Cbu_Span: .NET 10.0(Runtime=.NET 10.0, Toolchain=net10.0)
  ParsingBenchmarks.Parse_Cbu_Span: .NET 8.0(Runtime=.NET 8.0, Toolchain=net8.0)
  ParsingBenchmarks.Parse_Cbu_Span: .NET 9.0(Runtime=.NET 9.0, Toolchain=net9.0)
  ParsingBenchmarks.Parse_Cbu_Utf8: .NET 10.0(Runtime=.NET 10.0, Toolchain=net10.0)
  ParsingBenchmarks.Parse_Cbu_Utf8: .NET 8.0(Runtime=.NET 8.0, Toolchain=net8.0)
  ParsingBenchmarks.Parse_Cbu_Utf8: .NET 9.0(Runtime=.NET 9.0, Toolchain=net9.0)

// * Warnings *
BaselineCustomAnalyzer
  Summary -> A question mark '?' symbol indicates that it was not possible to compute the (Ratio, RatioSD, Alloc Ratio) column(s) because the baseline or benchmark could not be found, or the baseline value is too close to zero.

// * Hints *
Outliers
  ParsingBenchmarks.Parse_Percentage_String: .NET 10.0  -> 1 outlier  was  removed (40.05 ns)
  ParsingBenchmarks.Parse_Percentage_Span: .NET 10.0    -> 1 outlier  was  detected (37.90 ns)
  ParsingBenchmarks.TryParse_Percentage_Span: .NET 10.0 -> 3 outliers were removed (36.98 ns..37.12 ns)

// * Legends *
  Mean        : Arithmetic mean of all measurements
  Error       : Half of 99.9% confidence interval
  StdDev      : Standard deviation of all measurements
  Ratio       : Mean of the ratio distribution ([Current]/[Baseline])
  RatioSD     : Standard deviation of the ratio distribution ([Current]/[Baseline])
  Gen0        : GC Generation 0 collects per 1000 operations
  Allocated   : Allocated memory per single operation (managed only, inclusive, 1KB = 1024B)
  Alloc Ratio : Allocated memory ratio distribution ([Current]/[Baseline])
  1 ns        : 1 Nanosecond (0.000000001 sec)

// * Diagnostic Output - MemoryDiagnoser *


// ***** BenchmarkRunner: End *****
Run time: 00:02:12 (132.62 sec), executed benchmarks: 10

// Found 18 benchmarks:
//   SerializationJsonBenchmarks.Serialize_TenantCode: .NET 10.0(Runtime=.NET 10.0, Toolchain=net10.0)
//   SerializationJsonBenchmarks.Deserialize_TenantCode: .NET 10.0(Runtime=.NET 10.0, Toolchain=net10.0)
//   SerializationJsonBenchmarks.Serialize_CompanyName: .NET 10.0(Runtime=.NET 10.0, Toolchain=net10.0)
//   SerializationJsonBenchmarks.Deserialize_CompanyName: .NET 10.0(Runtime=.NET 10.0, Toolchain=net10.0)
//   SerializationJsonBenchmarks.Serialize_Range: .NET 10.0(Runtime=.NET 10.0, Toolchain=net10.0)
//   SerializationJsonBenchmarks.Deserialize_Range: .NET 10.0(Runtime=.NET 10.0, Toolchain=net10.0)
//   SerializationJsonBenchmarks.Serialize_TenantCode: .NET 8.0(Runtime=.NET 8.0, Toolchain=net8.0)
//   SerializationJsonBenchmarks.Deserialize_TenantCode: .NET 8.0(Runtime=.NET 8.0, Toolchain=net8.0)
//   SerializationJsonBenchmarks.Serialize_CompanyName: .NET 8.0(Runtime=.NET 8.0, Toolchain=net8.0)
//   SerializationJsonBenchmarks.Deserialize_CompanyName: .NET 8.0(Runtime=.NET 8.0, Toolchain=net8.0)
//   SerializationJsonBenchmarks.Serialize_Range: .NET 8.0(Runtime=.NET 8.0, Toolchain=net8.0)
//   SerializationJsonBenchmarks.Deserialize_Range: .NET 8.0(Runtime=.NET 8.0, Toolchain=net8.0)
//   SerializationJsonBenchmarks.Serialize_TenantCode: .NET 9.0(Runtime=.NET 9.0, Toolchain=net9.0)
//   SerializationJsonBenchmarks.Deserialize_TenantCode: .NET 9.0(Runtime=.NET 9.0, Toolchain=net9.0)
//   SerializationJsonBenchmarks.Serialize_CompanyName: .NET 9.0(Runtime=.NET 9.0, Toolchain=net9.0)
//   SerializationJsonBenchmarks.Deserialize_CompanyName: .NET 9.0(Runtime=.NET 9.0, Toolchain=net9.0)
//   SerializationJsonBenchmarks.Serialize_Range: .NET 9.0(Runtime=.NET 9.0, Toolchain=net9.0)
//   SerializationJsonBenchmarks.Deserialize_Range: .NET 9.0(Runtime=.NET 9.0, Toolchain=net9.0)

// **************************
// Benchmark: SerializationJsonBenchmarks.Serialize_TenantCode: .NET 10.0(Runtime=.NET 10.0, Toolchain=net10.0)
// *** Execute ***
// Launch: 1 / 1
// Execute: dotnet "EricksonLopez.ValueObjects.Benchmarks-.NET 10.0-1.dll" --anonymousPipes 129 130 --benchmarkName EricksonLopez.ValueObjects.Benchmarks.SerializationJsonBenchmarks.Serialize_TenantCode --job ".NET 10.0" --benchmarkId 12 in /home/runner/work/dotnet-value-objects/dotnet-value-objects/benchmarks/EricksonLopez.ValueObjects.Benchmarks/bin/Release/net10.0/EricksonLopez.ValueObjects.Benchmarks-.NET 10.0-1/bin/Release/net10.0
// Failed to set up high priority (Permission denied). In order to run benchmarks with high priority, make sure you have the right permissions.
// BeforeAnythingElse

System.Reflection.TargetInvocationException: Exception has been thrown by the target of an invocation.
 ---> System.InvalidOperationException: Cannot access Value of a failed result. Error: [Validation] TenantCode.InvalidFormat: Tenant code must be DNS-friendly lowercase text using letters, digits, and hyphens.
   at EricksonLopez.Result.Result`1.get_Value()
   at EricksonLopez.ValueObjects.Benchmarks.SerializationJsonBenchmarks..ctor() in /_/benchmarks/EricksonLopez.ValueObjects.Benchmarks/SerializationJsonBenchmarks.cs:line 29
   at BenchmarkDotNet.Autogenerated.Runnable_12..ctor() in /_/benchmarks/EricksonLopez.ValueObjects.Benchmarks/bin/Release/net10.0/EricksonLopez.ValueObjects.Benchmarks-.NET 10.0-1/EricksonLopez.ValueObjects.Benchmarks-.NET 10.0-1.notcs:line 2642
   at BenchmarkDotNet.Autogenerated.Runnable_12.Run(IHost host, String benchmarkName) in /_/benchmarks/EricksonLopez.ValueObjects.Benchmarks/bin/Release/net10.0/EricksonLopez.ValueObjects.Benchmarks-.NET 10.0-1/EricksonLopez.ValueObjects.Benchmarks-.NET 10.0-1.notcs:line 2590
   at System.Reflection.MethodBaseInvoker.InterpretedInvoke_Method(Object obj, IntPtr* args)
   at System.Reflection.MethodBaseInvoker.InvokeDirectByRefWithFewArgs(Object obj, Span`1 copyOfArgs, BindingFlags invokeAttr)
   --- End of inner exception stack trace ---
   at System.Reflection.MethodBaseInvoker.InvokeDirectByRefWithFewArgs(Object obj, Span`1 copyOfArgs, BindingFlags invokeAttr)
   at System.Reflection.MethodBaseInvoker.InvokeWithFewArgs(Object obj, BindingFlags invokeAttr, Binder binder, Object[] parameters, CultureInfo culture)
   at System.Reflection.RuntimeMethodInfo.Invoke(Object obj, BindingFlags invokeAttr, Binder binder, Object[] parameters, CultureInfo culture)
   at BenchmarkDotNet.Autogenerated.UniqueProgramName.AfterAssemblyLoadingAttached(String[] args) in /_/benchmarks/EricksonLopez.ValueObjects.Benchmarks/bin/Release/net10.0/EricksonLopez.ValueObjects.Benchmarks-.NET 10.0-1/EricksonLopez.ValueObjects.Benchmarks-.NET 10.0-1.notcs:line 57
// AfterAll
No Workload Results were obtained from the run.
// Benchmark Process 3924 has exited with code 255.

// ** Remained 83 (69.2 %) benchmark(s) to run. Estimated finish 2026-09-06 6:43 (0h 4m from now) **
// **************************
// Benchmark: SerializationJsonBenchmarks.Deserialize_TenantCode: .NET 10.0(Runtime=.NET 10.0, Toolchain=net10.0)
// *** Execute ***
// Launch: 1 / 1
// Execute: dotnet "EricksonLopez.ValueObjects.Benchmarks-.NET 10.0-1.dll" --anonymousPipes 129 130 --benchmarkName EricksonLopez.ValueObjects.Benchmarks.SerializationJsonBenchmarks.Deserialize_TenantCode --job ".NET 10.0" --benchmarkId 13 in /home/runner/work/dotnet-value-objects/dotnet-value-objects/benchmarks/EricksonLopez.ValueObjects.Benchmarks/bin/Release/net10.0/EricksonLopez.ValueObjects.Benchmarks-.NET 10.0-1/bin/Release/net10.0
// Failed to set up high priority (Permission denied). In order to run benchmarks with high priority, make sure you have the right permissions.
// BeforeAnythingElse

System.Reflection.TargetInvocationException: Exception has been thrown by the target of an invocation.
 ---> System.InvalidOperationException: Cannot access Value of a failed result. Error: [Validation] TenantCode.InvalidFormat: Tenant code must be DNS-friendly lowercase text using letters, digits, and hyphens.
   at EricksonLopez.Result.Result`1.get_Value()
   at EricksonLopez.ValueObjects.Benchmarks.SerializationJsonBenchmarks..ctor() in /_/benchmarks/EricksonLopez.ValueObjects.Benchmarks/SerializationJsonBenchmarks.cs:line 29
   at BenchmarkDotNet.Autogenerated.Runnable_13..ctor() in /_/benchmarks/EricksonLopez.ValueObjects.Benchmarks/bin/Release/net10.0/EricksonLopez.ValueObjects.Benchmarks-.NET 10.0-1/EricksonLopez.ValueObjects.Benchmarks-.NET 10.0-1.notcs:line 2839
   at BenchmarkDotNet.Autogenerated.Runnable_13.Run(IHost host, String benchmarkName) in /_/benchmarks/EricksonLopez.ValueObjects.Benchmarks/bin/Release/net10.0/EricksonLopez.ValueObjects.Benchmarks-.NET 10.0-1/EricksonLopez.ValueObjects.Benchmarks-.NET 10.0-1.notcs:line 2787
   at System.Reflection.MethodBaseInvoker.InterpretedInvoke_Method(Object obj, IntPtr* args)
   at System.Reflection.MethodBaseInvoker.InvokeDirectByRefWithFewArgs(Object obj, Span`1 copyOfArgs, BindingFlags invokeAttr)
   --- End of inner exception stack trace ---
   at System.Reflection.MethodBaseInvoker.InvokeDirectByRefWithFewArgs(Object obj, Span`1 copyOfArgs, BindingFlags invokeAttr)
   at System.Reflection.MethodBaseInvoker.InvokeWithFewArgs(Object obj, BindingFlags invokeAttr, Binder binder, Object[] parameters, CultureInfo culture)
   at System.Reflection.RuntimeMethodInfo.Invoke(Object obj, BindingFlags invokeAttr, Binder binder, Object[] parameters, CultureInfo culture)
   at BenchmarkDotNet.Autogenerated.UniqueProgramName.AfterAssemblyLoadingAttached(String[] args) in /_/benchmarks/EricksonLopez.ValueObjects.Benchmarks/bin/Release/net10.0/EricksonLopez.ValueObjects.Benchmarks-.NET 10.0-1/EricksonLopez.ValueObjects.Benchmarks-.NET 10.0-1.notcs:line 57
// AfterAll
No Workload Results were obtained from the run.
// Benchmark Process 3931 has exited with code 255.

// ** Remained 82 (68.3 %) benchmark(s) to run. Estimated finish 2026-09-06 6:43 (0h 4m from now) **
// **************************
// Benchmark: SerializationJsonBenchmarks.Serialize_CompanyName: .NET 10.0(Runtime=.NET 10.0, Toolchain=net10.0)
// *** Execute ***
// Launch: 1 / 1
// Execute: dotnet "EricksonLopez.ValueObjects.Benchmarks-.NET 10.0-1.dll" --anonymousPipes 129 130 --benchmarkName EricksonLopez.ValueObjects.Benchmarks.SerializationJsonBenchmarks.Serialize_CompanyName --job ".NET 10.0" --benchmarkId 14 in /home/runner/work/dotnet-value-objects/dotnet-value-objects/benchmarks/EricksonLopez.ValueObjects.Benchmarks/bin/Release/net10.0/EricksonLopez.ValueObjects.Benchmarks-.NET 10.0-1/bin/Release/net10.0
// Failed to set up high priority (Permission denied). In order to run benchmarks with high priority, make sure you have the right permissions.
// BeforeAnythingElse

System.Reflection.TargetInvocationException: Exception has been thrown by the target of an invocation.
 ---> System.InvalidOperationException: Cannot access Value of a failed result. Error: [Validation] TenantCode.InvalidFormat: Tenant code must be DNS-friendly lowercase text using letters, digits, and hyphens.
   at EricksonLopez.Result.Result`1.get_Value()
   at EricksonLopez.ValueObjects.Benchmarks.SerializationJsonBenchmarks..ctor() in /_/benchmarks/EricksonLopez.ValueObjects.Benchmarks/SerializationJsonBenchmarks.cs:line 29
   at BenchmarkDotNet.Autogenerated.Runnable_14..ctor() in /_/benchmarks/EricksonLopez.ValueObjects.Benchmarks/bin/Release/net10.0/EricksonLopez.ValueObjects.Benchmarks-.NET 10.0-1/EricksonLopez.ValueObjects.Benchmarks-.NET 10.0-1.notcs:line 3036
   at BenchmarkDotNet.Autogenerated.Runnable_14.Run(IHost host, String benchmarkName) in /_/benchmarks/EricksonLopez.ValueObjects.Benchmarks/bin/Release/net10.0/EricksonLopez.ValueObjects.Benchmarks-.NET 10.0-1/EricksonLopez.ValueObjects.Benchmarks-.NET 10.0-1.notcs:line 2984
   at System.Reflection.MethodBaseInvoker.InterpretedInvoke_Method(Object obj, IntPtr* args)
   at System.Reflection.MethodBaseInvoker.InvokeDirectByRefWithFewArgs(Object obj, Span`1 copyOfArgs, BindingFlags invokeAttr)
   --- End of inner exception stack trace ---
   at System.Reflection.MethodBaseInvoker.InvokeDirectByRefWithFewArgs(Object obj, Span`1 copyOfArgs, BindingFlags invokeAttr)
   at System.Reflection.MethodBaseInvoker.InvokeWithFewArgs(Object obj, BindingFlags invokeAttr, Binder binder, Object[] parameters, CultureInfo culture)
   at System.Reflection.RuntimeMethodInfo.Invoke(Object obj, BindingFlags invokeAttr, Binder binder, Object[] parameters, CultureInfo culture)
   at BenchmarkDotNet.Autogenerated.UniqueProgramName.AfterAssemblyLoadingAttached(String[] args) in /_/benchmarks/EricksonLopez.ValueObjects.Benchmarks/bin/Release/net10.0/EricksonLopez.ValueObjects.Benchmarks-.NET 10.0-1/EricksonLopez.ValueObjects.Benchmarks-.NET 10.0-1.notcs:line 57
// AfterAll
No Workload Results were obtained from the run.
// Benchmark Process 3938 has exited with code 255.

// ** Remained 81 (67.5 %) benchmark(s) to run. Estimated finish 2026-09-06 6:43 (0h 4m from now) **
// **************************
// Benchmark: SerializationJsonBenchmarks.Deserialize_CompanyName: .NET 10.0(Runtime=.NET 10.0, Toolchain=net10.0)
// *** Execute ***
// Launch: 1 / 1
// Execute: dotnet "EricksonLopez.ValueObjects.Benchmarks-.NET 10.0-1.dll" --anonymousPipes 129 130 --benchmarkName EricksonLopez.ValueObjects.Benchmarks.SerializationJsonBenchmarks.Deserialize_CompanyName --job ".NET 10.0" --benchmarkId 15 in /home/runner/work/dotnet-value-objects/dotnet-value-objects/benchmarks/EricksonLopez.ValueObjects.Benchmarks/bin/Release/net10.0/EricksonLopez.ValueObjects.Benchmarks-.NET 10.0-1/bin/Release/net10.0
// Failed to set up high priority (Permission denied). In order to run benchmarks with high priority, make sure you have the right permissions.
// BeforeAnythingElse

System.Reflection.TargetInvocationException: Exception has been thrown by the target of an invocation.
 ---> System.InvalidOperationException: Cannot access Value of a failed result. Error: [Validation] TenantCode.InvalidFormat: Tenant code must be DNS-friendly lowercase text using letters, digits, and hyphens.
   at EricksonLopez.Result.Result`1.get_Value()
   at EricksonLopez.ValueObjects.Benchmarks.SerializationJsonBenchmarks..ctor() in /_/benchmarks/EricksonLopez.ValueObjects.Benchmarks/SerializationJsonBenchmarks.cs:line 29
   at BenchmarkDotNet.Autogenerated.Runnable_15..ctor() in /_/benchmarks/EricksonLopez.ValueObjects.Benchmarks/bin/Release/net10.0/EricksonLopez.ValueObjects.Benchmarks-.NET 10.0-1/EricksonLopez.ValueObjects.Benchmarks-.NET 10.0-1.notcs:line 3233
   at BenchmarkDotNet.Autogenerated.Runnable_15.Run(IHost host, String benchmarkName) in /_/benchmarks/EricksonLopez.ValueObjects.Benchmarks/bin/Release/net10.0/EricksonLopez.ValueObjects.Benchmarks-.NET 10.0-1/EricksonLopez.ValueObjects.Benchmarks-.NET 10.0-1.notcs:line 3181
   at System.Reflection.MethodBaseInvoker.InterpretedInvoke_Method(Object obj, IntPtr* args)
   at System.Reflection.MethodBaseInvoker.InvokeDirectByRefWithFewArgs(Object obj, Span`1 copyOfArgs, BindingFlags invokeAttr)
   --- End of inner exception stack trace ---
   at System.Reflection.MethodBaseInvoker.InvokeDirectByRefWithFewArgs(Object obj, Span`1 copyOfArgs, BindingFlags invokeAttr)
   at System.Reflection.MethodBaseInvoker.InvokeWithFewArgs(Object obj, BindingFlags invokeAttr, Binder binder, Object[] parameters, CultureInfo culture)
   at System.Reflection.RuntimeMethodInfo.Invoke(Object obj, BindingFlags invokeAttr, Binder binder, Object[] parameters, CultureInfo culture)
   at BenchmarkDotNet.Autogenerated.UniqueProgramName.AfterAssemblyLoadingAttached(String[] args) in /_/benchmarks/EricksonLopez.ValueObjects.Benchmarks/bin/Release/net10.0/EricksonLopez.ValueObjects.Benchmarks-.NET 10.0-1/EricksonLopez.ValueObjects.Benchmarks-.NET 10.0-1.notcs:line 57
// AfterAll
No Workload Results were obtained from the run.
// Benchmark Process 3945 has exited with code 255.

// ** Remained 80 (66.7 %) benchmark(s) to run. Estimated finish 2026-09-06 6:43 (0h 4m from now) **
// **************************
// Benchmark: SerializationJsonBenchmarks.Serialize_Range: .NET 10.0(Runtime=.NET 10.0, Toolchain=net10.0)
// *** Execute ***
// Launch: 1 / 1
// Execute: dotnet "EricksonLopez.ValueObjects.Benchmarks-.NET 10.0-1.dll" --anonymousPipes 129 130 --benchmarkName EricksonLopez.ValueObjects.Benchmarks.SerializationJsonBenchmarks.Serialize_Range --job ".NET 10.0" --benchmarkId 16 in /home/runner/work/dotnet-value-objects/dotnet-value-objects/benchmarks/EricksonLopez.ValueObjects.Benchmarks/bin/Release/net10.0/EricksonLopez.ValueObjects.Benchmarks-.NET 10.0-1/bin/Release/net10.0
// Failed to set up high priority (Permission denied). In order to run benchmarks with high priority, make sure you have the right permissions.
// BeforeAnythingElse

System.Reflection.TargetInvocationException: Exception has been thrown by the target of an invocation.
 ---> System.InvalidOperationException: Cannot access Value of a failed result. Error: [Validation] TenantCode.InvalidFormat: Tenant code must be DNS-friendly lowercase text using letters, digits, and hyphens.
   at EricksonLopez.Result.Result`1.get_Value()
   at EricksonLopez.ValueObjects.Benchmarks.SerializationJsonBenchmarks..ctor() in /_/benchmarks/EricksonLopez.ValueObjects.Benchmarks/SerializationJsonBenchmarks.cs:line 29
   at BenchmarkDotNet.Autogenerated.Runnable_16..ctor() in /_/benchmarks/EricksonLopez.ValueObjects.Benchmarks/bin/Release/net10.0/EricksonLopez.ValueObjects.Benchmarks-.NET 10.0-1/EricksonLopez.ValueObjects.Benchmarks-.NET 10.0-1.notcs:line 3430
   at BenchmarkDotNet.Autogenerated.Runnable_16.Run(IHost host, String benchmarkName) in /_/benchmarks/EricksonLopez.ValueObjects.Benchmarks/bin/Release/net10.0/EricksonLopez.ValueObjects.Benchmarks-.NET 10.0-1/EricksonLopez.ValueObjects.Benchmarks-.NET 10.0-1.notcs:line 3378
   at System.Reflection.MethodBaseInvoker.InterpretedInvoke_Method(Object obj, IntPtr* args)
   at System.Reflection.MethodBaseInvoker.InvokeDirectByRefWithFewArgs(Object obj, Span`1 copyOfArgs, BindingFlags invokeAttr)
   --- End of inner exception stack trace ---
   at System.Reflection.MethodBaseInvoker.InvokeDirectByRefWithFewArgs(Object obj, Span`1 copyOfArgs, BindingFlags invokeAttr)
   at System.Reflection.MethodBaseInvoker.InvokeWithFewArgs(Object obj, BindingFlags invokeAttr, Binder binder, Object[] parameters, CultureInfo culture)
   at System.Reflection.RuntimeMethodInfo.Invoke(Object obj, BindingFlags invokeAttr, Binder binder, Object[] parameters, CultureInfo culture)
   at BenchmarkDotNet.Autogenerated.UniqueProgramName.AfterAssemblyLoadingAttached(String[] args) in /_/benchmarks/EricksonLopez.ValueObjects.Benchmarks/bin/Release/net10.0/EricksonLopez.ValueObjects.Benchmarks-.NET 10.0-1/EricksonLopez.ValueObjects.Benchmarks-.NET 10.0-1.notcs:line 57
// AfterAll
No Workload Results were obtained from the run.
// Benchmark Process 3952 has exited with code 255.

// ** Remained 79 (65.8 %) benchmark(s) to run. Estimated finish 2026-09-06 6:43 (0h 4m from now) **
// **************************
// Benchmark: SerializationJsonBenchmarks.Deserialize_Range: .NET 10.0(Runtime=.NET 10.0, Toolchain=net10.0)
// *** Execute ***
// Launch: 1 / 1
// Execute: dotnet "EricksonLopez.ValueObjects.Benchmarks-.NET 10.0-1.dll" --anonymousPipes 129 130 --benchmarkName EricksonLopez.ValueObjects.Benchmarks.SerializationJsonBenchmarks.Deserialize_Range --job ".NET 10.0" --benchmarkId 17 in /home/runner/work/dotnet-value-objects/dotnet-value-objects/benchmarks/EricksonLopez.ValueObjects.Benchmarks/bin/Release/net10.0/EricksonLopez.ValueObjects.Benchmarks-.NET 10.0-1/bin/Release/net10.0
// Failed to set up high priority (Permission denied). In order to run benchmarks with high priority, make sure you have the right permissions.
// BeforeAnythingElse

System.Reflection.TargetInvocationException: Exception has been thrown by the target of an invocation.
 ---> System.InvalidOperationException: Cannot access Value of a failed result. Error: [Validation] TenantCode.InvalidFormat: Tenant code must be DNS-friendly lowercase text using letters, digits, and hyphens.
   at EricksonLopez.Result.Result`1.get_Value()
   at EricksonLopez.ValueObjects.Benchmarks.SerializationJsonBenchmarks..ctor() in /_/benchmarks/EricksonLopez.ValueObjects.Benchmarks/SerializationJsonBenchmarks.cs:line 29
   at BenchmarkDotNet.Autogenerated.Runnable_17..ctor() in /_/benchmarks/EricksonLopez.ValueObjects.Benchmarks/bin/Release/net10.0/EricksonLopez.ValueObjects.Benchmarks-.NET 10.0-1/EricksonLopez.ValueObjects.Benchmarks-.NET 10.0-1.notcs:line 3627
   at BenchmarkDotNet.Autogenerated.Runnable_17.Run(IHost host, String benchmarkName) in /_/benchmarks/EricksonLopez.ValueObjects.Benchmarks/bin/Release/net10.0/EricksonLopez.ValueObjects.Benchmarks-.NET 10.0-1/EricksonLopez.ValueObjects.Benchmarks-.NET 10.0-1.notcs:line 3575
   at System.Reflection.MethodBaseInvoker.InterpretedInvoke_Method(Object obj, IntPtr* args)
   at System.Reflection.MethodBaseInvoker.InvokeDirectByRefWithFewArgs(Object obj, Span`1 copyOfArgs, BindingFlags invokeAttr)
   --- End of inner exception stack trace ---
   at System.Reflection.MethodBaseInvoker.InvokeDirectByRefWithFewArgs(Object obj, Span`1 copyOfArgs, BindingFlags invokeAttr)
   at System.Reflection.MethodBaseInvoker.InvokeWithFewArgs(Object obj, BindingFlags invokeAttr, Binder binder, Object[] parameters, CultureInfo culture)
   at System.Reflection.RuntimeMethodInfo.Invoke(Object obj, BindingFlags invokeAttr, Binder binder, Object[] parameters, CultureInfo culture)
   at BenchmarkDotNet.Autogenerated.UniqueProgramName.AfterAssemblyLoadingAttached(String[] args) in /_/benchmarks/EricksonLopez.ValueObjects.Benchmarks/bin/Release/net10.0/EricksonLopez.ValueObjects.Benchmarks-.NET 10.0-1/EricksonLopez.ValueObjects.Benchmarks-.NET 10.0-1.notcs:line 57
// AfterAll
No Workload Results were obtained from the run.
// Benchmark Process 3959 has exited with code 255.

// ** Remained 78 (65.0 %) benchmark(s) to run. Estimated finish 2026-09-06 6:42 (0h 4m from now) **
// Build Error: Standard output: 
  
 Standard error: 
   Determining projects to restore...
/home/runner/work/dotnet-value-objects/dotnet-value-objects/benchmarks/EricksonLopez.ValueObjects.Benchmarks/bin/Release/net10.0/EricksonLopez.ValueObjects.Benchmarks-.NET 8.0-2/BenchmarkDotNet.Autogenerated.csproj : error NU1201: Project EricksonLopez.ValueObjects.Benchmarks is not compatible with net8.0 (.NETCoreApp,Version=v8.0). Project EricksonLopez.ValueObjects.Benchmarks supports: net10.0 (.NETCoreApp,Version=v10.0)
  Failed to restore /home/runner/work/dotnet-value-objects/dotnet-value-objects/benchmarks/EricksonLopez.ValueObjects.Benchmarks/bin/Release/net10.0/EricksonLopez.ValueObjects.Benchmarks-.NET 8.0-2/BenchmarkDotNet.Autogenerated.csproj (in 209 ms).
  5 of 6 projects are up-to-date for restore.

// BenchmarkDotNet has failed to build the auto-generated boilerplate code.
// It can be found in /home/runner/work/dotnet-value-objects/dotnet-value-objects/benchmarks/EricksonLopez.ValueObjects.Benchmarks/bin/Release/net10.0/EricksonLopez.ValueObjects.Benchmarks-.NET 8.0-2
// Please follow the troubleshooting guide: https://benchmarkdotnet.org/articles/guides/troubleshooting.html

// ** Remained 77 (64.2 %) benchmark(s) to run. Estimated finish 2026-09-06 6:42 (0h 3m from now) **
// Build Error: Standard output: 
  
 Standard error: 
   Determining projects to restore...
/home/runner/work/dotnet-value-objects/dotnet-value-objects/benchmarks/EricksonLopez.ValueObjects.Benchmarks/bin/Release/net10.0/EricksonLopez.ValueObjects.Benchmarks-.NET 8.0-2/BenchmarkDotNet.Autogenerated.csproj : error NU1201: Project EricksonLopez.ValueObjects.Benchmarks is not compatible with net8.0 (.NETCoreApp,Version=v8.0). Project EricksonLopez.ValueObjects.Benchmarks supports: net10.0 (.NETCoreApp,Version=v10.0)
  Failed to restore /home/runner/work/dotnet-value-objects/dotnet-value-objects/benchmarks/EricksonLopez.ValueObjects.Benchmarks/bin/Release/net10.0/EricksonLopez.ValueObjects.Benchmarks-.NET 8.0-2/BenchmarkDotNet.Autogenerated.csproj (in 209 ms).
  5 of 6 projects are up-to-date for restore.

// BenchmarkDotNet has failed to build the auto-generated boilerplate code.
// It can be found in /home/runner/work/dotnet-value-objects/dotnet-value-objects/benchmarks/EricksonLopez.ValueObjects.Benchmarks/bin/Release/net10.0/EricksonLopez.ValueObjects.Benchmarks-.NET 8.0-2
// Please follow the troubleshooting guide: https://benchmarkdotnet.org/articles/guides/troubleshooting.html

// ** Remained 76 (63.3 %) benchmark(s) to run. Estimated finish 2026-09-06 6:42 (0h 3m from now) **
// Build Error: Standard output: 
  
 Standard error: 
   Determining projects to restore...
/home/runner/work/dotnet-value-objects/dotnet-value-objects/benchmarks/EricksonLopez.ValueObjects.Benchmarks/bin/Release/net10.0/EricksonLopez.ValueObjects.Benchmarks-.NET 8.0-2/BenchmarkDotNet.Autogenerated.csproj : error NU1201: Project EricksonLopez.ValueObjects.Benchmarks is not compatible with net8.0 (.NETCoreApp,Version=v8.0). Project EricksonLopez.ValueObjects.Benchmarks supports: net10.0 (.NETCoreApp,Version=v10.0)
  Failed to restore /home/runner/work/dotnet-value-objects/dotnet-value-objects/benchmarks/EricksonLopez.ValueObjects.Benchmarks/bin/Release/net10.0/EricksonLopez.ValueObjects.Benchmarks-.NET 8.0-2/BenchmarkDotNet.Autogenerated.csproj (in 209 ms).
  5 of 6 projects are up-to-date for restore.

// BenchmarkDotNet has failed to build the auto-generated boilerplate code.
// It can be found in /home/runner/work/dotnet-value-objects/dotnet-value-objects/benchmarks/EricksonLopez.ValueObjects.Benchmarks/bin/Release/net10.0/EricksonLopez.ValueObjects.Benchmarks-.NET 8.0-2
// Please follow the troubleshooting guide: https://benchmarkdotnet.org/articles/guides/troubleshooting.html

// ** Remained 75 (62.5 %) benchmark(s) to run. Estimated finish 2026-09-06 6:42 (0h 3m from now) **
// Build Error: Standard output: 
  
 Standard error: 
   Determining projects to restore...
/home/runner/work/dotnet-value-objects/dotnet-value-objects/benchmarks/EricksonLopez.ValueObjects.Benchmarks/bin/Release/net10.0/EricksonLopez.ValueObjects.Benchmarks-.NET 8.0-2/BenchmarkDotNet.Autogenerated.csproj : error NU1201: Project EricksonLopez.ValueObjects.Benchmarks is not compatible with net8.0 (.NETCoreApp,Version=v8.0). Project EricksonLopez.ValueObjects.Benchmarks supports: net10.0 (.NETCoreApp,Version=v10.0)
  Failed to restore /home/runner/work/dotnet-value-objects/dotnet-value-objects/benchmarks/EricksonLopez.ValueObjects.Benchmarks/bin/Release/net10.0/EricksonLopez.ValueObjects.Benchmarks-.NET 8.0-2/BenchmarkDotNet.Autogenerated.csproj (in 209 ms).
  5 of 6 projects are up-to-date for restore.

// BenchmarkDotNet has failed to build the auto-generated boilerplate code.
// It can be found in /home/runner/work/dotnet-value-objects/dotnet-value-objects/benchmarks/EricksonLopez.ValueObjects.Benchmarks/bin/Release/net10.0/EricksonLopez.ValueObjects.Benchmarks-.NET 8.0-2
// Please follow the troubleshooting guide: https://benchmarkdotnet.org/articles/guides/troubleshooting.html

// ** Remained 74 (61.7 %) benchmark(s) to run. Estimated finish 2026-09-06 6:42 (0h 3m from now) **
// Build Error: Standard output: 
  
 Standard error: 
   Determining projects to restore...
/home/runner/work/dotnet-value-objects/dotnet-value-objects/benchmarks/EricksonLopez.ValueObjects.Benchmarks/bin/Release/net10.0/EricksonLopez.ValueObjects.Benchmarks-.NET 8.0-2/BenchmarkDotNet.Autogenerated.csproj : error NU1201: Project EricksonLopez.ValueObjects.Benchmarks is not compatible with net8.0 (.NETCoreApp,Version=v8.0). Project EricksonLopez.ValueObjects.Benchmarks supports: net10.0 (.NETCoreApp,Version=v10.0)
  Failed to restore /home/runner/work/dotnet-value-objects/dotnet-value-objects/benchmarks/EricksonLopez.ValueObjects.Benchmarks/bin/Release/net10.0/EricksonLopez.ValueObjects.Benchmarks-.NET 8.0-2/BenchmarkDotNet.Autogenerated.csproj (in 209 ms).
  5 of 6 projects are up-to-date for restore.

// BenchmarkDotNet has failed to build the auto-generated boilerplate code.
// It can be found in /home/runner/work/dotnet-value-objects/dotnet-value-objects/benchmarks/EricksonLopez.ValueObjects.Benchmarks/bin/Release/net10.0/EricksonLopez.ValueObjects.Benchmarks-.NET 8.0-2
// Please follow the troubleshooting guide: https://benchmarkdotnet.org/articles/guides/troubleshooting.html

// ** Remained 73 (60.8 %) benchmark(s) to run. Estimated finish 2026-09-06 6:42 (0h 3m from now) **
// Build Error: Standard output: 
  
 Standard error: 
   Determining projects to restore...
/home/runner/work/dotnet-value-objects/dotnet-value-objects/benchmarks/EricksonLopez.ValueObjects.Benchmarks/bin/Release/net10.0/EricksonLopez.ValueObjects.Benchmarks-.NET 8.0-2/BenchmarkDotNet.Autogenerated.csproj : error NU1201: Project EricksonLopez.ValueObjects.Benchmarks is not compatible with net8.0 (.NETCoreApp,Version=v8.0). Project EricksonLopez.ValueObjects.Benchmarks supports: net10.0 (.NETCoreApp,Version=v10.0)
  Failed to restore /home/runner/work/dotnet-value-objects/dotnet-value-objects/benchmarks/EricksonLopez.ValueObjects.Benchmarks/bin/Release/net10.0/EricksonLopez.ValueObjects.Benchmarks-.NET 8.0-2/BenchmarkDotNet.Autogenerated.csproj (in 209 ms).
  5 of 6 projects are up-to-date for restore.

// BenchmarkDotNet has failed to build the auto-generated boilerplate code.
// It can be found in /home/runner/work/dotnet-value-objects/dotnet-value-objects/benchmarks/EricksonLopez.ValueObjects.Benchmarks/bin/Release/net10.0/EricksonLopez.ValueObjects.Benchmarks-.NET 8.0-2
// Please follow the troubleshooting guide: https://benchmarkdotnet.org/articles/guides/troubleshooting.html

// ** Remained 72 (60.0 %) benchmark(s) to run. Estimated finish 2026-09-06 6:42 (0h 3m from now) **
// Build Error: Standard output: 
  
 Standard error: 
   Determining projects to restore...
/home/runner/work/dotnet-value-objects/dotnet-value-objects/benchmarks/EricksonLopez.ValueObjects.Benchmarks/bin/Release/net10.0/EricksonLopez.ValueObjects.Benchmarks-.NET 9.0-3/BenchmarkDotNet.Autogenerated.csproj : error NU1201: Project EricksonLopez.ValueObjects.Benchmarks is not compatible with net9.0 (.NETCoreApp,Version=v9.0). Project EricksonLopez.ValueObjects.Benchmarks supports: net10.0 (.NETCoreApp,Version=v10.0)
  Failed to restore /home/runner/work/dotnet-value-objects/dotnet-value-objects/benchmarks/EricksonLopez.ValueObjects.Benchmarks/bin/Release/net10.0/EricksonLopez.ValueObjects.Benchmarks-.NET 9.0-3/BenchmarkDotNet.Autogenerated.csproj (in 221 ms).
  5 of 6 projects are up-to-date for restore.

// BenchmarkDotNet has failed to build the auto-generated boilerplate code.
// It can be found in /home/runner/work/dotnet-value-objects/dotnet-value-objects/benchmarks/EricksonLopez.ValueObjects.Benchmarks/bin/Release/net10.0/EricksonLopez.ValueObjects.Benchmarks-.NET 9.0-3
// Please follow the troubleshooting guide: https://benchmarkdotnet.org/articles/guides/troubleshooting.html

// ** Remained 71 (59.2 %) benchmark(s) to run. Estimated finish 2026-09-06 6:41 (0h 3m from now) **
// Build Error: Standard output: 
  
 Standard error: 
   Determining projects to restore...
/home/runner/work/dotnet-value-objects/dotnet-value-objects/benchmarks/EricksonLopez.ValueObjects.Benchmarks/bin/Release/net10.0/EricksonLopez.ValueObjects.Benchmarks-.NET 9.0-3/BenchmarkDotNet.Autogenerated.csproj : error NU1201: Project EricksonLopez.ValueObjects.Benchmarks is not compatible with net9.0 (.NETCoreApp,Version=v9.0). Project EricksonLopez.ValueObjects.Benchmarks supports: net10.0 (.NETCoreApp,Version=v10.0)
  Failed to restore /home/runner/work/dotnet-value-objects/dotnet-value-objects/benchmarks/EricksonLopez.ValueObjects.Benchmarks/bin/Release/net10.0/EricksonLopez.ValueObjects.Benchmarks-.NET 9.0-3/BenchmarkDotNet.Autogenerated.csproj (in 221 ms).
  5 of 6 projects are up-to-date for restore.

// BenchmarkDotNet has failed to build the auto-generated boilerplate code.
// It can be found in /home/runner/work/dotnet-value-objects/dotnet-value-objects/benchmarks/EricksonLopez.ValueObjects.Benchmarks/bin/Release/net10.0/EricksonLopez.ValueObjects.Benchmarks-.NET 9.0-3
// Please follow the troubleshooting guide: https://benchmarkdotnet.org/articles/guides/troubleshooting.html

// ** Remained 70 (58.3 %) benchmark(s) to run. Estimated finish 2026-09-06 6:41 (0h 3m from now) **
// Build Error: Standard output: 
  
 Standard error: 
   Determining projects to restore...
/home/runner/work/dotnet-value-objects/dotnet-value-objects/benchmarks/EricksonLopez.ValueObjects.Benchmarks/bin/Release/net10.0/EricksonLopez.ValueObjects.Benchmarks-.NET 9.0-3/BenchmarkDotNet.Autogenerated.csproj : error NU1201: Project EricksonLopez.ValueObjects.Benchmarks is not compatible with net9.0 (.NETCoreApp,Version=v9.0). Project EricksonLopez.ValueObjects.Benchmarks supports: net10.0 (.NETCoreApp,Version=v10.0)
  Failed to restore /home/runner/work/dotnet-value-objects/dotnet-value-objects/benchmarks/EricksonLopez.ValueObjects.Benchmarks/bin/Release/net10.0/EricksonLopez.ValueObjects.Benchmarks-.NET 9.0-3/BenchmarkDotNet.Autogenerated.csproj (in 221 ms).
  5 of 6 projects are up-to-date for restore.

// BenchmarkDotNet has failed to build the auto-generated boilerplate code.
// It can be found in /home/runner/work/dotnet-value-objects/dotnet-value-objects/benchmarks/EricksonLopez.ValueObjects.Benchmarks/bin/Release/net10.0/EricksonLopez.ValueObjects.Benchmarks-.NET 9.0-3
// Please follow the troubleshooting guide: https://benchmarkdotnet.org/articles/guides/troubleshooting.html

// ** Remained 69 (57.5 %) benchmark(s) to run. Estimated finish 2026-09-06 6:41 (0h 3m from now) **
// Build Error: Standard output: 
  
 Standard error: 
   Determining projects to restore...
/home/runner/work/dotnet-value-objects/dotnet-value-objects/benchmarks/EricksonLopez.ValueObjects.Benchmarks/bin/Release/net10.0/EricksonLopez.ValueObjects.Benchmarks-.NET 9.0-3/BenchmarkDotNet.Autogenerated.csproj : error NU1201: Project EricksonLopez.ValueObjects.Benchmarks is not compatible with net9.0 (.NETCoreApp,Version=v9.0). Project EricksonLopez.ValueObjects.Benchmarks supports: net10.0 (.NETCoreApp,Version=v10.0)
  Failed to restore /home/runner/work/dotnet-value-objects/dotnet-value-objects/benchmarks/EricksonLopez.ValueObjects.Benchmarks/bin/Release/net10.0/EricksonLopez.ValueObjects.Benchmarks-.NET 9.0-3/BenchmarkDotNet.Autogenerated.csproj (in 221 ms).
  5 of 6 projects are up-to-date for restore.

// BenchmarkDotNet has failed to build the auto-generated boilerplate code.
// It can be found in /home/runner/work/dotnet-value-objects/dotnet-value-objects/benchmarks/EricksonLopez.ValueObjects.Benchmarks/bin/Release/net10.0/EricksonLopez.ValueObjects.Benchmarks-.NET 9.0-3
// Please follow the troubleshooting guide: https://benchmarkdotnet.org/articles/guides/troubleshooting.html

// ** Remained 68 (56.7 %) benchmark(s) to run. Estimated finish 2026-09-06 6:41 (0h 2m from now) **
// Build Error: Standard output: 
  
 Standard error: 
   Determining projects to restore...
/home/runner/work/dotnet-value-objects/dotnet-value-objects/benchmarks/EricksonLopez.ValueObjects.Benchmarks/bin/Release/net10.0/EricksonLopez.ValueObjects.Benchmarks-.NET 9.0-3/BenchmarkDotNet.Autogenerated.csproj : error NU1201: Project EricksonLopez.ValueObjects.Benchmarks is not compatible with net9.0 (.NETCoreApp,Version=v9.0). Project EricksonLopez.ValueObjects.Benchmarks supports: net10.0 (.NETCoreApp,Version=v10.0)
  Failed to restore /home/runner/work/dotnet-value-objects/dotnet-value-objects/benchmarks/EricksonLopez.ValueObjects.Benchmarks/bin/Release/net10.0/EricksonLopez.ValueObjects.Benchmarks-.NET 9.0-3/BenchmarkDotNet.Autogenerated.csproj (in 221 ms).
  5 of 6 projects are up-to-date for restore.

// BenchmarkDotNet has failed to build the auto-generated boilerplate code.
// It can be found in /home/runner/work/dotnet-value-objects/dotnet-value-objects/benchmarks/EricksonLopez.ValueObjects.Benchmarks/bin/Release/net10.0/EricksonLopez.ValueObjects.Benchmarks-.NET 9.0-3
// Please follow the troubleshooting guide: https://benchmarkdotnet.org/articles/guides/troubleshooting.html

// ** Remained 67 (55.8 %) benchmark(s) to run. Estimated finish 2026-09-06 6:41 (0h 2m from now) **
// Build Error: Standard output: 
  
 Standard error: 
   Determining projects to restore...
/home/runner/work/dotnet-value-objects/dotnet-value-objects/benchmarks/EricksonLopez.ValueObjects.Benchmarks/bin/Release/net10.0/EricksonLopez.ValueObjects.Benchmarks-.NET 9.0-3/BenchmarkDotNet.Autogenerated.csproj : error NU1201: Project EricksonLopez.ValueObjects.Benchmarks is not compatible with net9.0 (.NETCoreApp,Version=v9.0). Project EricksonLopez.ValueObjects.Benchmarks supports: net10.0 (.NETCoreApp,Version=v10.0)
  Failed to restore /home/runner/work/dotnet-value-objects/dotnet-value-objects/benchmarks/EricksonLopez.ValueObjects.Benchmarks/bin/Release/net10.0/EricksonLopez.ValueObjects.Benchmarks-.NET 9.0-3/BenchmarkDotNet.Autogenerated.csproj (in 221 ms).
  5 of 6 projects are up-to-date for restore.

// BenchmarkDotNet has failed to build the auto-generated boilerplate code.
// It can be found in /home/runner/work/dotnet-value-objects/dotnet-value-objects/benchmarks/EricksonLopez.ValueObjects.Benchmarks/bin/Release/net10.0/EricksonLopez.ValueObjects.Benchmarks-.NET 9.0-3
// Please follow the troubleshooting guide: https://benchmarkdotnet.org/articles/guides/troubleshooting.html

// ** Remained 66 (55.0 %) benchmark(s) to run. Estimated finish 2026-09-06 6:41 (0h 2m from now) **
// ***** BenchmarkRunner: Finish  *****

// * Export *
  benchmarks/results/results/EricksonLopez.ValueObjects.Benchmarks.SerializationJsonBenchmarks-report.csv
  benchmarks/results/results/EricksonLopez.ValueObjects.Benchmarks.SerializationJsonBenchmarks-report-github.md
  benchmarks/results/results/EricksonLopez.ValueObjects.Benchmarks.SerializationJsonBenchmarks-report.html
  benchmarks/results/results/EricksonLopez.ValueObjects.Benchmarks.SerializationJsonBenchmarks-report-full-compressed.json
  benchmarks/results/results/EricksonLopez.ValueObjects.Benchmarks.SerializationJsonBenchmarks-report-default.md

// * Detailed results *
SerializationJsonBenchmarks.Serialize_TenantCode: .NET 10.0(Runtime=.NET 10.0, Toolchain=net10.0)
Runtime = ; GC = 
There are not any results runs

SerializationJsonBenchmarks.Serialize_TenantCode: .NET 8.0(Runtime=.NET 8.0, Toolchain=net8.0)
Runtime = ; GC = 
There are not any results runs

SerializationJsonBenchmarks.Serialize_TenantCode: .NET 9.0(Runtime=.NET 9.0, Toolchain=net9.0)
Runtime = ; GC = 
There are not any results runs

SerializationJsonBenchmarks.Deserialize_TenantCode: .NET 10.0(Runtime=.NET 10.0, Toolchain=net10.0)
Runtime = ; GC = 
There are not any results runs

SerializationJsonBenchmarks.Deserialize_TenantCode: .NET 8.0(Runtime=.NET 8.0, Toolchain=net8.0)
Runtime = ; GC = 
There are not any results runs

SerializationJsonBenchmarks.Deserialize_TenantCode: .NET 9.0(Runtime=.NET 9.0, Toolchain=net9.0)
Runtime = ; GC = 
There are not any results runs

SerializationJsonBenchmarks.Serialize_CompanyName: .NET 10.0(Runtime=.NET 10.0, Toolchain=net10.0)
Runtime = ; GC = 
There are not any results runs

SerializationJsonBenchmarks.Serialize_CompanyName: .NET 8.0(Runtime=.NET 8.0, Toolchain=net8.0)
Runtime = ; GC = 
There are not any results runs

SerializationJsonBenchmarks.Serialize_CompanyName: .NET 9.0(Runtime=.NET 9.0, Toolchain=net9.0)
Runtime = ; GC = 
There are not any results runs

SerializationJsonBenchmarks.Deserialize_CompanyName: .NET 10.0(Runtime=.NET 10.0, Toolchain=net10.0)
Runtime = ; GC = 
There are not any results runs

SerializationJsonBenchmarks.Deserialize_CompanyName: .NET 8.0(Runtime=.NET 8.0, Toolchain=net8.0)
Runtime = ; GC = 
There are not any results runs

SerializationJsonBenchmarks.Deserialize_CompanyName: .NET 9.0(Runtime=.NET 9.0, Toolchain=net9.0)
Runtime = ; GC = 
There are not any results runs

SerializationJsonBenchmarks.Serialize_Range: .NET 10.0(Runtime=.NET 10.0, Toolchain=net10.0)
Runtime = ; GC = 
There are not any results runs

SerializationJsonBenchmarks.Serialize_Range: .NET 8.0(Runtime=.NET 8.0, Toolchain=net8.0)
Runtime = ; GC = 
There are not any results runs

SerializationJsonBenchmarks.Serialize_Range: .NET 9.0(Runtime=.NET 9.0, Toolchain=net9.0)
Runtime = ; GC = 
There are not any results runs

SerializationJsonBenchmarks.Deserialize_Range: .NET 10.0(Runtime=.NET 10.0, Toolchain=net10.0)
Runtime = ; GC = 
There are not any results runs

SerializationJsonBenchmarks.Deserialize_Range: .NET 8.0(Runtime=.NET 8.0, Toolchain=net8.0)
Runtime = ; GC = 
There are not any results runs

SerializationJsonBenchmarks.Deserialize_Range: .NET 9.0(Runtime=.NET 9.0, Toolchain=net9.0)
Runtime = ; GC = 
There are not any results runs

// * Summary *

BenchmarkDotNet v0.15.8, Linux Ubuntu 24.04.4 LTS (Noble Numbat)
INTEL XEON PLATINUM 8573C 3.35GHz, 1 CPU, 4 logical and 2 physical cores
.NET SDK 10.0.400
  [Host] : .NET 10.0.11 (10.0.11, 10.0.1126.37416), X64 RyuJIT x86-64-v4


| Method                  | Job       | Runtime   | Mean | Error | Ratio | RatioSD | Alloc Ratio |
|------------------------ |---------- |---------- |-----:|------:|------:|--------:|------------:|
| Serialize_TenantCode    | .NET 10.0 | .NET 10.0 |   NA |    NA |     ? |       ? |           ? |
| Serialize_TenantCode    | .NET 8.0  | .NET 8.0  |   NA |    NA |     ? |       ? |           ? |
| Serialize_TenantCode    | .NET 9.0  | .NET 9.0  |   NA |    NA |     ? |       ? |           ? |
|                         |           |           |      |       |       |         |             |
| Deserialize_TenantCode  | .NET 10.0 | .NET 10.0 |   NA |    NA |     ? |       ? |           ? |
| Deserialize_TenantCode  | .NET 8.0  | .NET 8.0  |   NA |    NA |     ? |       ? |           ? |
| Deserialize_TenantCode  | .NET 9.0  | .NET 9.0  |   NA |    NA |     ? |       ? |           ? |
|                         |           |           |      |       |       |         |             |
| Serialize_CompanyName   | .NET 10.0 | .NET 10.0 |   NA |    NA |     ? |       ? |           ? |
| Serialize_CompanyName   | .NET 8.0  | .NET 8.0  |   NA |    NA |     ? |       ? |           ? |
| Serialize_CompanyName   | .NET 9.0  | .NET 9.0  |   NA |    NA |     ? |       ? |           ? |
|                         |           |           |      |       |       |         |             |
| Deserialize_CompanyName | .NET 10.0 | .NET 10.0 |   NA |    NA |     ? |       ? |           ? |
| Deserialize_CompanyName | .NET 8.0  | .NET 8.0  |   NA |    NA |     ? |       ? |           ? |
| Deserialize_CompanyName | .NET 9.0  | .NET 9.0  |   NA |    NA |     ? |       ? |           ? |
|                         |           |           |      |       |       |         |             |
| Serialize_Range         | .NET 10.0 | .NET 10.0 |   NA |    NA |     ? |       ? |           ? |
| Serialize_Range         | .NET 8.0  | .NET 8.0  |   NA |    NA |     ? |       ? |           ? |
| Serialize_Range         | .NET 9.0  | .NET 9.0  |   NA |    NA |     ? |       ? |           ? |
|                         |           |           |      |       |       |         |             |
| Deserialize_Range       | .NET 10.0 | .NET 10.0 |   NA |    NA |     ? |       ? |           ? |
| Deserialize_Range       | .NET 8.0  | .NET 8.0  |   NA |    NA |     ? |       ? |           ? |
| Deserialize_Range       | .NET 9.0  | .NET 9.0  |   NA |    NA |     ? |       ? |           ? |

Benchmarks with issues:
  SerializationJsonBenchmarks.Serialize_TenantCode: .NET 10.0(Runtime=.NET 10.0, Toolchain=net10.0)
  SerializationJsonBenchmarks.Serialize_TenantCode: .NET 8.0(Runtime=.NET 8.0, Toolchain=net8.0)
  SerializationJsonBenchmarks.Serialize_TenantCode: .NET 9.0(Runtime=.NET 9.0, Toolchain=net9.0)
  SerializationJsonBenchmarks.Deserialize_TenantCode: .NET 10.0(Runtime=.NET 10.0, Toolchain=net10.0)
  SerializationJsonBenchmarks.Deserialize_TenantCode: .NET 8.0(Runtime=.NET 8.0, Toolchain=net8.0)
  SerializationJsonBenchmarks.Deserialize_TenantCode: .NET 9.0(Runtime=.NET 9.0, Toolchain=net9.0)
  SerializationJsonBenchmarks.Serialize_CompanyName: .NET 10.0(Runtime=.NET 10.0, Toolchain=net10.0)
  SerializationJsonBenchmarks.Serialize_CompanyName: .NET 8.0(Runtime=.NET 8.0, Toolchain=net8.0)
  SerializationJsonBenchmarks.Serialize_CompanyName: .NET 9.0(Runtime=.NET 9.0, Toolchain=net9.0)
  SerializationJsonBenchmarks.Deserialize_CompanyName: .NET 10.0(Runtime=.NET 10.0, Toolchain=net10.0)
  SerializationJsonBenchmarks.Deserialize_CompanyName: .NET 8.0(Runtime=.NET 8.0, Toolchain=net8.0)
  SerializationJsonBenchmarks.Deserialize_CompanyName: .NET 9.0(Runtime=.NET 9.0, Toolchain=net9.0)
  SerializationJsonBenchmarks.Serialize_Range: .NET 10.0(Runtime=.NET 10.0, Toolchain=net10.0)
  SerializationJsonBenchmarks.Serialize_Range: .NET 8.0(Runtime=.NET 8.0, Toolchain=net8.0)
  SerializationJsonBenchmarks.Serialize_Range: .NET 9.0(Runtime=.NET 9.0, Toolchain=net9.0)
  SerializationJsonBenchmarks.Deserialize_Range: .NET 10.0(Runtime=.NET 10.0, Toolchain=net10.0)
  SerializationJsonBenchmarks.Deserialize_Range: .NET 8.0(Runtime=.NET 8.0, Toolchain=net8.0)
  SerializationJsonBenchmarks.Deserialize_Range: .NET 9.0(Runtime=.NET 9.0, Toolchain=net9.0)

// * Warnings *
BaselineCustomAnalyzer
  Summary -> A question mark '?' symbol indicates that it was not possible to compute the (Ratio, RatioSD, Alloc Ratio) column(s) because the baseline or benchmark could not be found, or the baseline value is too close to zero.

// * Legends *
  Mean        : Arithmetic mean of all measurements
  Error       : Half of 99.9% confidence interval
  Ratio       : Mean of the ratio distribution ([Current]/[Baseline])
  RatioSD     : Standard deviation of the ratio distribution ([Current]/[Baseline])
  Alloc Ratio : Allocated memory ratio distribution ([Current]/[Baseline])
  1 ns        : 1 Nanosecond (0.000000001 sec)

// * Diagnostic Output - MemoryDiagnoser *


// ***** BenchmarkRunner: End *****
Run time: 00:00:00 (0.39 sec), executed benchmarks: 6

// Found 66 benchmarks:
//   ValueObjectBenchmarks.Create_Class: .NET 10.0(Runtime=.NET 10.0, Toolchain=net10.0)
//   ValueObjectBenchmarks.Create_RecordClass: .NET 10.0(Runtime=.NET 10.0, Toolchain=net10.0)
//   ValueObjectBenchmarks.Create_Struct: .NET 10.0(Runtime=.NET 10.0, Toolchain=net10.0)
//   ValueObjectBenchmarks.Create_RecordStruct: .NET 10.0(Runtime=.NET 10.0, Toolchain=net10.0)
//   ValueObjectBenchmarks.Domain_Create_Email: .NET 10.0(Runtime=.NET 10.0, Toolchain=net10.0)
//   ValueObjectBenchmarks.Domain_Create_Money: .NET 10.0(Runtime=.NET 10.0, Toolchain=net10.0)
//   ValueObjectBenchmarks.Domain_Create_Percentage: .NET 10.0(Runtime=.NET 10.0, Toolchain=net10.0)
//   ValueObjectBenchmarks.Equals_Class: .NET 10.0(Runtime=.NET 10.0, Toolchain=net10.0)
//   ValueObjectBenchmarks.Equals_RecordClass: .NET 10.0(Runtime=.NET 10.0, Toolchain=net10.0)
//   ValueObjectBenchmarks.Equals_Struct: .NET 10.0(Runtime=.NET 10.0, Toolchain=net10.0)
//   ValueObjectBenchmarks.Equals_RecordStruct: .NET 10.0(Runtime=.NET 10.0, Toolchain=net10.0)
//   ValueObjectBenchmarks.Domain_Equals_Money: .NET 10.0(Runtime=.NET 10.0, Toolchain=net10.0)
//   ValueObjectBenchmarks.HashCode_Class: .NET 10.0(Runtime=.NET 10.0, Toolchain=net10.0)
//   ValueObjectBenchmarks.HashCode_RecordClass: .NET 10.0(Runtime=.NET 10.0, Toolchain=net10.0)
//   ValueObjectBenchmarks.HashCode_Struct: .NET 10.0(Runtime=.NET 10.0, Toolchain=net10.0)
//   ValueObjectBenchmarks.HashCode_RecordStruct: .NET 10.0(Runtime=.NET 10.0, Toolchain=net10.0)
//   ValueObjectBenchmarks.DictionaryLookup_RecordClass: .NET 10.0(Runtime=.NET 10.0, Toolchain=net10.0)
//   ValueObjectBenchmarks.DictionaryLookup_RecordStruct: .NET 10.0(Runtime=.NET 10.0, Toolchain=net10.0)
//   ValueObjectBenchmarks.Domain_Money_Add: .NET 10.0(Runtime=.NET 10.0, Toolchain=net10.0)
//   ValueObjectBenchmarks.Domain_Money_Allocate: .NET 10.0(Runtime=.NET 10.0, Toolchain=net10.0)
//   ValueObjectBenchmarks.Domain_Money_ApplyTax: .NET 10.0(Runtime=.NET 10.0, Toolchain=net10.0)
//   ValueObjectBenchmarks.Domain_Parse_BusinessDate: .NET 10.0(Runtime=.NET 10.0, Toolchain=net10.0)
//   ValueObjectBenchmarks.Create_Class: .NET 8.0(Runtime=.NET 8.0, Toolchain=net8.0)
//   ValueObjectBenchmarks.Create_RecordClass: .NET 8.0(Runtime=.NET 8.0, Toolchain=net8.0)
//   ValueObjectBenchmarks.Create_Struct: .NET 8.0(Runtime=.NET 8.0, Toolchain=net8.0)
//   ValueObjectBenchmarks.Create_RecordStruct: .NET 8.0(Runtime=.NET 8.0, Toolchain=net8.0)
//   ValueObjectBenchmarks.Domain_Create_Email: .NET 8.0(Runtime=.NET 8.0, Toolchain=net8.0)
//   ValueObjectBenchmarks.Domain_Create_Money: .NET 8.0(Runtime=.NET 8.0, Toolchain=net8.0)
//   ValueObjectBenchmarks.Domain_Create_Percentage: .NET 8.0(Runtime=.NET 8.0, Toolchain=net8.0)
//   ValueObjectBenchmarks.Equals_Class: .NET 8.0(Runtime=.NET 8.0, Toolchain=net8.0)
//   ValueObjectBenchmarks.Equals_RecordClass: .NET 8.0(Runtime=.NET 8.0, Toolchain=net8.0)
//   ValueObjectBenchmarks.Equals_Struct: .NET 8.0(Runtime=.NET 8.0, Toolchain=net8.0)
//   ValueObjectBenchmarks.Equals_RecordStruct: .NET 8.0(Runtime=.NET 8.0, Toolchain=net8.0)
//   ValueObjectBenchmarks.Domain_Equals_Money: .NET 8.0(Runtime=.NET 8.0, Toolchain=net8.0)
//   ValueObjectBenchmarks.HashCode_Class: .NET 8.0(Runtime=.NET 8.0, Toolchain=net8.0)
//   ValueObjectBenchmarks.HashCode_RecordClass: .NET 8.0(Runtime=.NET 8.0, Toolchain=net8.0)
//   ValueObjectBenchmarks.HashCode_Struct: .NET 8.0(Runtime=.NET 8.0, Toolchain=net8.0)
//   ValueObjectBenchmarks.HashCode_RecordStruct: .NET 8.0(Runtime=.NET 8.0, Toolchain=net8.0)
//   ValueObjectBenchmarks.DictionaryLookup_RecordClass: .NET 8.0(Runtime=.NET 8.0, Toolchain=net8.0)
//   ValueObjectBenchmarks.DictionaryLookup_RecordStruct: .NET 8.0(Runtime=.NET 8.0, Toolchain=net8.0)
//   ValueObjectBenchmarks.Domain_Money_Add: .NET 8.0(Runtime=.NET 8.0, Toolchain=net8.0)
//   ValueObjectBenchmarks.Domain_Money_Allocate: .NET 8.0(Runtime=.NET 8.0, Toolchain=net8.0)
//   ValueObjectBenchmarks.Domain_Money_ApplyTax: .NET 8.0(Runtime=.NET 8.0, Toolchain=net8.0)
//   ValueObjectBenchmarks.Domain_Parse_BusinessDate: .NET 8.0(Runtime=.NET 8.0, Toolchain=net8.0)
//   ValueObjectBenchmarks.Create_Class: .NET 9.0(Runtime=.NET 9.0, Toolchain=net9.0)
//   ValueObjectBenchmarks.Create_RecordClass: .NET 9.0(Runtime=.NET 9.0, Toolchain=net9.0)
//   ValueObjectBenchmarks.Create_Struct: .NET 9.0(Runtime=.NET 9.0, Toolchain=net9.0)
//   ValueObjectBenchmarks.Create_RecordStruct: .NET 9.0(Runtime=.NET 9.0, Toolchain=net9.0)
//   ValueObjectBenchmarks.Domain_Create_Email: .NET 9.0(Runtime=.NET 9.0, Toolchain=net9.0)
//   ValueObjectBenchmarks.Domain_Create_Money: .NET 9.0(Runtime=.NET 9.0, Toolchain=net9.0)
//   ValueObjectBenchmarks.Domain_Create_Percentage: .NET 9.0(Runtime=.NET 9.0, Toolchain=net9.0)
//   ValueObjectBenchmarks.Equals_Class: .NET 9.0(Runtime=.NET 9.0, Toolchain=net9.0)
//   ValueObjectBenchmarks.Equals_RecordClass: .NET 9.0(Runtime=.NET 9.0, Toolchain=net9.0)
//   ValueObjectBenchmarks.Equals_Struct: .NET 9.0(Runtime=.NET 9.0, Toolchain=net9.0)
//   ValueObjectBenchmarks.Equals_RecordStruct: .NET 9.0(Runtime=.NET 9.0, Toolchain=net9.0)
//   ValueObjectBenchmarks.Domain_Equals_Money: .NET 9.0(Runtime=.NET 9.0, Toolchain=net9.0)
//   ValueObjectBenchmarks.HashCode_Class: .NET 9.0(Runtime=.NET 9.0, Toolchain=net9.0)
//   ValueObjectBenchmarks.HashCode_RecordClass: .NET 9.0(Runtime=.NET 9.0, Toolchain=net9.0)
//   ValueObjectBenchmarks.HashCode_Struct: .NET 9.0(Runtime=.NET 9.0, Toolchain=net9.0)
//   ValueObjectBenchmarks.HashCode_RecordStruct: .NET 9.0(Runtime=.NET 9.0, Toolchain=net9.0)
//   ValueObjectBenchmarks.DictionaryLookup_RecordClass: .NET 9.0(Runtime=.NET 9.0, Toolchain=net9.0)
//   ValueObjectBenchmarks.DictionaryLookup_RecordStruct: .NET 9.0(Runtime=.NET 9.0, Toolchain=net9.0)
//   ValueObjectBenchmarks.Domain_Money_Add: .NET 9.0(Runtime=.NET 9.0, Toolchain=net9.0)
//   ValueObjectBenchmarks.Domain_Money_Allocate: .NET 9.0(Runtime=.NET 9.0, Toolchain=net9.0)
//   ValueObjectBenchmarks.Domain_Money_ApplyTax: .NET 9.0(Runtime=.NET 9.0, Toolchain=net9.0)
//   ValueObjectBenchmarks.Domain_Parse_BusinessDate: .NET 9.0(Runtime=.NET 9.0, Toolchain=net9.0)

// **************************
// Benchmark: ValueObjectBenchmarks.Create_Class: .NET 10.0(Runtime=.NET 10.0, Toolchain=net10.0)
// *** Execute ***
// Launch: 1 / 1
// Execute: dotnet "EricksonLopez.ValueObjects.Benchmarks-.NET 10.0-1.dll" --anonymousPipes 129 130 --benchmarkName EricksonLopez.ValueObjects.Benchmarks.ValueObjectBenchmarks.Create_Class --job ".NET 10.0" --benchmarkId 18 in /home/runner/work/dotnet-value-objects/dotnet-value-objects/benchmarks/EricksonLopez.ValueObjects.Benchmarks/bin/Release/net10.0/EricksonLopez.ValueObjects.Benchmarks-.NET 10.0-1/bin/Release/net10.0
// Failed to set up high priority (Permission denied). In order to run benchmarks with high priority, make sure you have the right permissions.
// BeforeAnythingElse

// Benchmark Process Environment Information:
// BenchmarkDotNet v0.15.8
// Runtime=.NET 10.0.11 (10.0.11, 10.0.1126.37416), X64 RyuJIT x86-64-v4
// GC=Concurrent Workstation
// HardwareIntrinsics=AVX512 BITALG+VBMI2+VNNI+VPOPCNTDQ,AVX512 IFMA+VBMI,AVX512 F+BW+CD+DQ+VL,AVX2+BMI1+BMI2+F16C+FMA+LZCNT+MOVBE,AVX,SSE3+SSSE3+SSE4.1+SSE4.2+POPCNT,X86Base+SSE+SSE2,AES+PCLMUL,AvxVnni,SERIALIZE VectorSize=256
// Job: .NET 10.0

OverheadJitting  1: 1 op, 230700.00 ns, 230.7000 us/op
WorkloadJitting  1: 1 op, 280076.00 ns, 280.0760 us/op

OverheadJitting  2: 16 op, 429938.00 ns, 26.8711 us/op
WorkloadJitting  2: 16 op, 444873.00 ns, 27.8046 us/op

WorkloadPilot    1: 16 op, 10617.00 ns, 663.5625 ns/op
WorkloadPilot    2: 32 op, 3745.00 ns, 117.0313 ns/op
WorkloadPilot    3: 64 op, 4281.00 ns, 66.8906 ns/op
WorkloadPilot    4: 128 op, 5257.00 ns, 41.0703 ns/op
WorkloadPilot    5: 256 op, 24411.00 ns, 95.3555 ns/op
WorkloadPilot    6: 512 op, 16423.00 ns, 32.0762 ns/op
WorkloadPilot    7: 1024 op, 50999.00 ns, 49.8037 ns/op
WorkloadPilot    8: 2048 op, 70387.00 ns, 34.3687 ns/op
WorkloadPilot    9: 4096 op, 128478.00 ns, 31.3667 ns/op
WorkloadPilot   10: 8192 op, 250016.00 ns, 30.5195 ns/op
WorkloadPilot   11: 16384 op, 370880.00 ns, 22.6367 ns/op
WorkloadPilot   12: 32768 op, 845242.00 ns, 25.7947 ns/op
WorkloadPilot   13: 65536 op, 1702106.00 ns, 25.9721 ns/op
WorkloadPilot   14: 131072 op, 3436205.00 ns, 26.2162 ns/op
WorkloadPilot   15: 262144 op, 6103507.00 ns, 23.2830 ns/op
WorkloadPilot   16: 524288 op, 11139065.00 ns, 21.2461 ns/op
WorkloadPilot   17: 1048576 op, 17734810.00 ns, 16.9132 ns/op
WorkloadPilot   18: 2097152 op, 38660342.00 ns, 18.4347 ns/op
WorkloadPilot   19: 4194304 op, 62187441.00 ns, 14.8266 ns/op
WorkloadPilot   20: 8388608 op, 86647635.00 ns, 10.3292 ns/op
WorkloadPilot   21: 16777216 op, 167777974.00 ns, 10.0003 ns/op
WorkloadPilot   22: 33554432 op, 332521038.00 ns, 9.9099 ns/op
WorkloadPilot   23: 67108864 op, 671753580.00 ns, 10.0099 ns/op

OverheadWarmup   1: 67108864 op, 293907616.00 ns, 4.3796 ns/op
OverheadWarmup   2: 67108864 op, 273389023.00 ns, 4.0738 ns/op
OverheadWarmup   3: 67108864 op, 272895279.00 ns, 4.0665 ns/op
OverheadWarmup   4: 67108864 op, 271590636.00 ns, 4.0470 ns/op
OverheadWarmup   5: 67108864 op, 271820485.00 ns, 4.0504 ns/op
OverheadWarmup   6: 67108864 op, 271843529.00 ns, 4.0508 ns/op
OverheadWarmup   7: 67108864 op, 274631111.00 ns, 4.0923 ns/op
OverheadWarmup   8: 67108864 op, 273809331.00 ns, 4.0801 ns/op
OverheadWarmup   9: 67108864 op, 270750430.00 ns, 4.0345 ns/op
OverheadWarmup  10: 67108864 op, 272152063.00 ns, 4.0554 ns/op

OverheadActual   1: 67108864 op, 270069108.00 ns, 4.0243 ns/op
OverheadActual   2: 67108864 op, 270747811.00 ns, 4.0345 ns/op
OverheadActual   3: 67108864 op, 269514028.00 ns, 4.0161 ns/op
OverheadActual   4: 67108864 op, 271175131.00 ns, 4.0408 ns/op
OverheadActual   5: 67108864 op, 269699767.00 ns, 4.0188 ns/op
OverheadActual   6: 67108864 op, 270867092.00 ns, 4.0362 ns/op
OverheadActual   7: 67108864 op, 275786740.00 ns, 4.1095 ns/op
OverheadActual   8: 67108864 op, 272710844.00 ns, 4.0637 ns/op
OverheadActual   9: 67108864 op, 272495329.00 ns, 4.0605 ns/op
OverheadActual  10: 67108864 op, 273749915.00 ns, 4.0792 ns/op
OverheadActual  11: 67108864 op, 272453662.00 ns, 4.0599 ns/op
OverheadActual  12: 67108864 op, 272048532.00 ns, 4.0538 ns/op
OverheadActual  13: 67108864 op, 272989947.00 ns, 4.0679 ns/op
OverheadActual  14: 67108864 op, 274014854.00 ns, 4.0831 ns/op
OverheadActual  15: 67108864 op, 273139150.00 ns, 4.0701 ns/op

WorkloadWarmup   1: 67108864 op, 716398785.00 ns, 10.6752 ns/op
WorkloadWarmup   2: 67108864 op, 675446586.00 ns, 10.0649 ns/op
WorkloadWarmup   3: 67108864 op, 671134067.00 ns, 10.0007 ns/op
WorkloadWarmup   4: 67108864 op, 656143705.00 ns, 9.7773 ns/op
WorkloadWarmup   5: 67108864 op, 659063009.00 ns, 9.8208 ns/op
WorkloadWarmup   6: 67108864 op, 665063899.00 ns, 9.9102 ns/op
WorkloadWarmup   7: 67108864 op, 664829135.00 ns, 9.9067 ns/op
WorkloadWarmup   8: 67108864 op, 659414984.00 ns, 9.8260 ns/op
WorkloadWarmup   9: 67108864 op, 663030837.00 ns, 9.8799 ns/op
WorkloadWarmup  10: 67108864 op, 660664062.00 ns, 9.8447 ns/op

// BeforeActualRun
WorkloadActual   1: 67108864 op, 672184707.00 ns, 10.0163 ns/op
WorkloadActual   2: 67108864 op, 673255288.00 ns, 10.0323 ns/op
WorkloadActual   3: 67108864 op, 679593813.00 ns, 10.1267 ns/op
WorkloadActual   4: 67108864 op, 662141320.00 ns, 9.8667 ns/op
WorkloadActual   5: 67108864 op, 656920348.00 ns, 9.7889 ns/op
WorkloadActual   6: 67108864 op, 645323492.00 ns, 9.6161 ns/op
WorkloadActual   7: 67108864 op, 647905379.00 ns, 9.6545 ns/op
WorkloadActual   8: 67108864 op, 640472552.00 ns, 9.5438 ns/op
WorkloadActual   9: 67108864 op, 656972268.00 ns, 9.7896 ns/op
WorkloadActual  10: 67108864 op, 668048852.00 ns, 9.9547 ns/op
WorkloadActual  11: 67108864 op, 664876912.00 ns, 9.9074 ns/op
WorkloadActual  12: 67108864 op, 652667019.00 ns, 9.7255 ns/op
WorkloadActual  13: 67108864 op, 659949652.00 ns, 9.8340 ns/op
WorkloadActual  14: 67108864 op, 649391740.00 ns, 9.6767 ns/op
WorkloadActual  15: 67108864 op, 664377137.00 ns, 9.9000 ns/op

// AfterActualRun
WorkloadResult   1: 67108864 op, 399731045.00 ns, 5.9565 ns/op
WorkloadResult   2: 67108864 op, 400801626.00 ns, 5.9724 ns/op
WorkloadResult   3: 67108864 op, 407140151.00 ns, 6.0669 ns/op
WorkloadResult   4: 67108864 op, 389687658.00 ns, 5.8068 ns/op
WorkloadResult   5: 67108864 op, 384466686.00 ns, 5.7290 ns/op
WorkloadResult   6: 67108864 op, 372869830.00 ns, 5.5562 ns/op
WorkloadResult   7: 67108864 op, 375451717.00 ns, 5.5947 ns/op
WorkloadResult   8: 67108864 op, 368018890.00 ns, 5.4839 ns/op
WorkloadResult   9: 67108864 op, 384518606.00 ns, 5.7298 ns/op
WorkloadResult  10: 67108864 op, 395595190.00 ns, 5.8948 ns/op
WorkloadResult  11: 67108864 op, 392423250.00 ns, 5.8476 ns/op
WorkloadResult  12: 67108864 op, 380213357.00 ns, 5.6656 ns/op
WorkloadResult  13: 67108864 op, 387495990.00 ns, 5.7741 ns/op
WorkloadResult  14: 67108864 op, 376938078.00 ns, 5.6168 ns/op
WorkloadResult  15: 67108864 op, 391923475.00 ns, 5.8401 ns/op
// GC:  19 0 0 1610612736 67108864
// Threading:  0 0 67108864

// AfterAll
// Benchmark Process 3966 has exited with code 0.

Mean = 5.769 ns, StdErr = 0.043 ns (0.74%), N = 15, StdDev = 0.166 ns
Min = 5.484 ns, Q1 = 5.641 ns, Median = 5.774 ns, Q3 = 5.871 ns, Max = 6.067 ns
IQR = 0.230 ns, LowerFence = 5.296 ns, UpperFence = 6.216 ns
ConfidenceInterval = [5.591 ns; 5.947 ns] (CI 99.9%), Margin = 0.178 ns (3.08% of Mean)
Skewness = 0.02, Kurtosis = 1.86, MValue = 2

// ** Remained 65 (54.2 %) benchmark(s) to run. Estimated finish 2026-09-06 6:42 (0h 3m from now) **
// **************************
// Benchmark: ValueObjectBenchmarks.Create_RecordClass: .NET 10.0(Runtime=.NET 10.0, Toolchain=net10.0)
// *** Execute ***
// Launch: 1 / 1
// Execute: dotnet "EricksonLopez.ValueObjects.Benchmarks-.NET 10.0-1.dll" --anonymousPipes 129 130 --benchmarkName EricksonLopez.ValueObjects.Benchmarks.ValueObjectBenchmarks.Create_RecordClass --job ".NET 10.0" --benchmarkId 19 in /home/runner/work/dotnet-value-objects/dotnet-value-objects/benchmarks/EricksonLopez.ValueObjects.Benchmarks/bin/Release/net10.0/EricksonLopez.ValueObjects.Benchmarks-.NET 10.0-1/bin/Release/net10.0
// Failed to set up high priority (Permission denied). In order to run benchmarks with high priority, make sure you have the right permissions.
// BeforeAnythingElse

// Benchmark Process Environment Information:
// BenchmarkDotNet v0.15.8
// Runtime=.NET 10.0.11 (10.0.11, 10.0.1126.37416), X64 RyuJIT x86-64-v4
// GC=Concurrent Workstation
// HardwareIntrinsics=AVX512 BITALG+VBMI2+VNNI+VPOPCNTDQ,AVX512 IFMA+VBMI,AVX512 F+BW+CD+DQ+VL,AVX2+BMI1+BMI2+F16C+FMA+LZCNT+MOVBE,AVX,SSE3+SSSE3+SSE4.1+SSE4.2+POPCNT,X86Base+SSE+SSE2,AES+PCLMUL,AvxVnni,SERIALIZE VectorSize=256
// Job: .NET 10.0

OverheadJitting  1: 1 op, 199190.00 ns, 199.1900 us/op
WorkloadJitting  1: 1 op, 243600.00 ns, 243.6000 us/op

OverheadJitting  2: 16 op, 417579.00 ns, 26.0987 us/op
WorkloadJitting  2: 16 op, 432370.00 ns, 27.0231 us/op

WorkloadPilot    1: 16 op, 2850.00 ns, 178.1250 ns/op
WorkloadPilot    2: 32 op, 4319.00 ns, 134.9688 ns/op
WorkloadPilot    3: 64 op, 3620.00 ns, 56.5625 ns/op
WorkloadPilot    4: 128 op, 4717.00 ns, 36.8516 ns/op
WorkloadPilot    5: 256 op, 16950.00 ns, 66.2109 ns/op
WorkloadPilot    6: 512 op, 22718.00 ns, 44.3711 ns/op
WorkloadPilot    7: 1024 op, 46735.00 ns, 45.6396 ns/op
WorkloadPilot    8: 2048 op, 74172.00 ns, 36.2168 ns/op
WorkloadPilot    9: 4096 op, 122971.00 ns, 30.0222 ns/op
WorkloadPilot   10: 8192 op, 259877.00 ns, 31.7233 ns/op
WorkloadPilot   11: 16384 op, 380300.00 ns, 23.2117 ns/op
WorkloadPilot   12: 32768 op, 837080.00 ns, 25.5457 ns/op
WorkloadPilot   13: 65536 op, 1658455.00 ns, 25.3060 ns/op
WorkloadPilot   14: 131072 op, 2996782.00 ns, 22.8636 ns/op
WorkloadPilot   15: 262144 op, 5121041.00 ns, 19.5352 ns/op
WorkloadPilot   16: 524288 op, 10108604.00 ns, 19.2806 ns/op
WorkloadPilot   17: 1048576 op, 17014415.00 ns, 16.2262 ns/op
WorkloadPilot   18: 2097152 op, 37760225.00 ns, 18.0055 ns/op
WorkloadPilot   19: 4194304 op, 60209240.00 ns, 14.3550 ns/op
WorkloadPilot   20: 8388608 op, 79895461.00 ns, 9.5243 ns/op
WorkloadPilot   21: 16777216 op, 147193168.00 ns, 8.7734 ns/op
WorkloadPilot   22: 33554432 op, 303602812.00 ns, 9.0481 ns/op
WorkloadPilot   23: 67108864 op, 609344144.00 ns, 9.0799 ns/op

OverheadWarmup   1: 67108864 op, 294360166.00 ns, 4.3863 ns/op
OverheadWarmup   2: 67108864 op, 269997744.00 ns, 4.0233 ns/op
OverheadWarmup   3: 67108864 op, 271338406.00 ns, 4.0433 ns/op
OverheadWarmup   4: 67108864 op, 268861792.00 ns, 4.0064 ns/op
OverheadWarmup   5: 67108864 op, 271760062.00 ns, 4.0495 ns/op
OverheadWarmup   6: 67108864 op, 270147893.00 ns, 4.0255 ns/op

OverheadActual   1: 67108864 op, 269802718.00 ns, 4.0204 ns/op
OverheadActual   2: 67108864 op, 270365296.00 ns, 4.0288 ns/op
OverheadActual   3: 67108864 op, 270665308.00 ns, 4.0332 ns/op
OverheadActual   4: 67108864 op, 269457012.00 ns, 4.0152 ns/op
OverheadActual   5: 67108864 op, 273252522.00 ns, 4.0718 ns/op
OverheadActual   6: 67108864 op, 271485820.00 ns, 4.0455 ns/op
OverheadActual   7: 67108864 op, 268370310.00 ns, 3.9990 ns/op
OverheadActual   8: 67108864 op, 268579847.00 ns, 4.0022 ns/op
OverheadActual   9: 67108864 op, 269807409.00 ns, 4.0204 ns/op
OverheadActual  10: 67108864 op, 268765256.00 ns, 4.0049 ns/op
OverheadActual  11: 67108864 op, 270160756.00 ns, 4.0257 ns/op
OverheadActual  12: 67108864 op, 267745614.00 ns, 3.9897 ns/op
OverheadActual  13: 67108864 op, 269153017.00 ns, 4.0107 ns/op
OverheadActual  14: 67108864 op, 269782933.00 ns, 4.0201 ns/op
OverheadActual  15: 67108864 op, 271580422.00 ns, 4.0469 ns/op

WorkloadWarmup   1: 67108864 op, 638449701.00 ns, 9.5136 ns/op
WorkloadWarmup   2: 67108864 op, 613003049.00 ns, 9.1345 ns/op
WorkloadWarmup   3: 67108864 op, 597174722.00 ns, 8.8986 ns/op
WorkloadWarmup   4: 67108864 op, 589301939.00 ns, 8.7813 ns/op
WorkloadWarmup   5: 67108864 op, 597830228.00 ns, 8.9084 ns/op
WorkloadWarmup   6: 67108864 op, 602681892.00 ns, 8.9807 ns/op
WorkloadWarmup   7: 67108864 op, 601319681.00 ns, 8.9604 ns/op
WorkloadWarmup   8: 67108864 op, 595323174.00 ns, 8.8710 ns/op
WorkloadWarmup   9: 67108864 op, 601500989.00 ns, 8.9631 ns/op
WorkloadWarmup  10: 67108864 op, 605720249.00 ns, 9.0259 ns/op
WorkloadWarmup  11: 67108864 op, 595710705.00 ns, 8.8768 ns/op

// BeforeActualRun
WorkloadActual   1: 67108864 op, 601769426.00 ns, 8.9671 ns/op
WorkloadActual   2: 67108864 op, 600274347.00 ns, 8.9448 ns/op
WorkloadActual   3: 67108864 op, 600735699.00 ns, 8.9517 ns/op
WorkloadActual   4: 67108864 op, 595220169.00 ns, 8.8695 ns/op
WorkloadActual   5: 67108864 op, 600869323.00 ns, 8.9537 ns/op
WorkloadActual   6: 67108864 op, 602718192.00 ns, 8.9812 ns/op
WorkloadActual   7: 67108864 op, 626197899.00 ns, 9.3311 ns/op
WorkloadActual   8: 67108864 op, 603029850.00 ns, 8.9858 ns/op
WorkloadActual   9: 67108864 op, 604917032.00 ns, 9.0140 ns/op
WorkloadActual  10: 67108864 op, 610611542.00 ns, 9.0988 ns/op
WorkloadActual  11: 67108864 op, 614017947.00 ns, 9.1496 ns/op
WorkloadActual  12: 67108864 op, 636821037.00 ns, 9.4894 ns/op
WorkloadActual  13: 67108864 op, 608803484.00 ns, 9.0719 ns/op
WorkloadActual  14: 67108864 op, 610213116.00 ns, 9.0929 ns/op
WorkloadActual  15: 67108864 op, 609874097.00 ns, 9.0878 ns/op

// AfterActualRun
WorkloadResult   1: 67108864 op, 331966708.00 ns, 4.9467 ns/op
WorkloadResult   2: 67108864 op, 330471629.00 ns, 4.9244 ns/op
WorkloadResult   3: 67108864 op, 330932981.00 ns, 4.9313 ns/op
WorkloadResult   4: 67108864 op, 325417451.00 ns, 4.8491 ns/op
WorkloadResult   5: 67108864 op, 331066605.00 ns, 4.9333 ns/op
WorkloadResult   6: 67108864 op, 332915474.00 ns, 4.9608 ns/op
WorkloadResult   7: 67108864 op, 333227132.00 ns, 4.9655 ns/op
WorkloadResult   8: 67108864 op, 335114314.00 ns, 4.9936 ns/op
WorkloadResult   9: 67108864 op, 340808824.00 ns, 5.0784 ns/op
WorkloadResult  10: 67108864 op, 344215229.00 ns, 5.1292 ns/op
WorkloadResult  11: 67108864 op, 339000766.00 ns, 5.0515 ns/op
WorkloadResult  12: 67108864 op, 340410398.00 ns, 5.0725 ns/op
WorkloadResult  13: 67108864 op, 340071379.00 ns, 5.0675 ns/op
// GC:  19 0 0 1610612736 67108864
// Threading:  0 0 67108864

// AfterAll
// Benchmark Process 4048 has exited with code 0.

Mean = 4.993 ns, StdErr = 0.022 ns (0.45%), N = 13, StdDev = 0.081 ns
Min = 4.849 ns, Q1 = 4.933 ns, Median = 4.965 ns, Q3 = 5.067 ns, Max = 5.129 ns
IQR = 0.134 ns, LowerFence = 4.732 ns, UpperFence = 5.269 ns
ConfidenceInterval = [4.896 ns; 5.089 ns] (CI 99.9%), Margin = 0.096 ns (1.93% of Mean)
Skewness = 0.07, Kurtosis = 1.76, MValue = 2

// ** Remained 64 (53.3 %) benchmark(s) to run. Estimated finish 2026-09-06 6:43 (0h 3m from now) **
// **************************
// Benchmark: ValueObjectBenchmarks.Create_Struct: .NET 10.0(Runtime=.NET 10.0, Toolchain=net10.0)
// *** Execute ***
// Launch: 1 / 1
// Execute: dotnet "EricksonLopez.ValueObjects.Benchmarks-.NET 10.0-1.dll" --anonymousPipes 129 130 --benchmarkName EricksonLopez.ValueObjects.Benchmarks.ValueObjectBenchmarks.Create_Struct --job ".NET 10.0" --benchmarkId 20 in /home/runner/work/dotnet-value-objects/dotnet-value-objects/benchmarks/EricksonLopez.ValueObjects.Benchmarks/bin/Release/net10.0/EricksonLopez.ValueObjects.Benchmarks-.NET 10.0-1/bin/Release/net10.0
// Failed to set up high priority (Permission denied). In order to run benchmarks with high priority, make sure you have the right permissions.
// BeforeAnythingElse

// Benchmark Process Environment Information:
// BenchmarkDotNet v0.15.8
// Runtime=.NET 10.0.11 (10.0.11, 10.0.1126.37416), X64 RyuJIT x86-64-v4
// GC=Concurrent Workstation
// HardwareIntrinsics=AVX512 BITALG+VBMI2+VNNI+VPOPCNTDQ,AVX512 IFMA+VBMI,AVX512 F+BW+CD+DQ+VL,AVX2+BMI1+BMI2+F16C+FMA+LZCNT+MOVBE,AVX,SSE3+SSSE3+SSE4.1+SSE4.2+POPCNT,X86Base+SSE+SSE2,AES+PCLMUL,AvxVnni,SERIALIZE VectorSize=256
// Job: .NET 10.0

OverheadJitting  1: 1 op, 194167.00 ns, 194.1670 us/op
WorkloadJitting  1: 1 op, 247851.00 ns, 247.8510 us/op

OverheadJitting  2: 16 op, 215970.00 ns, 13.4981 us/op
WorkloadJitting  2: 16 op, 232579.00 ns, 14.5362 us/op

WorkloadPilot    1: 16 op, 785.00 ns, 49.0625 ns/op
WorkloadPilot    2: 32 op, 880.00 ns, 27.5000 ns/op
WorkloadPilot    3: 64 op, 1052.00 ns, 16.4375 ns/op
WorkloadPilot    4: 128 op, 1377.00 ns, 10.7578 ns/op
WorkloadPilot    5: 256 op, 1824.00 ns, 7.1250 ns/op
WorkloadPilot    6: 512 op, 3514.00 ns, 6.8633 ns/op
WorkloadPilot    7: 1024 op, 7286.00 ns, 7.1152 ns/op
WorkloadPilot    8: 2048 op, 11565.00 ns, 5.6470 ns/op
WorkloadPilot    9: 4096 op, 22539.00 ns, 5.5027 ns/op
WorkloadPilot   10: 8192 op, 44622.00 ns, 5.4470 ns/op
WorkloadPilot   11: 16384 op, 93204.00 ns, 5.6887 ns/op
WorkloadPilot   12: 32768 op, 217857.00 ns, 6.6485 ns/op
WorkloadPilot   13: 65536 op, 385109.00 ns, 5.8763 ns/op
WorkloadPilot   14: 131072 op, 770018.00 ns, 5.8748 ns/op
WorkloadPilot   15: 262144 op, 1504540.00 ns, 5.7394 ns/op
WorkloadPilot   16: 524288 op, 3091154.00 ns, 5.8959 ns/op
WorkloadPilot   17: 1048576 op, 6141665.00 ns, 5.8571 ns/op
WorkloadPilot   18: 2097152 op, 12226322.00 ns, 5.8300 ns/op
WorkloadPilot   19: 4194304 op, 25533300.00 ns, 6.0876 ns/op
WorkloadPilot   20: 8388608 op, 49777387.00 ns, 5.9339 ns/op
WorkloadPilot   21: 16777216 op, 98252889.00 ns, 5.8563 ns/op
WorkloadPilot   22: 33554432 op, 72335127.00 ns, 2.1558 ns/op
WorkloadPilot   23: 67108864 op, 139899155.00 ns, 2.0847 ns/op
WorkloadPilot   24: 134217728 op, 283686710.00 ns, 2.1136 ns/op
WorkloadPilot   25: 268435456 op, 564167225.00 ns, 2.1017 ns/op

OverheadWarmup   1: 268435456 op, 639305143.00 ns, 2.3816 ns/op
OverheadWarmup   2: 268435456 op, 566200772.00 ns, 2.1093 ns/op
OverheadWarmup   3: 268435456 op, 565580705.00 ns, 2.1070 ns/op
OverheadWarmup   4: 268435456 op, 566313212.00 ns, 2.1097 ns/op
OverheadWarmup   5: 268435456 op, 570572343.00 ns, 2.1255 ns/op
OverheadWarmup   6: 268435456 op, 567582867.00 ns, 2.1144 ns/op
OverheadWarmup   7: 268435456 op, 564452256.00 ns, 2.1027 ns/op
OverheadWarmup   8: 268435456 op, 562495514.00 ns, 2.0955 ns/op
OverheadWarmup   9: 268435456 op, 568630710.00 ns, 2.1183 ns/op
OverheadWarmup  10: 268435456 op, 568607862.00 ns, 2.1182 ns/op

OverheadActual   1: 268435456 op, 563613929.00 ns, 2.0996 ns/op
OverheadActual   2: 268435456 op, 560088495.00 ns, 2.0865 ns/op
OverheadActual   3: 268435456 op, 564317984.00 ns, 2.1022 ns/op
OverheadActual   4: 268435456 op, 564841091.00 ns, 2.1042 ns/op
OverheadActual   5: 268435456 op, 561321993.00 ns, 2.0911 ns/op
OverheadActual   6: 268435456 op, 563769883.00 ns, 2.1002 ns/op
OverheadActual   7: 268435456 op, 563455760.00 ns, 2.0990 ns/op
OverheadActual   8: 268435456 op, 564255576.00 ns, 2.1020 ns/op
OverheadActual   9: 268435456 op, 562844863.00 ns, 2.0968 ns/op
OverheadActual  10: 268435456 op, 565540147.00 ns, 2.1068 ns/op
OverheadActual  11: 268435456 op, 563664795.00 ns, 2.0998 ns/op
OverheadActual  12: 268435456 op, 565345565.00 ns, 2.1061 ns/op
OverheadActual  13: 268435456 op, 562391803.00 ns, 2.0951 ns/op
OverheadActual  14: 268435456 op, 568534009.00 ns, 2.1180 ns/op
OverheadActual  15: 268435456 op, 563379355.00 ns, 2.0988 ns/op

WorkloadWarmup   1: 268435456 op, 566386109.00 ns, 2.1100 ns/op
WorkloadWarmup   2: 268435456 op, 565097977.00 ns, 2.1052 ns/op
WorkloadWarmup   3: 268435456 op, 570759209.00 ns, 2.1262 ns/op
WorkloadWarmup   4: 268435456 op, 564282446.00 ns, 2.1021 ns/op
WorkloadWarmup   5: 268435456 op, 562706846.00 ns, 2.0962 ns/op
WorkloadWarmup   6: 268435456 op, 566978223.00 ns, 2.1122 ns/op
WorkloadWarmup   7: 268435456 op, 563546976.00 ns, 2.0994 ns/op

// BeforeActualRun
WorkloadActual   1: 268435456 op, 568446167.00 ns, 2.1176 ns/op
WorkloadActual   2: 268435456 op, 563233418.00 ns, 2.0982 ns/op
WorkloadActual   3: 268435456 op, 562772152.00 ns, 2.0965 ns/op
WorkloadActual   4: 268435456 op, 563584156.00 ns, 2.0995 ns/op
WorkloadActual   5: 268435456 op, 559427968.00 ns, 2.0840 ns/op
WorkloadActual   6: 268435456 op, 561951121.00 ns, 2.0934 ns/op
WorkloadActual   7: 268435456 op, 561789760.00 ns, 2.0928 ns/op
WorkloadActual   8: 268435456 op, 562322977.00 ns, 2.0948 ns/op
WorkloadActual   9: 268435456 op, 559201002.00 ns, 2.0832 ns/op
WorkloadActual  10: 268435456 op, 562056898.00 ns, 2.0938 ns/op
WorkloadActual  11: 268435456 op, 562171757.00 ns, 2.0943 ns/op
WorkloadActual  12: 268435456 op, 559661720.00 ns, 2.0849 ns/op
WorkloadActual  13: 268435456 op, 561575043.00 ns, 2.0920 ns/op
WorkloadActual  14: 268435456 op, 561273780.00 ns, 2.0909 ns/op
WorkloadActual  15: 268435456 op, 564525805.00 ns, 2.1030 ns/op

// AfterActualRun
WorkloadResult   1: 268435456 op, 0.00 ns, 0.0000 ns/op
WorkloadResult   2: 268435456 op, 0.00 ns, 0.0000 ns/op
WorkloadResult   3: 268435456 op, 0.00 ns, 0.0000 ns/op
WorkloadResult   4: 268435456 op, 0.00 ns, 0.0000 ns/op
WorkloadResult   5: 268435456 op, 0.00 ns, 0.0000 ns/op
WorkloadResult   6: 268435456 op, 0.00 ns, 0.0000 ns/op
WorkloadResult   7: 268435456 op, 0.00 ns, 0.0000 ns/op
WorkloadResult   8: 268435456 op, 0.00 ns, 0.0000 ns/op
WorkloadResult   9: 268435456 op, 0.00 ns, 0.0000 ns/op
WorkloadResult  10: 268435456 op, 0.00 ns, 0.0000 ns/op
WorkloadResult  11: 268435456 op, 0.00 ns, 0.0000 ns/op
WorkloadResult  12: 268435456 op, 0.00 ns, 0.0000 ns/op
WorkloadResult  13: 268435456 op, 0.00 ns, 0.0000 ns/op
WorkloadResult  14: 268435456 op, 861010.00 ns, 0.0032 ns/op
// GC:  0 0 0 0 268435456
// Threading:  0 0 268435456

// AfterAll
// Benchmark Process 4063 has exited with code 0.

Mean = 0.000 ns, StdErr = 0.000 ns (100.00%), N = 14, StdDev = 0.001 ns
Min = 0.000 ns, Q1 = 0.000 ns, Median = 0.000 ns, Q3 = 0.000 ns, Max = 0.003 ns
IQR = 0.000 ns, LowerFence = 0.000 ns, UpperFence = 0.000 ns
ConfidenceInterval = [-0.001 ns; 0.001 ns] (CI 99.9%), Margin = 0.001 ns (422.08% of Mean)
Skewness = 2.98, Kurtosis = 10.41, MValue = 2

// ** Remained 63 (52.5 %) benchmark(s) to run. Estimated finish 2026-09-06 6:43 (0h 3m from now) **
// **************************
// Benchmark: ValueObjectBenchmarks.Create_RecordStruct: .NET 10.0(Runtime=.NET 10.0, Toolchain=net10.0)
// *** Execute ***
// Launch: 1 / 1
// Execute: dotnet "EricksonLopez.ValueObjects.Benchmarks-.NET 10.0-1.dll" --anonymousPipes 129 130 --benchmarkName EricksonLopez.ValueObjects.Benchmarks.ValueObjectBenchmarks.Create_RecordStruct --job ".NET 10.0" --benchmarkId 21 in /home/runner/work/dotnet-value-objects/dotnet-value-objects/benchmarks/EricksonLopez.ValueObjects.Benchmarks/bin/Release/net10.0/EricksonLopez.ValueObjects.Benchmarks-.NET 10.0-1/bin/Release/net10.0
// Failed to set up high priority (Permission denied). In order to run benchmarks with high priority, make sure you have the right permissions.
// BeforeAnythingElse

// Benchmark Process Environment Information:
// BenchmarkDotNet v0.15.8
// Runtime=.NET 10.0.11 (10.0.11, 10.0.1126.37416), X64 RyuJIT x86-64-v4
// GC=Concurrent Workstation
// HardwareIntrinsics=AVX512 BITALG+VBMI2+VNNI+VPOPCNTDQ,AVX512 IFMA+VBMI,AVX512 F+BW+CD+DQ+VL,AVX2+BMI1+BMI2+F16C+FMA+LZCNT+MOVBE,AVX,SSE3+SSSE3+SSE4.1+SSE4.2+POPCNT,X86Base+SSE+SSE2,AES+PCLMUL,AvxVnni,SERIALIZE VectorSize=256
// Job: .NET 10.0

OverheadJitting  1: 1 op, 193627.00 ns, 193.6270 us/op
WorkloadJitting  1: 1 op, 240739.00 ns, 240.7390 us/op

OverheadJitting  2: 16 op, 217192.00 ns, 13.5745 us/op
WorkloadJitting  2: 16 op, 249172.00 ns, 15.5733 us/op

WorkloadPilot    1: 16 op, 789.00 ns, 49.3125 ns/op
WorkloadPilot    2: 32 op, 880.00 ns, 27.5000 ns/op
WorkloadPilot    3: 64 op, 901.00 ns, 14.0781 ns/op
WorkloadPilot    4: 128 op, 1158.00 ns, 9.0469 ns/op
WorkloadPilot    5: 256 op, 1888.00 ns, 7.3750 ns/op
WorkloadPilot    6: 512 op, 3415.00 ns, 6.6699 ns/op
WorkloadPilot    7: 1024 op, 5197.00 ns, 5.0752 ns/op
WorkloadPilot    8: 2048 op, 10643.00 ns, 5.1968 ns/op
WorkloadPilot    9: 4096 op, 19616.00 ns, 4.7891 ns/op
WorkloadPilot   10: 8192 op, 41035.00 ns, 5.0092 ns/op
WorkloadPilot   11: 16384 op, 81615.00 ns, 4.9814 ns/op
WorkloadPilot   12: 32768 op, 162735.00 ns, 4.9663 ns/op
WorkloadPilot   13: 65536 op, 333271.00 ns, 5.0853 ns/op
WorkloadPilot   14: 131072 op, 656347.00 ns, 5.0075 ns/op
WorkloadPilot   15: 262144 op, 1314877.00 ns, 5.0159 ns/op
WorkloadPilot   16: 524288 op, 2614309.00 ns, 4.9864 ns/op
WorkloadPilot   17: 1048576 op, 5231705.00 ns, 4.9893 ns/op
WorkloadPilot   18: 2097152 op, 10424692.00 ns, 4.9709 ns/op
WorkloadPilot   19: 4194304 op, 20895165.00 ns, 4.9818 ns/op
WorkloadPilot   20: 8388608 op, 42593826.00 ns, 5.0776 ns/op
WorkloadPilot   21: 16777216 op, 83814744.00 ns, 4.9957 ns/op
WorkloadPilot   22: 33554432 op, 87064086.00 ns, 2.5947 ns/op
WorkloadPilot   23: 67108864 op, 142399087.00 ns, 2.1219 ns/op
WorkloadPilot   24: 134217728 op, 283248533.00 ns, 2.1104 ns/op
WorkloadPilot   25: 268435456 op, 564809428.00 ns, 2.1041 ns/op

OverheadWarmup   1: 268435456 op, 637306157.00 ns, 2.3742 ns/op
OverheadWarmup   2: 268435456 op, 565694133.00 ns, 2.1074 ns/op
OverheadWarmup   3: 268435456 op, 568614423.00 ns, 2.1183 ns/op
OverheadWarmup   4: 268435456 op, 564152051.00 ns, 2.1016 ns/op
OverheadWarmup   5: 268435456 op, 567397971.00 ns, 2.1137 ns/op
OverheadWarmup   6: 268435456 op, 569279759.00 ns, 2.1207 ns/op
OverheadWarmup   7: 268435456 op, 569177569.00 ns, 2.1204 ns/op

OverheadActual   1: 268435456 op, 566733188.00 ns, 2.1112 ns/op
OverheadActual   2: 268435456 op, 564032309.00 ns, 2.1012 ns/op
OverheadActual   3: 268435456 op, 564972656.00 ns, 2.1047 ns/op
OverheadActual   4: 268435456 op, 567048116.00 ns, 2.1124 ns/op
OverheadActual   5: 268435456 op, 572856130.00 ns, 2.1341 ns/op
OverheadActual   6: 268435456 op, 568348171.00 ns, 2.1173 ns/op
OverheadActual   7: 268435456 op, 567448372.00 ns, 2.1139 ns/op
OverheadActual   8: 268435456 op, 565988090.00 ns, 2.1085 ns/op
OverheadActual   9: 268435456 op, 572176000.00 ns, 2.1315 ns/op
OverheadActual  10: 268435456 op, 567562217.00 ns, 2.1143 ns/op
OverheadActual  11: 268435456 op, 571041956.00 ns, 2.1273 ns/op
OverheadActual  12: 268435456 op, 567347854.00 ns, 2.1135 ns/op
OverheadActual  13: 268435456 op, 566480963.00 ns, 2.1103 ns/op
OverheadActual  14: 268435456 op, 562514165.00 ns, 2.0955 ns/op
OverheadActual  15: 268435456 op, 561172491.00 ns, 2.0905 ns/op

WorkloadWarmup   1: 268435456 op, 558971642.00 ns, 2.0823 ns/op
WorkloadWarmup   2: 268435456 op, 559893643.00 ns, 2.0858 ns/op
WorkloadWarmup   3: 268435456 op, 564170352.00 ns, 2.1017 ns/op
WorkloadWarmup   4: 268435456 op, 559865220.00 ns, 2.0857 ns/op
WorkloadWarmup   5: 268435456 op, 563699179.00 ns, 2.0999 ns/op
WorkloadWarmup   6: 268435456 op, 563484716.00 ns, 2.0991 ns/op

// BeforeActualRun
WorkloadActual   1: 268435456 op, 564893099.00 ns, 2.1044 ns/op
WorkloadActual   2: 268435456 op, 586847040.00 ns, 2.1862 ns/op
WorkloadActual   3: 268435456 op, 565522934.00 ns, 2.1067 ns/op
WorkloadActual   4: 268435456 op, 564076061.00 ns, 2.1013 ns/op
WorkloadActual   5: 268435456 op, 564903594.00 ns, 2.1044 ns/op
WorkloadActual   6: 268435456 op, 578941723.00 ns, 2.1567 ns/op
WorkloadActual   7: 268435456 op, 562630312.00 ns, 2.0960 ns/op
WorkloadActual   8: 268435456 op, 562319784.00 ns, 2.0948 ns/op
WorkloadActual   9: 268435456 op, 565904103.00 ns, 2.1082 ns/op
WorkloadActual  10: 268435456 op, 566786658.00 ns, 2.1114 ns/op
WorkloadActual  11: 268435456 op, 563336307.00 ns, 2.0986 ns/op
WorkloadActual  12: 268435456 op, 564135582.00 ns, 2.1016 ns/op
WorkloadActual  13: 268435456 op, 563953473.00 ns, 2.1009 ns/op
WorkloadActual  14: 268435456 op, 568055049.00 ns, 2.1162 ns/op
WorkloadActual  15: 268435456 op, 563483258.00 ns, 2.0991 ns/op

// AfterActualRun
WorkloadResult   1: 268435456 op, 0.00 ns, 0.0000 ns/op
WorkloadResult   2: 268435456 op, 0.00 ns, 0.0000 ns/op
WorkloadResult   3: 268435456 op, 0.00 ns, 0.0000 ns/op
WorkloadResult   4: 268435456 op, 0.00 ns, 0.0000 ns/op
WorkloadResult   5: 268435456 op, 0.00 ns, 0.0000 ns/op
WorkloadResult   6: 268435456 op, 0.00 ns, 0.0000 ns/op
WorkloadResult   7: 268435456 op, 0.00 ns, 0.0000 ns/op
WorkloadResult   8: 268435456 op, 0.00 ns, 0.0000 ns/op
WorkloadResult   9: 268435456 op, 0.00 ns, 0.0000 ns/op
WorkloadResult  10: 268435456 op, 0.00 ns, 0.0000 ns/op
WorkloadResult  11: 268435456 op, 0.00 ns, 0.0000 ns/op
WorkloadResult  12: 268435456 op, 1006933.00 ns, 0.0038 ns/op
WorkloadResult  13: 268435456 op, 0.00 ns, 0.0000 ns/op
// GC:  0 0 0 0 268435456
// Threading:  0 0 268435456

// AfterAll
// Benchmark Process 4085 has exited with code 0.

Mean = 0.000 ns, StdErr = 0.000 ns (100.00%), N = 13, StdDev = 0.001 ns
Min = 0.000 ns, Q1 = 0.000 ns, Median = 0.000 ns, Q3 = 0.000 ns, Max = 0.004 ns
IQR = 0.000 ns, LowerFence = 0.000 ns, UpperFence = 0.000 ns
ConfidenceInterval = [-0.001 ns; 0.002 ns] (CI 99.9%), Margin = 0.001 ns (431.78% of Mean)
Skewness = 2.82, Kurtosis = 9.44, MValue = 2

// ** Remained 62 (51.7 %) benchmark(s) to run. Estimated finish 2026-09-06 6:44 (0h 4m from now) **
// **************************
// Benchmark: ValueObjectBenchmarks.Domain_Create_Email: .NET 10.0(Runtime=.NET 10.0, Toolchain=net10.0)
// *** Execute ***
// Launch: 1 / 1
// Execute: dotnet "EricksonLopez.ValueObjects.Benchmarks-.NET 10.0-1.dll" --anonymousPipes 129 130 --benchmarkName EricksonLopez.ValueObjects.Benchmarks.ValueObjectBenchmarks.Domain_Create_Email --job ".NET 10.0" --benchmarkId 22 in /home/runner/work/dotnet-value-objects/dotnet-value-objects/benchmarks/EricksonLopez.ValueObjects.Benchmarks/bin/Release/net10.0/EricksonLopez.ValueObjects.Benchmarks-.NET 10.0-1/bin/Release/net10.0
// Failed to set up high priority (Permission denied). In order to run benchmarks with high priority, make sure you have the right permissions.
// BeforeAnythingElse

// Benchmark Process Environment Information:
// BenchmarkDotNet v0.15.8
// Runtime=.NET 10.0.11 (10.0.11, 10.0.1126.37416), X64 RyuJIT x86-64-v4
// GC=Concurrent Workstation
// HardwareIntrinsics=AVX512 BITALG+VBMI2+VNNI+VPOPCNTDQ,AVX512 IFMA+VBMI,AVX512 F+BW+CD+DQ+VL,AVX2+BMI1+BMI2+F16C+FMA+LZCNT+MOVBE,AVX,SSE3+SSSE3+SSE4.1+SSE4.2+POPCNT,X86Base+SSE+SSE2,AES+PCLMUL,AvxVnni,SERIALIZE VectorSize=256
// Job: .NET 10.0

OverheadJitting  1: 1 op, 186130.00 ns, 186.1300 us/op
WorkloadJitting  1: 1 op, 22705667.00 ns, 22.7057 ms/op

OverheadJitting  2: 16 op, 315214.00 ns, 19.7009 us/op
WorkloadJitting  2: 16 op, 341819.00 ns, 21.3637 us/op

WorkloadPilot    1: 16 op, 15638.00 ns, 977.3750 ns/op
WorkloadPilot    2: 32 op, 25599.00 ns, 799.9688 ns/op
WorkloadPilot    3: 64 op, 52161.00 ns, 815.0156 ns/op
WorkloadPilot    4: 128 op, 74019.00 ns, 578.2734 ns/op
WorkloadPilot    5: 256 op, 126414.00 ns, 493.8047 ns/op
WorkloadPilot    6: 512 op, 216942.00 ns, 423.7148 ns/op
WorkloadPilot    7: 1024 op, 407463.00 ns, 397.9131 ns/op
WorkloadPilot    8: 2048 op, 802316.00 ns, 391.7559 ns/op
WorkloadPilot    9: 4096 op, 1576103.00 ns, 384.7908 ns/op
WorkloadPilot   10: 8192 op, 3060503.00 ns, 373.5966 ns/op
WorkloadPilot   11: 16384 op, 6282955.00 ns, 383.4811 ns/op
WorkloadPilot   12: 32768 op, 11873801.00 ns, 362.3596 ns/op
WorkloadPilot   13: 65536 op, 24452329.00 ns, 373.1129 ns/op
WorkloadPilot   14: 131072 op, 47352303.00 ns, 361.2694 ns/op
WorkloadPilot   15: 262144 op, 107540032.00 ns, 410.2327 ns/op
WorkloadPilot   16: 524288 op, 161432487.00 ns, 307.9080 ns/op
WorkloadPilot   17: 1048576 op, 162524749.00 ns, 154.9957 ns/op
WorkloadPilot   18: 2097152 op, 280153603.00 ns, 133.5876 ns/op
WorkloadPilot   19: 4194304 op, 551019910.00 ns, 131.3734 ns/op

OverheadWarmup   1: 4194304 op, 13678212.00 ns, 3.2611 ns/op
OverheadWarmup   2: 4194304 op, 13675792.00 ns, 3.2606 ns/op
OverheadWarmup   3: 4194304 op, 13807356.00 ns, 3.2919 ns/op
OverheadWarmup   4: 4194304 op, 13446628.00 ns, 3.2059 ns/op
OverheadWarmup   5: 4194304 op, 13461936.00 ns, 3.2096 ns/op
OverheadWarmup   6: 4194304 op, 14010713.00 ns, 3.3404 ns/op
OverheadWarmup   7: 4194304 op, 13669656.00 ns, 3.2591 ns/op

OverheadActual   1: 4194304 op, 13654713.00 ns, 3.2555 ns/op
OverheadActual   2: 4194304 op, 13611270.00 ns, 3.2452 ns/op
OverheadActual   3: 4194304 op, 13688670.00 ns, 3.2636 ns/op
OverheadActual   4: 4194304 op, 13424680.00 ns, 3.2007 ns/op
OverheadActual   5: 4194304 op, 13396466.00 ns, 3.1940 ns/op
OverheadActual   6: 4194304 op, 13574115.00 ns, 3.2363 ns/op
OverheadActual   7: 4194304 op, 13648146.00 ns, 3.2540 ns/op
OverheadActual   8: 4194304 op, 13655938.00 ns, 3.2558 ns/op
OverheadActual   9: 4194304 op, 14435316.00 ns, 3.4416 ns/op
OverheadActual  10: 4194304 op, 13624251.00 ns, 3.2483 ns/op
OverheadActual  11: 4194304 op, 13591205.00 ns, 3.2404 ns/op
OverheadActual  12: 4194304 op, 13647348.00 ns, 3.2538 ns/op
OverheadActual  13: 4194304 op, 13661693.00 ns, 3.2572 ns/op
OverheadActual  14: 4194304 op, 12283918.00 ns, 2.9287 ns/op
OverheadActual  15: 4194304 op, 8863964.00 ns, 2.1133 ns/op
OverheadActual  16: 4194304 op, 8860551.00 ns, 2.1125 ns/op
OverheadActual  17: 4194304 op, 8822003.00 ns, 2.1033 ns/op
OverheadActual  18: 4194304 op, 8641680.00 ns, 2.0603 ns/op
OverheadActual  19: 4194304 op, 8815175.00 ns, 2.1017 ns/op
OverheadActual  20: 4194304 op, 8821668.00 ns, 2.1032 ns/op

WorkloadWarmup   1: 4194304 op, 576682700.00 ns, 137.4919 ns/op
WorkloadWarmup   2: 4194304 op, 558194009.00 ns, 133.0838 ns/op
WorkloadWarmup   3: 4194304 op, 554689332.00 ns, 132.2482 ns/op
WorkloadWarmup   4: 4194304 op, 554647962.00 ns, 132.2384 ns/op
WorkloadWarmup   5: 4194304 op, 556765407.00 ns, 132.7432 ns/op
WorkloadWarmup   6: 4194304 op, 556857964.00 ns, 132.7653 ns/op
WorkloadWarmup   7: 4194304 op, 553204778.00 ns, 131.8943 ns/op
WorkloadWarmup   8: 4194304 op, 550683167.00 ns, 131.2931 ns/op
WorkloadWarmup   9: 4194304 op, 570046020.00 ns, 135.9096 ns/op
WorkloadWarmup  10: 4194304 op, 556303256.00 ns, 132.6330 ns/op

// BeforeActualRun
WorkloadActual   1: 4194304 op, 557544472.00 ns, 132.9290 ns/op
WorkloadActual   2: 4194304 op, 556674703.00 ns, 132.7216 ns/op
WorkloadActual   3: 4194304 op, 559514485.00 ns, 133.3986 ns/op
WorkloadActual   4: 4194304 op, 557718489.00 ns, 132.9704 ns/op
WorkloadActual   5: 4194304 op, 555632226.00 ns, 132.4730 ns/op
WorkloadActual   6: 4194304 op, 555261549.00 ns, 132.3847 ns/op
WorkloadActual   7: 4194304 op, 549222860.00 ns, 130.9449 ns/op
WorkloadActual   8: 4194304 op, 559857881.00 ns, 133.4805 ns/op
WorkloadActual   9: 4194304 op, 557851508.00 ns, 133.0022 ns/op
WorkloadActual  10: 4194304 op, 553098521.00 ns, 131.8690 ns/op
WorkloadActual  11: 4194304 op, 544468480.00 ns, 129.8114 ns/op
WorkloadActual  12: 4194304 op, 556104516.00 ns, 132.5856 ns/op
WorkloadActual  13: 4194304 op, 552499107.00 ns, 131.7261 ns/op
WorkloadActual  14: 4194304 op, 556327694.00 ns, 132.6389 ns/op
WorkloadActual  15: 4194304 op, 554052592.00 ns, 132.0964 ns/op

// AfterActualRun
WorkloadResult   1: 4194304 op, 543961812.00 ns, 129.6906 ns/op
WorkloadResult   2: 4194304 op, 543092043.00 ns, 129.4832 ns/op
WorkloadResult   3: 4194304 op, 545931825.00 ns, 130.1603 ns/op
WorkloadResult   4: 4194304 op, 544135829.00 ns, 129.7321 ns/op
WorkloadResult   5: 4194304 op, 542049566.00 ns, 129.2347 ns/op
WorkloadResult   6: 4194304 op, 541678889.00 ns, 129.1463 ns/op
WorkloadResult   7: 4194304 op, 535640200.00 ns, 127.7066 ns/op
WorkloadResult   8: 4194304 op, 546275221.00 ns, 130.2422 ns/op
WorkloadResult   9: 4194304 op, 544268848.00 ns, 129.7638 ns/op
WorkloadResult  10: 4194304 op, 539515861.00 ns, 128.6306 ns/op
WorkloadResult  11: 4194304 op, 530885820.00 ns, 126.5730 ns/op
WorkloadResult  12: 4194304 op, 542521856.00 ns, 129.3473 ns/op
WorkloadResult  13: 4194304 op, 538916447.00 ns, 128.4877 ns/op
WorkloadResult  14: 4194304 op, 542745034.00 ns, 129.4005 ns/op
WorkloadResult  15: 4194304 op, 540469932.00 ns, 128.8581 ns/op
// GC:  7 0 0 637534208 4194304
// Threading:  0 0 4194304

// AfterAll
// Benchmark Process 4134 has exited with code 0.

Mean = 129.097 ns, StdErr = 0.248 ns (0.19%), N = 15, StdDev = 0.961 ns
Min = 126.573 ns, Q1 = 128.744 ns, Median = 129.347 ns, Q3 = 129.711 ns, Max = 130.242 ns
IQR = 0.967 ns, LowerFence = 127.294 ns, UpperFence = 131.162 ns
ConfidenceInterval = [128.070 ns; 130.124 ns] (CI 99.9%), Margin = 1.027 ns (0.80% of Mean)
Skewness = -1.17, Kurtosis = 3.76, MValue = 2

// ** Remained 61 (50.8 %) benchmark(s) to run. Estimated finish 2026-09-06 6:45 (0h 4m from now) **
// **************************
// Benchmark: ValueObjectBenchmarks.Domain_Create_Money: .NET 10.0(Runtime=.NET 10.0, Toolchain=net10.0)
// *** Execute ***
// Launch: 1 / 1
// Execute: dotnet "EricksonLopez.ValueObjects.Benchmarks-.NET 10.0-1.dll" --anonymousPipes 129 130 --benchmarkName EricksonLopez.ValueObjects.Benchmarks.ValueObjectBenchmarks.Domain_Create_Money --job ".NET 10.0" --benchmarkId 23 in /home/runner/work/dotnet-value-objects/dotnet-value-objects/benchmarks/EricksonLopez.ValueObjects.Benchmarks/bin/Release/net10.0/EricksonLopez.ValueObjects.Benchmarks-.NET 10.0-1/bin/Release/net10.0
// Failed to set up high priority (Permission denied). In order to run benchmarks with high priority, make sure you have the right permissions.
// BeforeAnythingElse

// Benchmark Process Environment Information:
// BenchmarkDotNet v0.15.8
// Runtime=.NET 10.0.11 (10.0.11, 10.0.1126.37416), X64 RyuJIT x86-64-v4
// GC=Concurrent Workstation
// HardwareIntrinsics=AVX512 BITALG+VBMI2+VNNI+VPOPCNTDQ,AVX512 IFMA+VBMI,AVX512 F+BW+CD+DQ+VL,AVX2+BMI1+BMI2+F16C+FMA+LZCNT+MOVBE,AVX,SSE3+SSSE3+SSE4.1+SSE4.2+POPCNT,X86Base+SSE+SSE2,AES+PCLMUL,AvxVnni,SERIALIZE VectorSize=256
// Job: .NET 10.0

OverheadJitting  1: 1 op, 183635.00 ns, 183.6350 us/op
WorkloadJitting  1: 1 op, 274953.00 ns, 274.9530 us/op

OverheadJitting  2: 16 op, 232292.00 ns, 14.5183 us/op
WorkloadJitting  2: 16 op, 251048.00 ns, 15.6905 us/op

WorkloadPilot    1: 16 op, 5694.00 ns, 355.8750 ns/op
WorkloadPilot    2: 32 op, 6514.00 ns, 203.5625 ns/op
WorkloadPilot    3: 64 op, 22162.00 ns, 346.2813 ns/op
WorkloadPilot    4: 128 op, 13399.00 ns, 104.6797 ns/op
WorkloadPilot    5: 256 op, 22741.00 ns, 88.8320 ns/op
WorkloadPilot    6: 512 op, 50991.00 ns, 99.5918 ns/op
WorkloadPilot    7: 1024 op, 75655.00 ns, 73.8818 ns/op
WorkloadPilot    8: 2048 op, 182031.00 ns, 88.8823 ns/op
WorkloadPilot    9: 4096 op, 296634.00 ns, 72.4204 ns/op
WorkloadPilot   10: 8192 op, 617113.00 ns, 75.3312 ns/op
WorkloadPilot   11: 16384 op, 1239623.00 ns, 75.6606 ns/op
WorkloadPilot   12: 32768 op, 2522699.00 ns, 76.9867 ns/op
WorkloadPilot   13: 65536 op, 4779576.00 ns, 72.9305 ns/op
WorkloadPilot   14: 131072 op, 8939260.00 ns, 68.2011 ns/op
WorkloadPilot   15: 262144 op, 17996508.00 ns, 68.6512 ns/op
WorkloadPilot   16: 524288 op, 35716675.00 ns, 68.1242 ns/op
WorkloadPilot   17: 1048576 op, 50634309.00 ns, 48.2886 ns/op
WorkloadPilot   18: 2097152 op, 23644367.00 ns, 11.2745 ns/op
WorkloadPilot   19: 4194304 op, 46483053.00 ns, 11.0824 ns/op
WorkloadPilot   20: 8388608 op, 94133247.00 ns, 11.2216 ns/op
WorkloadPilot   21: 16777216 op, 189563689.00 ns, 11.2989 ns/op
WorkloadPilot   22: 33554432 op, 376556523.00 ns, 11.2223 ns/op
WorkloadPilot   23: 67108864 op, 768569152.00 ns, 11.4526 ns/op

OverheadWarmup   1: 67108864 op, 209054697.00 ns, 3.1152 ns/op
OverheadWarmup   2: 67108864 op, 137869314.00 ns, 2.0544 ns/op
OverheadWarmup   3: 67108864 op, 138483434.00 ns, 2.0636 ns/op
OverheadWarmup   4: 67108864 op, 138949155.00 ns, 2.0705 ns/op
OverheadWarmup   5: 67108864 op, 137963739.00 ns, 2.0558 ns/op
OverheadWarmup   6: 67108864 op, 138896476.00 ns, 2.0697 ns/op
OverheadWarmup   7: 67108864 op, 138085953.00 ns, 2.0576 ns/op

OverheadActual   1: 67108864 op, 138640329.00 ns, 2.0659 ns/op
OverheadActual   2: 67108864 op, 139398287.00 ns, 2.0772 ns/op
OverheadActual   3: 67108864 op, 139505406.00 ns, 2.0788 ns/op
OverheadActual   4: 67108864 op, 138554844.00 ns, 2.0646 ns/op
OverheadActual   5: 67108864 op, 139154572.00 ns, 2.0736 ns/op
OverheadActual   6: 67108864 op, 139210720.00 ns, 2.0744 ns/op
OverheadActual   7: 67108864 op, 138749049.00 ns, 2.0675 ns/op
OverheadActual   8: 67108864 op, 138908596.00 ns, 2.0699 ns/op
OverheadActual   9: 67108864 op, 146442123.00 ns, 2.1822 ns/op
OverheadActual  10: 67108864 op, 139209945.00 ns, 2.0744 ns/op
OverheadActual  11: 67108864 op, 146362889.00 ns, 2.1810 ns/op
OverheadActual  12: 67108864 op, 141318172.00 ns, 2.1058 ns/op
OverheadActual  13: 67108864 op, 141787098.00 ns, 2.1128 ns/op
OverheadActual  14: 67108864 op, 140787251.00 ns, 2.0979 ns/op
OverheadActual  15: 67108864 op, 140735118.00 ns, 2.0971 ns/op

WorkloadWarmup   1: 67108864 op, 753179625.00 ns, 11.2233 ns/op
WorkloadWarmup   2: 67108864 op, 754635019.00 ns, 11.2449 ns/op
WorkloadWarmup   3: 67108864 op, 754720507.00 ns, 11.2462 ns/op
WorkloadWarmup   4: 67108864 op, 760705648.00 ns, 11.3354 ns/op
WorkloadWarmup   5: 67108864 op, 758498225.00 ns, 11.3025 ns/op
WorkloadWarmup   6: 67108864 op, 757214709.00 ns, 11.2834 ns/op
WorkloadWarmup   7: 67108864 op, 762298206.00 ns, 11.3591 ns/op
WorkloadWarmup   8: 67108864 op, 763075401.00 ns, 11.3707 ns/op
WorkloadWarmup   9: 67108864 op, 760358333.00 ns, 11.3302 ns/op

// BeforeActualRun
WorkloadActual   1: 67108864 op, 744166047.00 ns, 11.0889 ns/op
WorkloadActual   2: 67108864 op, 739416581.00 ns, 11.0182 ns/op
WorkloadActual   3: 67108864 op, 751235438.00 ns, 11.1943 ns/op
WorkloadActual   4: 67108864 op, 754621107.00 ns, 11.2447 ns/op
WorkloadActual   5: 67108864 op, 748166184.00 ns, 11.1485 ns/op
WorkloadActual   6: 67108864 op, 748880714.00 ns, 11.1592 ns/op
WorkloadActual   7: 67108864 op, 747475246.00 ns, 11.1382 ns/op
WorkloadActual   8: 67108864 op, 760924165.00 ns, 11.3387 ns/op
WorkloadActual   9: 67108864 op, 758711037.00 ns, 11.3057 ns/op
WorkloadActual  10: 67108864 op, 780206728.00 ns, 11.6260 ns/op
WorkloadActual  11: 67108864 op, 755452847.00 ns, 11.2571 ns/op
WorkloadActual  12: 67108864 op, 757641478.00 ns, 11.2897 ns/op
WorkloadActual  13: 67108864 op, 768396991.00 ns, 11.4500 ns/op
WorkloadActual  14: 67108864 op, 757541347.00 ns, 11.2882 ns/op
WorkloadActual  15: 67108864 op, 761110324.00 ns, 11.3414 ns/op

// AfterActualRun
WorkloadResult   1: 67108864 op, 604767760.00 ns, 9.0117 ns/op
WorkloadResult   2: 67108864 op, 600018294.00 ns, 8.9410 ns/op
WorkloadResult   3: 67108864 op, 611837151.00 ns, 9.1171 ns/op
WorkloadResult   4: 67108864 op, 615222820.00 ns, 9.1675 ns/op
WorkloadResult   5: 67108864 op, 608767897.00 ns, 9.0713 ns/op
WorkloadResult   6: 67108864 op, 609482427.00 ns, 9.0820 ns/op
WorkloadResult   7: 67108864 op, 608076959.00 ns, 9.0611 ns/op
WorkloadResult   8: 67108864 op, 621525878.00 ns, 9.2615 ns/op
WorkloadResult   9: 67108864 op, 619312750.00 ns, 9.2285 ns/op
WorkloadResult  10: 67108864 op, 616054560.00 ns, 9.1799 ns/op
WorkloadResult  11: 67108864 op, 618243191.00 ns, 9.2125 ns/op
WorkloadResult  12: 67108864 op, 628998704.00 ns, 9.3728 ns/op
WorkloadResult  13: 67108864 op, 618143060.00 ns, 9.2110 ns/op
WorkloadResult  14: 67108864 op, 621712037.00 ns, 9.2642 ns/op
// GC:  0 0 0 32 67108864
// Threading:  0 0 67108864

// AfterAll
// Benchmark Process 4150 has exited with code 0.

Mean = 9.156 ns, StdErr = 0.031 ns (0.34%), N = 14, StdDev = 0.115 ns
Min = 8.941 ns, Q1 = 9.074 ns, Median = 9.174 ns, Q3 = 9.224 ns, Max = 9.373 ns
IQR = 0.150 ns, LowerFence = 8.848 ns, UpperFence = 9.450 ns
ConfidenceInterval = [9.026 ns; 9.286 ns] (CI 99.9%), Margin = 0.130 ns (1.42% of Mean)
Skewness = -0.07, Kurtosis = 2.14, MValue = 2

// ** Remained 60 (50.0 %) benchmark(s) to run. Estimated finish 2026-09-06 6:45 (0h 4m from now) **
// **************************
// Benchmark: ValueObjectBenchmarks.Domain_Create_Percentage: .NET 10.0(Runtime=.NET 10.0, Toolchain=net10.0)
// *** Execute ***
// Launch: 1 / 1
// Execute: dotnet "EricksonLopez.ValueObjects.Benchmarks-.NET 10.0-1.dll" --anonymousPipes 129 130 --benchmarkName EricksonLopez.ValueObjects.Benchmarks.ValueObjectBenchmarks.Domain_Create_Percentage --job ".NET 10.0" --benchmarkId 24 in /home/runner/work/dotnet-value-objects/dotnet-value-objects/benchmarks/EricksonLopez.ValueObjects.Benchmarks/bin/Release/net10.0/EricksonLopez.ValueObjects.Benchmarks-.NET 10.0-1/bin/Release/net10.0
// Failed to set up high priority (Permission denied). In order to run benchmarks with high priority, make sure you have the right permissions.
// BeforeAnythingElse

// Benchmark Process Environment Information:
// BenchmarkDotNet v0.15.8
// Runtime=.NET 10.0.11 (10.0.11, 10.0.1126.37416), X64 RyuJIT x86-64-v4
// GC=Concurrent Workstation
// HardwareIntrinsics=AVX512 BITALG+VBMI2+VNNI+VPOPCNTDQ,AVX512 IFMA+VBMI,AVX512 F+BW+CD+DQ+VL,AVX2+BMI1+BMI2+F16C+FMA+LZCNT+MOVBE,AVX,SSE3+SSSE3+SSE4.1+SSE4.2+POPCNT,X86Base+SSE+SSE2,AES+PCLMUL,AvxVnni,SERIALIZE VectorSize=256
// Job: .NET 10.0

OverheadJitting  1: 1 op, 217981.00 ns, 217.9810 us/op
WorkloadJitting  1: 1 op, 255421.00 ns, 255.4210 us/op

OverheadJitting  2: 16 op, 235776.00 ns, 14.7360 us/op
WorkloadJitting  2: 16 op, 295673.00 ns, 18.4796 us/op

WorkloadPilot    1: 16 op, 2858.00 ns, 178.6250 ns/op
WorkloadPilot    2: 32 op, 4296.00 ns, 134.2500 ns/op
WorkloadPilot    3: 64 op, 5433.00 ns, 84.8906 ns/op
WorkloadPilot    4: 128 op, 19650.00 ns, 153.5156 ns/op
WorkloadPilot    5: 256 op, 18276.00 ns, 71.3906 ns/op
WorkloadPilot    6: 512 op, 35741.00 ns, 69.8066 ns/op
WorkloadPilot    7: 1024 op, 69290.00 ns, 67.6660 ns/op
WorkloadPilot    8: 2048 op, 137633.00 ns, 67.2036 ns/op
WorkloadPilot    9: 4096 op, 300825.00 ns, 73.4436 ns/op
WorkloadPilot   10: 8192 op, 565410.00 ns, 69.0198 ns/op
WorkloadPilot   11: 16384 op, 1133401.00 ns, 69.1773 ns/op
WorkloadPilot   12: 32768 op, 2275971.00 ns, 69.4571 ns/op
WorkloadPilot   13: 65536 op, 4701524.00 ns, 71.7396 ns/op
WorkloadPilot   14: 131072 op, 9343641.00 ns, 71.2863 ns/op
WorkloadPilot   15: 262144 op, 18421814.00 ns, 70.2736 ns/op
WorkloadPilot   16: 524288 op, 35909935.00 ns, 68.4928 ns/op
WorkloadPilot   17: 1048576 op, 36756650.00 ns, 35.0539 ns/op
WorkloadPilot   18: 2097152 op, 14889234.00 ns, 7.0997 ns/op
WorkloadPilot   19: 4194304 op, 29624202.00 ns, 7.0630 ns/op
WorkloadPilot   20: 8388608 op, 58846274.00 ns, 7.0150 ns/op
WorkloadPilot   21: 16777216 op, 121057171.00 ns, 7.2156 ns/op
WorkloadPilot   22: 33554432 op, 239496658.00 ns, 7.1376 ns/op
WorkloadPilot   23: 67108864 op, 476776439.00 ns, 7.1045 ns/op
WorkloadPilot   24: 134217728 op, 962277587.00 ns, 7.1695 ns/op

OverheadWarmup   1: 134217728 op, 368115163.00 ns, 2.7427 ns/op
OverheadWarmup   2: 134217728 op, 290595271.00 ns, 2.1651 ns/op
OverheadWarmup   3: 134217728 op, 285346231.00 ns, 2.1260 ns/op
OverheadWarmup   4: 134217728 op, 290855091.00 ns, 2.1670 ns/op
OverheadWarmup   5: 134217728 op, 292533591.00 ns, 2.1795 ns/op
OverheadWarmup   6: 134217728 op, 290349002.00 ns, 2.1633 ns/op
OverheadWarmup   7: 134217728 op, 290398552.00 ns, 2.1636 ns/op
OverheadWarmup   8: 134217728 op, 284717261.00 ns, 2.1213 ns/op

OverheadActual   1: 134217728 op, 282935428.00 ns, 2.1080 ns/op
OverheadActual   2: 134217728 op, 289941038.00 ns, 2.1602 ns/op
OverheadActual   3: 134217728 op, 291287939.00 ns, 2.1703 ns/op
OverheadActual   4: 134217728 op, 289369023.00 ns, 2.1560 ns/op
OverheadActual   5: 134217728 op, 288544451.00 ns, 2.1498 ns/op
OverheadActual   6: 134217728 op, 284896060.00 ns, 2.1226 ns/op
OverheadActual   7: 134217728 op, 285320933.00 ns, 2.1258 ns/op
OverheadActual   8: 134217728 op, 284367162.00 ns, 2.1187 ns/op
OverheadActual   9: 134217728 op, 284152821.00 ns, 2.1171 ns/op
OverheadActual  10: 134217728 op, 285964020.00 ns, 2.1306 ns/op
OverheadActual  11: 134217728 op, 288190838.00 ns, 2.1472 ns/op
OverheadActual  12: 134217728 op, 283298989.00 ns, 2.1107 ns/op
OverheadActual  13: 134217728 op, 283820773.00 ns, 2.1146 ns/op
OverheadActual  14: 134217728 op, 289241367.00 ns, 2.1550 ns/op
OverheadActual  15: 134217728 op, 287479976.00 ns, 2.1419 ns/op

WorkloadWarmup   1: 134217728 op, 960505863.00 ns, 7.1563 ns/op
WorkloadWarmup   2: 134217728 op, 942119294.00 ns, 7.0193 ns/op
WorkloadWarmup   3: 134217728 op, 944456756.00 ns, 7.0368 ns/op
WorkloadWarmup   4: 134217728 op, 938243805.00 ns, 6.9905 ns/op
WorkloadWarmup   5: 134217728 op, 939535332.00 ns, 7.0001 ns/op
WorkloadWarmup   6: 134217728 op, 940848506.00 ns, 7.0099 ns/op
WorkloadWarmup   7: 134217728 op, 941536042.00 ns, 7.0150 ns/op
WorkloadWarmup   8: 134217728 op, 944230413.00 ns, 7.0351 ns/op
WorkloadWarmup   9: 134217728 op, 950238922.00 ns, 7.0798 ns/op
WorkloadWarmup  10: 134217728 op, 943544565.00 ns, 7.0300 ns/op

// BeforeActualRun
WorkloadActual   1: 134217728 op, 938658334.00 ns, 6.9935 ns/op
WorkloadActual   2: 134217728 op, 943855499.00 ns, 7.0323 ns/op
WorkloadActual   3: 134217728 op, 940562563.00 ns, 7.0077 ns/op
WorkloadActual   4: 134217728 op, 941363234.00 ns, 7.0137 ns/op
WorkloadActual   5: 134217728 op, 936033536.00 ns, 6.9740 ns/op
WorkloadActual   6: 134217728 op, 933533961.00 ns, 6.9554 ns/op
WorkloadActual   7: 134217728 op, 938173812.00 ns, 6.9899 ns/op
WorkloadActual   8: 134217728 op, 937735987.00 ns, 6.9867 ns/op
WorkloadActual   9: 134217728 op, 945793487.00 ns, 7.0467 ns/op
WorkloadActual  10: 134217728 op, 938610355.00 ns, 6.9932 ns/op
WorkloadActual  11: 134217728 op, 938398974.00 ns, 6.9916 ns/op
WorkloadActual  12: 134217728 op, 937126864.00 ns, 6.9821 ns/op
WorkloadActual  13: 134217728 op, 934547581.00 ns, 6.9629 ns/op
WorkloadActual  14: 134217728 op, 944979869.00 ns, 7.0406 ns/op
WorkloadActual  15: 134217728 op, 953122922.00 ns, 7.1013 ns/op

// AfterActualRun
WorkloadResult   1: 134217728 op, 652694314.00 ns, 4.8630 ns/op
WorkloadResult   2: 134217728 op, 657891479.00 ns, 4.9017 ns/op
WorkloadResult   3: 134217728 op, 654598543.00 ns, 4.8771 ns/op
WorkloadResult   4: 134217728 op, 655399214.00 ns, 4.8831 ns/op
WorkloadResult   5: 134217728 op, 650069516.00 ns, 4.8434 ns/op
WorkloadResult   6: 134217728 op, 647569941.00 ns, 4.8248 ns/op
WorkloadResult   7: 134217728 op, 652209792.00 ns, 4.8593 ns/op
WorkloadResult   8: 134217728 op, 651771967.00 ns, 4.8561 ns/op
WorkloadResult   9: 134217728 op, 659829467.00 ns, 4.9161 ns/op
WorkloadResult  10: 134217728 op, 652646335.00 ns, 4.8626 ns/op
WorkloadResult  11: 134217728 op, 652434954.00 ns, 4.8610 ns/op
WorkloadResult  12: 134217728 op, 651162844.00 ns, 4.8515 ns/op
WorkloadResult  13: 134217728 op, 648583561.00 ns, 4.8323 ns/op
WorkloadResult  14: 134217728 op, 659015849.00 ns, 4.9101 ns/op
// GC:  0 0 0 0 134217728
// Threading:  0 0 134217728

// AfterAll
// Benchmark Process 4166 has exited with code 0.

Mean = 4.867 ns, StdErr = 0.007 ns (0.15%), N = 14, StdDev = 0.028 ns
Min = 4.825 ns, Q1 = 4.853 ns, Median = 4.862 ns, Q3 = 4.882 ns, Max = 4.916 ns
IQR = 0.029 ns, LowerFence = 4.809 ns, UpperFence = 4.925 ns
ConfidenceInterval = [4.836 ns; 4.898 ns] (CI 99.9%), Margin = 0.031 ns (0.64% of Mean)
Skewness = 0.34, Kurtosis = 1.95, MValue = 2

// ** Remained 59 (49.2 %) benchmark(s) to run. Estimated finish 2026-09-06 6:46 (0h 5m from now) **
// **************************
// Benchmark: ValueObjectBenchmarks.Equals_Class: .NET 10.0(Runtime=.NET 10.0, Toolchain=net10.0)
// *** Execute ***
// Launch: 1 / 1
// Execute: dotnet "EricksonLopez.ValueObjects.Benchmarks-.NET 10.0-1.dll" --anonymousPipes 129 130 --benchmarkName EricksonLopez.ValueObjects.Benchmarks.ValueObjectBenchmarks.Equals_Class --job ".NET 10.0" --benchmarkId 25 in /home/runner/work/dotnet-value-objects/dotnet-value-objects/benchmarks/EricksonLopez.ValueObjects.Benchmarks/bin/Release/net10.0/EricksonLopez.ValueObjects.Benchmarks-.NET 10.0-1/bin/Release/net10.0
// Failed to set up high priority (Permission denied). In order to run benchmarks with high priority, make sure you have the right permissions.
// BeforeAnythingElse

// Benchmark Process Environment Information:
// BenchmarkDotNet v0.15.8
// Runtime=.NET 10.0.11 (10.0.11, 10.0.1126.37416), X64 RyuJIT x86-64-v4
// GC=Concurrent Workstation
// HardwareIntrinsics=AVX512 BITALG+VBMI2+VNNI+VPOPCNTDQ,AVX512 IFMA+VBMI,AVX512 F+BW+CD+DQ+VL,AVX2+BMI1+BMI2+F16C+FMA+LZCNT+MOVBE,AVX,SSE3+SSSE3+SSE4.1+SSE4.2+POPCNT,X86Base+SSE+SSE2,AES+PCLMUL,AvxVnni,SERIALIZE VectorSize=256
// Job: .NET 10.0

OverheadJitting  1: 1 op, 261423.00 ns, 261.4230 us/op
WorkloadJitting  1: 1 op, 302638.00 ns, 302.6380 us/op

OverheadJitting  2: 16 op, 332192.00 ns, 20.7620 us/op
WorkloadJitting  2: 16 op, 326814.00 ns, 20.4259 us/op

WorkloadPilot    1: 16 op, 1276.00 ns, 79.7500 ns/op
WorkloadPilot    2: 32 op, 1269.00 ns, 39.6563 ns/op
WorkloadPilot    3: 64 op, 1234.00 ns, 19.2813 ns/op
WorkloadPilot    4: 128 op, 1644.00 ns, 12.8438 ns/op
WorkloadPilot    5: 256 op, 3025.00 ns, 11.8164 ns/op
WorkloadPilot    6: 512 op, 5292.00 ns, 10.3359 ns/op
WorkloadPilot    7: 1024 op, 10128.00 ns, 9.8906 ns/op
WorkloadPilot    8: 2048 op, 19038.00 ns, 9.2959 ns/op
WorkloadPilot    9: 4096 op, 42138.00 ns, 10.2876 ns/op
WorkloadPilot   10: 8192 op, 77895.00 ns, 9.5087 ns/op
WorkloadPilot   11: 16384 op, 155264.00 ns, 9.4766 ns/op
WorkloadPilot   12: 32768 op, 324016.00 ns, 9.8882 ns/op
WorkloadPilot   13: 65536 op, 647428.00 ns, 9.8790 ns/op
WorkloadPilot   14: 131072 op, 1262433.00 ns, 9.6316 ns/op
WorkloadPilot   15: 262144 op, 2565761.00 ns, 9.7876 ns/op
WorkloadPilot   16: 524288 op, 5005096.00 ns, 9.5465 ns/op
WorkloadPilot   17: 1048576 op, 10109353.00 ns, 9.6410 ns/op
WorkloadPilot   18: 2097152 op, 20183546.00 ns, 9.6243 ns/op
WorkloadPilot   19: 4194304 op, 39429617.00 ns, 9.4008 ns/op
WorkloadPilot   20: 8388608 op, 82286489.00 ns, 9.8093 ns/op
WorkloadPilot   21: 16777216 op, 76608767.00 ns, 4.5662 ns/op
WorkloadPilot   22: 33554432 op, 92224132.00 ns, 2.7485 ns/op
WorkloadPilot   23: 67108864 op, 182288030.00 ns, 2.7163 ns/op
WorkloadPilot   24: 134217728 op, 365502140.00 ns, 2.7232 ns/op
WorkloadPilot   25: 268435456 op, 733537078.00 ns, 2.7326 ns/op

OverheadWarmup   1: 268435456 op, 624771127.00 ns, 2.3275 ns/op
OverheadWarmup   2: 268435456 op, 584746001.00 ns, 2.1783 ns/op
OverheadWarmup   3: 268435456 op, 585550970.00 ns, 2.1813 ns/op
OverheadWarmup   4: 268435456 op, 583592158.00 ns, 2.1741 ns/op
OverheadWarmup   5: 268435456 op, 584390467.00 ns, 2.1770 ns/op
OverheadWarmup   6: 268435456 op, 582914875.00 ns, 2.1715 ns/op

OverheadActual   1: 268435456 op, 582864270.00 ns, 2.1713 ns/op
OverheadActual   2: 268435456 op, 581965254.00 ns, 2.1680 ns/op
OverheadActual   3: 268435456 op, 580095991.00 ns, 2.1610 ns/op
OverheadActual   4: 268435456 op, 582529984.00 ns, 2.1701 ns/op
OverheadActual   5: 268435456 op, 586382417.00 ns, 2.1844 ns/op
OverheadActual   6: 268435456 op, 584539907.00 ns, 2.1776 ns/op
OverheadActual   7: 268435456 op, 582750488.00 ns, 2.1709 ns/op
OverheadActual   8: 268435456 op, 579935415.00 ns, 2.1604 ns/op
OverheadActual   9: 268435456 op, 583489482.00 ns, 2.1737 ns/op
OverheadActual  10: 268435456 op, 583158887.00 ns, 2.1724 ns/op
OverheadActual  11: 268435456 op, 582194431.00 ns, 2.1688 ns/op
OverheadActual  12: 268435456 op, 579944661.00 ns, 2.1605 ns/op
OverheadActual  13: 268435456 op, 579893364.00 ns, 2.1603 ns/op
OverheadActual  14: 268435456 op, 581504655.00 ns, 2.1663 ns/op
OverheadActual  15: 268435456 op, 579637392.00 ns, 2.1593 ns/op

WorkloadWarmup   1: 268435456 op, 726908673.00 ns, 2.7079 ns/op
WorkloadWarmup   2: 268435456 op, 727865989.00 ns, 2.7115 ns/op
WorkloadWarmup   3: 268435456 op, 731185870.00 ns, 2.7239 ns/op
WorkloadWarmup   4: 268435456 op, 728651034.00 ns, 2.7144 ns/op
WorkloadWarmup   5: 268435456 op, 730174346.00 ns, 2.7201 ns/op
WorkloadWarmup   6: 268435456 op, 730926878.00 ns, 2.7229 ns/op
WorkloadWarmup   7: 268435456 op, 730604414.00 ns, 2.7217 ns/op

// BeforeActualRun
WorkloadActual   1: 268435456 op, 729742348.00 ns, 2.7185 ns/op
WorkloadActual   2: 268435456 op, 732357965.00 ns, 2.7282 ns/op
WorkloadActual   3: 268435456 op, 727749820.00 ns, 2.7111 ns/op
WorkloadActual   4: 268435456 op, 728629018.00 ns, 2.7144 ns/op
WorkloadActual   5: 268435456 op, 733093003.00 ns, 2.7310 ns/op
WorkloadActual   6: 268435456 op, 731138961.00 ns, 2.7237 ns/op
WorkloadActual   7: 268435456 op, 731041967.00 ns, 2.7233 ns/op
WorkloadActual   8: 268435456 op, 728911811.00 ns, 2.7154 ns/op
WorkloadActual   9: 268435456 op, 730558847.00 ns, 2.7215 ns/op
WorkloadActual  10: 268435456 op, 730085943.00 ns, 2.7198 ns/op
WorkloadActual  11: 268435456 op, 731073618.00 ns, 2.7235 ns/op
WorkloadActual  12: 268435456 op, 728359526.00 ns, 2.7134 ns/op
WorkloadActual  13: 268435456 op, 756454833.00 ns, 2.8180 ns/op
WorkloadActual  14: 268435456 op, 729673520.00 ns, 2.7182 ns/op
WorkloadActual  15: 268435456 op, 730872763.00 ns, 2.7227 ns/op

// AfterActualRun
WorkloadResult   1: 268435456 op, 147547917.00 ns, 0.5497 ns/op
WorkloadResult   2: 268435456 op, 150163534.00 ns, 0.5594 ns/op
WorkloadResult   3: 268435456 op, 145555389.00 ns, 0.5422 ns/op
WorkloadResult   4: 268435456 op, 146434587.00 ns, 0.5455 ns/op
WorkloadResult   5: 268435456 op, 150898572.00 ns, 0.5621 ns/op
WorkloadResult   6: 268435456 op, 148944530.00 ns, 0.5549 ns/op
WorkloadResult   7: 268435456 op, 148847536.00 ns, 0.5545 ns/op
WorkloadResult   8: 268435456 op, 146717380.00 ns, 0.5466 ns/op
WorkloadResult   9: 268435456 op, 148364416.00 ns, 0.5527 ns/op
WorkloadResult  10: 268435456 op, 147891512.00 ns, 0.5509 ns/op
WorkloadResult  11: 268435456 op, 148879187.00 ns, 0.5546 ns/op
WorkloadResult  12: 268435456 op, 146165095.00 ns, 0.5445 ns/op
WorkloadResult  13: 268435456 op, 147479089.00 ns, 0.5494 ns/op
WorkloadResult  14: 268435456 op, 148678332.00 ns, 0.5539 ns/op
// GC:  0 0 0 0 268435456
// Threading:  0 0 268435456

// AfterAll
// Benchmark Process 4192 has exited with code 0.

Mean = 0.551 ns, StdErr = 0.002 ns (0.27%), N = 14, StdDev = 0.006 ns
Min = 0.542 ns, Q1 = 0.547 ns, Median = 0.552 ns, Q3 = 0.555 ns, Max = 0.562 ns
IQR = 0.007 ns, LowerFence = 0.536 ns, UpperFence = 0.566 ns
ConfidenceInterval = [0.545 ns; 0.558 ns] (CI 99.9%), Margin = 0.006 ns (1.16% of Mean)
Skewness = 0.13, Kurtosis = 2.01, MValue = 2

// ** Remained 58 (48.3 %) benchmark(s) to run. Estimated finish 2026-09-06 6:47 (0h 5m from now) **
// **************************
// Benchmark: ValueObjectBenchmarks.Equals_RecordClass: .NET 10.0(Runtime=.NET 10.0, Toolchain=net10.0)
// *** Execute ***
// Launch: 1 / 1
// Execute: dotnet "EricksonLopez.ValueObjects.Benchmarks-.NET 10.0-1.dll" --anonymousPipes 129 130 --benchmarkName EricksonLopez.ValueObjects.Benchmarks.ValueObjectBenchmarks.Equals_RecordClass --job ".NET 10.0" --benchmarkId 26 in /home/runner/work/dotnet-value-objects/dotnet-value-objects/benchmarks/EricksonLopez.ValueObjects.Benchmarks/bin/Release/net10.0/EricksonLopez.ValueObjects.Benchmarks-.NET 10.0-1/bin/Release/net10.0
// Failed to set up high priority (Permission denied). In order to run benchmarks with high priority, make sure you have the right permissions.
// BeforeAnythingElse

// Benchmark Process Environment Information:
// BenchmarkDotNet v0.15.8
// Runtime=.NET 10.0.11 (10.0.11, 10.0.1126.37416), X64 RyuJIT x86-64-v4
// GC=Concurrent Workstation
// HardwareIntrinsics=AVX512 BITALG+VBMI2+VNNI+VPOPCNTDQ,AVX512 IFMA+VBMI,AVX512 F+BW+CD+DQ+VL,AVX2+BMI1+BMI2+F16C+FMA+LZCNT+MOVBE,AVX,SSE3+SSSE3+SSE4.1+SSE4.2+POPCNT,X86Base+SSE+SSE2,AES+PCLMUL,AvxVnni,SERIALIZE VectorSize=256
// Job: .NET 10.0

OverheadJitting  1: 1 op, 184126.00 ns, 184.1260 us/op
WorkloadJitting  1: 1 op, 305979.00 ns, 305.9790 us/op

OverheadJitting  2: 16 op, 337845.00 ns, 21.1153 us/op
WorkloadJitting  2: 16 op, 319775.00 ns, 19.9859 us/op

WorkloadPilot    1: 16 op, 2033.00 ns, 127.0625 ns/op
WorkloadPilot    2: 32 op, 1989.00 ns, 62.1563 ns/op
WorkloadPilot    3: 64 op, 1842.00 ns, 28.7813 ns/op
WorkloadPilot    4: 128 op, 2541.00 ns, 19.8516 ns/op
WorkloadPilot    5: 256 op, 4101.00 ns, 16.0195 ns/op
WorkloadPilot    6: 512 op, 7492.00 ns, 14.6328 ns/op
WorkloadPilot    7: 1024 op, 24742.00 ns, 24.1621 ns/op
WorkloadPilot    8: 2048 op, 27452.00 ns, 13.4043 ns/op
WorkloadPilot    9: 4096 op, 54269.00 ns, 13.2493 ns/op
WorkloadPilot   10: 8192 op, 109574.00 ns, 13.3757 ns/op
WorkloadPilot   11: 16384 op, 234492.00 ns, 14.3123 ns/op
WorkloadPilot   12: 32768 op, 478945.00 ns, 14.6162 ns/op
WorkloadPilot   13: 65536 op, 964407.00 ns, 14.7157 ns/op
WorkloadPilot   14: 131072 op, 1897952.00 ns, 14.4802 ns/op
WorkloadPilot   15: 262144 op, 3773790.00 ns, 14.3959 ns/op
WorkloadPilot   16: 524288 op, 6888348.00 ns, 13.1385 ns/op
WorkloadPilot   17: 1048576 op, 13293117.00 ns, 12.6773 ns/op
WorkloadPilot   18: 2097152 op, 27951529.00 ns, 13.3283 ns/op
WorkloadPilot   19: 4194304 op, 56689759.00 ns, 13.5159 ns/op
WorkloadPilot   20: 8388608 op, 93912419.00 ns, 11.1952 ns/op
WorkloadPilot   21: 16777216 op, 45917773.00 ns, 2.7369 ns/op
WorkloadPilot   22: 33554432 op, 94095805.00 ns, 2.8043 ns/op
WorkloadPilot   23: 67108864 op, 185283600.00 ns, 2.7609 ns/op
WorkloadPilot   24: 134217728 op, 369655149.00 ns, 2.7541 ns/op
WorkloadPilot   25: 268435456 op, 741786061.00 ns, 2.7634 ns/op

OverheadWarmup   1: 268435456 op, 625860573.00 ns, 2.3315 ns/op
OverheadWarmup   2: 268435456 op, 582850203.00 ns, 2.1713 ns/op
OverheadWarmup   3: 268435456 op, 580667269.00 ns, 2.1632 ns/op
OverheadWarmup   4: 268435456 op, 577286864.00 ns, 2.1506 ns/op
OverheadWarmup   5: 268435456 op, 579230788.00 ns, 2.1578 ns/op
OverheadWarmup   6: 268435456 op, 577803215.00 ns, 2.1525 ns/op
OverheadWarmup   7: 268435456 op, 576298982.00 ns, 2.1469 ns/op
OverheadWarmup   8: 268435456 op, 579184319.00 ns, 2.1576 ns/op
OverheadWarmup   9: 268435456 op, 577906100.00 ns, 2.1529 ns/op

OverheadActual   1: 268435456 op, 624270438.00 ns, 2.3256 ns/op
OverheadActual   2: 268435456 op, 579719882.00 ns, 2.1596 ns/op
OverheadActual   3: 268435456 op, 575757471.00 ns, 2.1449 ns/op
OverheadActual   4: 268435456 op, 576725793.00 ns, 2.1485 ns/op
OverheadActual   5: 268435456 op, 590406058.00 ns, 2.1994 ns/op
OverheadActual   6: 268435456 op, 586266007.00 ns, 2.1840 ns/op
OverheadActual   7: 268435456 op, 577986322.00 ns, 2.1532 ns/op
OverheadActual   8: 268435456 op, 577436973.00 ns, 2.1511 ns/op
OverheadActual   9: 268435456 op, 584847294.00 ns, 2.1787 ns/op
OverheadActual  10: 268435456 op, 579626464.00 ns, 2.1593 ns/op
OverheadActual  11: 268435456 op, 582464161.00 ns, 2.1698 ns/op
OverheadActual  12: 268435456 op, 579006008.00 ns, 2.1570 ns/op
OverheadActual  13: 268435456 op, 580905320.00 ns, 2.1640 ns/op
OverheadActual  14: 268435456 op, 580818066.00 ns, 2.1637 ns/op
OverheadActual  15: 268435456 op, 585561881.00 ns, 2.1814 ns/op

WorkloadWarmup   1: 268435456 op, 738888740.00 ns, 2.7526 ns/op
WorkloadWarmup   2: 268435456 op, 736580636.00 ns, 2.7440 ns/op
WorkloadWarmup   3: 268435456 op, 734741505.00 ns, 2.7371 ns/op
WorkloadWarmup   4: 268435456 op, 734520310.00 ns, 2.7363 ns/op
WorkloadWarmup   5: 268435456 op, 730344954.00 ns, 2.7207 ns/op
WorkloadWarmup   6: 268435456 op, 733861209.00 ns, 2.7338 ns/op
WorkloadWarmup   7: 268435456 op, 730970028.00 ns, 2.7231 ns/op
WorkloadWarmup   8: 268435456 op, 734898008.00 ns, 2.7377 ns/op
WorkloadWarmup   9: 268435456 op, 740090285.00 ns, 2.7571 ns/op
WorkloadWarmup  10: 268435456 op, 735997055.00 ns, 2.7418 ns/op

// BeforeActualRun
WorkloadActual   1: 268435456 op, 737052606.00 ns, 2.7457 ns/op
WorkloadActual   2: 268435456 op, 734573614.00 ns, 2.7365 ns/op
WorkloadActual   3: 268435456 op, 738565583.00 ns, 2.7514 ns/op
WorkloadActual   4: 268435456 op, 738668371.00 ns, 2.7518 ns/op
WorkloadActual   5: 268435456 op, 736044818.00 ns, 2.7420 ns/op
WorkloadActual   6: 268435456 op, 747093977.00 ns, 2.7831 ns/op
WorkloadActual   7: 268435456 op, 738778828.00 ns, 2.7522 ns/op
WorkloadActual   8: 268435456 op, 735947577.00 ns, 2.7416 ns/op
WorkloadActual   9: 268435456 op, 739000085.00 ns, 2.7530 ns/op
WorkloadActual  10: 268435456 op, 737157114.00 ns, 2.7461 ns/op
WorkloadActual  11: 268435456 op, 738515976.00 ns, 2.7512 ns/op
WorkloadActual  12: 268435456 op, 733951276.00 ns, 2.7342 ns/op
WorkloadActual  13: 268435456 op, 740703804.00 ns, 2.7593 ns/op
WorkloadActual  14: 268435456 op, 739653091.00 ns, 2.7554 ns/op
WorkloadActual  15: 268435456 op, 737472282.00 ns, 2.7473 ns/op

// AfterActualRun
WorkloadResult   1: 268435456 op, 156234540.00 ns, 0.5820 ns/op
WorkloadResult   2: 268435456 op, 153755548.00 ns, 0.5728 ns/op
WorkloadResult   3: 268435456 op, 157747517.00 ns, 0.5877 ns/op
WorkloadResult   4: 268435456 op, 157850305.00 ns, 0.5880 ns/op
WorkloadResult   5: 268435456 op, 155226752.00 ns, 0.5783 ns/op
WorkloadResult   6: 268435456 op, 157960762.00 ns, 0.5884 ns/op
WorkloadResult   7: 268435456 op, 155129511.00 ns, 0.5779 ns/op
WorkloadResult   8: 268435456 op, 158182019.00 ns, 0.5893 ns/op
WorkloadResult   9: 268435456 op, 156339048.00 ns, 0.5824 ns/op
WorkloadResult  10: 268435456 op, 157697910.00 ns, 0.5875 ns/op
WorkloadResult  11: 268435456 op, 153133210.00 ns, 0.5705 ns/op
WorkloadResult  12: 268435456 op, 159885738.00 ns, 0.5956 ns/op
WorkloadResult  13: 268435456 op, 158835025.00 ns, 0.5917 ns/op
WorkloadResult  14: 268435456 op, 156654216.00 ns, 0.5836 ns/op
// GC:  0 0 0 32 268435456
// Threading:  0 0 268435456

// AfterAll
// Benchmark Process 4209 has exited with code 0.

Mean = 0.584 ns, StdErr = 0.002 ns (0.33%), N = 14, StdDev = 0.007 ns
Min = 0.570 ns, Q1 = 0.579 ns, Median = 0.586 ns, Q3 = 0.588 ns, Max = 0.596 ns
IQR = 0.009 ns, LowerFence = 0.565 ns, UpperFence = 0.602 ns
ConfidenceInterval = [0.576 ns; 0.592 ns] (CI 99.9%), Margin = 0.008 ns (1.39% of Mean)
Skewness = -0.36, Kurtosis = 2.03, MValue = 2

// ** Remained 57 (47.5 %) benchmark(s) to run. Estimated finish 2026-09-06 6:48 (0h 5m from now) **
// **************************
// Benchmark: ValueObjectBenchmarks.Equals_Struct: .NET 10.0(Runtime=.NET 10.0, Toolchain=net10.0)
// *** Execute ***
// Launch: 1 / 1
// Execute: dotnet "EricksonLopez.ValueObjects.Benchmarks-.NET 10.0-1.dll" --anonymousPipes 129 130 --benchmarkName EricksonLopez.ValueObjects.Benchmarks.ValueObjectBenchmarks.Equals_Struct --job ".NET 10.0" --benchmarkId 27 in /home/runner/work/dotnet-value-objects/dotnet-value-objects/benchmarks/EricksonLopez.ValueObjects.Benchmarks/bin/Release/net10.0/EricksonLopez.ValueObjects.Benchmarks-.NET 10.0-1/bin/Release/net10.0
// Failed to set up high priority (Permission denied). In order to run benchmarks with high priority, make sure you have the right permissions.
// BeforeAnythingElse

// Benchmark Process Environment Information:
// BenchmarkDotNet v0.15.8
// Runtime=.NET 10.0.11 (10.0.11, 10.0.1126.37416), X64 RyuJIT x86-64-v4
// GC=Concurrent Workstation
// HardwareIntrinsics=AVX512 BITALG+VBMI2+VNNI+VPOPCNTDQ,AVX512 IFMA+VBMI,AVX512 F+BW+CD+DQ+VL,AVX2+BMI1+BMI2+F16C+FMA+LZCNT+MOVBE,AVX,SSE3+SSSE3+SSE4.1+SSE4.2+POPCNT,X86Base+SSE+SSE2,AES+PCLMUL,AvxVnni,SERIALIZE VectorSize=256
// Job: .NET 10.0

OverheadJitting  1: 1 op, 194692.00 ns, 194.6920 us/op
WorkloadJitting  1: 1 op, 272876.00 ns, 272.8760 us/op

OverheadJitting  2: 16 op, 315917.00 ns, 19.7448 us/op
WorkloadJitting  2: 16 op, 336421.00 ns, 21.0263 us/op

WorkloadPilot    1: 16 op, 2768.00 ns, 173.0000 ns/op
WorkloadPilot    2: 32 op, 2603.00 ns, 81.3438 ns/op
WorkloadPilot    3: 64 op, 2740.00 ns, 42.8125 ns/op
WorkloadPilot    4: 128 op, 3221.00 ns, 25.1641 ns/op
WorkloadPilot    5: 256 op, 4269.00 ns, 16.6758 ns/op
WorkloadPilot    6: 512 op, 6607.00 ns, 12.9043 ns/op
WorkloadPilot    7: 1024 op, 11128.00 ns, 10.8672 ns/op
WorkloadPilot    8: 2048 op, 30702.00 ns, 14.9912 ns/op
WorkloadPilot    9: 4096 op, 43063.00 ns, 10.5134 ns/op
WorkloadPilot   10: 8192 op, 64288.00 ns, 7.8477 ns/op
WorkloadPilot   11: 16384 op, 133152.00 ns, 8.1270 ns/op
WorkloadPilot   12: 32768 op, 254264.00 ns, 7.7595 ns/op
WorkloadPilot   13: 65536 op, 503490.00 ns, 7.6826 ns/op
WorkloadPilot   14: 131072 op, 983584.00 ns, 7.5042 ns/op
WorkloadPilot   15: 262144 op, 1964861.00 ns, 7.4953 ns/op
WorkloadPilot   16: 524288 op, 3924998.00 ns, 7.4863 ns/op
WorkloadPilot   17: 1048576 op, 7783585.00 ns, 7.4230 ns/op
WorkloadPilot   18: 2097152 op, 15984779.00 ns, 7.6221 ns/op
WorkloadPilot   19: 4194304 op, 31367958.00 ns, 7.4787 ns/op
WorkloadPilot   20: 8388608 op, 46019503.00 ns, 5.4860 ns/op
WorkloadPilot   21: 16777216 op, 41992588.00 ns, 2.5030 ns/op
WorkloadPilot   22: 33554432 op, 82223071.00 ns, 2.4504 ns/op
WorkloadPilot   23: 67108864 op, 164548928.00 ns, 2.4520 ns/op
WorkloadPilot   24: 134217728 op, 327687127.00 ns, 2.4415 ns/op
WorkloadPilot   25: 268435456 op, 656617339.00 ns, 2.4461 ns/op

OverheadWarmup   1: 268435456 op, 626203568.00 ns, 2.3328 ns/op
OverheadWarmup   2: 268435456 op, 583944551.00 ns, 2.1754 ns/op
OverheadWarmup   3: 268435456 op, 581236087.00 ns, 2.1653 ns/op
OverheadWarmup   4: 268435456 op, 581838062.00 ns, 2.1675 ns/op
OverheadWarmup   5: 268435456 op, 585032933.00 ns, 2.1794 ns/op
OverheadWarmup   6: 268435456 op, 583905495.00 ns, 2.1752 ns/op
OverheadWarmup   7: 268435456 op, 585962813.00 ns, 2.1829 ns/op
OverheadWarmup   8: 268435456 op, 586714419.00 ns, 2.1857 ns/op
OverheadWarmup   9: 268435456 op, 583362655.00 ns, 2.1732 ns/op

OverheadActual   1: 268435456 op, 587897564.00 ns, 2.1901 ns/op
OverheadActual   2: 268435456 op, 585588808.00 ns, 2.1815 ns/op
OverheadActual   3: 268435456 op, 584663291.00 ns, 2.1780 ns/op
OverheadActual   4: 268435456 op, 583574508.00 ns, 2.1740 ns/op
OverheadActual   5: 268435456 op, 583030181.00 ns, 2.1720 ns/op
OverheadActual   6: 268435456 op, 584753000.00 ns, 2.1784 ns/op
OverheadActual   7: 268435456 op, 582187803.00 ns, 2.1688 ns/op
OverheadActual   8: 268435456 op, 584364860.00 ns, 2.1769 ns/op
OverheadActual   9: 268435456 op, 581737024.00 ns, 2.1671 ns/op
OverheadActual  10: 268435456 op, 585081482.00 ns, 2.1796 ns/op
OverheadActual  11: 268435456 op, 582498474.00 ns, 2.1700 ns/op
OverheadActual  12: 268435456 op, 578356251.00 ns, 2.1545 ns/op
OverheadActual  13: 268435456 op, 582020115.00 ns, 2.1682 ns/op
OverheadActual  14: 268435456 op, 586066479.00 ns, 2.1833 ns/op
OverheadActual  15: 268435456 op, 582818176.00 ns, 2.1712 ns/op

WorkloadWarmup   1: 268435456 op, 658753300.00 ns, 2.4540 ns/op
WorkloadWarmup   2: 268435456 op, 661114623.00 ns, 2.4628 ns/op
WorkloadWarmup   3: 268435456 op, 660452369.00 ns, 2.4604 ns/op
WorkloadWarmup   4: 268435456 op, 654608654.00 ns, 2.4386 ns/op
WorkloadWarmup   5: 268435456 op, 655825448.00 ns, 2.4431 ns/op
WorkloadWarmup   6: 268435456 op, 653901690.00 ns, 2.4360 ns/op

// BeforeActualRun
WorkloadActual   1: 268435456 op, 656442267.00 ns, 2.4454 ns/op
WorkloadActual   2: 268435456 op, 654064590.00 ns, 2.4366 ns/op
WorkloadActual   3: 268435456 op, 656136650.00 ns, 2.4443 ns/op
WorkloadActual   4: 268435456 op, 655676343.00 ns, 2.4426 ns/op
WorkloadActual   5: 268435456 op, 657864174.00 ns, 2.4507 ns/op
WorkloadActual   6: 268435456 op, 657154103.00 ns, 2.4481 ns/op
WorkloadActual   7: 268435456 op, 653654166.00 ns, 2.4351 ns/op
WorkloadActual   8: 268435456 op, 656535733.00 ns, 2.4458 ns/op
WorkloadActual   9: 268435456 op, 651719316.00 ns, 2.4278 ns/op
WorkloadActual  10: 268435456 op, 657537220.00 ns, 2.4495 ns/op
WorkloadActual  11: 268435456 op, 657244215.00 ns, 2.4484 ns/op
WorkloadActual  12: 268435456 op, 654926434.00 ns, 2.4398 ns/op
WorkloadActual  13: 268435456 op, 656340443.00 ns, 2.4451 ns/op
WorkloadActual  14: 268435456 op, 656852383.00 ns, 2.4470 ns/op
WorkloadActual  15: 268435456 op, 654608603.00 ns, 2.4386 ns/op

// AfterActualRun
WorkloadResult   1: 268435456 op, 72867759.00 ns, 0.2715 ns/op
WorkloadResult   2: 268435456 op, 70490082.00 ns, 0.2626 ns/op
WorkloadResult   3: 268435456 op, 72562142.00 ns, 0.2703 ns/op
WorkloadResult   4: 268435456 op, 72101835.00 ns, 0.2686 ns/op
WorkloadResult   5: 268435456 op, 74289666.00 ns, 0.2768 ns/op
WorkloadResult   6: 268435456 op, 73579595.00 ns, 0.2741 ns/op
WorkloadResult   7: 268435456 op, 70079658.00 ns, 0.2611 ns/op
WorkloadResult   8: 268435456 op, 72961225.00 ns, 0.2718 ns/op
WorkloadResult   9: 268435456 op, 68144808.00 ns, 0.2539 ns/op
WorkloadResult  10: 268435456 op, 73962712.00 ns, 0.2755 ns/op
WorkloadResult  11: 268435456 op, 73669707.00 ns, 0.2744 ns/op
WorkloadResult  12: 268435456 op, 71351926.00 ns, 0.2658 ns/op
WorkloadResult  13: 268435456 op, 72765935.00 ns, 0.2711 ns/op
WorkloadResult  14: 268435456 op, 73277875.00 ns, 0.2730 ns/op
WorkloadResult  15: 268435456 op, 71034095.00 ns, 0.2646 ns/op
// GC:  0 0 0 0 268435456
// Threading:  0 0 268435456

// AfterAll
// Benchmark Process 4230 has exited with code 0.

Mean = 0.269 ns, StdErr = 0.002 ns (0.61%), N = 15, StdDev = 0.006 ns
Min = 0.254 ns, Q1 = 0.265 ns, Median = 0.271 ns, Q3 = 0.274 ns, Max = 0.277 ns
IQR = 0.008 ns, LowerFence = 0.253 ns, UpperFence = 0.286 ns
ConfidenceInterval = [0.262 ns; 0.276 ns] (CI 99.9%), Margin = 0.007 ns (2.51% of Mean)
Skewness = -0.85, Kurtosis = 2.78, MValue = 2

// ** Remained 56 (46.7 %) benchmark(s) to run. Estimated finish 2026-09-06 6:49 (0h 5m from now) **
// **************************
// Benchmark: ValueObjectBenchmarks.Equals_RecordStruct: .NET 10.0(Runtime=.NET 10.0, Toolchain=net10.0)
// *** Execute ***
// Launch: 1 / 1
// Execute: dotnet "EricksonLopez.ValueObjects.Benchmarks-.NET 10.0-1.dll" --anonymousPipes 129 130 --benchmarkName EricksonLopez.ValueObjects.Benchmarks.ValueObjectBenchmarks.Equals_RecordStruct --job ".NET 10.0" --benchmarkId 28 in /home/runner/work/dotnet-value-objects/dotnet-value-objects/benchmarks/EricksonLopez.ValueObjects.Benchmarks/bin/Release/net10.0/EricksonLopez.ValueObjects.Benchmarks-.NET 10.0-1/bin/Release/net10.0
// Failed to set up high priority (Permission denied). In order to run benchmarks with high priority, make sure you have the right permissions.
// BeforeAnythingElse

// Benchmark Process Environment Information:
// BenchmarkDotNet v0.15.8
// Runtime=.NET 10.0.11 (10.0.11, 10.0.1126.37416), X64 RyuJIT x86-64-v4
// GC=Concurrent Workstation
// HardwareIntrinsics=AVX512 BITALG+VBMI2+VNNI+VPOPCNTDQ,AVX512 IFMA+VBMI,AVX512 F+BW+CD+DQ+VL,AVX2+BMI1+BMI2+F16C+FMA+LZCNT+MOVBE,AVX,SSE3+SSSE3+SSE4.1+SSE4.2+POPCNT,X86Base+SSE+SSE2,AES+PCLMUL,AvxVnni,SERIALIZE VectorSize=256
// Job: .NET 10.0

OverheadJitting  1: 1 op, 185780.00 ns, 185.7800 us/op
WorkloadJitting  1: 1 op, 304212.00 ns, 304.2120 us/op

OverheadJitting  2: 16 op, 338302.00 ns, 21.1439 us/op
WorkloadJitting  2: 16 op, 338346.00 ns, 21.1466 us/op

WorkloadPilot    1: 16 op, 1762.00 ns, 110.1250 ns/op
WorkloadPilot    2: 32 op, 1648.00 ns, 51.5000 ns/op
WorkloadPilot    3: 64 op, 1365.00 ns, 21.3281 ns/op
WorkloadPilot    4: 128 op, 1735.00 ns, 13.5547 ns/op
WorkloadPilot    5: 256 op, 2830.00 ns, 11.0547 ns/op
WorkloadPilot    6: 512 op, 5206.00 ns, 10.1680 ns/op
WorkloadPilot    7: 1024 op, 9829.00 ns, 9.5986 ns/op
WorkloadPilot    8: 2048 op, 19097.00 ns, 9.3247 ns/op
WorkloadPilot    9: 4096 op, 37676.00 ns, 9.1982 ns/op
WorkloadPilot   10: 8192 op, 74579.00 ns, 9.1039 ns/op
WorkloadPilot   11: 16384 op, 148408.00 ns, 9.0581 ns/op
WorkloadPilot   12: 32768 op, 295961.00 ns, 9.0320 ns/op
WorkloadPilot   13: 65536 op, 591240.00 ns, 9.0216 ns/op
WorkloadPilot   14: 131072 op, 1196473.00 ns, 9.1284 ns/op
WorkloadPilot   15: 262144 op, 2387687.00 ns, 9.1083 ns/op
WorkloadPilot   16: 524288 op, 4760993.00 ns, 9.0809 ns/op
WorkloadPilot   17: 1048576 op, 9673456.00 ns, 9.2253 ns/op
WorkloadPilot   18: 2097152 op, 18811423.00 ns, 8.9700 ns/op
WorkloadPilot   19: 4194304 op, 38373212.00 ns, 9.1489 ns/op
WorkloadPilot   20: 8388608 op, 75866286.00 ns, 9.0440 ns/op
WorkloadPilot   21: 16777216 op, 77186773.00 ns, 4.6007 ns/op
WorkloadPilot   22: 33554432 op, 91493878.00 ns, 2.7267 ns/op
WorkloadPilot   23: 67108864 op, 183310808.00 ns, 2.7315 ns/op
WorkloadPilot   24: 134217728 op, 367069931.00 ns, 2.7349 ns/op
WorkloadPilot   25: 268435456 op, 733527415.00 ns, 2.7326 ns/op

OverheadWarmup   1: 268435456 op, 629516739.00 ns, 2.3451 ns/op
OverheadWarmup   2: 268435456 op, 590398985.00 ns, 2.1994 ns/op
OverheadWarmup   3: 268435456 op, 586702554.00 ns, 2.1856 ns/op
OverheadWarmup   4: 268435456 op, 587731960.00 ns, 2.1895 ns/op
OverheadWarmup   5: 268435456 op, 596473902.00 ns, 2.2220 ns/op
OverheadWarmup   6: 268435456 op, 592432257.00 ns, 2.2070 ns/op
OverheadWarmup   7: 268435456 op, 585280070.00 ns, 2.1803 ns/op
OverheadWarmup   8: 268435456 op, 590412256.00 ns, 2.1995 ns/op
OverheadWarmup   9: 268435456 op, 586599851.00 ns, 2.1853 ns/op

OverheadActual   1: 268435456 op, 588265278.00 ns, 2.1915 ns/op
OverheadActual   2: 268435456 op, 598933207.00 ns, 2.2312 ns/op
OverheadActual   3: 268435456 op, 591525899.00 ns, 2.2036 ns/op
OverheadActual   4: 268435456 op, 589159788.00 ns, 2.1948 ns/op
OverheadActual   5: 268435456 op, 591397135.00 ns, 2.2031 ns/op
OverheadActual   6: 268435456 op, 591048322.00 ns, 2.2018 ns/op
OverheadActual   7: 268435456 op, 586297027.00 ns, 2.1841 ns/op
OverheadActual   8: 268435456 op, 587376016.00 ns, 2.1881 ns/op
OverheadActual   9: 268435456 op, 594030418.00 ns, 2.2129 ns/op
OverheadActual  10: 268435456 op, 588728494.00 ns, 2.1932 ns/op
OverheadActual  11: 268435456 op, 584789929.00 ns, 2.1785 ns/op
OverheadActual  12: 268435456 op, 588702165.00 ns, 2.1931 ns/op
OverheadActual  13: 268435456 op, 598466384.00 ns, 2.2295 ns/op
OverheadActual  14: 268435456 op, 624353659.00 ns, 2.3259 ns/op
OverheadActual  15: 268435456 op, 581257153.00 ns, 2.1654 ns/op

WorkloadWarmup   1: 268435456 op, 729682350.00 ns, 2.7183 ns/op
WorkloadWarmup   2: 268435456 op, 733152259.00 ns, 2.7312 ns/op
WorkloadWarmup   3: 268435456 op, 738249628.00 ns, 2.7502 ns/op
WorkloadWarmup   4: 268435456 op, 738443771.00 ns, 2.7509 ns/op
WorkloadWarmup   5: 268435456 op, 732852850.00 ns, 2.7301 ns/op
WorkloadWarmup   6: 268435456 op, 735999181.00 ns, 2.7418 ns/op
WorkloadWarmup   7: 268435456 op, 740627443.00 ns, 2.7591 ns/op
WorkloadWarmup   8: 268435456 op, 757805434.00 ns, 2.8230 ns/op
WorkloadWarmup   9: 268435456 op, 752538478.00 ns, 2.8034 ns/op

// BeforeActualRun
WorkloadActual   1: 268435456 op, 755579074.00 ns, 2.8148 ns/op
WorkloadActual   2: 268435456 op, 750095082.00 ns, 2.7943 ns/op
WorkloadActual   3: 268435456 op, 747833287.00 ns, 2.7859 ns/op
WorkloadActual   4: 268435456 op, 740094804.00 ns, 2.7571 ns/op
WorkloadActual   5: 268435456 op, 735801768.00 ns, 2.7411 ns/op
WorkloadActual   6: 268435456 op, 733624297.00 ns, 2.7330 ns/op
WorkloadActual   7: 268435456 op, 745615628.00 ns, 2.7776 ns/op
WorkloadActual   8: 268435456 op, 735125566.00 ns, 2.7386 ns/op
WorkloadActual   9: 268435456 op, 744673953.00 ns, 2.7741 ns/op
WorkloadActual  10: 268435456 op, 746867375.00 ns, 2.7823 ns/op
WorkloadActual  11: 268435456 op, 757503613.00 ns, 2.8219 ns/op
WorkloadActual  12: 268435456 op, 751560950.00 ns, 2.7998 ns/op
WorkloadActual  13: 268435456 op, 753793230.00 ns, 2.8081 ns/op
WorkloadActual  14: 268435456 op, 755660862.00 ns, 2.8151 ns/op
WorkloadActual  15: 268435456 op, 751772835.00 ns, 2.8006 ns/op

// AfterActualRun
WorkloadResult   1: 268435456 op, 166419286.00 ns, 0.6200 ns/op
WorkloadResult   2: 268435456 op, 160935294.00 ns, 0.5995 ns/op
WorkloadResult   3: 268435456 op, 158673499.00 ns, 0.5911 ns/op
WorkloadResult   4: 268435456 op, 150935016.00 ns, 0.5623 ns/op
WorkloadResult   5: 268435456 op, 146641980.00 ns, 0.5463 ns/op
WorkloadResult   6: 268435456 op, 144464509.00 ns, 0.5382 ns/op
WorkloadResult   7: 268435456 op, 156455840.00 ns, 0.5828 ns/op
WorkloadResult   8: 268435456 op, 145965778.00 ns, 0.5438 ns/op
WorkloadResult   9: 268435456 op, 155514165.00 ns, 0.5793 ns/op
WorkloadResult  10: 268435456 op, 157707587.00 ns, 0.5875 ns/op
WorkloadResult  11: 268435456 op, 168343825.00 ns, 0.6271 ns/op
WorkloadResult  12: 268435456 op, 162401162.00 ns, 0.6050 ns/op
WorkloadResult  13: 268435456 op, 164633442.00 ns, 0.6133 ns/op
WorkloadResult  14: 268435456 op, 166501074.00 ns, 0.6203 ns/op
WorkloadResult  15: 268435456 op, 162613047.00 ns, 0.6058 ns/op
// GC:  0 0 0 32 268435456
// Threading:  0 0 268435456

// AfterAll
// Benchmark Process 4249 has exited with code 0.

Mean = 0.588 ns, StdErr = 0.008 ns (1.28%), N = 15, StdDev = 0.029 ns
Min = 0.538 ns, Q1 = 0.571 ns, Median = 0.591 ns, Q3 = 0.610 ns, Max = 0.627 ns
IQR = 0.039 ns, LowerFence = 0.513 ns, UpperFence = 0.668 ns
ConfidenceInterval = [0.557 ns; 0.619 ns] (CI 99.9%), Margin = 0.031 ns (5.30% of Mean)
Skewness = -0.41, Kurtosis = 1.71, MValue = 3.14

// ** Remained 55 (45.8 %) benchmark(s) to run. Estimated finish 2026-09-06 6:50 (0h 6m from now) **
// **************************
// Benchmark: ValueObjectBenchmarks.Domain_Equals_Money: .NET 10.0(Runtime=.NET 10.0, Toolchain=net10.0)
// *** Execute ***
// Launch: 1 / 1
// Execute: dotnet "EricksonLopez.ValueObjects.Benchmarks-.NET 10.0-1.dll" --anonymousPipes 131 132 --benchmarkName EricksonLopez.ValueObjects.Benchmarks.ValueObjectBenchmarks.Domain_Equals_Money --job ".NET 10.0" --benchmarkId 29 in /home/runner/work/dotnet-value-objects/dotnet-value-objects/benchmarks/EricksonLopez.ValueObjects.Benchmarks/bin/Release/net10.0/EricksonLopez.ValueObjects.Benchmarks-.NET 10.0-1/bin/Release/net10.0
// Failed to set up high priority (Permission denied). In order to run benchmarks with high priority, make sure you have the right permissions.
// BeforeAnythingElse

// Benchmark Process Environment Information:
// BenchmarkDotNet v0.15.8
// Runtime=.NET 10.0.11 (10.0.11, 10.0.1126.37416), X64 RyuJIT x86-64-v4
// GC=Concurrent Workstation
// HardwareIntrinsics=AVX512 BITALG+VBMI2+VNNI+VPOPCNTDQ,AVX512 IFMA+VBMI,AVX512 F+BW+CD+DQ+VL,AVX2+BMI1+BMI2+F16C+FMA+LZCNT+MOVBE,AVX,SSE3+SSSE3+SSE4.1+SSE4.2+POPCNT,X86Base+SSE+SSE2,AES+PCLMUL,AvxVnni,SERIALIZE VectorSize=256
// Job: .NET 10.0

OverheadJitting  1: 1 op, 184276.00 ns, 184.2760 us/op
WorkloadJitting  1: 1 op, 555688.00 ns, 555.6880 us/op

OverheadJitting  2: 16 op, 339196.00 ns, 21.1998 us/op
WorkloadJitting  2: 16 op, 347725.00 ns, 21.7328 us/op

WorkloadPilot    1: 16 op, 1637.00 ns, 102.3125 ns/op
WorkloadPilot    2: 32 op, 1716.00 ns, 53.6250 ns/op
WorkloadPilot    3: 64 op, 1971.00 ns, 30.7969 ns/op
WorkloadPilot    4: 128 op, 3086.00 ns, 24.1094 ns/op
WorkloadPilot    5: 256 op, 5438.00 ns, 21.2422 ns/op
WorkloadPilot    6: 512 op, 10337.00 ns, 20.1895 ns/op
WorkloadPilot    7: 1024 op, 21235.00 ns, 20.7373 ns/op
WorkloadPilot    8: 2048 op, 36190.00 ns, 17.6709 ns/op
WorkloadPilot    9: 4096 op, 71231.00 ns, 17.3904 ns/op
WorkloadPilot   10: 8192 op, 141257.00 ns, 17.2433 ns/op
WorkloadPilot   11: 16384 op, 282240.00 ns, 17.2266 ns/op
WorkloadPilot   12: 32768 op, 578312.00 ns, 17.6487 ns/op
WorkloadPilot   13: 65536 op, 1115892.00 ns, 17.0272 ns/op
WorkloadPilot   14: 131072 op, 2277134.00 ns, 17.3732 ns/op
WorkloadPilot   15: 262144 op, 4558299.00 ns, 17.3885 ns/op
WorkloadPilot   16: 524288 op, 9712387.00 ns, 18.5249 ns/op
WorkloadPilot   17: 1048576 op, 18803707.00 ns, 17.9326 ns/op
WorkloadPilot   18: 2097152 op, 36189395.00 ns, 17.2564 ns/op
WorkloadPilot   19: 4194304 op, 72781865.00 ns, 17.3525 ns/op
WorkloadPilot   20: 8388608 op, 81641151.00 ns, 9.7324 ns/op
WorkloadPilot   21: 16777216 op, 74148370.00 ns, 4.4196 ns/op
WorkloadPilot   22: 33554432 op, 146559406.00 ns, 4.3678 ns/op
WorkloadPilot   23: 67108864 op, 286036886.00 ns, 4.2623 ns/op
WorkloadPilot   24: 134217728 op, 577837680.00 ns, 4.3052 ns/op

OverheadWarmup   1: 134217728 op, 341917212.00 ns, 2.5475 ns/op
OverheadWarmup   2: 134217728 op, 296616264.00 ns, 2.2100 ns/op
OverheadWarmup   3: 134217728 op, 293901553.00 ns, 2.1897 ns/op
OverheadWarmup   4: 134217728 op, 297993936.00 ns, 2.2202 ns/op
OverheadWarmup   5: 134217728 op, 298983311.00 ns, 2.2276 ns/op
OverheadWarmup   6: 134217728 op, 298545357.00 ns, 2.2243 ns/op
OverheadWarmup   7: 134217728 op, 297792975.00 ns, 2.2187 ns/op
OverheadWarmup   8: 134217728 op, 296293622.00 ns, 2.2076 ns/op
OverheadWarmup   9: 134217728 op, 299157438.00 ns, 2.2289 ns/op
OverheadWarmup  10: 134217728 op, 297898986.00 ns, 2.2195 ns/op

OverheadActual   1: 134217728 op, 301381157.00 ns, 2.2455 ns/op
OverheadActual   2: 134217728 op, 298652682.00 ns, 2.2251 ns/op
OverheadActual   3: 134217728 op, 296317864.00 ns, 2.2077 ns/op
OverheadActual   4: 134217728 op, 303789983.00 ns, 2.2634 ns/op
OverheadActual   5: 134217728 op, 301313624.00 ns, 2.2450 ns/op
OverheadActual   6: 134217728 op, 297136105.00 ns, 2.2138 ns/op
OverheadActual   7: 134217728 op, 299006088.00 ns, 2.2278 ns/op
OverheadActual   8: 134217728 op, 291513693.00 ns, 2.1719 ns/op
OverheadActual   9: 134217728 op, 292320790.00 ns, 2.1780 ns/op
OverheadActual  10: 134217728 op, 292796752.00 ns, 2.1815 ns/op
OverheadActual  11: 134217728 op, 294633718.00 ns, 2.1952 ns/op
OverheadActual  12: 134217728 op, 296688589.00 ns, 2.2105 ns/op
OverheadActual  13: 134217728 op, 292532791.00 ns, 2.1795 ns/op
OverheadActual  14: 134217728 op, 294350174.00 ns, 2.1931 ns/op
OverheadActual  15: 134217728 op, 291873574.00 ns, 2.1746 ns/op

WorkloadWarmup   1: 134217728 op, 567919947.00 ns, 4.2313 ns/op
WorkloadWarmup   2: 134217728 op, 570404826.00 ns, 4.2498 ns/op
WorkloadWarmup   3: 134217728 op, 566620651.00 ns, 4.2217 ns/op
WorkloadWarmup   4: 134217728 op, 564261278.00 ns, 4.2041 ns/op
WorkloadWarmup   5: 134217728 op, 568923883.00 ns, 4.2388 ns/op
WorkloadWarmup   6: 134217728 op, 572607565.00 ns, 4.2663 ns/op
WorkloadWarmup   7: 134217728 op, 563731834.00 ns, 4.2001 ns/op

// BeforeActualRun
WorkloadActual   1: 134217728 op, 567737033.00 ns, 4.2300 ns/op
WorkloadActual   2: 134217728 op, 564600207.00 ns, 4.2066 ns/op
WorkloadActual   3: 134217728 op, 566736496.00 ns, 4.2225 ns/op
WorkloadActual   4: 134217728 op, 564684668.00 ns, 4.2072 ns/op
WorkloadActual   5: 134217728 op, 567804959.00 ns, 4.2305 ns/op
WorkloadActual   6: 134217728 op, 566838163.00 ns, 4.2233 ns/op
WorkloadActual   7: 134217728 op, 565762850.00 ns, 4.2153 ns/op
WorkloadActual   8: 134217728 op, 562132889.00 ns, 4.1882 ns/op
WorkloadActual   9: 134217728 op, 561253031.00 ns, 4.1817 ns/op
WorkloadActual  10: 134217728 op, 564155577.00 ns, 4.2033 ns/op
WorkloadActual  11: 134217728 op, 562489642.00 ns, 4.1909 ns/op
WorkloadActual  12: 134217728 op, 564568939.00 ns, 4.2064 ns/op
WorkloadActual  13: 134217728 op, 566914512.00 ns, 4.2238 ns/op
WorkloadActual  14: 134217728 op, 565464655.00 ns, 4.2130 ns/op
WorkloadActual  15: 134217728 op, 564833080.00 ns, 4.2083 ns/op

// AfterActualRun
WorkloadResult   1: 134217728 op, 271419169.00 ns, 2.0222 ns/op
WorkloadResult   2: 134217728 op, 268282343.00 ns, 1.9989 ns/op
WorkloadResult   3: 134217728 op, 270418632.00 ns, 2.0148 ns/op
WorkloadResult   4: 134217728 op, 268366804.00 ns, 1.9995 ns/op
WorkloadResult   5: 134217728 op, 271487095.00 ns, 2.0227 ns/op
WorkloadResult   6: 134217728 op, 270520299.00 ns, 2.0155 ns/op
WorkloadResult   7: 134217728 op, 269444986.00 ns, 2.0075 ns/op
WorkloadResult   8: 134217728 op, 265815025.00 ns, 1.9805 ns/op
WorkloadResult   9: 134217728 op, 264935167.00 ns, 1.9739 ns/op
WorkloadResult  10: 134217728 op, 267837713.00 ns, 1.9955 ns/op
WorkloadResult  11: 134217728 op, 266171778.00 ns, 1.9831 ns/op
WorkloadResult  12: 134217728 op, 268251075.00 ns, 1.9986 ns/op
WorkloadResult  13: 134217728 op, 270596648.00 ns, 2.0161 ns/op
WorkloadResult  14: 134217728 op, 269146791.00 ns, 2.0053 ns/op
WorkloadResult  15: 134217728 op, 268515216.00 ns, 2.0006 ns/op
// GC:  0 0 0 0 134217728
// Threading:  0 0 134217728

// AfterAll
// Benchmark Process 4268 has exited with code 0.

Mean = 2.002 ns, StdErr = 0.004 ns (0.19%), N = 15, StdDev = 0.015 ns
Min = 1.974 ns, Q1 = 1.997 ns, Median = 2.001 ns, Q3 = 2.015 ns, Max = 2.023 ns
IQR = 0.018 ns, LowerFence = 1.970 ns, UpperFence = 2.042 ns
ConfidenceInterval = [1.986 ns; 2.018 ns] (CI 99.9%), Margin = 0.016 ns (0.79% of Mean)
Skewness = -0.35, Kurtosis = 1.95, MValue = 2

// ** Remained 54 (45.0 %) benchmark(s) to run. Estimated finish 2026-09-06 6:50 (0h 6m from now) **
// **************************
// Benchmark: ValueObjectBenchmarks.HashCode_Class: .NET 10.0(Runtime=.NET 10.0, Toolchain=net10.0)
// *** Execute ***
// Launch: 1 / 1
// Execute: dotnet "EricksonLopez.ValueObjects.Benchmarks-.NET 10.0-1.dll" --anonymousPipes 129 130 --benchmarkName EricksonLopez.ValueObjects.Benchmarks.ValueObjectBenchmarks.HashCode_Class --job ".NET 10.0" --benchmarkId 30 in /home/runner/work/dotnet-value-objects/dotnet-value-objects/benchmarks/EricksonLopez.ValueObjects.Benchmarks/bin/Release/net10.0/EricksonLopez.ValueObjects.Benchmarks-.NET 10.0-1/bin/Release/net10.0
// Failed to set up high priority (Permission denied). In order to run benchmarks with high priority, make sure you have the right permissions.
// BeforeAnythingElse

// Benchmark Process Environment Information:
// BenchmarkDotNet v0.15.8
// Runtime=.NET 10.0.11 (10.0.11, 10.0.1126.37416), X64 RyuJIT x86-64-v4
// GC=Concurrent Workstation
// HardwareIntrinsics=AVX512 BITALG+VBMI2+VNNI+VPOPCNTDQ,AVX512 IFMA+VBMI,AVX512 F+BW+CD+DQ+VL,AVX2+BMI1+BMI2+F16C+FMA+LZCNT+MOVBE,AVX,SSE3+SSSE3+SSE4.1+SSE4.2+POPCNT,X86Base+SSE+SSE2,AES+PCLMUL,AvxVnni,SERIALIZE VectorSize=256
// Job: .NET 10.0

OverheadJitting  1: 1 op, 210400.00 ns, 210.4000 us/op
WorkloadJitting  1: 1 op, 250421.00 ns, 250.4210 us/op

OverheadJitting  2: 16 op, 328909.00 ns, 20.5568 us/op
WorkloadJitting  2: 16 op, 340230.00 ns, 21.2644 us/op

WorkloadPilot    1: 16 op, 1565.00 ns, 97.8125 ns/op
WorkloadPilot    2: 32 op, 1601.00 ns, 50.0313 ns/op
WorkloadPilot    3: 64 op, 1849.00 ns, 28.8906 ns/op
WorkloadPilot    4: 128 op, 2969.00 ns, 23.1953 ns/op
WorkloadPilot    5: 256 op, 5376.00 ns, 21.0000 ns/op
WorkloadPilot    6: 512 op, 10215.00 ns, 19.9512 ns/op
WorkloadPilot    7: 1024 op, 19798.00 ns, 19.3340 ns/op
WorkloadPilot    8: 2048 op, 38920.00 ns, 19.0039 ns/op
WorkloadPilot    9: 4096 op, 77287.00 ns, 18.8689 ns/op
WorkloadPilot   10: 8192 op, 153853.00 ns, 18.7809 ns/op
WorkloadPilot   11: 16384 op, 315182.00 ns, 19.2372 ns/op
WorkloadPilot   12: 32768 op, 622480.00 ns, 18.9966 ns/op
WorkloadPilot   13: 65536 op, 1238456.00 ns, 18.8973 ns/op
WorkloadPilot   14: 131072 op, 2419760.00 ns, 18.4613 ns/op
WorkloadPilot   15: 262144 op, 4925085.00 ns, 18.7877 ns/op
WorkloadPilot   16: 524288 op, 9882140.00 ns, 18.8487 ns/op
WorkloadPilot   17: 1048576 op, 19745404.00 ns, 18.8307 ns/op
WorkloadPilot   18: 2097152 op, 40304818.00 ns, 19.2188 ns/op
WorkloadPilot   19: 4194304 op, 78339061.00 ns, 18.6775 ns/op
WorkloadPilot   20: 8388608 op, 154715193.00 ns, 18.4435 ns/op
WorkloadPilot   21: 16777216 op, 302867541.00 ns, 18.0523 ns/op
WorkloadPilot   22: 33554432 op, 606136910.00 ns, 18.0643 ns/op

OverheadWarmup   1: 33554432 op, 92076210.00 ns, 2.7441 ns/op
OverheadWarmup   2: 33554432 op, 92133306.00 ns, 2.7458 ns/op
OverheadWarmup   3: 33554432 op, 75741689.00 ns, 2.2573 ns/op
OverheadWarmup   4: 33554432 op, 72970899.00 ns, 2.1747 ns/op
OverheadWarmup   5: 33554432 op, 72322637.00 ns, 2.1554 ns/op
OverheadWarmup   6: 33554432 op, 72101917.00 ns, 2.1488 ns/op
OverheadWarmup   7: 33554432 op, 72412112.00 ns, 2.1580 ns/op
OverheadWarmup   8: 33554432 op, 73903380.00 ns, 2.2025 ns/op
OverheadWarmup   9: 33554432 op, 72234825.00 ns, 2.1528 ns/op

OverheadActual   1: 33554432 op, 72944456.00 ns, 2.1739 ns/op
OverheadActual   2: 33554432 op, 72428035.00 ns, 2.1585 ns/op
OverheadActual   3: 33554432 op, 73369917.00 ns, 2.1866 ns/op
OverheadActual   4: 33554432 op, 71597775.00 ns, 2.1338 ns/op
OverheadActual   5: 33554432 op, 72344636.00 ns, 2.1560 ns/op
OverheadActual   6: 33554432 op, 75297105.00 ns, 2.2440 ns/op
OverheadActual   7: 33554432 op, 72595985.00 ns, 2.1635 ns/op
OverheadActual   8: 33554432 op, 72662268.00 ns, 2.1655 ns/op
OverheadActual   9: 33554432 op, 72566003.00 ns, 2.1626 ns/op
OverheadActual  10: 33554432 op, 72333403.00 ns, 2.1557 ns/op
OverheadActual  11: 33554432 op, 72432576.00 ns, 2.1587 ns/op
OverheadActual  12: 33554432 op, 73208291.00 ns, 2.1818 ns/op
OverheadActual  13: 33554432 op, 72130416.00 ns, 2.1497 ns/op
OverheadActual  14: 33554432 op, 71935470.00 ns, 2.1438 ns/op
OverheadActual  15: 33554432 op, 71944893.00 ns, 2.1441 ns/op

WorkloadWarmup   1: 33554432 op, 607071577.00 ns, 18.0921 ns/op
WorkloadWarmup   2: 33554432 op, 606259120.00 ns, 18.0679 ns/op
WorkloadWarmup   3: 33554432 op, 609988986.00 ns, 18.1791 ns/op
WorkloadWarmup   4: 33554432 op, 612124810.00 ns, 18.2427 ns/op
WorkloadWarmup   5: 33554432 op, 606606462.00 ns, 18.0783 ns/op
WorkloadWarmup   6: 33554432 op, 611883870.00 ns, 18.2356 ns/op
WorkloadWarmup   7: 33554432 op, 608543924.00 ns, 18.1360 ns/op

// BeforeActualRun
WorkloadActual   1: 33554432 op, 612321556.00 ns, 18.2486 ns/op
WorkloadActual   2: 33554432 op, 610070182.00 ns, 18.1815 ns/op
WorkloadActual   3: 33554432 op, 608874912.00 ns, 18.1459 ns/op
WorkloadActual   4: 33554432 op, 609811354.00 ns, 18.1738 ns/op
WorkloadActual   5: 33554432 op, 608573494.00 ns, 18.1369 ns/op
WorkloadActual   6: 33554432 op, 611250286.00 ns, 18.2167 ns/op
WorkloadActual   7: 33554432 op, 606930049.00 ns, 18.0879 ns/op
WorkloadActual   8: 33554432 op, 604877328.00 ns, 18.0267 ns/op
WorkloadActual   9: 33554432 op, 610803883.00 ns, 18.2034 ns/op
WorkloadActual  10: 33554432 op, 605989300.00 ns, 18.0599 ns/op
WorkloadActual  11: 33554432 op, 610748208.00 ns, 18.2017 ns/op
WorkloadActual  12: 33554432 op, 609072686.00 ns, 18.1518 ns/op
WorkloadActual  13: 33554432 op, 614940590.00 ns, 18.3267 ns/op
WorkloadActual  14: 33554432 op, 609438779.00 ns, 18.1627 ns/op
WorkloadActual  15: 33554432 op, 606568483.00 ns, 18.0771 ns/op

// AfterActualRun
WorkloadResult   1: 33554432 op, 539888980.00 ns, 16.0899 ns/op
WorkloadResult   2: 33554432 op, 537637606.00 ns, 16.0228 ns/op
WorkloadResult   3: 33554432 op, 536442336.00 ns, 15.9872 ns/op
WorkloadResult   4: 33554432 op, 537378778.00 ns, 16.0151 ns/op
WorkloadResult   5: 33554432 op, 536140918.00 ns, 15.9782 ns/op
WorkloadResult   6: 33554432 op, 538817710.00 ns, 16.0580 ns/op
WorkloadResult   7: 33554432 op, 534497473.00 ns, 15.9293 ns/op
WorkloadResult   8: 33554432 op, 532444752.00 ns, 15.8681 ns/op
WorkloadResult   9: 33554432 op, 538371307.00 ns, 16.0447 ns/op
WorkloadResult  10: 33554432 op, 533556724.00 ns, 15.9012 ns/op
WorkloadResult  11: 33554432 op, 538315632.00 ns, 16.0431 ns/op
WorkloadResult  12: 33554432 op, 536640110.00 ns, 15.9931 ns/op
WorkloadResult  13: 33554432 op, 542508014.00 ns, 16.1680 ns/op
WorkloadResult  14: 33554432 op, 537006203.00 ns, 16.0040 ns/op
WorkloadResult  15: 33554432 op, 534135907.00 ns, 15.9185 ns/op
// GC:  0 0 0 0 33554432
// Threading:  0 0 33554432

// AfterAll
// Benchmark Process 4285 has exited with code 0.

Mean = 16.001 ns, StdErr = 0.020 ns (0.12%), N = 15, StdDev = 0.077 ns
Min = 15.868 ns, Q1 = 15.954 ns, Median = 16.004 ns, Q3 = 16.044 ns, Max = 16.168 ns
IQR = 0.090 ns, LowerFence = 15.819 ns, UpperFence = 16.179 ns
ConfidenceInterval = [15.919 ns; 16.084 ns] (CI 99.9%), Margin = 0.083 ns (0.52% of Mean)
Skewness = 0.19, Kurtosis = 2.5, MValue = 2

// ** Remained 53 (44.2 %) benchmark(s) to run. Estimated finish 2026-09-06 6:50 (0h 6m from now) **
// **************************
// Benchmark: ValueObjectBenchmarks.HashCode_RecordClass: .NET 10.0(Runtime=.NET 10.0, Toolchain=net10.0)
// *** Execute ***
// Launch: 1 / 1
// Execute: dotnet "EricksonLopez.ValueObjects.Benchmarks-.NET 10.0-1.dll" --anonymousPipes 129 130 --benchmarkName EricksonLopez.ValueObjects.Benchmarks.ValueObjectBenchmarks.HashCode_RecordClass --job ".NET 10.0" --benchmarkId 31 in /home/runner/work/dotnet-value-objects/dotnet-value-objects/benchmarks/EricksonLopez.ValueObjects.Benchmarks/bin/Release/net10.0/EricksonLopez.ValueObjects.Benchmarks-.NET 10.0-1/bin/Release/net10.0
// Failed to set up high priority (Permission denied). In order to run benchmarks with high priority, make sure you have the right permissions.
// BeforeAnythingElse

// Benchmark Process Environment Information:
// BenchmarkDotNet v0.15.8
// Runtime=.NET 10.0.11 (10.0.11, 10.0.1126.37416), X64 RyuJIT x86-64-v4
// GC=Concurrent Workstation
// HardwareIntrinsics=AVX512 BITALG+VBMI2+VNNI+VPOPCNTDQ,AVX512 IFMA+VBMI,AVX512 F+BW+CD+DQ+VL,AVX2+BMI1+BMI2+F16C+FMA+LZCNT+MOVBE,AVX,SSE3+SSSE3+SSE4.1+SSE4.2+POPCNT,X86Base+SSE+SSE2,AES+PCLMUL,AvxVnni,SERIALIZE VectorSize=256
// Job: .NET 10.0

OverheadJitting  1: 1 op, 180203.00 ns, 180.2030 us/op
WorkloadJitting  1: 1 op, 236208.00 ns, 236.2080 us/op

OverheadJitting  2: 16 op, 342419.00 ns, 21.4012 us/op
WorkloadJitting  2: 16 op, 344972.00 ns, 21.5608 us/op

WorkloadPilot    1: 16 op, 2662.00 ns, 166.3750 ns/op
WorkloadPilot    2: 32 op, 2673.00 ns, 83.5313 ns/op
WorkloadPilot    3: 64 op, 2687.00 ns, 41.9844 ns/op
WorkloadPilot    4: 128 op, 4973.00 ns, 38.8516 ns/op
WorkloadPilot    5: 256 op, 8139.00 ns, 31.7930 ns/op
WorkloadPilot    6: 512 op, 13349.00 ns, 26.0723 ns/op
WorkloadPilot    7: 1024 op, 23488.00 ns, 22.9375 ns/op
WorkloadPilot    8: 2048 op, 45594.00 ns, 22.2627 ns/op
WorkloadPilot    9: 4096 op, 89102.00 ns, 21.7534 ns/op
WorkloadPilot   10: 8192 op, 177696.00 ns, 21.6914 ns/op
WorkloadPilot   11: 16384 op, 363193.00 ns, 22.1675 ns/op
WorkloadPilot   12: 32768 op, 719956.00 ns, 21.9713 ns/op
WorkloadPilot   13: 65536 op, 1429004.00 ns, 21.8049 ns/op
WorkloadPilot   14: 131072 op, 2833990.00 ns, 21.6216 ns/op
WorkloadPilot   15: 262144 op, 5671923.00 ns, 21.6367 ns/op
WorkloadPilot   16: 524288 op, 11370131.00 ns, 21.6868 ns/op
WorkloadPilot   17: 1048576 op, 23752265.00 ns, 22.6519 ns/op
WorkloadPilot   18: 2097152 op, 45433072.00 ns, 21.6642 ns/op
WorkloadPilot   19: 4194304 op, 85715267.00 ns, 20.4361 ns/op
WorkloadPilot   20: 8388608 op, 159813406.00 ns, 19.0512 ns/op
WorkloadPilot   21: 16777216 op, 321625613.00 ns, 19.1704 ns/op
WorkloadPilot   22: 33554432 op, 636467191.00 ns, 18.9682 ns/op

OverheadWarmup   1: 33554432 op, 91580245.00 ns, 2.7293 ns/op
OverheadWarmup   2: 33554432 op, 92661641.00 ns, 2.7615 ns/op
OverheadWarmup   3: 33554432 op, 76373089.00 ns, 2.2761 ns/op
OverheadWarmup   4: 33554432 op, 72696893.00 ns, 2.1665 ns/op
OverheadWarmup   5: 33554432 op, 72335100.00 ns, 2.1558 ns/op
OverheadWarmup   6: 33554432 op, 73709937.00 ns, 2.1967 ns/op
OverheadWarmup   7: 33554432 op, 72479216.00 ns, 2.1600 ns/op

OverheadActual   1: 33554432 op, 72610186.00 ns, 2.1640 ns/op
OverheadActual   2: 33554432 op, 73107552.00 ns, 2.1788 ns/op
OverheadActual   3: 33554432 op, 71702618.00 ns, 2.1369 ns/op
OverheadActual   4: 33554432 op, 72476871.00 ns, 2.1600 ns/op
OverheadActual   5: 33554432 op, 72446459.00 ns, 2.1591 ns/op
OverheadActual   6: 33554432 op, 73283005.00 ns, 2.1840 ns/op
OverheadActual   7: 33554432 op, 72832780.00 ns, 2.1706 ns/op
OverheadActual   8: 33554432 op, 73534103.00 ns, 2.1915 ns/op
OverheadActual   9: 33554432 op, 72373321.00 ns, 2.1569 ns/op
OverheadActual  10: 33554432 op, 72286209.00 ns, 2.1543 ns/op
OverheadActual  11: 33554432 op, 73056334.00 ns, 2.1772 ns/op
OverheadActual  12: 33554432 op, 76183921.00 ns, 2.2705 ns/op
OverheadActual  13: 33554432 op, 73010737.00 ns, 2.1759 ns/op
OverheadActual  14: 33554432 op, 72796668.00 ns, 2.1695 ns/op
OverheadActual  15: 33554432 op, 79991003.00 ns, 2.3839 ns/op

WorkloadWarmup   1: 33554432 op, 653678854.00 ns, 19.4811 ns/op
WorkloadWarmup   2: 33554432 op, 626965240.00 ns, 18.6850 ns/op
WorkloadWarmup   3: 33554432 op, 624851615.00 ns, 18.6220 ns/op
WorkloadWarmup   4: 33554432 op, 627516160.00 ns, 18.7014 ns/op
WorkloadWarmup   5: 33554432 op, 624973596.00 ns, 18.6257 ns/op
WorkloadWarmup   6: 33554432 op, 626477697.00 ns, 18.6705 ns/op
WorkloadWarmup   7: 33554432 op, 622899294.00 ns, 18.5638 ns/op

// BeforeActualRun
WorkloadActual   1: 33554432 op, 627508927.00 ns, 18.7012 ns/op
WorkloadActual   2: 33554432 op, 624883116.00 ns, 18.6230 ns/op
WorkloadActual   3: 33554432 op, 623610138.00 ns, 18.5850 ns/op
WorkloadActual   4: 33554432 op, 620908755.00 ns, 18.5045 ns/op
WorkloadActual   5: 33554432 op, 623163475.00 ns, 18.5717 ns/op
WorkloadActual   6: 33554432 op, 621241119.00 ns, 18.5144 ns/op
WorkloadActual   7: 33554432 op, 628246318.00 ns, 18.7232 ns/op
WorkloadActual   8: 33554432 op, 622535305.00 ns, 18.5530 ns/op
WorkloadActual   9: 33554432 op, 621247370.00 ns, 18.5146 ns/op
WorkloadActual  10: 33554432 op, 620327800.00 ns, 18.4872 ns/op
WorkloadActual  11: 33554432 op, 623465222.00 ns, 18.5807 ns/op
WorkloadActual  12: 33554432 op, 624973985.00 ns, 18.6257 ns/op
WorkloadActual  13: 33554432 op, 655571458.00 ns, 19.5376 ns/op
WorkloadActual  14: 33554432 op, 621243448.00 ns, 18.5145 ns/op
WorkloadActual  15: 33554432 op, 619473749.00 ns, 18.4618 ns/op

// AfterActualRun
WorkloadResult   1: 33554432 op, 554676147.00 ns, 16.5306 ns/op
WorkloadResult   2: 33554432 op, 552050336.00 ns, 16.4524 ns/op
WorkloadResult   3: 33554432 op, 550777358.00 ns, 16.4144 ns/op
WorkloadResult   4: 33554432 op, 548075975.00 ns, 16.3339 ns/op
WorkloadResult   5: 33554432 op, 550330695.00 ns, 16.4011 ns/op
WorkloadResult   6: 33554432 op, 548408339.00 ns, 16.3438 ns/op
WorkloadResult   7: 33554432 op, 555413538.00 ns, 16.5526 ns/op
WorkloadResult   8: 33554432 op, 549702525.00 ns, 16.3824 ns/op
WorkloadResult   9: 33554432 op, 548414590.00 ns, 16.3440 ns/op
WorkloadResult  10: 33554432 op, 547495020.00 ns, 16.3166 ns/op
WorkloadResult  11: 33554432 op, 550632442.00 ns, 16.4101 ns/op
WorkloadResult  12: 33554432 op, 552141205.00 ns, 16.4551 ns/op
WorkloadResult  13: 33554432 op, 548410668.00 ns, 16.3439 ns/op
WorkloadResult  14: 33554432 op, 546640969.00 ns, 16.2912 ns/op
// GC:  0 0 0 0 33554432
// Threading:  0 0 33554432

// AfterAll
// Benchmark Process 4297 has exited with code 0.

Mean = 16.398 ns, StdErr = 0.021 ns (0.13%), N = 14, StdDev = 0.078 ns
Min = 16.291 ns, Q1 = 16.344 ns, Median = 16.392 ns, Q3 = 16.443 ns, Max = 16.553 ns
IQR = 0.099 ns, LowerFence = 16.195 ns, UpperFence = 16.591 ns
ConfidenceInterval = [16.310 ns; 16.486 ns] (CI 99.9%), Margin = 0.088 ns (0.54% of Mean)
Skewness = 0.58, Kurtosis = 2.14, MValue = 2

// ** Remained 52 (43.3 %) benchmark(s) to run. Estimated finish 2026-09-06 6:51 (0h 6m from now) **
// **************************
// Benchmark: ValueObjectBenchmarks.HashCode_Struct: .NET 10.0(Runtime=.NET 10.0, Toolchain=net10.0)
// *** Execute ***
// Launch: 1 / 1
// Execute: dotnet "EricksonLopez.ValueObjects.Benchmarks-.NET 10.0-1.dll" --anonymousPipes 129 130 --benchmarkName EricksonLopez.ValueObjects.Benchmarks.ValueObjectBenchmarks.HashCode_Struct --job ".NET 10.0" --benchmarkId 32 in /home/runner/work/dotnet-value-objects/dotnet-value-objects/benchmarks/EricksonLopez.ValueObjects.Benchmarks/bin/Release/net10.0/EricksonLopez.ValueObjects.Benchmarks-.NET 10.0-1/bin/Release/net10.0
// Failed to set up high priority (Permission denied). In order to run benchmarks with high priority, make sure you have the right permissions.
// BeforeAnythingElse

// Benchmark Process Environment Information:
// BenchmarkDotNet v0.15.8
// Runtime=.NET 10.0.11 (10.0.11, 10.0.1126.37416), X64 RyuJIT x86-64-v4
// GC=Concurrent Workstation
// HardwareIntrinsics=AVX512 BITALG+VBMI2+VNNI+VPOPCNTDQ,AVX512 IFMA+VBMI,AVX512 F+BW+CD+DQ+VL,AVX2+BMI1+BMI2+F16C+FMA+LZCNT+MOVBE,AVX,SSE3+SSSE3+SSE4.1+SSE4.2+POPCNT,X86Base+SSE+SSE2,AES+PCLMUL,AvxVnni,SERIALIZE VectorSize=256
// Job: .NET 10.0

OverheadJitting  1: 1 op, 178795.00 ns, 178.7950 us/op
WorkloadJitting  1: 1 op, 235140.00 ns, 235.1400 us/op

OverheadJitting  2: 16 op, 317520.00 ns, 19.8450 us/op
WorkloadJitting  2: 16 op, 322021.00 ns, 20.1263 us/op

WorkloadPilot    1: 16 op, 1645.00 ns, 102.8125 ns/op
WorkloadPilot    2: 32 op, 1776.00 ns, 55.5000 ns/op
WorkloadPilot    3: 64 op, 2041.00 ns, 31.8906 ns/op
WorkloadPilot    4: 128 op, 2985.00 ns, 23.3203 ns/op
WorkloadPilot    5: 256 op, 7139.00 ns, 27.8867 ns/op
WorkloadPilot    6: 512 op, 9846.00 ns, 19.2305 ns/op
WorkloadPilot    7: 1024 op, 18833.00 ns, 18.3916 ns/op
WorkloadPilot    8: 2048 op, 45832.00 ns, 22.3789 ns/op
WorkloadPilot    9: 4096 op, 83111.00 ns, 20.2908 ns/op
WorkloadPilot   10: 8192 op, 144688.00 ns, 17.6621 ns/op
WorkloadPilot   11: 16384 op, 321505.00 ns, 19.6231 ns/op
WorkloadPilot   12: 32768 op, 591817.00 ns, 18.0608 ns/op
WorkloadPilot   13: 65536 op, 1194216.00 ns, 18.2223 ns/op
WorkloadPilot   14: 131072 op, 2344460.00 ns, 17.8868 ns/op
WorkloadPilot   15: 262144 op, 4684804.00 ns, 17.8711 ns/op
WorkloadPilot   16: 524288 op, 9397568.00 ns, 17.9244 ns/op
WorkloadPilot   17: 1048576 op, 18727441.00 ns, 17.8599 ns/op
WorkloadPilot   18: 2097152 op, 37348363.00 ns, 17.8091 ns/op
WorkloadPilot   19: 4194304 op, 75151842.00 ns, 17.9176 ns/op
WorkloadPilot   20: 8388608 op, 144245755.00 ns, 17.1954 ns/op
WorkloadPilot   21: 16777216 op, 295369664.00 ns, 17.6054 ns/op
WorkloadPilot   22: 33554432 op, 584701071.00 ns, 17.4254 ns/op

OverheadWarmup   1: 33554432 op, 90046784.00 ns, 2.6836 ns/op
OverheadWarmup   2: 33554432 op, 90234237.00 ns, 2.6892 ns/op
OverheadWarmup   3: 33554432 op, 75324551.00 ns, 2.2448 ns/op
OverheadWarmup   4: 33554432 op, 72266707.00 ns, 2.1537 ns/op
OverheadWarmup   5: 33554432 op, 71317783.00 ns, 2.1254 ns/op
OverheadWarmup   6: 33554432 op, 71629211.00 ns, 2.1347 ns/op
OverheadWarmup   7: 33554432 op, 71743908.00 ns, 2.1381 ns/op
OverheadWarmup   8: 33554432 op, 72006741.00 ns, 2.1460 ns/op
OverheadWarmup   9: 33554432 op, 71105286.00 ns, 2.1191 ns/op

OverheadActual   1: 33554432 op, 71063258.00 ns, 2.1179 ns/op
OverheadActual   2: 33554432 op, 71619547.00 ns, 2.1344 ns/op
OverheadActual   3: 33554432 op, 71503465.00 ns, 2.1310 ns/op
OverheadActual   4: 33554432 op, 71571748.00 ns, 2.1330 ns/op
OverheadActual   5: 33554432 op, 71361946.00 ns, 2.1268 ns/op
OverheadActual   6: 33554432 op, 75275452.00 ns, 2.2434 ns/op
OverheadActual   7: 33554432 op, 71901828.00 ns, 2.1428 ns/op
OverheadActual   8: 33554432 op, 71463057.00 ns, 2.1298 ns/op
OverheadActual   9: 33554432 op, 71074045.00 ns, 2.1182 ns/op
OverheadActual  10: 33554432 op, 71394097.00 ns, 2.1277 ns/op
OverheadActual  11: 33554432 op, 71530579.00 ns, 2.1318 ns/op
OverheadActual  12: 33554432 op, 71613852.00 ns, 2.1343 ns/op
OverheadActual  13: 33554432 op, 71354873.00 ns, 2.1265 ns/op
OverheadActual  14: 33554432 op, 71400480.00 ns, 2.1279 ns/op
OverheadActual  15: 33554432 op, 70941448.00 ns, 2.1142 ns/op

WorkloadWarmup   1: 33554432 op, 582121129.00 ns, 17.3486 ns/op
WorkloadWarmup   2: 33554432 op, 587716497.00 ns, 17.5153 ns/op
WorkloadWarmup   3: 33554432 op, 582968003.00 ns, 17.3738 ns/op
WorkloadWarmup   4: 33554432 op, 585854249.00 ns, 17.4598 ns/op
WorkloadWarmup   5: 33554432 op, 586447894.00 ns, 17.4775 ns/op
WorkloadWarmup   6: 33554432 op, 585279283.00 ns, 17.4427 ns/op

// BeforeActualRun
WorkloadActual   1: 33554432 op, 580906747.00 ns, 17.3124 ns/op
WorkloadActual   2: 33554432 op, 580640975.00 ns, 17.3044 ns/op
WorkloadActual   3: 33554432 op, 580928938.00 ns, 17.3130 ns/op
WorkloadActual   4: 33554432 op, 579865665.00 ns, 17.2813 ns/op
WorkloadActual   5: 33554432 op, 582374989.00 ns, 17.3561 ns/op
WorkloadActual   6: 33554432 op, 577562305.00 ns, 17.2127 ns/op
WorkloadActual   7: 33554432 op, 577390410.00 ns, 17.2076 ns/op
WorkloadActual   8: 33554432 op, 582065123.00 ns, 17.3469 ns/op
WorkloadActual   9: 33554432 op, 582402467.00 ns, 17.3569 ns/op
WorkloadActual  10: 33554432 op, 587359963.00 ns, 17.5047 ns/op
WorkloadActual  11: 33554432 op, 586683144.00 ns, 17.4845 ns/op
WorkloadActual  12: 33554432 op, 580749396.00 ns, 17.3077 ns/op
WorkloadActual  13: 33554432 op, 583568090.00 ns, 17.3917 ns/op
WorkloadActual  14: 33554432 op, 583209514.00 ns, 17.3810 ns/op
WorkloadActual  15: 33554432 op, 584166561.00 ns, 17.4095 ns/op

// AfterActualRun
WorkloadResult   1: 33554432 op, 509443690.00 ns, 15.1826 ns/op
WorkloadResult   2: 33554432 op, 509177918.00 ns, 15.1747 ns/op
WorkloadResult   3: 33554432 op, 509465881.00 ns, 15.1833 ns/op
WorkloadResult   4: 33554432 op, 508402608.00 ns, 15.1516 ns/op
WorkloadResult   5: 33554432 op, 510911932.00 ns, 15.2264 ns/op
WorkloadResult   6: 33554432 op, 506099248.00 ns, 15.0829 ns/op
WorkloadResult   7: 33554432 op, 505927353.00 ns, 15.0778 ns/op
WorkloadResult   8: 33554432 op, 510602066.00 ns, 15.2171 ns/op
WorkloadResult   9: 33554432 op, 510939410.00 ns, 15.2272 ns/op
WorkloadResult  10: 33554432 op, 515896906.00 ns, 15.3749 ns/op
WorkloadResult  11: 33554432 op, 515220087.00 ns, 15.3548 ns/op
WorkloadResult  12: 33554432 op, 509286339.00 ns, 15.1779 ns/op
WorkloadResult  13: 33554432 op, 512105033.00 ns, 15.2619 ns/op
WorkloadResult  14: 33554432 op, 511746457.00 ns, 15.2512 ns/op
WorkloadResult  15: 33554432 op, 512703504.00 ns, 15.2798 ns/op
// GC:  0 0 0 0 33554432
// Threading:  0 0 33554432

// AfterAll
// Benchmark Process 4311 has exited with code 0.

Mean = 15.215 ns, StdErr = 0.022 ns (0.14%), N = 15, StdDev = 0.084 ns
Min = 15.078 ns, Q1 = 15.176 ns, Median = 15.217 ns, Q3 = 15.257 ns, Max = 15.375 ns
IQR = 0.080 ns, LowerFence = 15.056 ns, UpperFence = 15.377 ns
ConfidenceInterval = [15.125 ns; 15.305 ns] (CI 99.9%), Margin = 0.090 ns (0.59% of Mean)
Skewness = 0.22, Kurtosis = 2.35, MValue = 2

// ** Remained 51 (42.5 %) benchmark(s) to run. Estimated finish 2026-09-06 6:51 (0h 6m from now) **
// **************************
// Benchmark: ValueObjectBenchmarks.HashCode_RecordStruct: .NET 10.0(Runtime=.NET 10.0, Toolchain=net10.0)
// *** Execute ***
// Launch: 1 / 1
// Execute: dotnet "EricksonLopez.ValueObjects.Benchmarks-.NET 10.0-1.dll" --anonymousPipes 129 130 --benchmarkName EricksonLopez.ValueObjects.Benchmarks.ValueObjectBenchmarks.HashCode_RecordStruct --job ".NET 10.0" --benchmarkId 33 in /home/runner/work/dotnet-value-objects/dotnet-value-objects/benchmarks/EricksonLopez.ValueObjects.Benchmarks/bin/Release/net10.0/EricksonLopez.ValueObjects.Benchmarks-.NET 10.0-1/bin/Release/net10.0
// Failed to set up high priority (Permission denied). In order to run benchmarks with high priority, make sure you have the right permissions.
// BeforeAnythingElse

// Benchmark Process Environment Information:
// BenchmarkDotNet v0.15.8
// Runtime=.NET 10.0.11 (10.0.11, 10.0.1126.37416), X64 RyuJIT x86-64-v4
// GC=Concurrent Workstation
// HardwareIntrinsics=AVX512 BITALG+VBMI2+VNNI+VPOPCNTDQ,AVX512 IFMA+VBMI,AVX512 F+BW+CD+DQ+VL,AVX2+BMI1+BMI2+F16C+FMA+LZCNT+MOVBE,AVX,SSE3+SSSE3+SSE4.1+SSE4.2+POPCNT,X86Base+SSE+SSE2,AES+PCLMUL,AvxVnni,SERIALIZE VectorSize=256
// Job: .NET 10.0

OverheadJitting  1: 1 op, 174011.00 ns, 174.0110 us/op
WorkloadJitting  1: 1 op, 209578.00 ns, 209.5780 us/op

OverheadJitting  2: 16 op, 309010.00 ns, 19.3131 us/op
WorkloadJitting  2: 16 op, 328835.00 ns, 20.5522 us/op

WorkloadPilot    1: 16 op, 4780.00 ns, 298.7500 ns/op
WorkloadPilot    2: 32 op, 3809.00 ns, 119.0313 ns/op
WorkloadPilot    3: 64 op, 4155.00 ns, 64.9219 ns/op
WorkloadPilot    4: 128 op, 5815.00 ns, 45.4297 ns/op
WorkloadPilot    5: 256 op, 8887.00 ns, 34.7148 ns/op
WorkloadPilot    6: 512 op, 14901.00 ns, 29.1035 ns/op
WorkloadPilot    7: 1024 op, 29889.00 ns, 29.1885 ns/op
WorkloadPilot    8: 2048 op, 53941.00 ns, 26.3384 ns/op
WorkloadPilot    9: 4096 op, 92203.00 ns, 22.5105 ns/op
WorkloadPilot   10: 8192 op, 168805.00 ns, 20.6061 ns/op
WorkloadPilot   11: 16384 op, 315662.00 ns, 19.2665 ns/op
WorkloadPilot   12: 32768 op, 599733.00 ns, 18.3024 ns/op
WorkloadPilot   13: 65536 op, 1222034.00 ns, 18.6468 ns/op
WorkloadPilot   14: 131072 op, 2422396.00 ns, 18.4814 ns/op
WorkloadPilot   15: 262144 op, 4791661.00 ns, 18.2787 ns/op
WorkloadPilot   16: 524288 op, 9635434.00 ns, 18.3781 ns/op
WorkloadPilot   17: 1048576 op, 19162170.00 ns, 18.2745 ns/op
WorkloadPilot   18: 2097152 op, 37835004.00 ns, 18.0411 ns/op
WorkloadPilot   19: 4194304 op, 76114895.00 ns, 18.1472 ns/op
WorkloadPilot   20: 8388608 op, 153032671.00 ns, 18.2429 ns/op
WorkloadPilot   21: 16777216 op, 293914110.00 ns, 17.5186 ns/op
WorkloadPilot   22: 33554432 op, 586862846.00 ns, 17.4899 ns/op

OverheadWarmup   1: 33554432 op, 92188952.00 ns, 2.7474 ns/op
OverheadWarmup   2: 33554432 op, 91467516.00 ns, 2.7259 ns/op
OverheadWarmup   3: 33554432 op, 75309169.00 ns, 2.2444 ns/op
OverheadWarmup   4: 33554432 op, 72175008.00 ns, 2.1510 ns/op
OverheadWarmup   5: 33554432 op, 72055310.00 ns, 2.1474 ns/op
OverheadWarmup   6: 33554432 op, 72523461.00 ns, 2.1614 ns/op
OverheadWarmup   7: 33554432 op, 72494277.00 ns, 2.1605 ns/op
OverheadWarmup   8: 33554432 op, 73711547.00 ns, 2.1968 ns/op
OverheadWarmup   9: 33554432 op, 72865059.00 ns, 2.1715 ns/op

OverheadActual   1: 33554432 op, 72113480.00 ns, 2.1491 ns/op
OverheadActual   2: 33554432 op, 72809356.00 ns, 2.1699 ns/op
OverheadActual   3: 33554432 op, 72858833.00 ns, 2.1714 ns/op
OverheadActual   4: 33554432 op, 72773182.00 ns, 2.1688 ns/op
OverheadActual   5: 33554432 op, 72544222.00 ns, 2.1620 ns/op
OverheadActual   6: 33554432 op, 72554361.00 ns, 2.1623 ns/op
OverheadActual   7: 33554432 op, 72745814.00 ns, 2.1680 ns/op
OverheadActual   8: 33554432 op, 72680304.00 ns, 2.1660 ns/op
OverheadActual   9: 33554432 op, 72605011.00 ns, 2.1638 ns/op
OverheadActual  10: 33554432 op, 72857658.00 ns, 2.1713 ns/op
OverheadActual  11: 33554432 op, 73088965.00 ns, 2.1782 ns/op
OverheadActual  12: 33554432 op, 72588819.00 ns, 2.1633 ns/op
OverheadActual  13: 33554432 op, 72737968.00 ns, 2.1678 ns/op
OverheadActual  14: 33554432 op, 72012523.00 ns, 2.1461 ns/op
OverheadActual  15: 33554432 op, 72071833.00 ns, 2.1479 ns/op

WorkloadWarmup   1: 33554432 op, 587108144.00 ns, 17.4972 ns/op
WorkloadWarmup   2: 33554432 op, 585243395.00 ns, 17.4416 ns/op
WorkloadWarmup   3: 33554432 op, 583634011.00 ns, 17.3936 ns/op
WorkloadWarmup   4: 33554432 op, 585740332.00 ns, 17.4564 ns/op
WorkloadWarmup   5: 33554432 op, 585267742.00 ns, 17.4423 ns/op
WorkloadWarmup   6: 33554432 op, 586743470.00 ns, 17.4863 ns/op
WorkloadWarmup   7: 33554432 op, 590312645.00 ns, 17.5927 ns/op
WorkloadWarmup   8: 33554432 op, 586837327.00 ns, 17.4891 ns/op

// BeforeActualRun
WorkloadActual   1: 33554432 op, 585583136.00 ns, 17.4517 ns/op
WorkloadActual   2: 33554432 op, 587195692.00 ns, 17.4998 ns/op
WorkloadActual   3: 33554432 op, 587908771.00 ns, 17.5210 ns/op
WorkloadActual   4: 33554432 op, 583344013.00 ns, 17.3850 ns/op
WorkloadActual   5: 33554432 op, 583503255.00 ns, 17.3898 ns/op
WorkloadActual   6: 33554432 op, 585998892.00 ns, 17.4641 ns/op
WorkloadActual   7: 33554432 op, 584200418.00 ns, 17.4105 ns/op
WorkloadActual   8: 33554432 op, 583351787.00 ns, 17.3852 ns/op
WorkloadActual   9: 33554432 op, 584529581.00 ns, 17.4203 ns/op
WorkloadActual  10: 33554432 op, 584828309.00 ns, 17.4292 ns/op
WorkloadActual  11: 33554432 op, 583552373.00 ns, 17.3912 ns/op
WorkloadActual  12: 33554432 op, 584328177.00 ns, 17.4143 ns/op
WorkloadActual  13: 33554432 op, 585959146.00 ns, 17.4629 ns/op
WorkloadActual  14: 33554432 op, 585674049.00 ns, 17.4544 ns/op
WorkloadActual  15: 33554432 op, 581795881.00 ns, 17.3389 ns/op

// AfterActualRun
WorkloadResult   1: 33554432 op, 512902832.00 ns, 15.2857 ns/op
WorkloadResult   2: 33554432 op, 514515388.00 ns, 15.3338 ns/op
WorkloadResult   3: 33554432 op, 515228467.00 ns, 15.3550 ns/op
WorkloadResult   4: 33554432 op, 510663709.00 ns, 15.2190 ns/op
WorkloadResult   5: 33554432 op, 510822951.00 ns, 15.2237 ns/op
WorkloadResult   6: 33554432 op, 513318588.00 ns, 15.2981 ns/op
WorkloadResult   7: 33554432 op, 511520114.00 ns, 15.2445 ns/op
WorkloadResult   8: 33554432 op, 510671483.00 ns, 15.2192 ns/op
WorkloadResult   9: 33554432 op, 511849277.00 ns, 15.2543 ns/op
WorkloadResult  10: 33554432 op, 512148005.00 ns, 15.2632 ns/op
WorkloadResult  11: 33554432 op, 510872069.00 ns, 15.2252 ns/op
WorkloadResult  12: 33554432 op, 511647873.00 ns, 15.2483 ns/op
WorkloadResult  13: 33554432 op, 513278842.00 ns, 15.2969 ns/op
WorkloadResult  14: 33554432 op, 512993745.00 ns, 15.2884 ns/op
WorkloadResult  15: 33554432 op, 509115577.00 ns, 15.1728 ns/op
// GC:  0 0 0 0 33554432
// Threading:  0 0 33554432

// AfterAll
// Benchmark Process 4327 has exited with code 0.

Mean = 15.262 ns, StdErr = 0.012 ns (0.08%), N = 15, StdDev = 0.048 ns
Min = 15.173 ns, Q1 = 15.224 ns, Median = 15.254 ns, Q3 = 15.293 ns, Max = 15.355 ns
IQR = 0.068 ns, LowerFence = 15.122 ns, UpperFence = 15.395 ns
ConfidenceInterval = [15.210 ns; 15.313 ns] (CI 99.9%), Margin = 0.052 ns (0.34% of Mean)
Skewness = 0.19, Kurtosis = 2.21, MValue = 2

// ** Remained 50 (41.7 %) benchmark(s) to run. Estimated finish 2026-09-06 6:51 (0h 6m from now) **
// **************************
// Benchmark: ValueObjectBenchmarks.DictionaryLookup_RecordClass: .NET 10.0(Runtime=.NET 10.0, Toolchain=net10.0)
// *** Execute ***
// Launch: 1 / 1
// Execute: dotnet "EricksonLopez.ValueObjects.Benchmarks-.NET 10.0-1.dll" --anonymousPipes 129 130 --benchmarkName EricksonLopez.ValueObjects.Benchmarks.ValueObjectBenchmarks.DictionaryLookup_RecordClass --job ".NET 10.0" --benchmarkId 34 in /home/runner/work/dotnet-value-objects/dotnet-value-objects/benchmarks/EricksonLopez.ValueObjects.Benchmarks/bin/Release/net10.0/EricksonLopez.ValueObjects.Benchmarks-.NET 10.0-1/bin/Release/net10.0
// Failed to set up high priority (Permission denied). In order to run benchmarks with high priority, make sure you have the right permissions.
// BeforeAnythingElse

// Benchmark Process Environment Information:
// BenchmarkDotNet v0.15.8
// Runtime=.NET 10.0.11 (10.0.11, 10.0.1126.37416), X64 RyuJIT x86-64-v4
// GC=Concurrent Workstation
// HardwareIntrinsics=AVX512 BITALG+VBMI2+VNNI+VPOPCNTDQ,AVX512 IFMA+VBMI,AVX512 F+BW+CD+DQ+VL,AVX2+BMI1+BMI2+F16C+FMA+LZCNT+MOVBE,AVX,SSE3+SSSE3+SSE4.1+SSE4.2+POPCNT,X86Base+SSE+SSE2,AES+PCLMUL,AvxVnni,SERIALIZE VectorSize=256
// Job: .NET 10.0

OverheadJitting  1: 1 op, 195776.00 ns, 195.7760 us/op
WorkloadJitting  1: 1 op, 412365.00 ns, 412.3650 us/op

OverheadJitting  2: 16 op, 357029.00 ns, 22.3143 us/op
WorkloadJitting  2: 16 op, 401680.00 ns, 25.1050 us/op

WorkloadPilot    1: 16 op, 3788.00 ns, 236.7500 ns/op
WorkloadPilot    2: 32 op, 3719.00 ns, 116.2188 ns/op
WorkloadPilot    3: 64 op, 5137.00 ns, 80.2656 ns/op
WorkloadPilot    4: 128 op, 9277.00 ns, 72.4766 ns/op
WorkloadPilot    5: 256 op, 10538.00 ns, 41.1641 ns/op
WorkloadPilot    6: 512 op, 26683.00 ns, 52.1152 ns/op
WorkloadPilot    7: 1024 op, 52922.00 ns, 51.6816 ns/op
WorkloadPilot    8: 2048 op, 105312.00 ns, 51.4219 ns/op
WorkloadPilot    9: 4096 op, 159376.00 ns, 38.9102 ns/op
WorkloadPilot   10: 8192 op, 318498.00 ns, 38.8792 ns/op
WorkloadPilot   11: 16384 op, 593149.00 ns, 36.2029 ns/op
WorkloadPilot   12: 32768 op, 1170306.00 ns, 35.7149 ns/op
WorkloadPilot   13: 65536 op, 2266021.00 ns, 34.5767 ns/op
WorkloadPilot   14: 131072 op, 4689683.00 ns, 35.7794 ns/op
WorkloadPilot   15: 262144 op, 8919962.00 ns, 34.0270 ns/op
WorkloadPilot   16: 524288 op, 17846470.00 ns, 34.0394 ns/op
WorkloadPilot   17: 1048576 op, 35525128.00 ns, 33.8794 ns/op
WorkloadPilot   18: 2097152 op, 61623885.00 ns, 29.3846 ns/op
WorkloadPilot   19: 4194304 op, 93296626.00 ns, 22.2436 ns/op
WorkloadPilot   20: 8388608 op, 186161759.00 ns, 22.1922 ns/op
WorkloadPilot   21: 16777216 op, 373206204.00 ns, 22.2448 ns/op
WorkloadPilot   22: 33554432 op, 747723289.00 ns, 22.2839 ns/op

OverheadWarmup   1: 33554432 op, 91379509.00 ns, 2.7233 ns/op
OverheadWarmup   2: 33554432 op, 91438874.00 ns, 2.7251 ns/op
OverheadWarmup   3: 33554432 op, 75551612.00 ns, 2.2516 ns/op
OverheadWarmup   4: 33554432 op, 71706609.00 ns, 2.1370 ns/op
OverheadWarmup   5: 33554432 op, 71802368.00 ns, 2.1399 ns/op
OverheadWarmup   6: 33554432 op, 71465295.00 ns, 2.1298 ns/op

OverheadActual   1: 33554432 op, 71743481.00 ns, 2.1381 ns/op
OverheadActual   2: 33554432 op, 71884276.00 ns, 2.1423 ns/op
OverheadActual   3: 33554432 op, 72019789.00 ns, 2.1464 ns/op
OverheadActual   4: 33554432 op, 71596964.00 ns, 2.1338 ns/op
OverheadActual   5: 33554432 op, 71652420.00 ns, 2.1354 ns/op
OverheadActual   6: 33554432 op, 70907401.00 ns, 2.1132 ns/op
OverheadActual   7: 33554432 op, 72179334.00 ns, 2.1511 ns/op
OverheadActual   8: 33554432 op, 71632211.00 ns, 2.1348 ns/op
OverheadActual   9: 33554432 op, 71626642.00 ns, 2.1346 ns/op
OverheadActual  10: 33554432 op, 71064099.00 ns, 2.1179 ns/op
OverheadActual  11: 33554432 op, 70892523.00 ns, 2.1128 ns/op
OverheadActual  12: 33554432 op, 71644149.00 ns, 2.1352 ns/op
OverheadActual  13: 33554432 op, 71693347.00 ns, 2.1366 ns/op
OverheadActual  14: 33554432 op, 71889592.00 ns, 2.1425 ns/op
OverheadActual  15: 33554432 op, 72347682.00 ns, 2.1561 ns/op

WorkloadWarmup   1: 33554432 op, 750920587.00 ns, 22.3792 ns/op
WorkloadWarmup   2: 33554432 op, 748507669.00 ns, 22.3073 ns/op
WorkloadWarmup   3: 33554432 op, 741737210.00 ns, 22.1055 ns/op
WorkloadWarmup   4: 33554432 op, 743220599.00 ns, 22.1497 ns/op
WorkloadWarmup   5: 33554432 op, 738808773.00 ns, 22.0182 ns/op
WorkloadWarmup   6: 33554432 op, 740585847.00 ns, 22.0712 ns/op
WorkloadWarmup   7: 33554432 op, 739057874.00 ns, 22.0256 ns/op

// BeforeActualRun
WorkloadActual   1: 33554432 op, 736484796.00 ns, 21.9490 ns/op
WorkloadActual   2: 33554432 op, 738666211.00 ns, 22.0140 ns/op
WorkloadActual   3: 33554432 op, 740968514.00 ns, 22.0826 ns/op
WorkloadActual   4: 33554432 op, 744102392.00 ns, 22.1760 ns/op
WorkloadActual   5: 33554432 op, 745334866.00 ns, 22.2127 ns/op
WorkloadActual   6: 33554432 op, 754179581.00 ns, 22.4763 ns/op
WorkloadActual   7: 33554432 op, 739957139.00 ns, 22.0524 ns/op
WorkloadActual   8: 33554432 op, 739453105.00 ns, 22.0374 ns/op
WorkloadActual   9: 33554432 op, 744174275.00 ns, 22.1781 ns/op
WorkloadActual  10: 33554432 op, 740543834.00 ns, 22.0699 ns/op
WorkloadActual  11: 33554432 op, 738458218.00 ns, 22.0078 ns/op
WorkloadActual  12: 33554432 op, 770435837.00 ns, 22.9608 ns/op
WorkloadActual  13: 33554432 op, 780064814.00 ns, 23.2477 ns/op
WorkloadActual  14: 33554432 op, 738710815.00 ns, 22.0153 ns/op
WorkloadActual  15: 33554432 op, 735976777.00 ns, 21.9338 ns/op

// AfterActualRun
WorkloadResult   1: 33554432 op, 664832376.00 ns, 19.8135 ns/op
WorkloadResult   2: 33554432 op, 667013791.00 ns, 19.8786 ns/op
WorkloadResult   3: 33554432 op, 669316094.00 ns, 19.9472 ns/op
WorkloadResult   4: 33554432 op, 672449972.00 ns, 20.0406 ns/op
WorkloadResult   5: 33554432 op, 673682446.00 ns, 20.0773 ns/op
WorkloadResult   6: 33554432 op, 668304719.00 ns, 19.9170 ns/op
WorkloadResult   7: 33554432 op, 667800685.00 ns, 19.9020 ns/op
WorkloadResult   8: 33554432 op, 672521855.00 ns, 20.0427 ns/op
WorkloadResult   9: 33554432 op, 668891414.00 ns, 19.9345 ns/op
WorkloadResult  10: 33554432 op, 666805798.00 ns, 19.8724 ns/op
WorkloadResult  11: 33554432 op, 667058395.00 ns, 19.8799 ns/op
WorkloadResult  12: 33554432 op, 664324357.00 ns, 19.7984 ns/op
// GC:  0 0 0 0 33554432
// Threading:  0 0 33554432

// AfterAll
// Benchmark Process 4343 has exited with code 0.

Mean = 19.925 ns, StdErr = 0.026 ns (0.13%), N = 12, StdDev = 0.089 ns
Min = 19.798 ns, Q1 = 19.877 ns, Median = 19.910 ns, Q3 = 19.971 ns, Max = 20.077 ns
IQR = 0.094 ns, LowerFence = 19.737 ns, UpperFence = 20.111 ns
ConfidenceInterval = [19.811 ns; 20.039 ns] (CI 99.9%), Margin = 0.114 ns (0.57% of Mean)
Skewness = 0.34, Kurtosis = 1.78, MValue = 2

// ** Remained 49 (40.8 %) benchmark(s) to run. Estimated finish 2026-09-06 6:52 (0h 6m from now) **
// **************************
// Benchmark: ValueObjectBenchmarks.DictionaryLookup_RecordStruct: .NET 10.0(Runtime=.NET 10.0, Toolchain=net10.0)
// *** Execute ***
// Launch: 1 / 1
// Execute: dotnet "EricksonLopez.ValueObjects.Benchmarks-.NET 10.0-1.dll" --anonymousPipes 129 130 --benchmarkName EricksonLopez.ValueObjects.Benchmarks.ValueObjectBenchmarks.DictionaryLookup_RecordStruct --job ".NET 10.0" --benchmarkId 35 in /home/runner/work/dotnet-value-objects/dotnet-value-objects/benchmarks/EricksonLopez.ValueObjects.Benchmarks/bin/Release/net10.0/EricksonLopez.ValueObjects.Benchmarks-.NET 10.0-1/bin/Release/net10.0
// Failed to set up high priority (Permission denied). In order to run benchmarks with high priority, make sure you have the right permissions.
// BeforeAnythingElse

// Benchmark Process Environment Information:
// BenchmarkDotNet v0.15.8
// Runtime=.NET 10.0.11 (10.0.11, 10.0.1126.37416), X64 RyuJIT x86-64-v4
// GC=Concurrent Workstation
// HardwareIntrinsics=AVX512 BITALG+VBMI2+VNNI+VPOPCNTDQ,AVX512 IFMA+VBMI,AVX512 F+BW+CD+DQ+VL,AVX2+BMI1+BMI2+F16C+FMA+LZCNT+MOVBE,AVX,SSE3+SSSE3+SSE4.1+SSE4.2+POPCNT,X86Base+SSE+SSE2,AES+PCLMUL,AvxVnni,SERIALIZE VectorSize=256
// Job: .NET 10.0

OverheadJitting  1: 1 op, 183089.00 ns, 183.0890 us/op
WorkloadJitting  1: 1 op, 729737.00 ns, 729.7370 us/op

OverheadJitting  2: 16 op, 314362.00 ns, 19.6476 us/op
WorkloadJitting  2: 16 op, 347307.00 ns, 21.7067 us/op

WorkloadPilot    1: 16 op, 3854.00 ns, 240.8750 ns/op
WorkloadPilot    2: 32 op, 4725.00 ns, 147.6563 ns/op
WorkloadPilot    3: 64 op, 7500.00 ns, 117.1875 ns/op
WorkloadPilot    4: 128 op, 9864.00 ns, 77.0625 ns/op
WorkloadPilot    5: 256 op, 22001.00 ns, 85.9414 ns/op
WorkloadPilot    6: 512 op, 36862.00 ns, 71.9961 ns/op
WorkloadPilot    7: 1024 op, 68251.00 ns, 66.6514 ns/op
WorkloadPilot    8: 2048 op, 147066.00 ns, 71.8096 ns/op
WorkloadPilot    9: 4096 op, 285377.00 ns, 69.6721 ns/op
WorkloadPilot   10: 8192 op, 738345.00 ns, 90.1300 ns/op
WorkloadPilot   11: 16384 op, 1296047.00 ns, 79.1044 ns/op
WorkloadPilot   12: 32768 op, 2401368.00 ns, 73.2839 ns/op
WorkloadPilot   13: 65536 op, 4541772.00 ns, 69.3019 ns/op
WorkloadPilot   14: 131072 op, 9100792.00 ns, 69.4335 ns/op
WorkloadPilot   15: 262144 op, 18097903.00 ns, 69.0380 ns/op
WorkloadPilot   16: 524288 op, 36070612.00 ns, 68.7992 ns/op
WorkloadPilot   17: 1048576 op, 71346074.00 ns, 68.0409 ns/op
WorkloadPilot   18: 2097152 op, 81913179.00 ns, 39.0592 ns/op
WorkloadPilot   19: 4194304 op, 85742502.00 ns, 20.4426 ns/op
WorkloadPilot   20: 8388608 op, 179289547.00 ns, 21.3730 ns/op
WorkloadPilot   21: 16777216 op, 352068434.00 ns, 20.9849 ns/op
WorkloadPilot   22: 33554432 op, 696657006.00 ns, 20.7620 ns/op

OverheadWarmup   1: 33554432 op, 93199677.00 ns, 2.7776 ns/op
OverheadWarmup   2: 33554432 op, 92011287.00 ns, 2.7422 ns/op
OverheadWarmup   3: 33554432 op, 75633465.00 ns, 2.2541 ns/op
OverheadWarmup   4: 33554432 op, 72650520.00 ns, 2.1652 ns/op
OverheadWarmup   5: 33554432 op, 72537714.00 ns, 2.1618 ns/op
OverheadWarmup   6: 33554432 op, 72882731.00 ns, 2.1721 ns/op
OverheadWarmup   7: 33554432 op, 73200498.00 ns, 2.1815 ns/op
OverheadWarmup   8: 33554432 op, 72596736.00 ns, 2.1636 ns/op
OverheadWarmup   9: 33554432 op, 72821906.00 ns, 2.1703 ns/op
OverheadWarmup  10: 33554432 op, 72124334.00 ns, 2.1495 ns/op

OverheadActual   1: 33554432 op, 72043628.00 ns, 2.1471 ns/op
OverheadActual   2: 33554432 op, 74882431.00 ns, 2.2317 ns/op
OverheadActual   3: 33554432 op, 73955811.00 ns, 2.2041 ns/op
OverheadActual   4: 33554432 op, 72990025.00 ns, 2.1753 ns/op
OverheadActual   5: 33554432 op, 72985326.00 ns, 2.1751 ns/op
OverheadActual   6: 33554432 op, 72568662.00 ns, 2.1627 ns/op
OverheadActual   7: 33554432 op, 72369140.00 ns, 2.1568 ns/op
OverheadActual   8: 33554432 op, 72817463.00 ns, 2.1701 ns/op
OverheadActual   9: 33554432 op, 72206885.00 ns, 2.1519 ns/op
OverheadActual  10: 33554432 op, 72893062.00 ns, 2.1724 ns/op
OverheadActual  11: 33554432 op, 74091426.00 ns, 2.2081 ns/op
OverheadActual  12: 33554432 op, 72901704.00 ns, 2.1726 ns/op
OverheadActual  13: 33554432 op, 72998444.00 ns, 2.1755 ns/op
OverheadActual  14: 33554432 op, 72043389.00 ns, 2.1471 ns/op
OverheadActual  15: 33554432 op, 72283676.00 ns, 2.1542 ns/op

WorkloadWarmup   1: 33554432 op, 711192063.00 ns, 21.1952 ns/op
WorkloadWarmup   2: 33554432 op, 697799553.00 ns, 20.7960 ns/op
WorkloadWarmup   3: 33554432 op, 697560189.00 ns, 20.7889 ns/op
WorkloadWarmup   4: 33554432 op, 699636243.00 ns, 20.8508 ns/op
WorkloadWarmup   5: 33554432 op, 692268806.00 ns, 20.6312 ns/op
WorkloadWarmup   6: 33554432 op, 691999394.00 ns, 20.6232 ns/op
WorkloadWarmup   7: 33554432 op, 684895659.00 ns, 20.4115 ns/op
WorkloadWarmup   8: 33554432 op, 689683230.00 ns, 20.5542 ns/op
WorkloadWarmup   9: 33554432 op, 694082809.00 ns, 20.6853 ns/op
WorkloadWarmup  10: 33554432 op, 691171672.00 ns, 20.5985 ns/op

// BeforeActualRun
WorkloadActual   1: 33554432 op, 693736182.00 ns, 20.6749 ns/op
WorkloadActual   2: 33554432 op, 695049921.00 ns, 20.7141 ns/op
WorkloadActual   3: 33554432 op, 697985025.00 ns, 20.8016 ns/op
WorkloadActual   4: 33554432 op, 694444524.00 ns, 20.6961 ns/op
WorkloadActual   5: 33554432 op, 694873342.00 ns, 20.7088 ns/op
WorkloadActual   6: 33554432 op, 692702147.00 ns, 20.6441 ns/op
WorkloadActual   7: 33554432 op, 695407758.00 ns, 20.7248 ns/op
WorkloadActual   8: 33554432 op, 695553497.00 ns, 20.7291 ns/op
WorkloadActual   9: 33554432 op, 696613094.00 ns, 20.7607 ns/op
WorkloadActual  10: 33554432 op, 696501546.00 ns, 20.7574 ns/op
WorkloadActual  11: 33554432 op, 703668698.00 ns, 20.9710 ns/op
WorkloadActual  12: 33554432 op, 695285820.00 ns, 20.7211 ns/op
WorkloadActual  13: 33554432 op, 696827055.00 ns, 20.7671 ns/op
WorkloadActual  14: 33554432 op, 697619381.00 ns, 20.7907 ns/op
WorkloadActual  15: 33554432 op, 695886238.00 ns, 20.7390 ns/op

// AfterActualRun
WorkloadResult   1: 33554432 op, 620843120.00 ns, 18.5026 ns/op
WorkloadResult   2: 33554432 op, 622156859.00 ns, 18.5417 ns/op
WorkloadResult   3: 33554432 op, 625091963.00 ns, 18.6292 ns/op
WorkloadResult   4: 33554432 op, 621551462.00 ns, 18.5237 ns/op
WorkloadResult   5: 33554432 op, 621980280.00 ns, 18.5365 ns/op
WorkloadResult   6: 33554432 op, 619809085.00 ns, 18.4718 ns/op
WorkloadResult   7: 33554432 op, 622514696.00 ns, 18.5524 ns/op
WorkloadResult   8: 33554432 op, 622660435.00 ns, 18.5567 ns/op
WorkloadResult   9: 33554432 op, 623720032.00 ns, 18.5883 ns/op
WorkloadResult  10: 33554432 op, 623608484.00 ns, 18.5850 ns/op
WorkloadResult  11: 33554432 op, 622392758.00 ns, 18.5487 ns/op
WorkloadResult  12: 33554432 op, 623933993.00 ns, 18.5947 ns/op
WorkloadResult  13: 33554432 op, 624726319.00 ns, 18.6183 ns/op
WorkloadResult  14: 33554432 op, 622993176.00 ns, 18.5666 ns/op
// GC:  0 0 0 0 33554432
// Threading:  0 0 33554432

// AfterAll
// Benchmark Process 4357 has exited with code 0.

Mean = 18.558 ns, StdErr = 0.012 ns (0.06%), N = 14, StdDev = 0.043 ns
Min = 18.472 ns, Q1 = 18.538 ns, Median = 18.555 ns, Q3 = 18.587 ns, Max = 18.629 ns
IQR = 0.050 ns, LowerFence = 18.463 ns, UpperFence = 18.662 ns
ConfidenceInterval = [18.510 ns; 18.607 ns] (CI 99.9%), Margin = 0.049 ns (0.26% of Mean)
Skewness = -0.19, Kurtosis = 2.22, MValue = 2

// ** Remained 48 (40.0 %) benchmark(s) to run. Estimated finish 2026-09-06 6:52 (0h 6m from now) **
// **************************
// Benchmark: ValueObjectBenchmarks.Domain_Money_Add: .NET 10.0(Runtime=.NET 10.0, Toolchain=net10.0)
// *** Execute ***
// Launch: 1 / 1
// Execute: dotnet "EricksonLopez.ValueObjects.Benchmarks-.NET 10.0-1.dll" --anonymousPipes 129 130 --benchmarkName EricksonLopez.ValueObjects.Benchmarks.ValueObjectBenchmarks.Domain_Money_Add --job ".NET 10.0" --benchmarkId 36 in /home/runner/work/dotnet-value-objects/dotnet-value-objects/benchmarks/EricksonLopez.ValueObjects.Benchmarks/bin/Release/net10.0/EricksonLopez.ValueObjects.Benchmarks-.NET 10.0-1/bin/Release/net10.0
// Failed to set up high priority (Permission denied). In order to run benchmarks with high priority, make sure you have the right permissions.
// BeforeAnythingElse

// Benchmark Process Environment Information:
// BenchmarkDotNet v0.15.8
// Runtime=.NET 10.0.11 (10.0.11, 10.0.1126.37416), X64 RyuJIT x86-64-v4
// GC=Concurrent Workstation
// HardwareIntrinsics=AVX512 BITALG+VBMI2+VNNI+VPOPCNTDQ,AVX512 IFMA+VBMI,AVX512 F+BW+CD+DQ+VL,AVX2+BMI1+BMI2+F16C+FMA+LZCNT+MOVBE,AVX,SSE3+SSSE3+SSE4.1+SSE4.2+POPCNT,X86Base+SSE+SSE2,AES+PCLMUL,AvxVnni,SERIALIZE VectorSize=256
// Job: .NET 10.0

OverheadJitting  1: 1 op, 188156.00 ns, 188.1560 us/op
WorkloadJitting  1: 1 op, 516783.00 ns, 516.7830 us/op

OverheadJitting  2: 16 op, 231723.00 ns, 14.4827 us/op
WorkloadJitting  2: 16 op, 281131.00 ns, 17.5707 us/op

WorkloadPilot    1: 16 op, 5095.00 ns, 318.4375 ns/op
WorkloadPilot    2: 32 op, 5612.00 ns, 175.3750 ns/op
WorkloadPilot    3: 64 op, 6368.00 ns, 99.5000 ns/op
WorkloadPilot    4: 128 op, 9565.00 ns, 74.7266 ns/op
WorkloadPilot    5: 256 op, 16838.00 ns, 65.7734 ns/op
WorkloadPilot    6: 512 op, 38261.00 ns, 74.7285 ns/op
WorkloadPilot    7: 1024 op, 48841.00 ns, 47.6963 ns/op
WorkloadPilot    8: 2048 op, 100528.00 ns, 49.0859 ns/op
WorkloadPilot    9: 4096 op, 180977.00 ns, 44.1838 ns/op
WorkloadPilot   10: 8192 op, 348245.00 ns, 42.5104 ns/op
WorkloadPilot   11: 16384 op, 685322.00 ns, 41.8287 ns/op
WorkloadPilot   12: 32768 op, 1399514.00 ns, 42.7098 ns/op
WorkloadPilot   13: 65536 op, 2727649.00 ns, 41.6206 ns/op
WorkloadPilot   14: 131072 op, 5419663.00 ns, 41.3487 ns/op
WorkloadPilot   15: 262144 op, 10848764.00 ns, 41.3848 ns/op
WorkloadPilot   16: 524288 op, 21525878.00 ns, 41.0574 ns/op
WorkloadPilot   17: 1048576 op, 42808634.00 ns, 40.8255 ns/op
WorkloadPilot   18: 2097152 op, 38413601.00 ns, 18.3170 ns/op
WorkloadPilot   19: 4194304 op, 35915551.00 ns, 8.5629 ns/op
WorkloadPilot   20: 8388608 op, 71765219.00 ns, 8.5551 ns/op
WorkloadPilot   21: 16777216 op, 143790400.00 ns, 8.5706 ns/op
WorkloadPilot   22: 33554432 op, 288223124.00 ns, 8.5897 ns/op
WorkloadPilot   23: 67108864 op, 571584410.00 ns, 8.5173 ns/op

OverheadWarmup   1: 67108864 op, 211981115.00 ns, 3.1588 ns/op
OverheadWarmup   2: 67108864 op, 141307994.00 ns, 2.1057 ns/op
OverheadWarmup   3: 67108864 op, 141065751.00 ns, 2.1020 ns/op
OverheadWarmup   4: 67108864 op, 140892007.00 ns, 2.0995 ns/op
OverheadWarmup   5: 67108864 op, 141045292.00 ns, 2.1017 ns/op
OverheadWarmup   6: 67108864 op, 140959057.00 ns, 2.1005 ns/op
OverheadWarmup   7: 67108864 op, 141206827.00 ns, 2.1041 ns/op
OverheadWarmup   8: 67108864 op, 140566238.00 ns, 2.0946 ns/op

OverheadActual   1: 67108864 op, 140570353.00 ns, 2.0947 ns/op
OverheadActual   2: 67108864 op, 140900099.00 ns, 2.0996 ns/op
OverheadActual   3: 67108864 op, 142452892.00 ns, 2.1227 ns/op
OverheadActual   4: 67108864 op, 140302421.00 ns, 2.0907 ns/op
OverheadActual   5: 67108864 op, 139310780.00 ns, 2.0759 ns/op
OverheadActual   6: 67108864 op, 140363778.00 ns, 2.0916 ns/op
OverheadActual   7: 67108864 op, 141051874.00 ns, 2.1018 ns/op
OverheadActual   8: 67108864 op, 140835035.00 ns, 2.0986 ns/op
OverheadActual   9: 67108864 op, 140347665.00 ns, 2.0913 ns/op
OverheadActual  10: 67108864 op, 140092487.00 ns, 2.0875 ns/op
OverheadActual  11: 67108864 op, 141392051.00 ns, 2.1069 ns/op
OverheadActual  12: 67108864 op, 140810414.00 ns, 2.0982 ns/op
OverheadActual  13: 67108864 op, 141044056.00 ns, 2.1017 ns/op
OverheadActual  14: 67108864 op, 141215881.00 ns, 2.1043 ns/op
OverheadActual  15: 67108864 op, 141211240.00 ns, 2.1042 ns/op

WorkloadWarmup   1: 67108864 op, 565089022.00 ns, 8.4205 ns/op
WorkloadWarmup   2: 67108864 op, 567566056.00 ns, 8.4574 ns/op
WorkloadWarmup   3: 67108864 op, 568349200.00 ns, 8.4691 ns/op
WorkloadWarmup   4: 67108864 op, 566738301.00 ns, 8.4451 ns/op
WorkloadWarmup   5: 67108864 op, 563704406.00 ns, 8.3999 ns/op
WorkloadWarmup   6: 67108864 op, 566766501.00 ns, 8.4455 ns/op
WorkloadWarmup   7: 67108864 op, 566283405.00 ns, 8.4383 ns/op

// BeforeActualRun
WorkloadActual   1: 67108864 op, 567773207.00 ns, 8.4605 ns/op
WorkloadActual   2: 67108864 op, 567749579.00 ns, 8.4601 ns/op
WorkloadActual   3: 67108864 op, 568995733.00 ns, 8.4787 ns/op
WorkloadActual   4: 67108864 op, 566944968.00 ns, 8.4481 ns/op
WorkloadActual   5: 67108864 op, 565833326.00 ns, 8.4316 ns/op
WorkloadActual   6: 67108864 op, 564910585.00 ns, 8.4178 ns/op
WorkloadActual   7: 67108864 op, 564976437.00 ns, 8.4188 ns/op
WorkloadActual   8: 67108864 op, 562923261.00 ns, 8.3882 ns/op
WorkloadActual   9: 67108864 op, 563582348.00 ns, 8.3980 ns/op
WorkloadActual  10: 67108864 op, 566269295.00 ns, 8.4381 ns/op
WorkloadActual  11: 67108864 op, 568033868.00 ns, 8.4644 ns/op
WorkloadActual  12: 67108864 op, 566159100.00 ns, 8.4364 ns/op
WorkloadActual  13: 67108864 op, 565423532.00 ns, 8.4255 ns/op
WorkloadActual  14: 67108864 op, 564171814.00 ns, 8.4068 ns/op
WorkloadActual  15: 67108864 op, 563055174.00 ns, 8.3902 ns/op

// AfterActualRun
WorkloadResult   1: 67108864 op, 426938172.00 ns, 6.3619 ns/op
WorkloadResult   2: 67108864 op, 426914544.00 ns, 6.3615 ns/op
WorkloadResult   3: 67108864 op, 428160698.00 ns, 6.3801 ns/op
WorkloadResult   4: 67108864 op, 426109933.00 ns, 6.3495 ns/op
WorkloadResult   5: 67108864 op, 424998291.00 ns, 6.3330 ns/op
WorkloadResult   6: 67108864 op, 424075550.00 ns, 6.3192 ns/op
WorkloadResult   7: 67108864 op, 424141402.00 ns, 6.3202 ns/op
WorkloadResult   8: 67108864 op, 422088226.00 ns, 6.2896 ns/op
WorkloadResult   9: 67108864 op, 422747313.00 ns, 6.2994 ns/op
WorkloadResult  10: 67108864 op, 425434260.00 ns, 6.3395 ns/op
WorkloadResult  11: 67108864 op, 427198833.00 ns, 6.3658 ns/op
WorkloadResult  12: 67108864 op, 425324065.00 ns, 6.3378 ns/op
WorkloadResult  13: 67108864 op, 424588497.00 ns, 6.3269 ns/op
WorkloadResult  14: 67108864 op, 423336779.00 ns, 6.3082 ns/op
WorkloadResult  15: 67108864 op, 422220139.00 ns, 6.2916 ns/op
// GC:  0 0 0 0 67108864
// Threading:  0 0 67108864

// AfterAll
// Benchmark Process 4388 has exited with code 0.

Mean = 6.332 ns, StdErr = 0.007 ns (0.11%), N = 15, StdDev = 0.028 ns
Min = 6.290 ns, Q1 = 6.314 ns, Median = 6.333 ns, Q3 = 6.356 ns, Max = 6.380 ns
IQR = 0.042 ns, LowerFence = 6.251 ns, UpperFence = 6.418 ns
ConfidenceInterval = [6.302 ns; 6.362 ns] (CI 99.9%), Margin = 0.030 ns (0.47% of Mean)
Skewness = 0.01, Kurtosis = 1.69, MValue = 2

// ** Remained 47 (39.2 %) benchmark(s) to run. Estimated finish 2026-09-06 6:52 (0h 6m from now) **
// **************************
// Benchmark: ValueObjectBenchmarks.Domain_Money_Allocate: .NET 10.0(Runtime=.NET 10.0, Toolchain=net10.0)
// *** Execute ***
// Launch: 1 / 1
// Execute: dotnet "EricksonLopez.ValueObjects.Benchmarks-.NET 10.0-1.dll" --anonymousPipes 129 130 --benchmarkName EricksonLopez.ValueObjects.Benchmarks.ValueObjectBenchmarks.Domain_Money_Allocate --job ".NET 10.0" --benchmarkId 37 in /home/runner/work/dotnet-value-objects/dotnet-value-objects/benchmarks/EricksonLopez.ValueObjects.Benchmarks/bin/Release/net10.0/EricksonLopez.ValueObjects.Benchmarks-.NET 10.0-1/bin/Release/net10.0
// Failed to set up high priority (Permission denied). In order to run benchmarks with high priority, make sure you have the right permissions.
// BeforeAnythingElse

// Benchmark Process Environment Information:
// BenchmarkDotNet v0.15.8
// Runtime=.NET 10.0.11 (10.0.11, 10.0.1126.37416), X64 RyuJIT x86-64-v4
// GC=Concurrent Workstation
// HardwareIntrinsics=AVX512 BITALG+VBMI2+VNNI+VPOPCNTDQ,AVX512 IFMA+VBMI,AVX512 F+BW+CD+DQ+VL,AVX2+BMI1+BMI2+F16C+FMA+LZCNT+MOVBE,AVX,SSE3+SSSE3+SSE4.1+SSE4.2+POPCNT,X86Base+SSE+SSE2,AES+PCLMUL,AvxVnni,SERIALIZE VectorSize=256
// Job: .NET 10.0

OverheadJitting  1: 1 op, 209045.00 ns, 209.0450 us/op
WorkloadJitting  1: 1 op, 780823.00 ns, 780.8230 us/op

OverheadJitting  2: 16 op, 494268.00 ns, 30.8918 us/op
WorkloadJitting  2: 16 op, 473231.00 ns, 29.5769 us/op

WorkloadPilot    1: 16 op, 13214.00 ns, 825.8750 ns/op
WorkloadPilot    2: 32 op, 19852.00 ns, 620.3750 ns/op
WorkloadPilot    3: 64 op, 40391.00 ns, 631.1094 ns/op
WorkloadPilot    4: 128 op, 68884.00 ns, 538.1563 ns/op
WorkloadPilot    5: 256 op, 131303.00 ns, 512.9023 ns/op
WorkloadPilot    6: 512 op, 252529.00 ns, 493.2207 ns/op
WorkloadPilot    7: 1024 op, 516563.00 ns, 504.4561 ns/op
WorkloadPilot    8: 2048 op, 1055651.00 ns, 515.4546 ns/op
WorkloadPilot    9: 4096 op, 1987194.00 ns, 485.1548 ns/op
WorkloadPilot   10: 8192 op, 4927781.00 ns, 601.5358 ns/op
WorkloadPilot   11: 16384 op, 8061452.00 ns, 492.0320 ns/op
WorkloadPilot   12: 32768 op, 15776776.00 ns, 481.4690 ns/op
WorkloadPilot   13: 65536 op, 31798549.00 ns, 485.2074 ns/op
WorkloadPilot   14: 131072 op, 63911261.00 ns, 487.6042 ns/op
WorkloadPilot   15: 262144 op, 83535539.00 ns, 318.6628 ns/op
WorkloadPilot   16: 524288 op, 164723870.00 ns, 314.1858 ns/op
WorkloadPilot   17: 1048576 op, 322592570.00 ns, 307.6482 ns/op
WorkloadPilot   18: 2097152 op, 620890276.00 ns, 296.0636 ns/op

OverheadWarmup   1: 2097152 op, 9601113.00 ns, 4.5782 ns/op
OverheadWarmup   2: 2097152 op, 9570136.00 ns, 4.5634 ns/op
OverheadWarmup   3: 2097152 op, 9549700.00 ns, 4.5537 ns/op
OverheadWarmup   4: 2097152 op, 9453967.00 ns, 4.5080 ns/op
OverheadWarmup   5: 2097152 op, 9513043.00 ns, 4.5362 ns/op
OverheadWarmup   6: 2097152 op, 9402536.00 ns, 4.4835 ns/op
OverheadWarmup   7: 2097152 op, 9557077.00 ns, 4.5572 ns/op
OverheadWarmup   8: 2097152 op, 9564996.00 ns, 4.5609 ns/op
OverheadWarmup   9: 2097152 op, 9551576.00 ns, 4.5545 ns/op

OverheadActual   1: 2097152 op, 9535750.00 ns, 4.5470 ns/op
OverheadActual   2: 2097152 op, 9584605.00 ns, 4.5703 ns/op
OverheadActual   3: 2097152 op, 9601131.00 ns, 4.5782 ns/op
OverheadActual   4: 2097152 op, 9596882.00 ns, 4.5761 ns/op
OverheadActual   5: 2097152 op, 9503783.00 ns, 4.5318 ns/op
OverheadActual   6: 2097152 op, 9539948.00 ns, 4.5490 ns/op
OverheadActual   7: 2097152 op, 9550159.00 ns, 4.5539 ns/op
OverheadActual   8: 2097152 op, 9497487.00 ns, 4.5288 ns/op
OverheadActual   9: 2097152 op, 9554055.00 ns, 4.5557 ns/op
OverheadActual  10: 2097152 op, 9533860.00 ns, 4.5461 ns/op
OverheadActual  11: 2097152 op, 9545504.00 ns, 4.5517 ns/op
OverheadActual  12: 2097152 op, 9419598.00 ns, 4.4916 ns/op
OverheadActual  13: 2097152 op, 9448244.00 ns, 4.5053 ns/op
OverheadActual  14: 2097152 op, 9389811.00 ns, 4.4774 ns/op
OverheadActual  15: 2097152 op, 9571681.00 ns, 4.5641 ns/op

WorkloadWarmup   1: 2097152 op, 642417054.00 ns, 306.3283 ns/op
WorkloadWarmup   2: 2097152 op, 624956835.00 ns, 298.0026 ns/op
WorkloadWarmup   3: 2097152 op, 616694359.00 ns, 294.0628 ns/op
WorkloadWarmup   4: 2097152 op, 618442845.00 ns, 294.8965 ns/op
WorkloadWarmup   5: 2097152 op, 620120421.00 ns, 295.6965 ns/op
WorkloadWarmup   6: 2097152 op, 621852240.00 ns, 296.5223 ns/op
WorkloadWarmup   7: 2097152 op, 618391356.00 ns, 294.8720 ns/op
WorkloadWarmup   8: 2097152 op, 620135131.00 ns, 295.7035 ns/op
WorkloadWarmup   9: 2097152 op, 617201443.00 ns, 294.3046 ns/op

// BeforeActualRun
WorkloadActual   1: 2097152 op, 625220058.00 ns, 298.1282 ns/op
WorkloadActual   2: 2097152 op, 621685069.00 ns, 296.4425 ns/op
WorkloadActual   3: 2097152 op, 617239791.00 ns, 294.3229 ns/op
WorkloadActual   4: 2097152 op, 617966176.00 ns, 294.6692 ns/op
WorkloadActual   5: 2097152 op, 620800871.00 ns, 296.0209 ns/op
WorkloadActual   6: 2097152 op, 619582515.00 ns, 295.4400 ns/op
WorkloadActual   7: 2097152 op, 617642598.00 ns, 294.5149 ns/op
WorkloadActual   8: 2097152 op, 616011333.00 ns, 293.7371 ns/op
WorkloadActual   9: 2097152 op, 621909397.00 ns, 296.5495 ns/op
WorkloadActual  10: 2097152 op, 623468996.00 ns, 297.2932 ns/op
WorkloadActual  11: 2097152 op, 620695676.00 ns, 295.9708 ns/op
WorkloadActual  12: 2097152 op, 620108284.00 ns, 295.6907 ns/op
WorkloadActual  13: 2097152 op, 622543377.00 ns, 296.8518 ns/op
WorkloadActual  14: 2097152 op, 622883663.00 ns, 297.0141 ns/op
WorkloadActual  15: 2097152 op, 626678529.00 ns, 298.8236 ns/op

// AfterActualRun
WorkloadResult   1: 2097152 op, 615680110.00 ns, 293.5792 ns/op
WorkloadResult   2: 2097152 op, 612145121.00 ns, 291.8935 ns/op
WorkloadResult   3: 2097152 op, 607699843.00 ns, 289.7739 ns/op
WorkloadResult   4: 2097152 op, 608426228.00 ns, 290.1202 ns/op
WorkloadResult   5: 2097152 op, 611260923.00 ns, 291.4719 ns/op
WorkloadResult   6: 2097152 op, 610042567.00 ns, 290.8910 ns/op
WorkloadResult   7: 2097152 op, 608102650.00 ns, 289.9659 ns/op
WorkloadResult   8: 2097152 op, 606471385.00 ns, 289.1881 ns/op
WorkloadResult   9: 2097152 op, 612369449.00 ns, 292.0005 ns/op
WorkloadResult  10: 2097152 op, 613929048.00 ns, 292.7442 ns/op
WorkloadResult  11: 2097152 op, 611155728.00 ns, 291.4218 ns/op
WorkloadResult  12: 2097152 op, 610568336.00 ns, 291.1417 ns/op
WorkloadResult  13: 2097152 op, 613003429.00 ns, 292.3028 ns/op
WorkloadResult  14: 2097152 op, 613343715.00 ns, 292.4651 ns/op
WorkloadResult  15: 2097152 op, 617138581.00 ns, 294.2746 ns/op
// GC:  2 0 0 201326592 2097152
// Threading:  0 0 2097152

// AfterAll
// Benchmark Process 4401 has exited with code 0.

Mean = 291.549 ns, StdErr = 0.369 ns (0.13%), N = 15, StdDev = 1.429 ns
Min = 289.188 ns, Q1 = 290.506 ns, Median = 291.472 ns, Q3 = 292.384 ns, Max = 294.275 ns
IQR = 1.878 ns, LowerFence = 287.688 ns, UpperFence = 295.201 ns
ConfidenceInterval = [290.021 ns; 293.077 ns] (CI 99.9%), Margin = 1.528 ns (0.52% of Mean)
Skewness = 0.13, Kurtosis = 2.03, MValue = 2

// ** Remained 46 (38.3 %) benchmark(s) to run. Estimated finish 2026-09-06 6:52 (0h 6m from now) **
// **************************
// Benchmark: ValueObjectBenchmarks.Domain_Money_ApplyTax: .NET 10.0(Runtime=.NET 10.0, Toolchain=net10.0)
// *** Execute ***
// Launch: 1 / 1
// Execute: dotnet "EricksonLopez.ValueObjects.Benchmarks-.NET 10.0-1.dll" --anonymousPipes 129 130 --benchmarkName EricksonLopez.ValueObjects.Benchmarks.ValueObjectBenchmarks.Domain_Money_ApplyTax --job ".NET 10.0" --benchmarkId 38 in /home/runner/work/dotnet-value-objects/dotnet-value-objects/benchmarks/EricksonLopez.ValueObjects.Benchmarks/bin/Release/net10.0/EricksonLopez.ValueObjects.Benchmarks-.NET 10.0-1/bin/Release/net10.0
// Failed to set up high priority (Permission denied). In order to run benchmarks with high priority, make sure you have the right permissions.
// BeforeAnythingElse

// Benchmark Process Environment Information:
// BenchmarkDotNet v0.15.8
// Runtime=.NET 10.0.11 (10.0.11, 10.0.1126.37416), X64 RyuJIT x86-64-v4
// GC=Concurrent Workstation
// HardwareIntrinsics=AVX512 BITALG+VBMI2+VNNI+VPOPCNTDQ,AVX512 IFMA+VBMI,AVX512 F+BW+CD+DQ+VL,AVX2+BMI1+BMI2+F16C+FMA+LZCNT+MOVBE,AVX,SSE3+SSSE3+SSE4.1+SSE4.2+POPCNT,X86Base+SSE+SSE2,AES+PCLMUL,AvxVnni,SERIALIZE VectorSize=256
// Job: .NET 10.0

OverheadJitting  1: 1 op, 225861.00 ns, 225.8610 us/op
WorkloadJitting  1: 1 op, 556880.00 ns, 556.8800 us/op

OverheadJitting  2: 16 op, 258710.00 ns, 16.1694 us/op
WorkloadJitting  2: 16 op, 249148.00 ns, 15.5718 us/op

WorkloadPilot    1: 16 op, 4395.00 ns, 274.6875 ns/op
WorkloadPilot    2: 32 op, 5426.00 ns, 169.5625 ns/op
WorkloadPilot    3: 64 op, 7632.00 ns, 119.2500 ns/op
WorkloadPilot    4: 128 op, 12937.00 ns, 101.0703 ns/op
WorkloadPilot    5: 256 op, 24259.00 ns, 94.7617 ns/op
WorkloadPilot    6: 512 op, 47277.00 ns, 92.3379 ns/op
WorkloadPilot    7: 1024 op, 92657.00 ns, 90.4854 ns/op
WorkloadPilot    8: 2048 op, 179439.00 ns, 87.6167 ns/op
WorkloadPilot    9: 4096 op, 366007.00 ns, 89.3572 ns/op
WorkloadPilot   10: 8192 op, 722185.00 ns, 88.1573 ns/op
WorkloadPilot   11: 16384 op, 1443787.00 ns, 88.1218 ns/op
WorkloadPilot   12: 32768 op, 2861978.00 ns, 87.3406 ns/op
WorkloadPilot   13: 65536 op, 6158463.00 ns, 93.9707 ns/op
WorkloadPilot   14: 131072 op, 12849887.00 ns, 98.0369 ns/op
WorkloadPilot   15: 262144 op, 23700883.00 ns, 90.4117 ns/op
WorkloadPilot   16: 524288 op, 51960745.00 ns, 99.1073 ns/op
WorkloadPilot   17: 1048576 op, 62853078.00 ns, 59.9414 ns/op
WorkloadPilot   18: 2097152 op, 115096856.00 ns, 54.8825 ns/op
WorkloadPilot   19: 4194304 op, 200381306.00 ns, 47.7746 ns/op
WorkloadPilot   20: 8388608 op, 401103359.00 ns, 47.8152 ns/op
WorkloadPilot   21: 16777216 op, 792143092.00 ns, 47.2154 ns/op

OverheadWarmup   1: 16777216 op, 53400097.00 ns, 3.1829 ns/op
OverheadWarmup   2: 16777216 op, 53212845.00 ns, 3.1717 ns/op
OverheadWarmup   3: 16777216 op, 53124223.00 ns, 3.1665 ns/op
OverheadWarmup   4: 16777216 op, 48079463.00 ns, 2.8658 ns/op
OverheadWarmup   5: 16777216 op, 34366657.00 ns, 2.0484 ns/op
OverheadWarmup   6: 16777216 op, 34321403.00 ns, 2.0457 ns/op
OverheadWarmup   7: 16777216 op, 34451976.00 ns, 2.0535 ns/op
OverheadWarmup   8: 16777216 op, 34500935.00 ns, 2.0564 ns/op
OverheadWarmup   9: 16777216 op, 34427425.00 ns, 2.0520 ns/op
OverheadWarmup  10: 16777216 op, 36228810.00 ns, 2.1594 ns/op

OverheadActual   1: 16777216 op, 34600529.00 ns, 2.0624 ns/op
OverheadActual   2: 16777216 op, 34894364.00 ns, 2.0799 ns/op
OverheadActual   3: 16777216 op, 34710444.00 ns, 2.0689 ns/op
OverheadActual   4: 16777216 op, 34910218.00 ns, 2.0808 ns/op
OverheadActual   5: 16777216 op, 34428565.00 ns, 2.0521 ns/op
OverheadActual   6: 16777216 op, 34597543.00 ns, 2.0622 ns/op
OverheadActual   7: 16777216 op, 34406229.00 ns, 2.0508 ns/op
OverheadActual   8: 16777216 op, 34506633.00 ns, 2.0568 ns/op
OverheadActual   9: 16777216 op, 34794713.00 ns, 2.0739 ns/op
OverheadActual  10: 16777216 op, 34757652.00 ns, 2.0717 ns/op
OverheadActual  11: 16777216 op, 34555555.00 ns, 2.0597 ns/op
OverheadActual  12: 16777216 op, 34666619.00 ns, 2.0663 ns/op
OverheadActual  13: 16777216 op, 41704423.00 ns, 2.4858 ns/op
OverheadActual  14: 16777216 op, 34849726.00 ns, 2.0772 ns/op
OverheadActual  15: 16777216 op, 34527984.00 ns, 2.0580 ns/op

WorkloadWarmup   1: 16777216 op, 804539391.00 ns, 47.9543 ns/op
WorkloadWarmup   2: 16777216 op, 797122868.00 ns, 47.5122 ns/op
WorkloadWarmup   3: 16777216 op, 800719919.00 ns, 47.7266 ns/op
WorkloadWarmup   4: 16777216 op, 804685764.00 ns, 47.9630 ns/op
WorkloadWarmup   5: 16777216 op, 804741553.00 ns, 47.9663 ns/op
WorkloadWarmup   6: 16777216 op, 806207828.00 ns, 48.0537 ns/op
WorkloadWarmup   7: 16777216 op, 805818786.00 ns, 48.0305 ns/op
WorkloadWarmup   8: 16777216 op, 802980292.00 ns, 47.8614 ns/op
WorkloadWarmup   9: 16777216 op, 799785616.00 ns, 47.6709 ns/op
WorkloadWarmup  10: 16777216 op, 800412639.00 ns, 47.7083 ns/op
WorkloadWarmup  11: 16777216 op, 804355275.00 ns, 47.9433 ns/op
WorkloadWarmup  12: 16777216 op, 799353653.00 ns, 47.6452 ns/op

// BeforeActualRun
WorkloadActual   1: 16777216 op, 807267294.00 ns, 48.1169 ns/op
WorkloadActual   2: 16777216 op, 805163201.00 ns, 47.9915 ns/op
WorkloadActual   3: 16777216 op, 806489726.00 ns, 48.0705 ns/op
WorkloadActual   4: 16777216 op, 803026010.00 ns, 47.8641 ns/op
WorkloadActual   5: 16777216 op, 799120676.00 ns, 47.6313 ns/op
WorkloadActual   6: 16777216 op, 801343207.00 ns, 47.7638 ns/op
WorkloadActual   7: 16777216 op, 800413620.00 ns, 47.7084 ns/op
WorkloadActual   8: 16777216 op, 799665427.00 ns, 47.6638 ns/op
WorkloadActual   9: 16777216 op, 802545597.00 ns, 47.8354 ns/op
WorkloadActual  10: 16777216 op, 803747878.00 ns, 47.9071 ns/op
WorkloadActual  11: 16777216 op, 805122479.00 ns, 47.9890 ns/op
WorkloadActual  12: 16777216 op, 807770645.00 ns, 48.1469 ns/op
WorkloadActual  13: 16777216 op, 802938926.00 ns, 47.8589 ns/op
WorkloadActual  14: 16777216 op, 804613624.00 ns, 47.9587 ns/op
WorkloadActual  15: 16777216 op, 804851573.00 ns, 47.9729 ns/op

// AfterActualRun
WorkloadResult   1: 16777216 op, 772600675.00 ns, 46.0506 ns/op
WorkloadResult   2: 16777216 op, 770496582.00 ns, 45.9252 ns/op
WorkloadResult   3: 16777216 op, 771823107.00 ns, 46.0042 ns/op
WorkloadResult   4: 16777216 op, 768359391.00 ns, 45.7978 ns/op
WorkloadResult   5: 16777216 op, 764454057.00 ns, 45.5650 ns/op
WorkloadResult   6: 16777216 op, 766676588.00 ns, 45.6975 ns/op
WorkloadResult   7: 16777216 op, 765747001.00 ns, 45.6421 ns/op
WorkloadResult   8: 16777216 op, 764998808.00 ns, 45.5975 ns/op
WorkloadResult   9: 16777216 op, 767878978.00 ns, 45.7692 ns/op
WorkloadResult  10: 16777216 op, 769081259.00 ns, 45.8408 ns/op
WorkloadResult  11: 16777216 op, 770455860.00 ns, 45.9227 ns/op
WorkloadResult  12: 16777216 op, 773104026.00 ns, 46.0806 ns/op
WorkloadResult  13: 16777216 op, 768272307.00 ns, 45.7926 ns/op
WorkloadResult  14: 16777216 op, 769947005.00 ns, 45.8924 ns/op
WorkloadResult  15: 16777216 op, 770184954.00 ns, 45.9066 ns/op
// GC:  0 0 0 0 16777216
// Threading:  0 0 16777216

// AfterAll
// Benchmark Process 4411 has exited with code 0.

Mean = 45.832 ns, StdErr = 0.041 ns (0.09%), N = 15, StdDev = 0.159 ns
Min = 45.565 ns, Q1 = 45.733 ns, Median = 45.841 ns, Q3 = 45.924 ns, Max = 46.081 ns
IQR = 0.191 ns, LowerFence = 45.447 ns, UpperFence = 46.210 ns
ConfidenceInterval = [45.663 ns; 46.002 ns] (CI 99.9%), Margin = 0.170 ns (0.37% of Mean)
Skewness = -0.15, Kurtosis = 1.78, MValue = 2

// ** Remained 45 (37.5 %) benchmark(s) to run. Estimated finish 2026-09-06 6:53 (0h 6m from now) **
// **************************
// Benchmark: ValueObjectBenchmarks.Domain_Parse_BusinessDate: .NET 10.0(Runtime=.NET 10.0, Toolchain=net10.0)
// *** Execute ***
// Launch: 1 / 1
// Execute: dotnet "EricksonLopez.ValueObjects.Benchmarks-.NET 10.0-1.dll" --anonymousPipes 129 130 --benchmarkName EricksonLopez.ValueObjects.Benchmarks.ValueObjectBenchmarks.Domain_Parse_BusinessDate --job ".NET 10.0" --benchmarkId 39 in /home/runner/work/dotnet-value-objects/dotnet-value-objects/benchmarks/EricksonLopez.ValueObjects.Benchmarks/bin/Release/net10.0/EricksonLopez.ValueObjects.Benchmarks-.NET 10.0-1/bin/Release/net10.0
// Failed to set up high priority (Permission denied). In order to run benchmarks with high priority, make sure you have the right permissions.
// BeforeAnythingElse

// Benchmark Process Environment Information:
// BenchmarkDotNet v0.15.8
// Runtime=.NET 10.0.11 (10.0.11, 10.0.1126.37416), X64 RyuJIT x86-64-v4
// GC=Concurrent Workstation
// HardwareIntrinsics=AVX512 BITALG+VBMI2+VNNI+VPOPCNTDQ,AVX512 IFMA+VBMI,AVX512 F+BW+CD+DQ+VL,AVX2+BMI1+BMI2+F16C+FMA+LZCNT+MOVBE,AVX,SSE3+SSSE3+SSE4.1+SSE4.2+POPCNT,X86Base+SSE+SSE2,AES+PCLMUL,AvxVnni,SERIALIZE VectorSize=256
// Job: .NET 10.0

OverheadJitting  1: 1 op, 209080.00 ns, 209.0800 us/op
WorkloadJitting  1: 1 op, 8973630.00 ns, 8.9736 ms/op

OverheadJitting  2: 16 op, 240602.00 ns, 15.0376 us/op
WorkloadJitting  2: 16 op, 287901.00 ns, 17.9938 us/op

WorkloadPilot    1: 16 op, 9718.00 ns, 607.3750 ns/op
WorkloadPilot    2: 32 op, 11655.00 ns, 364.2188 ns/op
WorkloadPilot    3: 64 op, 14957.00 ns, 233.7031 ns/op
WorkloadPilot    4: 128 op, 25301.00 ns, 197.6641 ns/op
WorkloadPilot    5: 256 op, 47571.00 ns, 185.8242 ns/op
WorkloadPilot    6: 512 op, 93467.00 ns, 182.5527 ns/op
WorkloadPilot    7: 1024 op, 182102.00 ns, 177.8340 ns/op
WorkloadPilot    8: 2048 op, 360189.00 ns, 175.8735 ns/op
WorkloadPilot    9: 4096 op, 731755.00 ns, 178.6511 ns/op
WorkloadPilot   10: 8192 op, 1459576.00 ns, 178.1709 ns/op
WorkloadPilot   11: 16384 op, 2906391.00 ns, 177.3920 ns/op
WorkloadPilot   12: 32768 op, 5799012.00 ns, 176.9718 ns/op
WorkloadPilot   13: 65536 op, 11351513.00 ns, 173.2103 ns/op
WorkloadPilot   14: 131072 op, 22970328.00 ns, 175.2497 ns/op
WorkloadPilot   15: 262144 op, 45848703.00 ns, 174.8989 ns/op
WorkloadPilot   16: 524288 op, 90503607.00 ns, 172.6219 ns/op
WorkloadPilot   17: 1048576 op, 114272843.00 ns, 108.9791 ns/op
WorkloadPilot   18: 2097152 op, 162503450.00 ns, 77.4877 ns/op
WorkloadPilot   19: 4194304 op, 325906631.00 ns, 77.7022 ns/op
WorkloadPilot   20: 8388608 op, 650488265.00 ns, 77.5442 ns/op

OverheadWarmup   1: 8388608 op, 27325630.00 ns, 3.2575 ns/op
OverheadWarmup   2: 8388608 op, 27306093.00 ns, 3.2551 ns/op
OverheadWarmup   3: 8388608 op, 27346815.00 ns, 3.2600 ns/op
OverheadWarmup   4: 8388608 op, 27303625.00 ns, 3.2548 ns/op
OverheadWarmup   5: 8388608 op, 27187453.00 ns, 3.2410 ns/op
OverheadWarmup   6: 8388608 op, 27282480.00 ns, 3.2523 ns/op
OverheadWarmup   7: 8388608 op, 27293064.00 ns, 3.2536 ns/op
OverheadWarmup   8: 8388608 op, 27216522.00 ns, 3.2445 ns/op

OverheadActual   1: 8388608 op, 27269976.00 ns, 3.2508 ns/op
OverheadActual   2: 8388608 op, 27071105.00 ns, 3.2271 ns/op
OverheadActual   3: 8388608 op, 27147731.00 ns, 3.2363 ns/op
OverheadActual   4: 8388608 op, 27267102.00 ns, 3.2505 ns/op
OverheadActual   5: 8388608 op, 27384555.00 ns, 3.2645 ns/op
OverheadActual   6: 8388608 op, 27078175.00 ns, 3.2280 ns/op
OverheadActual   7: 8388608 op, 27318418.00 ns, 3.2566 ns/op
OverheadActual   8: 8388608 op, 27271623.00 ns, 3.2510 ns/op
OverheadActual   9: 8388608 op, 27110086.00 ns, 3.2318 ns/op
OverheadActual  10: 8388608 op, 25420558.00 ns, 3.0304 ns/op
OverheadActual  11: 8388608 op, 17646644.00 ns, 2.1036 ns/op
OverheadActual  12: 8388608 op, 17658732.00 ns, 2.1051 ns/op
OverheadActual  13: 8388608 op, 17658780.00 ns, 2.1051 ns/op
OverheadActual  14: 8388608 op, 17654276.00 ns, 2.1046 ns/op
OverheadActual  15: 8388608 op, 17632011.00 ns, 2.1019 ns/op
OverheadActual  16: 8388608 op, 17617516.00 ns, 2.1002 ns/op
OverheadActual  17: 8388608 op, 17651638.00 ns, 2.1042 ns/op
OverheadActual  18: 8388608 op, 17646764.00 ns, 2.1037 ns/op
OverheadActual  19: 8388608 op, 17649185.00 ns, 2.1039 ns/op
OverheadActual  20: 8388608 op, 17599526.00 ns, 2.0980 ns/op

WorkloadWarmup   1: 8388608 op, 647853623.00 ns, 77.2302 ns/op
WorkloadWarmup   2: 8388608 op, 648552761.00 ns, 77.3135 ns/op
WorkloadWarmup   3: 8388608 op, 648447993.00 ns, 77.3010 ns/op
WorkloadWarmup   4: 8388608 op, 648895806.00 ns, 77.3544 ns/op
WorkloadWarmup   5: 8388608 op, 650267808.00 ns, 77.5180 ns/op
WorkloadWarmup   6: 8388608 op, 649859064.00 ns, 77.4692 ns/op

// BeforeActualRun
WorkloadActual   1: 8388608 op, 644815031.00 ns, 76.8679 ns/op
WorkloadActual   2: 8388608 op, 645580922.00 ns, 76.9592 ns/op
WorkloadActual   3: 8388608 op, 645451601.00 ns, 76.9438 ns/op
WorkloadActual   4: 8388608 op, 644934793.00 ns, 76.8822 ns/op
WorkloadActual   5: 8388608 op, 641711742.00 ns, 76.4980 ns/op
WorkloadActual   6: 8388608 op, 646961928.00 ns, 77.1239 ns/op
WorkloadActual   7: 8388608 op, 643629729.00 ns, 76.7266 ns/op
WorkloadActual   8: 8388608 op, 639186320.00 ns, 76.1969 ns/op
WorkloadActual   9: 8388608 op, 639601695.00 ns, 76.2465 ns/op
WorkloadActual  10: 8388608 op, 646364430.00 ns, 77.0526 ns/op
WorkloadActual  11: 8388608 op, 647539138.00 ns, 77.1927 ns/op
WorkloadActual  12: 8388608 op, 640566503.00 ns, 76.3615 ns/op
WorkloadActual  13: 8388608 op, 643314759.00 ns, 76.6891 ns/op
WorkloadActual  14: 8388608 op, 641033704.00 ns, 76.4172 ns/op
WorkloadActual  15: 8388608 op, 641628199.00 ns, 76.4880 ns/op

// AfterActualRun
WorkloadResult   1: 8388608 op, 623275362.00 ns, 74.3002 ns/op
WorkloadResult   2: 8388608 op, 624041253.00 ns, 74.3915 ns/op
WorkloadResult   3: 8388608 op, 623911932.00 ns, 74.3761 ns/op
WorkloadResult   4: 8388608 op, 623395124.00 ns, 74.3145 ns/op
WorkloadResult   5: 8388608 op, 620172073.00 ns, 73.9303 ns/op
WorkloadResult   6: 8388608 op, 625422259.00 ns, 74.5561 ns/op
WorkloadResult   7: 8388608 op, 622090060.00 ns, 74.1589 ns/op
WorkloadResult   8: 8388608 op, 617646651.00 ns, 73.6292 ns/op
WorkloadResult   9: 8388608 op, 618062026.00 ns, 73.6787 ns/op
WorkloadResult  10: 8388608 op, 624824761.00 ns, 74.4849 ns/op
WorkloadResult  11: 8388608 op, 625999469.00 ns, 74.6250 ns/op
WorkloadResult  12: 8388608 op, 619026834.00 ns, 73.7937 ns/op
WorkloadResult  13: 8388608 op, 621775090.00 ns, 74.1214 ns/op
WorkloadResult  14: 8388608 op, 619494035.00 ns, 73.8494 ns/op
WorkloadResult  15: 8388608 op, 620088530.00 ns, 73.9203 ns/op
// GC:  0 0 0 0 8388608
// Threading:  0 0 8388608

// AfterAll
// Benchmark Process 4426 has exited with code 0.

Mean = 74.142 ns, StdErr = 0.084 ns (0.11%), N = 15, StdDev = 0.324 ns
Min = 73.629 ns, Q1 = 73.885 ns, Median = 74.159 ns, Q3 = 74.384 ns, Max = 74.625 ns
IQR = 0.499 ns, LowerFence = 73.136 ns, UpperFence = 75.132 ns
ConfidenceInterval = [73.795 ns; 74.489 ns] (CI 99.9%), Margin = 0.347 ns (0.47% of Mean)
Skewness = -0.12, Kurtosis = 1.49, MValue = 2

// ** Remained 44 (36.7 %) benchmark(s) to run. Estimated finish 2026-09-06 6:53 (0h 6m from now) **
// Build Error: Standard output: 
  
 Standard error: 
   Determining projects to restore...
/home/runner/work/dotnet-value-objects/dotnet-value-objects/benchmarks/EricksonLopez.ValueObjects.Benchmarks/bin/Release/net10.0/EricksonLopez.ValueObjects.Benchmarks-.NET 8.0-2/BenchmarkDotNet.Autogenerated.csproj : error NU1201: Project EricksonLopez.ValueObjects.Benchmarks is not compatible with net8.0 (.NETCoreApp,Version=v8.0). Project EricksonLopez.ValueObjects.Benchmarks supports: net10.0 (.NETCoreApp,Version=v10.0)
  Failed to restore /home/runner/work/dotnet-value-objects/dotnet-value-objects/benchmarks/EricksonLopez.ValueObjects.Benchmarks/bin/Release/net10.0/EricksonLopez.ValueObjects.Benchmarks-.NET 8.0-2/BenchmarkDotNet.Autogenerated.csproj (in 209 ms).
  5 of 6 projects are up-to-date for restore.

// BenchmarkDotNet has failed to build the auto-generated boilerplate code.
// It can be found in /home/runner/work/dotnet-value-objects/dotnet-value-objects/benchmarks/EricksonLopez.ValueObjects.Benchmarks/bin/Release/net10.0/EricksonLopez.ValueObjects.Benchmarks-.NET 8.0-2
// Please follow the troubleshooting guide: https://benchmarkdotnet.org/articles/guides/troubleshooting.html

// ** Remained 43 (35.8 %) benchmark(s) to run. Estimated finish 2026-09-06 6:53 (0h 6m from now) **
// Build Error: Standard output: 
  
 Standard error: 
   Determining projects to restore...
/home/runner/work/dotnet-value-objects/dotnet-value-objects/benchmarks/EricksonLopez.ValueObjects.Benchmarks/bin/Release/net10.0/EricksonLopez.ValueObjects.Benchmarks-.NET 8.0-2/BenchmarkDotNet.Autogenerated.csproj : error NU1201: Project EricksonLopez.ValueObjects.Benchmarks is not compatible with net8.0 (.NETCoreApp,Version=v8.0). Project EricksonLopez.ValueObjects.Benchmarks supports: net10.0 (.NETCoreApp,Version=v10.0)
  Failed to restore /home/runner/work/dotnet-value-objects/dotnet-value-objects/benchmarks/EricksonLopez.ValueObjects.Benchmarks/bin/Release/net10.0/EricksonLopez.ValueObjects.Benchmarks-.NET 8.0-2/BenchmarkDotNet.Autogenerated.csproj (in 209 ms).
  5 of 6 projects are up-to-date for restore.

// BenchmarkDotNet has failed to build the auto-generated boilerplate code.
// It can be found in /home/runner/work/dotnet-value-objects/dotnet-value-objects/benchmarks/EricksonLopez.ValueObjects.Benchmarks/bin/Release/net10.0/EricksonLopez.ValueObjects.Benchmarks-.NET 8.0-2
// Please follow the troubleshooting guide: https://benchmarkdotnet.org/articles/guides/troubleshooting.html

// ** Remained 42 (35.0 %) benchmark(s) to run. Estimated finish 2026-09-06 6:53 (0h 5m from now) **
// Build Error: Standard output: 
  
 Standard error: 
   Determining projects to restore...
/home/runner/work/dotnet-value-objects/dotnet-value-objects/benchmarks/EricksonLopez.ValueObjects.Benchmarks/bin/Release/net10.0/EricksonLopez.ValueObjects.Benchmarks-.NET 8.0-2/BenchmarkDotNet.Autogenerated.csproj : error NU1201: Project EricksonLopez.ValueObjects.Benchmarks is not compatible with net8.0 (.NETCoreApp,Version=v8.0). Project EricksonLopez.ValueObjects.Benchmarks supports: net10.0 (.NETCoreApp,Version=v10.0)
  Failed to restore /home/runner/work/dotnet-value-objects/dotnet-value-objects/benchmarks/EricksonLopez.ValueObjects.Benchmarks/bin/Release/net10.0/EricksonLopez.ValueObjects.Benchmarks-.NET 8.0-2/BenchmarkDotNet.Autogenerated.csproj (in 209 ms).
  5 of 6 projects are up-to-date for restore.

// BenchmarkDotNet has failed to build the auto-generated boilerplate code.
// It can be found in /home/runner/work/dotnet-value-objects/dotnet-value-objects/benchmarks/EricksonLopez.ValueObjects.Benchmarks/bin/Release/net10.0/EricksonLopez.ValueObjects.Benchmarks-.NET 8.0-2
// Please follow the troubleshooting guide: https://benchmarkdotnet.org/articles/guides/troubleshooting.html

// ** Remained 41 (34.2 %) benchmark(s) to run. Estimated finish 2026-09-06 6:53 (0h 5m from now) **
// Build Error: Standard output: 
  
 Standard error: 
   Determining projects to restore...
/home/runner/work/dotnet-value-objects/dotnet-value-objects/benchmarks/EricksonLopez.ValueObjects.Benchmarks/bin/Release/net10.0/EricksonLopez.ValueObjects.Benchmarks-.NET 8.0-2/BenchmarkDotNet.Autogenerated.csproj : error NU1201: Project EricksonLopez.ValueObjects.Benchmarks is not compatible with net8.0 (.NETCoreApp,Version=v8.0). Project EricksonLopez.ValueObjects.Benchmarks supports: net10.0 (.NETCoreApp,Version=v10.0)
  Failed to restore /home/runner/work/dotnet-value-objects/dotnet-value-objects/benchmarks/EricksonLopez.ValueObjects.Benchmarks/bin/Release/net10.0/EricksonLopez.ValueObjects.Benchmarks-.NET 8.0-2/BenchmarkDotNet.Autogenerated.csproj (in 209 ms).
  5 of 6 projects are up-to-date for restore.

// BenchmarkDotNet has failed to build the auto-generated boilerplate code.
// It can be found in /home/runner/work/dotnet-value-objects/dotnet-value-objects/benchmarks/EricksonLopez.ValueObjects.Benchmarks/bin/Release/net10.0/EricksonLopez.ValueObjects.Benchmarks-.NET 8.0-2
// Please follow the troubleshooting guide: https://benchmarkdotnet.org/articles/guides/troubleshooting.html

// ** Remained 40 (33.3 %) benchmark(s) to run. Estimated finish 2026-09-06 6:52 (0h 5m from now) **
// Build Error: Standard output: 
  
 Standard error: 
   Determining projects to restore...
/home/runner/work/dotnet-value-objects/dotnet-value-objects/benchmarks/EricksonLopez.ValueObjects.Benchmarks/bin/Release/net10.0/EricksonLopez.ValueObjects.Benchmarks-.NET 8.0-2/BenchmarkDotNet.Autogenerated.csproj : error NU1201: Project EricksonLopez.ValueObjects.Benchmarks is not compatible with net8.0 (.NETCoreApp,Version=v8.0). Project EricksonLopez.ValueObjects.Benchmarks supports: net10.0 (.NETCoreApp,Version=v10.0)
  Failed to restore /home/runner/work/dotnet-value-objects/dotnet-value-objects/benchmarks/EricksonLopez.ValueObjects.Benchmarks/bin/Release/net10.0/EricksonLopez.ValueObjects.Benchmarks-.NET 8.0-2/BenchmarkDotNet.Autogenerated.csproj (in 209 ms).
  5 of 6 projects are up-to-date for restore.

// BenchmarkDotNet has failed to build the auto-generated boilerplate code.
// It can be found in /home/runner/work/dotnet-value-objects/dotnet-value-objects/benchmarks/EricksonLopez.ValueObjects.Benchmarks/bin/Release/net10.0/EricksonLopez.ValueObjects.Benchmarks-.NET 8.0-2
// Please follow the troubleshooting guide: https://benchmarkdotnet.org/articles/guides/troubleshooting.html

// ** Remained 39 (32.5 %) benchmark(s) to run. Estimated finish 2026-09-06 6:52 (0h 5m from now) **
// Build Error: Standard output: 
  
 Standard error: 
   Determining projects to restore...
/home/runner/work/dotnet-value-objects/dotnet-value-objects/benchmarks/EricksonLopez.ValueObjects.Benchmarks/bin/Release/net10.0/EricksonLopez.ValueObjects.Benchmarks-.NET 8.0-2/BenchmarkDotNet.Autogenerated.csproj : error NU1201: Project EricksonLopez.ValueObjects.Benchmarks is not compatible with net8.0 (.NETCoreApp,Version=v8.0). Project EricksonLopez.ValueObjects.Benchmarks supports: net10.0 (.NETCoreApp,Version=v10.0)
  Failed to restore /home/runner/work/dotnet-value-objects/dotnet-value-objects/benchmarks/EricksonLopez.ValueObjects.Benchmarks/bin/Release/net10.0/EricksonLopez.ValueObjects.Benchmarks-.NET 8.0-2/BenchmarkDotNet.Autogenerated.csproj (in 209 ms).
  5 of 6 projects are up-to-date for restore.

// BenchmarkDotNet has failed to build the auto-generated boilerplate code.
// It can be found in /home/runner/work/dotnet-value-objects/dotnet-value-objects/benchmarks/EricksonLopez.ValueObjects.Benchmarks/bin/Release/net10.0/EricksonLopez.ValueObjects.Benchmarks-.NET 8.0-2
// Please follow the troubleshooting guide: https://benchmarkdotnet.org/articles/guides/troubleshooting.html

// ** Remained 38 (31.7 %) benchmark(s) to run. Estimated finish 2026-09-06 6:52 (0h 5m from now) **
// Build Error: Standard output: 
  
 Standard error: 
   Determining projects to restore...
/home/runner/work/dotnet-value-objects/dotnet-value-objects/benchmarks/EricksonLopez.ValueObjects.Benchmarks/bin/Release/net10.0/EricksonLopez.ValueObjects.Benchmarks-.NET 8.0-2/BenchmarkDotNet.Autogenerated.csproj : error NU1201: Project EricksonLopez.ValueObjects.Benchmarks is not compatible with net8.0 (.NETCoreApp,Version=v8.0). Project EricksonLopez.ValueObjects.Benchmarks supports: net10.0 (.NETCoreApp,Version=v10.0)
  Failed to restore /home/runner/work/dotnet-value-objects/dotnet-value-objects/benchmarks/EricksonLopez.ValueObjects.Benchmarks/bin/Release/net10.0/EricksonLopez.ValueObjects.Benchmarks-.NET 8.0-2/BenchmarkDotNet.Autogenerated.csproj (in 209 ms).
  5 of 6 projects are up-to-date for restore.

// BenchmarkDotNet has failed to build the auto-generated boilerplate code.
// It can be found in /home/runner/work/dotnet-value-objects/dotnet-value-objects/benchmarks/EricksonLopez.ValueObjects.Benchmarks/bin/Release/net10.0/EricksonLopez.ValueObjects.Benchmarks-.NET 8.0-2
// Please follow the troubleshooting guide: https://benchmarkdotnet.org/articles/guides/troubleshooting.html

// ** Remained 37 (30.8 %) benchmark(s) to run. Estimated finish 2026-09-06 6:52 (0h 4m from now) **
// Build Error: Standard output: 
  
 Standard error: 
   Determining projects to restore...
/home/runner/work/dotnet-value-objects/dotnet-value-objects/benchmarks/EricksonLopez.ValueObjects.Benchmarks/bin/Release/net10.0/EricksonLopez.ValueObjects.Benchmarks-.NET 8.0-2/BenchmarkDotNet.Autogenerated.csproj : error NU1201: Project EricksonLopez.ValueObjects.Benchmarks is not compatible with net8.0 (.NETCoreApp,Version=v8.0). Project EricksonLopez.ValueObjects.Benchmarks supports: net10.0 (.NETCoreApp,Version=v10.0)
  Failed to restore /home/runner/work/dotnet-value-objects/dotnet-value-objects/benchmarks/EricksonLopez.ValueObjects.Benchmarks/bin/Release/net10.0/EricksonLopez.ValueObjects.Benchmarks-.NET 8.0-2/BenchmarkDotNet.Autogenerated.csproj (in 209 ms).
  5 of 6 projects are up-to-date for restore.

// BenchmarkDotNet has failed to build the auto-generated boilerplate code.
// It can be found in /home/runner/work/dotnet-value-objects/dotnet-value-objects/benchmarks/EricksonLopez.ValueObjects.Benchmarks/bin/Release/net10.0/EricksonLopez.ValueObjects.Benchmarks-.NET 8.0-2
// Please follow the troubleshooting guide: https://benchmarkdotnet.org/articles/guides/troubleshooting.html

// ** Remained 36 (30.0 %) benchmark(s) to run. Estimated finish 2026-09-06 6:52 (0h 4m from now) **
// Build Error: Standard output: 
  
 Standard error: 
   Determining projects to restore...
/home/runner/work/dotnet-value-objects/dotnet-value-objects/benchmarks/EricksonLopez.ValueObjects.Benchmarks/bin/Release/net10.0/EricksonLopez.ValueObjects.Benchmarks-.NET 8.0-2/BenchmarkDotNet.Autogenerated.csproj : error NU1201: Project EricksonLopez.ValueObjects.Benchmarks is not compatible with net8.0 (.NETCoreApp,Version=v8.0). Project EricksonLopez.ValueObjects.Benchmarks supports: net10.0 (.NETCoreApp,Version=v10.0)
  Failed to restore /home/runner/work/dotnet-value-objects/dotnet-value-objects/benchmarks/EricksonLopez.ValueObjects.Benchmarks/bin/Release/net10.0/EricksonLopez.ValueObjects.Benchmarks-.NET 8.0-2/BenchmarkDotNet.Autogenerated.csproj (in 209 ms).
  5 of 6 projects are up-to-date for restore.

// BenchmarkDotNet has failed to build the auto-generated boilerplate code.
// It can be found in /home/runner/work/dotnet-value-objects/dotnet-value-objects/benchmarks/EricksonLopez.ValueObjects.Benchmarks/bin/Release/net10.0/EricksonLopez.ValueObjects.Benchmarks-.NET 8.0-2
// Please follow the troubleshooting guide: https://benchmarkdotnet.org/articles/guides/troubleshooting.html

// ** Remained 35 (29.2 %) benchmark(s) to run. Estimated finish 2026-09-06 6:51 (0h 4m from now) **
// Build Error: Standard output: 
  
 Standard error: 
   Determining projects to restore...
/home/runner/work/dotnet-value-objects/dotnet-value-objects/benchmarks/EricksonLopez.ValueObjects.Benchmarks/bin/Release/net10.0/EricksonLopez.ValueObjects.Benchmarks-.NET 8.0-2/BenchmarkDotNet.Autogenerated.csproj : error NU1201: Project EricksonLopez.ValueObjects.Benchmarks is not compatible with net8.0 (.NETCoreApp,Version=v8.0). Project EricksonLopez.ValueObjects.Benchmarks supports: net10.0 (.NETCoreApp,Version=v10.0)
  Failed to restore /home/runner/work/dotnet-value-objects/dotnet-value-objects/benchmarks/EricksonLopez.ValueObjects.Benchmarks/bin/Release/net10.0/EricksonLopez.ValueObjects.Benchmarks-.NET 8.0-2/BenchmarkDotNet.Autogenerated.csproj (in 209 ms).
  5 of 6 projects are up-to-date for restore.

// BenchmarkDotNet has failed to build the auto-generated boilerplate code.
// It can be found in /home/runner/work/dotnet-value-objects/dotnet-value-objects/benchmarks/EricksonLopez.ValueObjects.Benchmarks/bin/Release/net10.0/EricksonLopez.ValueObjects.Benchmarks-.NET 8.0-2
// Please follow the troubleshooting guide: https://benchmarkdotnet.org/articles/guides/troubleshooting.html

// ** Remained 34 (28.3 %) benchmark(s) to run. Estimated finish 2026-09-06 6:51 (0h 4m from now) **
// Build Error: Standard output: 
  
 Standard error: 
   Determining projects to restore...
/home/runner/work/dotnet-value-objects/dotnet-value-objects/benchmarks/EricksonLopez.ValueObjects.Benchmarks/bin/Release/net10.0/EricksonLopez.ValueObjects.Benchmarks-.NET 8.0-2/BenchmarkDotNet.Autogenerated.csproj : error NU1201: Project EricksonLopez.ValueObjects.Benchmarks is not compatible with net8.0 (.NETCoreApp,Version=v8.0). Project EricksonLopez.ValueObjects.Benchmarks supports: net10.0 (.NETCoreApp,Version=v10.0)
  Failed to restore /home/runner/work/dotnet-value-objects/dotnet-value-objects/benchmarks/EricksonLopez.ValueObjects.Benchmarks/bin/Release/net10.0/EricksonLopez.ValueObjects.Benchmarks-.NET 8.0-2/BenchmarkDotNet.Autogenerated.csproj (in 209 ms).
  5 of 6 projects are up-to-date for restore.

// BenchmarkDotNet has failed to build the auto-generated boilerplate code.
// It can be found in /home/runner/work/dotnet-value-objects/dotnet-value-objects/benchmarks/EricksonLopez.ValueObjects.Benchmarks/bin/Release/net10.0/EricksonLopez.ValueObjects.Benchmarks-.NET 8.0-2
// Please follow the troubleshooting guide: https://benchmarkdotnet.org/articles/guides/troubleshooting.html

// ** Remained 33 (27.5 %) benchmark(s) to run. Estimated finish 2026-09-06 6:51 (0h 4m from now) **
// Build Error: Standard output: 
  
 Standard error: 
   Determining projects to restore...
/home/runner/work/dotnet-value-objects/dotnet-value-objects/benchmarks/EricksonLopez.ValueObjects.Benchmarks/bin/Release/net10.0/EricksonLopez.ValueObjects.Benchmarks-.NET 8.0-2/BenchmarkDotNet.Autogenerated.csproj : error NU1201: Project EricksonLopez.ValueObjects.Benchmarks is not compatible with net8.0 (.NETCoreApp,Version=v8.0). Project EricksonLopez.ValueObjects.Benchmarks supports: net10.0 (.NETCoreApp,Version=v10.0)
  Failed to restore /home/runner/work/dotnet-value-objects/dotnet-value-objects/benchmarks/EricksonLopez.ValueObjects.Benchmarks/bin/Release/net10.0/EricksonLopez.ValueObjects.Benchmarks-.NET 8.0-2/BenchmarkDotNet.Autogenerated.csproj (in 209 ms).
  5 of 6 projects are up-to-date for restore.

// BenchmarkDotNet has failed to build the auto-generated boilerplate code.
// It can be found in /home/runner/work/dotnet-value-objects/dotnet-value-objects/benchmarks/EricksonLopez.ValueObjects.Benchmarks/bin/Release/net10.0/EricksonLopez.ValueObjects.Benchmarks-.NET 8.0-2
// Please follow the troubleshooting guide: https://benchmarkdotnet.org/articles/guides/troubleshooting.html

// ** Remained 32 (26.7 %) benchmark(s) to run. Estimated finish 2026-09-06 6:51 (0h 3m from now) **
// Build Error: Standard output: 
  
 Standard error: 
   Determining projects to restore...
/home/runner/work/dotnet-value-objects/dotnet-value-objects/benchmarks/EricksonLopez.ValueObjects.Benchmarks/bin/Release/net10.0/EricksonLopez.ValueObjects.Benchmarks-.NET 8.0-2/BenchmarkDotNet.Autogenerated.csproj : error NU1201: Project EricksonLopez.ValueObjects.Benchmarks is not compatible with net8.0 (.NETCoreApp,Version=v8.0). Project EricksonLopez.ValueObjects.Benchmarks supports: net10.0 (.NETCoreApp,Version=v10.0)
  Failed to restore /home/runner/work/dotnet-value-objects/dotnet-value-objects/benchmarks/EricksonLopez.ValueObjects.Benchmarks/bin/Release/net10.0/EricksonLopez.ValueObjects.Benchmarks-.NET 8.0-2/BenchmarkDotNet.Autogenerated.csproj (in 209 ms).
  5 of 6 projects are up-to-date for restore.

// BenchmarkDotNet has failed to build the auto-generated boilerplate code.
// It can be found in /home/runner/work/dotnet-value-objects/dotnet-value-objects/benchmarks/EricksonLopez.ValueObjects.Benchmarks/bin/Release/net10.0/EricksonLopez.ValueObjects.Benchmarks-.NET 8.0-2
// Please follow the troubleshooting guide: https://benchmarkdotnet.org/articles/guides/troubleshooting.html

// ** Remained 31 (25.8 %) benchmark(s) to run. Estimated finish 2026-09-06 6:51 (0h 3m from now) **
// Build Error: Standard output: 
  
 Standard error: 
   Determining projects to restore...
/home/runner/work/dotnet-value-objects/dotnet-value-objects/benchmarks/EricksonLopez.ValueObjects.Benchmarks/bin/Release/net10.0/EricksonLopez.ValueObjects.Benchmarks-.NET 8.0-2/BenchmarkDotNet.Autogenerated.csproj : error NU1201: Project EricksonLopez.ValueObjects.Benchmarks is not compatible with net8.0 (.NETCoreApp,Version=v8.0). Project EricksonLopez.ValueObjects.Benchmarks supports: net10.0 (.NETCoreApp,Version=v10.0)
  Failed to restore /home/runner/work/dotnet-value-objects/dotnet-value-objects/benchmarks/EricksonLopez.ValueObjects.Benchmarks/bin/Release/net10.0/EricksonLopez.ValueObjects.Benchmarks-.NET 8.0-2/BenchmarkDotNet.Autogenerated.csproj (in 209 ms).
  5 of 6 projects are up-to-date for restore.

// BenchmarkDotNet has failed to build the auto-generated boilerplate code.
// It can be found in /home/runner/work/dotnet-value-objects/dotnet-value-objects/benchmarks/EricksonLopez.ValueObjects.Benchmarks/bin/Release/net10.0/EricksonLopez.ValueObjects.Benchmarks-.NET 8.0-2
// Please follow the troubleshooting guide: https://benchmarkdotnet.org/articles/guides/troubleshooting.html

// ** Remained 30 (25.0 %) benchmark(s) to run. Estimated finish 2026-09-06 6:51 (0h 3m from now) **
// Build Error: Standard output: 
  
 Standard error: 
   Determining projects to restore...
/home/runner/work/dotnet-value-objects/dotnet-value-objects/benchmarks/EricksonLopez.ValueObjects.Benchmarks/bin/Release/net10.0/EricksonLopez.ValueObjects.Benchmarks-.NET 8.0-2/BenchmarkDotNet.Autogenerated.csproj : error NU1201: Project EricksonLopez.ValueObjects.Benchmarks is not compatible with net8.0 (.NETCoreApp,Version=v8.0). Project EricksonLopez.ValueObjects.Benchmarks supports: net10.0 (.NETCoreApp,Version=v10.0)
  Failed to restore /home/runner/work/dotnet-value-objects/dotnet-value-objects/benchmarks/EricksonLopez.ValueObjects.Benchmarks/bin/Release/net10.0/EricksonLopez.ValueObjects.Benchmarks-.NET 8.0-2/BenchmarkDotNet.Autogenerated.csproj (in 209 ms).
  5 of 6 projects are up-to-date for restore.

// BenchmarkDotNet has failed to build the auto-generated boilerplate code.
// It can be found in /home/runner/work/dotnet-value-objects/dotnet-value-objects/benchmarks/EricksonLopez.ValueObjects.Benchmarks/bin/Release/net10.0/EricksonLopez.ValueObjects.Benchmarks-.NET 8.0-2
// Please follow the troubleshooting guide: https://benchmarkdotnet.org/articles/guides/troubleshooting.html

// ** Remained 29 (24.2 %) benchmark(s) to run. Estimated finish 2026-09-06 6:50 (0h 3m from now) **
// Build Error: Standard output: 
  
 Standard error: 
   Determining projects to restore...
/home/runner/work/dotnet-value-objects/dotnet-value-objects/benchmarks/EricksonLopez.ValueObjects.Benchmarks/bin/Release/net10.0/EricksonLopez.ValueObjects.Benchmarks-.NET 8.0-2/BenchmarkDotNet.Autogenerated.csproj : error NU1201: Project EricksonLopez.ValueObjects.Benchmarks is not compatible with net8.0 (.NETCoreApp,Version=v8.0). Project EricksonLopez.ValueObjects.Benchmarks supports: net10.0 (.NETCoreApp,Version=v10.0)
  Failed to restore /home/runner/work/dotnet-value-objects/dotnet-value-objects/benchmarks/EricksonLopez.ValueObjects.Benchmarks/bin/Release/net10.0/EricksonLopez.ValueObjects.Benchmarks-.NET 8.0-2/BenchmarkDotNet.Autogenerated.csproj (in 209 ms).
  5 of 6 projects are up-to-date for restore.

// BenchmarkDotNet has failed to build the auto-generated boilerplate code.
// It can be found in /home/runner/work/dotnet-value-objects/dotnet-value-objects/benchmarks/EricksonLopez.ValueObjects.Benchmarks/bin/Release/net10.0/EricksonLopez.ValueObjects.Benchmarks-.NET 8.0-2
// Please follow the troubleshooting guide: https://benchmarkdotnet.org/articles/guides/troubleshooting.html

// ** Remained 28 (23.3 %) benchmark(s) to run. Estimated finish 2026-09-06 6:50 (0h 3m from now) **
// Build Error: Standard output: 
  
 Standard error: 
   Determining projects to restore...
/home/runner/work/dotnet-value-objects/dotnet-value-objects/benchmarks/EricksonLopez.ValueObjects.Benchmarks/bin/Release/net10.0/EricksonLopez.ValueObjects.Benchmarks-.NET 8.0-2/BenchmarkDotNet.Autogenerated.csproj : error NU1201: Project EricksonLopez.ValueObjects.Benchmarks is not compatible with net8.0 (.NETCoreApp,Version=v8.0). Project EricksonLopez.ValueObjects.Benchmarks supports: net10.0 (.NETCoreApp,Version=v10.0)
  Failed to restore /home/runner/work/dotnet-value-objects/dotnet-value-objects/benchmarks/EricksonLopez.ValueObjects.Benchmarks/bin/Release/net10.0/EricksonLopez.ValueObjects.Benchmarks-.NET 8.0-2/BenchmarkDotNet.Autogenerated.csproj (in 209 ms).
  5 of 6 projects are up-to-date for restore.

// BenchmarkDotNet has failed to build the auto-generated boilerplate code.
// It can be found in /home/runner/work/dotnet-value-objects/dotnet-value-objects/benchmarks/EricksonLopez.ValueObjects.Benchmarks/bin/Release/net10.0/EricksonLopez.ValueObjects.Benchmarks-.NET 8.0-2
// Please follow the troubleshooting guide: https://benchmarkdotnet.org/articles/guides/troubleshooting.html

// ** Remained 27 (22.5 %) benchmark(s) to run. Estimated finish 2026-09-06 6:50 (0h 3m from now) **
// Build Error: Standard output: 
  
 Standard error: 
   Determining projects to restore...
/home/runner/work/dotnet-value-objects/dotnet-value-objects/benchmarks/EricksonLopez.ValueObjects.Benchmarks/bin/Release/net10.0/EricksonLopez.ValueObjects.Benchmarks-.NET 8.0-2/BenchmarkDotNet.Autogenerated.csproj : error NU1201: Project EricksonLopez.ValueObjects.Benchmarks is not compatible with net8.0 (.NETCoreApp,Version=v8.0). Project EricksonLopez.ValueObjects.Benchmarks supports: net10.0 (.NETCoreApp,Version=v10.0)
  Failed to restore /home/runner/work/dotnet-value-objects/dotnet-value-objects/benchmarks/EricksonLopez.ValueObjects.Benchmarks/bin/Release/net10.0/EricksonLopez.ValueObjects.Benchmarks-.NET 8.0-2/BenchmarkDotNet.Autogenerated.csproj (in 209 ms).
  5 of 6 projects are up-to-date for restore.

// BenchmarkDotNet has failed to build the auto-generated boilerplate code.
// It can be found in /home/runner/work/dotnet-value-objects/dotnet-value-objects/benchmarks/EricksonLopez.ValueObjects.Benchmarks/bin/Release/net10.0/EricksonLopez.ValueObjects.Benchmarks-.NET 8.0-2
// Please follow the troubleshooting guide: https://benchmarkdotnet.org/articles/guides/troubleshooting.html

// ** Remained 26 (21.7 %) benchmark(s) to run. Estimated finish 2026-09-06 6:50 (0h 2m from now) **
// Build Error: Standard output: 
  
 Standard error: 
   Determining projects to restore...
/home/runner/work/dotnet-value-objects/dotnet-value-objects/benchmarks/EricksonLopez.ValueObjects.Benchmarks/bin/Release/net10.0/EricksonLopez.ValueObjects.Benchmarks-.NET 8.0-2/BenchmarkDotNet.Autogenerated.csproj : error NU1201: Project EricksonLopez.ValueObjects.Benchmarks is not compatible with net8.0 (.NETCoreApp,Version=v8.0). Project EricksonLopez.ValueObjects.Benchmarks supports: net10.0 (.NETCoreApp,Version=v10.0)
  Failed to restore /home/runner/work/dotnet-value-objects/dotnet-value-objects/benchmarks/EricksonLopez.ValueObjects.Benchmarks/bin/Release/net10.0/EricksonLopez.ValueObjects.Benchmarks-.NET 8.0-2/BenchmarkDotNet.Autogenerated.csproj (in 209 ms).
  5 of 6 projects are up-to-date for restore.

// BenchmarkDotNet has failed to build the auto-generated boilerplate code.
// It can be found in /home/runner/work/dotnet-value-objects/dotnet-value-objects/benchmarks/EricksonLopez.ValueObjects.Benchmarks/bin/Release/net10.0/EricksonLopez.ValueObjects.Benchmarks-.NET 8.0-2
// Please follow the troubleshooting guide: https://benchmarkdotnet.org/articles/guides/troubleshooting.html

// ** Remained 25 (20.8 %) benchmark(s) to run. Estimated finish 2026-09-06 6:50 (0h 2m from now) **
// Build Error: Standard output: 
  
 Standard error: 
   Determining projects to restore...
/home/runner/work/dotnet-value-objects/dotnet-value-objects/benchmarks/EricksonLopez.ValueObjects.Benchmarks/bin/Release/net10.0/EricksonLopez.ValueObjects.Benchmarks-.NET 8.0-2/BenchmarkDotNet.Autogenerated.csproj : error NU1201: Project EricksonLopez.ValueObjects.Benchmarks is not compatible with net8.0 (.NETCoreApp,Version=v8.0). Project EricksonLopez.ValueObjects.Benchmarks supports: net10.0 (.NETCoreApp,Version=v10.0)
  Failed to restore /home/runner/work/dotnet-value-objects/dotnet-value-objects/benchmarks/EricksonLopez.ValueObjects.Benchmarks/bin/Release/net10.0/EricksonLopez.ValueObjects.Benchmarks-.NET 8.0-2/BenchmarkDotNet.Autogenerated.csproj (in 209 ms).
  5 of 6 projects are up-to-date for restore.

// BenchmarkDotNet has failed to build the auto-generated boilerplate code.
// It can be found in /home/runner/work/dotnet-value-objects/dotnet-value-objects/benchmarks/EricksonLopez.ValueObjects.Benchmarks/bin/Release/net10.0/EricksonLopez.ValueObjects.Benchmarks-.NET 8.0-2
// Please follow the troubleshooting guide: https://benchmarkdotnet.org/articles/guides/troubleshooting.html

// ** Remained 24 (20.0 %) benchmark(s) to run. Estimated finish 2026-09-06 6:50 (0h 2m from now) **
// Build Error: Standard output: 
  
 Standard error: 
   Determining projects to restore...
/home/runner/work/dotnet-value-objects/dotnet-value-objects/benchmarks/EricksonLopez.ValueObjects.Benchmarks/bin/Release/net10.0/EricksonLopez.ValueObjects.Benchmarks-.NET 8.0-2/BenchmarkDotNet.Autogenerated.csproj : error NU1201: Project EricksonLopez.ValueObjects.Benchmarks is not compatible with net8.0 (.NETCoreApp,Version=v8.0). Project EricksonLopez.ValueObjects.Benchmarks supports: net10.0 (.NETCoreApp,Version=v10.0)
  Failed to restore /home/runner/work/dotnet-value-objects/dotnet-value-objects/benchmarks/EricksonLopez.ValueObjects.Benchmarks/bin/Release/net10.0/EricksonLopez.ValueObjects.Benchmarks-.NET 8.0-2/BenchmarkDotNet.Autogenerated.csproj (in 209 ms).
  5 of 6 projects are up-to-date for restore.

// BenchmarkDotNet has failed to build the auto-generated boilerplate code.
// It can be found in /home/runner/work/dotnet-value-objects/dotnet-value-objects/benchmarks/EricksonLopez.ValueObjects.Benchmarks/bin/Release/net10.0/EricksonLopez.ValueObjects.Benchmarks-.NET 8.0-2
// Please follow the troubleshooting guide: https://benchmarkdotnet.org/articles/guides/troubleshooting.html

// ** Remained 23 (19.2 %) benchmark(s) to run. Estimated finish 2026-09-06 6:49 (0h 2m from now) **
// Build Error: Standard output: 
  
 Standard error: 
   Determining projects to restore...
/home/runner/work/dotnet-value-objects/dotnet-value-objects/benchmarks/EricksonLopez.ValueObjects.Benchmarks/bin/Release/net10.0/EricksonLopez.ValueObjects.Benchmarks-.NET 8.0-2/BenchmarkDotNet.Autogenerated.csproj : error NU1201: Project EricksonLopez.ValueObjects.Benchmarks is not compatible with net8.0 (.NETCoreApp,Version=v8.0). Project EricksonLopez.ValueObjects.Benchmarks supports: net10.0 (.NETCoreApp,Version=v10.0)
  Failed to restore /home/runner/work/dotnet-value-objects/dotnet-value-objects/benchmarks/EricksonLopez.ValueObjects.Benchmarks/bin/Release/net10.0/EricksonLopez.ValueObjects.Benchmarks-.NET 8.0-2/BenchmarkDotNet.Autogenerated.csproj (in 209 ms).
  5 of 6 projects are up-to-date for restore.

// BenchmarkDotNet has failed to build the auto-generated boilerplate code.
// It can be found in /home/runner/work/dotnet-value-objects/dotnet-value-objects/benchmarks/EricksonLopez.ValueObjects.Benchmarks/bin/Release/net10.0/EricksonLopez.ValueObjects.Benchmarks-.NET 8.0-2
// Please follow the troubleshooting guide: https://benchmarkdotnet.org/articles/guides/troubleshooting.html

// ** Remained 22 (18.3 %) benchmark(s) to run. Estimated finish 2026-09-06 6:49 (0h 2m from now) **
// Build Error: Standard output: 
  
 Standard error: 
   Determining projects to restore...
/home/runner/work/dotnet-value-objects/dotnet-value-objects/benchmarks/EricksonLopez.ValueObjects.Benchmarks/bin/Release/net10.0/EricksonLopez.ValueObjects.Benchmarks-.NET 9.0-3/BenchmarkDotNet.Autogenerated.csproj : error NU1201: Project EricksonLopez.ValueObjects.Benchmarks is not compatible with net9.0 (.NETCoreApp,Version=v9.0). Project EricksonLopez.ValueObjects.Benchmarks supports: net10.0 (.NETCoreApp,Version=v10.0)
  Failed to restore /home/runner/work/dotnet-value-objects/dotnet-value-objects/benchmarks/EricksonLopez.ValueObjects.Benchmarks/bin/Release/net10.0/EricksonLopez.ValueObjects.Benchmarks-.NET 9.0-3/BenchmarkDotNet.Autogenerated.csproj (in 221 ms).
  5 of 6 projects are up-to-date for restore.

// BenchmarkDotNet has failed to build the auto-generated boilerplate code.
// It can be found in /home/runner/work/dotnet-value-objects/dotnet-value-objects/benchmarks/EricksonLopez.ValueObjects.Benchmarks/bin/Release/net10.0/EricksonLopez.ValueObjects.Benchmarks-.NET 9.0-3
// Please follow the troubleshooting guide: https://benchmarkdotnet.org/articles/guides/troubleshooting.html

// ** Remained 21 (17.5 %) benchmark(s) to run. Estimated finish 2026-09-06 6:49 (0h 2m from now) **
// Build Error: Standard output: 
  
 Standard error: 
   Determining projects to restore...
/home/runner/work/dotnet-value-objects/dotnet-value-objects/benchmarks/EricksonLopez.ValueObjects.Benchmarks/bin/Release/net10.0/EricksonLopez.ValueObjects.Benchmarks-.NET 9.0-3/BenchmarkDotNet.Autogenerated.csproj : error NU1201: Project EricksonLopez.ValueObjects.Benchmarks is not compatible with net9.0 (.NETCoreApp,Version=v9.0). Project EricksonLopez.ValueObjects.Benchmarks supports: net10.0 (.NETCoreApp,Version=v10.0)
  Failed to restore /home/runner/work/dotnet-value-objects/dotnet-value-objects/benchmarks/EricksonLopez.ValueObjects.Benchmarks/bin/Release/net10.0/EricksonLopez.ValueObjects.Benchmarks-.NET 9.0-3/BenchmarkDotNet.Autogenerated.csproj (in 221 ms).
  5 of 6 projects are up-to-date for restore.

// BenchmarkDotNet has failed to build the auto-generated boilerplate code.
// It can be found in /home/runner/work/dotnet-value-objects/dotnet-value-objects/benchmarks/EricksonLopez.ValueObjects.Benchmarks/bin/Release/net10.0/EricksonLopez.ValueObjects.Benchmarks-.NET 9.0-3
// Please follow the troubleshooting guide: https://benchmarkdotnet.org/articles/guides/troubleshooting.html

// ** Remained 20 (16.7 %) benchmark(s) to run. Estimated finish 2026-09-06 6:49 (0h 2m from now) **
// Build Error: Standard output: 
  
 Standard error: 
   Determining projects to restore...
/home/runner/work/dotnet-value-objects/dotnet-value-objects/benchmarks/EricksonLopez.ValueObjects.Benchmarks/bin/Release/net10.0/EricksonLopez.ValueObjects.Benchmarks-.NET 9.0-3/BenchmarkDotNet.Autogenerated.csproj : error NU1201: Project EricksonLopez.ValueObjects.Benchmarks is not compatible with net9.0 (.NETCoreApp,Version=v9.0). Project EricksonLopez.ValueObjects.Benchmarks supports: net10.0 (.NETCoreApp,Version=v10.0)
  Failed to restore /home/runner/work/dotnet-value-objects/dotnet-value-objects/benchmarks/EricksonLopez.ValueObjects.Benchmarks/bin/Release/net10.0/EricksonLopez.ValueObjects.Benchmarks-.NET 9.0-3/BenchmarkDotNet.Autogenerated.csproj (in 221 ms).
  5 of 6 projects are up-to-date for restore.

// BenchmarkDotNet has failed to build the auto-generated boilerplate code.
// It can be found in /home/runner/work/dotnet-value-objects/dotnet-value-objects/benchmarks/EricksonLopez.ValueObjects.Benchmarks/bin/Release/net10.0/EricksonLopez.ValueObjects.Benchmarks-.NET 9.0-3
// Please follow the troubleshooting guide: https://benchmarkdotnet.org/articles/guides/troubleshooting.html

// ** Remained 19 (15.8 %) benchmark(s) to run. Estimated finish 2026-09-06 6:49 (0h 2m from now) **
// Build Error: Standard output: 
  
 Standard error: 
   Determining projects to restore...
/home/runner/work/dotnet-value-objects/dotnet-value-objects/benchmarks/EricksonLopez.ValueObjects.Benchmarks/bin/Release/net10.0/EricksonLopez.ValueObjects.Benchmarks-.NET 9.0-3/BenchmarkDotNet.Autogenerated.csproj : error NU1201: Project EricksonLopez.ValueObjects.Benchmarks is not compatible with net9.0 (.NETCoreApp,Version=v9.0). Project EricksonLopez.ValueObjects.Benchmarks supports: net10.0 (.NETCoreApp,Version=v10.0)
  Failed to restore /home/runner/work/dotnet-value-objects/dotnet-value-objects/benchmarks/EricksonLopez.ValueObjects.Benchmarks/bin/Release/net10.0/EricksonLopez.ValueObjects.Benchmarks-.NET 9.0-3/BenchmarkDotNet.Autogenerated.csproj (in 221 ms).
  5 of 6 projects are up-to-date for restore.

// BenchmarkDotNet has failed to build the auto-generated boilerplate code.
// It can be found in /home/runner/work/dotnet-value-objects/dotnet-value-objects/benchmarks/EricksonLopez.ValueObjects.Benchmarks/bin/Release/net10.0/EricksonLopez.ValueObjects.Benchmarks-.NET 9.0-3
// Please follow the troubleshooting guide: https://benchmarkdotnet.org/articles/guides/troubleshooting.html

// ** Remained 18 (15.0 %) benchmark(s) to run. Estimated finish 2026-09-06 6:49 (0h 1m from now) **
// Build Error: Standard output: 
  
 Standard error: 
   Determining projects to restore...
/home/runner/work/dotnet-value-objects/dotnet-value-objects/benchmarks/EricksonLopez.ValueObjects.Benchmarks/bin/Release/net10.0/EricksonLopez.ValueObjects.Benchmarks-.NET 9.0-3/BenchmarkDotNet.Autogenerated.csproj : error NU1201: Project EricksonLopez.ValueObjects.Benchmarks is not compatible with net9.0 (.NETCoreApp,Version=v9.0). Project EricksonLopez.ValueObjects.Benchmarks supports: net10.0 (.NETCoreApp,Version=v10.0)
  Failed to restore /home/runner/work/dotnet-value-objects/dotnet-value-objects/benchmarks/EricksonLopez.ValueObjects.Benchmarks/bin/Release/net10.0/EricksonLopez.ValueObjects.Benchmarks-.NET 9.0-3/BenchmarkDotNet.Autogenerated.csproj (in 221 ms).
  5 of 6 projects are up-to-date for restore.

// BenchmarkDotNet has failed to build the auto-generated boilerplate code.
// It can be found in /home/runner/work/dotnet-value-objects/dotnet-value-objects/benchmarks/EricksonLopez.ValueObjects.Benchmarks/bin/Release/net10.0/EricksonLopez.ValueObjects.Benchmarks-.NET 9.0-3
// Please follow the troubleshooting guide: https://benchmarkdotnet.org/articles/guides/troubleshooting.html

// ** Remained 17 (14.2 %) benchmark(s) to run. Estimated finish 2026-09-06 6:49 (0h 1m from now) **
// Build Error: Standard output: 
  
 Standard error: 
   Determining projects to restore...
/home/runner/work/dotnet-value-objects/dotnet-value-objects/benchmarks/EricksonLopez.ValueObjects.Benchmarks/bin/Release/net10.0/EricksonLopez.ValueObjects.Benchmarks-.NET 9.0-3/BenchmarkDotNet.Autogenerated.csproj : error NU1201: Project EricksonLopez.ValueObjects.Benchmarks is not compatible with net9.0 (.NETCoreApp,Version=v9.0). Project EricksonLopez.ValueObjects.Benchmarks supports: net10.0 (.NETCoreApp,Version=v10.0)
  Failed to restore /home/runner/work/dotnet-value-objects/dotnet-value-objects/benchmarks/EricksonLopez.ValueObjects.Benchmarks/bin/Release/net10.0/EricksonLopez.ValueObjects.Benchmarks-.NET 9.0-3/BenchmarkDotNet.Autogenerated.csproj (in 221 ms).
  5 of 6 projects are up-to-date for restore.

// BenchmarkDotNet has failed to build the auto-generated boilerplate code.
// It can be found in /home/runner/work/dotnet-value-objects/dotnet-value-objects/benchmarks/EricksonLopez.ValueObjects.Benchmarks/bin/Release/net10.0/EricksonLopez.ValueObjects.Benchmarks-.NET 9.0-3
// Please follow the troubleshooting guide: https://benchmarkdotnet.org/articles/guides/troubleshooting.html

// ** Remained 16 (13.3 %) benchmark(s) to run. Estimated finish 2026-09-06 6:49 (0h 1m from now) **
// Build Error: Standard output: 
  
 Standard error: 
   Determining projects to restore...
/home/runner/work/dotnet-value-objects/dotnet-value-objects/benchmarks/EricksonLopez.ValueObjects.Benchmarks/bin/Release/net10.0/EricksonLopez.ValueObjects.Benchmarks-.NET 9.0-3/BenchmarkDotNet.Autogenerated.csproj : error NU1201: Project EricksonLopez.ValueObjects.Benchmarks is not compatible with net9.0 (.NETCoreApp,Version=v9.0). Project EricksonLopez.ValueObjects.Benchmarks supports: net10.0 (.NETCoreApp,Version=v10.0)
  Failed to restore /home/runner/work/dotnet-value-objects/dotnet-value-objects/benchmarks/EricksonLopez.ValueObjects.Benchmarks/bin/Release/net10.0/EricksonLopez.ValueObjects.Benchmarks-.NET 9.0-3/BenchmarkDotNet.Autogenerated.csproj (in 221 ms).
  5 of 6 projects are up-to-date for restore.

// BenchmarkDotNet has failed to build the auto-generated boilerplate code.
// It can be found in /home/runner/work/dotnet-value-objects/dotnet-value-objects/benchmarks/EricksonLopez.ValueObjects.Benchmarks/bin/Release/net10.0/EricksonLopez.ValueObjects.Benchmarks-.NET 9.0-3
// Please follow the troubleshooting guide: https://benchmarkdotnet.org/articles/guides/troubleshooting.html

// ** Remained 15 (12.5 %) benchmark(s) to run. Estimated finish 2026-09-06 6:48 (0h 1m from now) **
// Build Error: Standard output: 
  
 Standard error: 
   Determining projects to restore...
/home/runner/work/dotnet-value-objects/dotnet-value-objects/benchmarks/EricksonLopez.ValueObjects.Benchmarks/bin/Release/net10.0/EricksonLopez.ValueObjects.Benchmarks-.NET 9.0-3/BenchmarkDotNet.Autogenerated.csproj : error NU1201: Project EricksonLopez.ValueObjects.Benchmarks is not compatible with net9.0 (.NETCoreApp,Version=v9.0). Project EricksonLopez.ValueObjects.Benchmarks supports: net10.0 (.NETCoreApp,Version=v10.0)
  Failed to restore /home/runner/work/dotnet-value-objects/dotnet-value-objects/benchmarks/EricksonLopez.ValueObjects.Benchmarks/bin/Release/net10.0/EricksonLopez.ValueObjects.Benchmarks-.NET 9.0-3/BenchmarkDotNet.Autogenerated.csproj (in 221 ms).
  5 of 6 projects are up-to-date for restore.

// BenchmarkDotNet has failed to build the auto-generated boilerplate code.
// It can be found in /home/runner/work/dotnet-value-objects/dotnet-value-objects/benchmarks/EricksonLopez.ValueObjects.Benchmarks/bin/Release/net10.0/EricksonLopez.ValueObjects.Benchmarks-.NET 9.0-3
// Please follow the troubleshooting guide: https://benchmarkdotnet.org/articles/guides/troubleshooting.html

// ** Remained 14 (11.7 %) benchmark(s) to run. Estimated finish 2026-09-06 6:48 (0h 1m from now) **
// Build Error: Standard output: 
  
 Standard error: 
   Determining projects to restore...
/home/runner/work/dotnet-value-objects/dotnet-value-objects/benchmarks/EricksonLopez.ValueObjects.Benchmarks/bin/Release/net10.0/EricksonLopez.ValueObjects.Benchmarks-.NET 9.0-3/BenchmarkDotNet.Autogenerated.csproj : error NU1201: Project EricksonLopez.ValueObjects.Benchmarks is not compatible with net9.0 (.NETCoreApp,Version=v9.0). Project EricksonLopez.ValueObjects.Benchmarks supports: net10.0 (.NETCoreApp,Version=v10.0)
  Failed to restore /home/runner/work/dotnet-value-objects/dotnet-value-objects/benchmarks/EricksonLopez.ValueObjects.Benchmarks/bin/Release/net10.0/EricksonLopez.ValueObjects.Benchmarks-.NET 9.0-3/BenchmarkDotNet.Autogenerated.csproj (in 221 ms).
  5 of 6 projects are up-to-date for restore.

// BenchmarkDotNet has failed to build the auto-generated boilerplate code.
// It can be found in /home/runner/work/dotnet-value-objects/dotnet-value-objects/benchmarks/EricksonLopez.ValueObjects.Benchmarks/bin/Release/net10.0/EricksonLopez.ValueObjects.Benchmarks-.NET 9.0-3
// Please follow the troubleshooting guide: https://benchmarkdotnet.org/articles/guides/troubleshooting.html

// ** Remained 13 (10.8 %) benchmark(s) to run. Estimated finish 2026-09-06 6:48 (0h 1m from now) **
// Build Error: Standard output: 
  
 Standard error: 
   Determining projects to restore...
/home/runner/work/dotnet-value-objects/dotnet-value-objects/benchmarks/EricksonLopez.ValueObjects.Benchmarks/bin/Release/net10.0/EricksonLopez.ValueObjects.Benchmarks-.NET 9.0-3/BenchmarkDotNet.Autogenerated.csproj : error NU1201: Project EricksonLopez.ValueObjects.Benchmarks is not compatible with net9.0 (.NETCoreApp,Version=v9.0). Project EricksonLopez.ValueObjects.Benchmarks supports: net10.0 (.NETCoreApp,Version=v10.0)
  Failed to restore /home/runner/work/dotnet-value-objects/dotnet-value-objects/benchmarks/EricksonLopez.ValueObjects.Benchmarks/bin/Release/net10.0/EricksonLopez.ValueObjects.Benchmarks-.NET 9.0-3/BenchmarkDotNet.Autogenerated.csproj (in 221 ms).
  5 of 6 projects are up-to-date for restore.

// BenchmarkDotNet has failed to build the auto-generated boilerplate code.
// It can be found in /home/runner/work/dotnet-value-objects/dotnet-value-objects/benchmarks/EricksonLopez.ValueObjects.Benchmarks/bin/Release/net10.0/EricksonLopez.ValueObjects.Benchmarks-.NET 9.0-3
// Please follow the troubleshooting guide: https://benchmarkdotnet.org/articles/guides/troubleshooting.html

// ** Remained 12 (10.0 %) benchmark(s) to run. Estimated finish 2026-09-06 6:48 (0h 1m from now) **
// Build Error: Standard output: 
  
 Standard error: 
   Determining projects to restore...
/home/runner/work/dotnet-value-objects/dotnet-value-objects/benchmarks/EricksonLopez.ValueObjects.Benchmarks/bin/Release/net10.0/EricksonLopez.ValueObjects.Benchmarks-.NET 9.0-3/BenchmarkDotNet.Autogenerated.csproj : error NU1201: Project EricksonLopez.ValueObjects.Benchmarks is not compatible with net9.0 (.NETCoreApp,Version=v9.0). Project EricksonLopez.ValueObjects.Benchmarks supports: net10.0 (.NETCoreApp,Version=v10.0)
  Failed to restore /home/runner/work/dotnet-value-objects/dotnet-value-objects/benchmarks/EricksonLopez.ValueObjects.Benchmarks/bin/Release/net10.0/EricksonLopez.ValueObjects.Benchmarks-.NET 9.0-3/BenchmarkDotNet.Autogenerated.csproj (in 221 ms).
  5 of 6 projects are up-to-date for restore.

// BenchmarkDotNet has failed to build the auto-generated boilerplate code.
// It can be found in /home/runner/work/dotnet-value-objects/dotnet-value-objects/benchmarks/EricksonLopez.ValueObjects.Benchmarks/bin/Release/net10.0/EricksonLopez.ValueObjects.Benchmarks-.NET 9.0-3
// Please follow the troubleshooting guide: https://benchmarkdotnet.org/articles/guides/troubleshooting.html

// ** Remained 11 (9.2 %) benchmark(s) to run. Estimated finish 2026-09-06 6:48 (0h 1m from now) **
// Build Error: Standard output: 
  
 Standard error: 
   Determining projects to restore...
/home/runner/work/dotnet-value-objects/dotnet-value-objects/benchmarks/EricksonLopez.ValueObjects.Benchmarks/bin/Release/net10.0/EricksonLopez.ValueObjects.Benchmarks-.NET 9.0-3/BenchmarkDotNet.Autogenerated.csproj : error NU1201: Project EricksonLopez.ValueObjects.Benchmarks is not compatible with net9.0 (.NETCoreApp,Version=v9.0). Project EricksonLopez.ValueObjects.Benchmarks supports: net10.0 (.NETCoreApp,Version=v10.0)
  Failed to restore /home/runner/work/dotnet-value-objects/dotnet-value-objects/benchmarks/EricksonLopez.ValueObjects.Benchmarks/bin/Release/net10.0/EricksonLopez.ValueObjects.Benchmarks-.NET 9.0-3/BenchmarkDotNet.Autogenerated.csproj (in 221 ms).
  5 of 6 projects are up-to-date for restore.

// BenchmarkDotNet has failed to build the auto-generated boilerplate code.
// It can be found in /home/runner/work/dotnet-value-objects/dotnet-value-objects/benchmarks/EricksonLopez.ValueObjects.Benchmarks/bin/Release/net10.0/EricksonLopez.ValueObjects.Benchmarks-.NET 9.0-3
// Please follow the troubleshooting guide: https://benchmarkdotnet.org/articles/guides/troubleshooting.html

// ** Remained 10 (8.3 %) benchmark(s) to run. Estimated finish 2026-09-06 6:48 (0h 0m from now) **
// Build Error: Standard output: 
  
 Standard error: 
   Determining projects to restore...
/home/runner/work/dotnet-value-objects/dotnet-value-objects/benchmarks/EricksonLopez.ValueObjects.Benchmarks/bin/Release/net10.0/EricksonLopez.ValueObjects.Benchmarks-.NET 9.0-3/BenchmarkDotNet.Autogenerated.csproj : error NU1201: Project EricksonLopez.ValueObjects.Benchmarks is not compatible with net9.0 (.NETCoreApp,Version=v9.0). Project EricksonLopez.ValueObjects.Benchmarks supports: net10.0 (.NETCoreApp,Version=v10.0)
  Failed to restore /home/runner/work/dotnet-value-objects/dotnet-value-objects/benchmarks/EricksonLopez.ValueObjects.Benchmarks/bin/Release/net10.0/EricksonLopez.ValueObjects.Benchmarks-.NET 9.0-3/BenchmarkDotNet.Autogenerated.csproj (in 221 ms).
  5 of 6 projects are up-to-date for restore.

// BenchmarkDotNet has failed to build the auto-generated boilerplate code.
// It can be found in /home/runner/work/dotnet-value-objects/dotnet-value-objects/benchmarks/EricksonLopez.ValueObjects.Benchmarks/bin/Release/net10.0/EricksonLopez.ValueObjects.Benchmarks-.NET 9.0-3
// Please follow the troubleshooting guide: https://benchmarkdotnet.org/articles/guides/troubleshooting.html

// ** Remained 9 (7.5 %) benchmark(s) to run. Estimated finish 2026-09-06 6:48 (0h 0m from now) **
// Build Error: Standard output: 
  
 Standard error: 
   Determining projects to restore...
/home/runner/work/dotnet-value-objects/dotnet-value-objects/benchmarks/EricksonLopez.ValueObjects.Benchmarks/bin/Release/net10.0/EricksonLopez.ValueObjects.Benchmarks-.NET 9.0-3/BenchmarkDotNet.Autogenerated.csproj : error NU1201: Project EricksonLopez.ValueObjects.Benchmarks is not compatible with net9.0 (.NETCoreApp,Version=v9.0). Project EricksonLopez.ValueObjects.Benchmarks supports: net10.0 (.NETCoreApp,Version=v10.0)
  Failed to restore /home/runner/work/dotnet-value-objects/dotnet-value-objects/benchmarks/EricksonLopez.ValueObjects.Benchmarks/bin/Release/net10.0/EricksonLopez.ValueObjects.Benchmarks-.NET 9.0-3/BenchmarkDotNet.Autogenerated.csproj (in 221 ms).
  5 of 6 projects are up-to-date for restore.

// BenchmarkDotNet has failed to build the auto-generated boilerplate code.
// It can be found in /home/runner/work/dotnet-value-objects/dotnet-value-objects/benchmarks/EricksonLopez.ValueObjects.Benchmarks/bin/Release/net10.0/EricksonLopez.ValueObjects.Benchmarks-.NET 9.0-3
// Please follow the troubleshooting guide: https://benchmarkdotnet.org/articles/guides/troubleshooting.html

// ** Remained 8 (6.7 %) benchmark(s) to run. Estimated finish 2026-09-06 6:48 (0h 0m from now) **
// Build Error: Standard output: 
  
 Standard error: 
   Determining projects to restore...
/home/runner/work/dotnet-value-objects/dotnet-value-objects/benchmarks/EricksonLopez.ValueObjects.Benchmarks/bin/Release/net10.0/EricksonLopez.ValueObjects.Benchmarks-.NET 9.0-3/BenchmarkDotNet.Autogenerated.csproj : error NU1201: Project EricksonLopez.ValueObjects.Benchmarks is not compatible with net9.0 (.NETCoreApp,Version=v9.0). Project EricksonLopez.ValueObjects.Benchmarks supports: net10.0 (.NETCoreApp,Version=v10.0)
  Failed to restore /home/runner/work/dotnet-value-objects/dotnet-value-objects/benchmarks/EricksonLopez.ValueObjects.Benchmarks/bin/Release/net10.0/EricksonLopez.ValueObjects.Benchmarks-.NET 9.0-3/BenchmarkDotNet.Autogenerated.csproj (in 221 ms).
  5 of 6 projects are up-to-date for restore.

// BenchmarkDotNet has failed to build the auto-generated boilerplate code.
// It can be found in /home/runner/work/dotnet-value-objects/dotnet-value-objects/benchmarks/EricksonLopez.ValueObjects.Benchmarks/bin/Release/net10.0/EricksonLopez.ValueObjects.Benchmarks-.NET 9.0-3
// Please follow the troubleshooting guide: https://benchmarkdotnet.org/articles/guides/troubleshooting.html

// ** Remained 7 (5.8 %) benchmark(s) to run. Estimated finish 2026-09-06 6:48 (0h 0m from now) **
// Build Error: Standard output: 
  
 Standard error: 
   Determining projects to restore...
/home/runner/work/dotnet-value-objects/dotnet-value-objects/benchmarks/EricksonLopez.ValueObjects.Benchmarks/bin/Release/net10.0/EricksonLopez.ValueObjects.Benchmarks-.NET 9.0-3/BenchmarkDotNet.Autogenerated.csproj : error NU1201: Project EricksonLopez.ValueObjects.Benchmarks is not compatible with net9.0 (.NETCoreApp,Version=v9.0). Project EricksonLopez.ValueObjects.Benchmarks supports: net10.0 (.NETCoreApp,Version=v10.0)
  Failed to restore /home/runner/work/dotnet-value-objects/dotnet-value-objects/benchmarks/EricksonLopez.ValueObjects.Benchmarks/bin/Release/net10.0/EricksonLopez.ValueObjects.Benchmarks-.NET 9.0-3/BenchmarkDotNet.Autogenerated.csproj (in 221 ms).
  5 of 6 projects are up-to-date for restore.

// BenchmarkDotNet has failed to build the auto-generated boilerplate code.
// It can be found in /home/runner/work/dotnet-value-objects/dotnet-value-objects/benchmarks/EricksonLopez.ValueObjects.Benchmarks/bin/Release/net10.0/EricksonLopez.ValueObjects.Benchmarks-.NET 9.0-3
// Please follow the troubleshooting guide: https://benchmarkdotnet.org/articles/guides/troubleshooting.html

// ** Remained 6 (5.0 %) benchmark(s) to run. Estimated finish 2026-09-06 6:47 (0h 0m from now) **
// Build Error: Standard output: 
  
 Standard error: 
   Determining projects to restore...
/home/runner/work/dotnet-value-objects/dotnet-value-objects/benchmarks/EricksonLopez.ValueObjects.Benchmarks/bin/Release/net10.0/EricksonLopez.ValueObjects.Benchmarks-.NET 9.0-3/BenchmarkDotNet.Autogenerated.csproj : error NU1201: Project EricksonLopez.ValueObjects.Benchmarks is not compatible with net9.0 (.NETCoreApp,Version=v9.0). Project EricksonLopez.ValueObjects.Benchmarks supports: net10.0 (.NETCoreApp,Version=v10.0)
  Failed to restore /home/runner/work/dotnet-value-objects/dotnet-value-objects/benchmarks/EricksonLopez.ValueObjects.Benchmarks/bin/Release/net10.0/EricksonLopez.ValueObjects.Benchmarks-.NET 9.0-3/BenchmarkDotNet.Autogenerated.csproj (in 221 ms).
  5 of 6 projects are up-to-date for restore.

// BenchmarkDotNet has failed to build the auto-generated boilerplate code.
// It can be found in /home/runner/work/dotnet-value-objects/dotnet-value-objects/benchmarks/EricksonLopez.ValueObjects.Benchmarks/bin/Release/net10.0/EricksonLopez.ValueObjects.Benchmarks-.NET 9.0-3
// Please follow the troubleshooting guide: https://benchmarkdotnet.org/articles/guides/troubleshooting.html

// ** Remained 5 (4.2 %) benchmark(s) to run. Estimated finish 2026-09-06 6:47 (0h 0m from now) **
// Build Error: Standard output: 
  
 Standard error: 
   Determining projects to restore...
/home/runner/work/dotnet-value-objects/dotnet-value-objects/benchmarks/EricksonLopez.ValueObjects.Benchmarks/bin/Release/net10.0/EricksonLopez.ValueObjects.Benchmarks-.NET 9.0-3/BenchmarkDotNet.Autogenerated.csproj : error NU1201: Project EricksonLopez.ValueObjects.Benchmarks is not compatible with net9.0 (.NETCoreApp,Version=v9.0). Project EricksonLopez.ValueObjects.Benchmarks supports: net10.0 (.NETCoreApp,Version=v10.0)
  Failed to restore /home/runner/work/dotnet-value-objects/dotnet-value-objects/benchmarks/EricksonLopez.ValueObjects.Benchmarks/bin/Release/net10.0/EricksonLopez.ValueObjects.Benchmarks-.NET 9.0-3/BenchmarkDotNet.Autogenerated.csproj (in 221 ms).
  5 of 6 projects are up-to-date for restore.

// BenchmarkDotNet has failed to build the auto-generated boilerplate code.
// It can be found in /home/runner/work/dotnet-value-objects/dotnet-value-objects/benchmarks/EricksonLopez.ValueObjects.Benchmarks/bin/Release/net10.0/EricksonLopez.ValueObjects.Benchmarks-.NET 9.0-3
// Please follow the troubleshooting guide: https://benchmarkdotnet.org/articles/guides/troubleshooting.html

// ** Remained 4 (3.3 %) benchmark(s) to run. Estimated finish 2026-09-06 6:47 (0h 0m from now) **
// Build Error: Standard output: 
  
 Standard error: 
   Determining projects to restore...
/home/runner/work/dotnet-value-objects/dotnet-value-objects/benchmarks/EricksonLopez.ValueObjects.Benchmarks/bin/Release/net10.0/EricksonLopez.ValueObjects.Benchmarks-.NET 9.0-3/BenchmarkDotNet.Autogenerated.csproj : error NU1201: Project EricksonLopez.ValueObjects.Benchmarks is not compatible with net9.0 (.NETCoreApp,Version=v9.0). Project EricksonLopez.ValueObjects.Benchmarks supports: net10.0 (.NETCoreApp,Version=v10.0)
  Failed to restore /home/runner/work/dotnet-value-objects/dotnet-value-objects/benchmarks/EricksonLopez.ValueObjects.Benchmarks/bin/Release/net10.0/EricksonLopez.ValueObjects.Benchmarks-.NET 9.0-3/BenchmarkDotNet.Autogenerated.csproj (in 221 ms).
  5 of 6 projects are up-to-date for restore.

// BenchmarkDotNet has failed to build the auto-generated boilerplate code.
// It can be found in /home/runner/work/dotnet-value-objects/dotnet-value-objects/benchmarks/EricksonLopez.ValueObjects.Benchmarks/bin/Release/net10.0/EricksonLopez.ValueObjects.Benchmarks-.NET 9.0-3
// Please follow the troubleshooting guide: https://benchmarkdotnet.org/articles/guides/troubleshooting.html

// ** Remained 3 (2.5 %) benchmark(s) to run. Estimated finish 2026-09-06 6:47 (0h 0m from now) **
// Build Error: Standard output: 
  
 Standard error: 
   Determining projects to restore...
/home/runner/work/dotnet-value-objects/dotnet-value-objects/benchmarks/EricksonLopez.ValueObjects.Benchmarks/bin/Release/net10.0/EricksonLopez.ValueObjects.Benchmarks-.NET 9.0-3/BenchmarkDotNet.Autogenerated.csproj : error NU1201: Project EricksonLopez.ValueObjects.Benchmarks is not compatible with net9.0 (.NETCoreApp,Version=v9.0). Project EricksonLopez.ValueObjects.Benchmarks supports: net10.0 (.NETCoreApp,Version=v10.0)
  Failed to restore /home/runner/work/dotnet-value-objects/dotnet-value-objects/benchmarks/EricksonLopez.ValueObjects.Benchmarks/bin/Release/net10.0/EricksonLopez.ValueObjects.Benchmarks-.NET 9.0-3/BenchmarkDotNet.Autogenerated.csproj (in 221 ms).
  5 of 6 projects are up-to-date for restore.

// BenchmarkDotNet has failed to build the auto-generated boilerplate code.
// It can be found in /home/runner/work/dotnet-value-objects/dotnet-value-objects/benchmarks/EricksonLopez.ValueObjects.Benchmarks/bin/Release/net10.0/EricksonLopez.ValueObjects.Benchmarks-.NET 9.0-3
// Please follow the troubleshooting guide: https://benchmarkdotnet.org/articles/guides/troubleshooting.html

// ** Remained 2 (1.7 %) benchmark(s) to run. Estimated finish 2026-09-06 6:47 (0h 0m from now) **
// Build Error: Standard output: 
  
 Standard error: 
   Determining projects to restore...
/home/runner/work/dotnet-value-objects/dotnet-value-objects/benchmarks/EricksonLopez.ValueObjects.Benchmarks/bin/Release/net10.0/EricksonLopez.ValueObjects.Benchmarks-.NET 9.0-3/BenchmarkDotNet.Autogenerated.csproj : error NU1201: Project EricksonLopez.ValueObjects.Benchmarks is not compatible with net9.0 (.NETCoreApp,Version=v9.0). Project EricksonLopez.ValueObjects.Benchmarks supports: net10.0 (.NETCoreApp,Version=v10.0)
  Failed to restore /home/runner/work/dotnet-value-objects/dotnet-value-objects/benchmarks/EricksonLopez.ValueObjects.Benchmarks/bin/Release/net10.0/EricksonLopez.ValueObjects.Benchmarks-.NET 9.0-3/BenchmarkDotNet.Autogenerated.csproj (in 221 ms).
  5 of 6 projects are up-to-date for restore.

// BenchmarkDotNet has failed to build the auto-generated boilerplate code.
// It can be found in /home/runner/work/dotnet-value-objects/dotnet-value-objects/benchmarks/EricksonLopez.ValueObjects.Benchmarks/bin/Release/net10.0/EricksonLopez.ValueObjects.Benchmarks-.NET 9.0-3
// Please follow the troubleshooting guide: https://benchmarkdotnet.org/articles/guides/troubleshooting.html

// ** Remained 1 (0.8 %) benchmark(s) to run. Estimated finish 2026-09-06 6:47 (0h 0m from now) **
// Build Error: Standard output: 
  
 Standard error: 
   Determining projects to restore...
/home/runner/work/dotnet-value-objects/dotnet-value-objects/benchmarks/EricksonLopez.ValueObjects.Benchmarks/bin/Release/net10.0/EricksonLopez.ValueObjects.Benchmarks-.NET 9.0-3/BenchmarkDotNet.Autogenerated.csproj : error NU1201: Project EricksonLopez.ValueObjects.Benchmarks is not compatible with net9.0 (.NETCoreApp,Version=v9.0). Project EricksonLopez.ValueObjects.Benchmarks supports: net10.0 (.NETCoreApp,Version=v10.0)
  Failed to restore /home/runner/work/dotnet-value-objects/dotnet-value-objects/benchmarks/EricksonLopez.ValueObjects.Benchmarks/bin/Release/net10.0/EricksonLopez.ValueObjects.Benchmarks-.NET 9.0-3/BenchmarkDotNet.Autogenerated.csproj (in 221 ms).
  5 of 6 projects are up-to-date for restore.

// BenchmarkDotNet has failed to build the auto-generated boilerplate code.
// It can be found in /home/runner/work/dotnet-value-objects/dotnet-value-objects/benchmarks/EricksonLopez.ValueObjects.Benchmarks/bin/Release/net10.0/EricksonLopez.ValueObjects.Benchmarks-.NET 9.0-3
// Please follow the troubleshooting guide: https://benchmarkdotnet.org/articles/guides/troubleshooting.html

// ** Remained 0 (0.0 %) benchmark(s) to run. Estimated finish 2026-09-06 6:47 (0h 0m from now) **
// ***** BenchmarkRunner: Finish  *****

// * Export *
  benchmarks/results/results/EricksonLopez.ValueObjects.Benchmarks.ValueObjectBenchmarks-report.csv
  benchmarks/results/results/EricksonLopez.ValueObjects.Benchmarks.ValueObjectBenchmarks-report-github.md
  benchmarks/results/results/EricksonLopez.ValueObjects.Benchmarks.ValueObjectBenchmarks-report.html
  benchmarks/results/results/EricksonLopez.ValueObjects.Benchmarks.ValueObjectBenchmarks-report-full-compressed.json
  benchmarks/results/results/EricksonLopez.ValueObjects.Benchmarks.ValueObjectBenchmarks-report-default.md

// * Detailed results *
ValueObjectBenchmarks.Create_Class: .NET 10.0(Runtime=.NET 10.0, Toolchain=net10.0)
Runtime = .NET 10.0.11 (10.0.11, 10.0.1126.37416), X64 RyuJIT x86-64-v4; GC = Concurrent Workstation
Mean = 5.769 ns, StdErr = 0.043 ns (0.74%), N = 15, StdDev = 0.166 ns
Min = 5.484 ns, Q1 = 5.641 ns, Median = 5.774 ns, Q3 = 5.871 ns, Max = 6.067 ns
IQR = 0.230 ns, LowerFence = 5.296 ns, UpperFence = 6.216 ns
ConfidenceInterval = [5.591 ns; 5.947 ns] (CI 99.9%), Margin = 0.178 ns (3.08% of Mean)
Skewness = 0.02, Kurtosis = 1.86, MValue = 2
-------------------- Histogram --------------------
[5.395 ns ; 5.522 ns) | @
[5.522 ns ; 5.723 ns) | @@@@
[5.723 ns ; 5.901 ns) | @@@@@@@
[5.901 ns ; 6.100 ns) | @@@
---------------------------------------------------

ValueObjectBenchmarks.Create_Class: .NET 8.0(Runtime=.NET 8.0, Toolchain=net8.0)
Runtime = ; GC = 
There are not any results runs

ValueObjectBenchmarks.Create_Class: .NET 9.0(Runtime=.NET 9.0, Toolchain=net9.0)
Runtime = ; GC = 
There are not any results runs

ValueObjectBenchmarks.Create_RecordClass: .NET 10.0(Runtime=.NET 10.0, Toolchain=net10.0)
Runtime = .NET 10.0.11 (10.0.11, 10.0.1126.37416), X64 RyuJIT x86-64-v4; GC = Concurrent Workstation
Mean = 4.993 ns, StdErr = 0.022 ns (0.45%), N = 13, StdDev = 0.081 ns
Min = 4.849 ns, Q1 = 4.933 ns, Median = 4.965 ns, Q3 = 5.067 ns, Max = 5.129 ns
IQR = 0.134 ns, LowerFence = 4.732 ns, UpperFence = 5.269 ns
ConfidenceInterval = [4.896 ns; 5.089 ns] (CI 99.9%), Margin = 0.096 ns (1.93% of Mean)
Skewness = 0.07, Kurtosis = 1.76, MValue = 2
-------------------- Histogram --------------------
[4.804 ns ; 4.909 ns) | @
[4.909 ns ; 5.141 ns) | @@@@@@@@@@@@
---------------------------------------------------

ValueObjectBenchmarks.Create_RecordClass: .NET 8.0(Runtime=.NET 8.0, Toolchain=net8.0)
Runtime = ; GC = 
There are not any results runs

ValueObjectBenchmarks.Create_RecordClass: .NET 9.0(Runtime=.NET 9.0, Toolchain=net9.0)
Runtime = ; GC = 
There are not any results runs

ValueObjectBenchmarks.Create_Struct: .NET 10.0(Runtime=.NET 10.0, Toolchain=net10.0)
Runtime = .NET 10.0.11 (10.0.11, 10.0.1126.37416), X64 RyuJIT x86-64-v4; GC = Concurrent Workstation
Mean = 0.000 ns, StdErr = 0.000 ns (100.00%), N = 14, StdDev = 0.001 ns
Min = 0.000 ns, Q1 = 0.000 ns, Median = 0.000 ns, Q3 = 0.000 ns, Max = 0.003 ns
IQR = 0.000 ns, LowerFence = 0.000 ns, UpperFence = 0.000 ns
ConfidenceInterval = [-0.001 ns; 0.001 ns] (CI 99.9%), Margin = 0.001 ns (422.08% of Mean)
Skewness = 2.98, Kurtosis = 10.41, MValue = 2
-------------------- Histogram --------------------
[0.000 ns ; 0.001 ns) | @@@@@@@@@@@@@
[0.001 ns ; 0.002 ns) | 
[0.002 ns ; 0.003 ns) | 
[0.003 ns ; 0.004 ns) | @
---------------------------------------------------

ValueObjectBenchmarks.Create_Struct: .NET 8.0(Runtime=.NET 8.0, Toolchain=net8.0)
Runtime = ; GC = 
There are not any results runs

ValueObjectBenchmarks.Create_Struct: .NET 9.0(Runtime=.NET 9.0, Toolchain=net9.0)
Runtime = ; GC = 
There are not any results runs

ValueObjectBenchmarks.Create_RecordStruct: .NET 10.0(Runtime=.NET 10.0, Toolchain=net10.0)
Runtime = .NET 10.0.11 (10.0.11, 10.0.1126.37416), X64 RyuJIT x86-64-v4; GC = Concurrent Workstation
Mean = 0.000 ns, StdErr = 0.000 ns (100.00%), N = 13, StdDev = 0.001 ns
Min = 0.000 ns, Q1 = 0.000 ns, Median = 0.000 ns, Q3 = 0.000 ns, Max = 0.004 ns
IQR = 0.000 ns, LowerFence = 0.000 ns, UpperFence = 0.000 ns
ConfidenceInterval = [-0.001 ns; 0.002 ns] (CI 99.9%), Margin = 0.001 ns (431.78% of Mean)
Skewness = 2.82, Kurtosis = 9.44, MValue = 2
-------------------- Histogram --------------------
[0.000 ns ; 0.001 ns) | @@@@@@@@@@@@
[0.001 ns ; 0.002 ns) | 
[0.002 ns ; 0.003 ns) | 
[0.003 ns ; 0.004 ns) | @
---------------------------------------------------

ValueObjectBenchmarks.Create_RecordStruct: .NET 8.0(Runtime=.NET 8.0, Toolchain=net8.0)
Runtime = ; GC = 
There are not any results runs

ValueObjectBenchmarks.Create_RecordStruct: .NET 9.0(Runtime=.NET 9.0, Toolchain=net9.0)
Runtime = ; GC = 
There are not any results runs

ValueObjectBenchmarks.Domain_Create_Email: .NET 10.0(Runtime=.NET 10.0, Toolchain=net10.0)
Runtime = .NET 10.0.11 (10.0.11, 10.0.1126.37416), X64 RyuJIT x86-64-v4; GC = Concurrent Workstation
Mean = 129.097 ns, StdErr = 0.248 ns (0.19%), N = 15, StdDev = 0.961 ns
Min = 126.573 ns, Q1 = 128.744 ns, Median = 129.347 ns, Q3 = 129.711 ns, Max = 130.242 ns
IQR = 0.967 ns, LowerFence = 127.294 ns, UpperFence = 131.162 ns
ConfidenceInterval = [128.070 ns; 130.124 ns] (CI 99.9%), Margin = 1.027 ns (0.80% of Mean)
Skewness = -1.17, Kurtosis = 3.76, MValue = 2
-------------------- Histogram --------------------
[126.062 ns ; 130.604 ns) | @@@@@@@@@@@@@@@
---------------------------------------------------

ValueObjectBenchmarks.Domain_Create_Email: .NET 8.0(Runtime=.NET 8.0, Toolchain=net8.0)
Runtime = ; GC = 
There are not any results runs

ValueObjectBenchmarks.Domain_Create_Email: .NET 9.0(Runtime=.NET 9.0, Toolchain=net9.0)
Runtime = ; GC = 
There are not any results runs

ValueObjectBenchmarks.Domain_Create_Money: .NET 10.0(Runtime=.NET 10.0, Toolchain=net10.0)
Runtime = .NET 10.0.11 (10.0.11, 10.0.1126.37416), X64 RyuJIT x86-64-v4; GC = Concurrent Workstation
Mean = 9.156 ns, StdErr = 0.031 ns (0.34%), N = 14, StdDev = 0.115 ns
Min = 8.941 ns, Q1 = 9.074 ns, Median = 9.174 ns, Q3 = 9.224 ns, Max = 9.373 ns
IQR = 0.150 ns, LowerFence = 8.848 ns, UpperFence = 9.450 ns
ConfidenceInterval = [9.026 ns; 9.286 ns] (CI 99.9%), Margin = 0.130 ns (1.42% of Mean)
Skewness = -0.07, Kurtosis = 2.14, MValue = 2
-------------------- Histogram --------------------
[8.878 ns ; 9.124 ns) | @@@@@@
[9.124 ns ; 9.436 ns) | @@@@@@@@
---------------------------------------------------

ValueObjectBenchmarks.Domain_Create_Money: .NET 8.0(Runtime=.NET 8.0, Toolchain=net8.0)
Runtime = ; GC = 
There are not any results runs

ValueObjectBenchmarks.Domain_Create_Money: .NET 9.0(Runtime=.NET 9.0, Toolchain=net9.0)
Runtime = ; GC = 
There are not any results runs

ValueObjectBenchmarks.Domain_Create_Percentage: .NET 10.0(Runtime=.NET 10.0, Toolchain=net10.0)
Runtime = .NET 10.0.11 (10.0.11, 10.0.1126.37416), X64 RyuJIT x86-64-v4; GC = Concurrent Workstation
Mean = 4.867 ns, StdErr = 0.007 ns (0.15%), N = 14, StdDev = 0.028 ns
Min = 4.825 ns, Q1 = 4.853 ns, Median = 4.862 ns, Q3 = 4.882 ns, Max = 4.916 ns
IQR = 0.029 ns, LowerFence = 4.809 ns, UpperFence = 4.925 ns
ConfidenceInterval = [4.836 ns; 4.898 ns] (CI 99.9%), Margin = 0.031 ns (0.64% of Mean)
Skewness = 0.34, Kurtosis = 1.95, MValue = 2
-------------------- Histogram --------------------
[4.810 ns ; 4.931 ns) | @@@@@@@@@@@@@@
---------------------------------------------------

ValueObjectBenchmarks.Domain_Create_Percentage: .NET 8.0(Runtime=.NET 8.0, Toolchain=net8.0)
Runtime = ; GC = 
There are not any results runs

ValueObjectBenchmarks.Domain_Create_Percentage: .NET 9.0(Runtime=.NET 9.0, Toolchain=net9.0)
Runtime = ; GC = 
There are not any results runs

ValueObjectBenchmarks.Equals_Class: .NET 10.0(Runtime=.NET 10.0, Toolchain=net10.0)
Runtime = .NET 10.0.11 (10.0.11, 10.0.1126.37416), X64 RyuJIT x86-64-v4; GC = Concurrent Workstation
Mean = 0.551 ns, StdErr = 0.002 ns (0.27%), N = 14, StdDev = 0.006 ns
Min = 0.542 ns, Q1 = 0.547 ns, Median = 0.552 ns, Q3 = 0.555 ns, Max = 0.562 ns
IQR = 0.007 ns, LowerFence = 0.536 ns, UpperFence = 0.566 ns
ConfidenceInterval = [0.545 ns; 0.558 ns] (CI 99.9%), Margin = 0.006 ns (1.16% of Mean)
Skewness = 0.13, Kurtosis = 2.01, MValue = 2
-------------------- Histogram --------------------
[0.539 ns ; 0.565 ns) | @@@@@@@@@@@@@@
---------------------------------------------------

ValueObjectBenchmarks.Equals_Class: .NET 8.0(Runtime=.NET 8.0, Toolchain=net8.0)
Runtime = ; GC = 
There are not any results runs

ValueObjectBenchmarks.Equals_Class: .NET 9.0(Runtime=.NET 9.0, Toolchain=net9.0)
Runtime = ; GC = 
There are not any results runs

ValueObjectBenchmarks.Equals_RecordClass: .NET 10.0(Runtime=.NET 10.0, Toolchain=net10.0)
Runtime = .NET 10.0.11 (10.0.11, 10.0.1126.37416), X64 RyuJIT x86-64-v4; GC = Concurrent Workstation
Mean = 0.584 ns, StdErr = 0.002 ns (0.33%), N = 14, StdDev = 0.007 ns
Min = 0.570 ns, Q1 = 0.579 ns, Median = 0.586 ns, Q3 = 0.588 ns, Max = 0.596 ns
IQR = 0.009 ns, LowerFence = 0.565 ns, UpperFence = 0.602 ns
ConfidenceInterval = [0.576 ns; 0.592 ns] (CI 99.9%), Margin = 0.008 ns (1.39% of Mean)
Skewness = -0.36, Kurtosis = 2.03, MValue = 2
-------------------- Histogram --------------------
[0.569 ns ; 0.600 ns) | @@@@@@@@@@@@@@
---------------------------------------------------

ValueObjectBenchmarks.Equals_RecordClass: .NET 8.0(Runtime=.NET 8.0, Toolchain=net8.0)
Runtime = ; GC = 
There are not any results runs

ValueObjectBenchmarks.Equals_RecordClass: .NET 9.0(Runtime=.NET 9.0, Toolchain=net9.0)
Runtime = ; GC = 
There are not any results runs

ValueObjectBenchmarks.Equals_Struct: .NET 10.0(Runtime=.NET 10.0, Toolchain=net10.0)
Runtime = .NET 10.0.11 (10.0.11, 10.0.1126.37416), X64 RyuJIT x86-64-v4; GC = Concurrent Workstation
Mean = 0.269 ns, StdErr = 0.002 ns (0.61%), N = 15, StdDev = 0.006 ns
Min = 0.254 ns, Q1 = 0.265 ns, Median = 0.271 ns, Q3 = 0.274 ns, Max = 0.277 ns
IQR = 0.008 ns, LowerFence = 0.253 ns, UpperFence = 0.286 ns
ConfidenceInterval = [0.262 ns; 0.276 ns] (CI 99.9%), Margin = 0.007 ns (2.51% of Mean)
Skewness = -0.85, Kurtosis = 2.78, MValue = 2
-------------------- Histogram --------------------
[0.250 ns ; 0.257 ns) | @
[0.257 ns ; 0.267 ns) | @@@@
[0.267 ns ; 0.277 ns) | @@@@@@@@@@
---------------------------------------------------

ValueObjectBenchmarks.Equals_Struct: .NET 8.0(Runtime=.NET 8.0, Toolchain=net8.0)
Runtime = ; GC = 
There are not any results runs

ValueObjectBenchmarks.Equals_Struct: .NET 9.0(Runtime=.NET 9.0, Toolchain=net9.0)
Runtime = ; GC = 
There are not any results runs

ValueObjectBenchmarks.Equals_RecordStruct: .NET 10.0(Runtime=.NET 10.0, Toolchain=net10.0)
Runtime = .NET 10.0.11 (10.0.11, 10.0.1126.37416), X64 RyuJIT x86-64-v4; GC = Concurrent Workstation
Mean = 0.588 ns, StdErr = 0.008 ns (1.28%), N = 15, StdDev = 0.029 ns
Min = 0.538 ns, Q1 = 0.571 ns, Median = 0.591 ns, Q3 = 0.610 ns, Max = 0.627 ns
IQR = 0.039 ns, LowerFence = 0.513 ns, UpperFence = 0.668 ns
ConfidenceInterval = [0.557 ns; 0.619 ns] (CI 99.9%), Margin = 0.031 ns (5.30% of Mean)
Skewness = -0.41, Kurtosis = 1.71, MValue = 3.14
-------------------- Histogram --------------------
[0.535 ns ; 0.566 ns) | @@@@
[0.566 ns ; 0.577 ns) | 
[0.577 ns ; 0.608 ns) | @@@@@@@
[0.608 ns ; 0.643 ns) | @@@@
---------------------------------------------------

ValueObjectBenchmarks.Equals_RecordStruct: .NET 8.0(Runtime=.NET 8.0, Toolchain=net8.0)
Runtime = ; GC = 
There are not any results runs

ValueObjectBenchmarks.Equals_RecordStruct: .NET 9.0(Runtime=.NET 9.0, Toolchain=net9.0)
Runtime = ; GC = 
There are not any results runs

ValueObjectBenchmarks.Domain_Equals_Money: .NET 10.0(Runtime=.NET 10.0, Toolchain=net10.0)
Runtime = .NET 10.0.11 (10.0.11, 10.0.1126.37416), X64 RyuJIT x86-64-v4; GC = Concurrent Workstation
Mean = 2.002 ns, StdErr = 0.004 ns (0.19%), N = 15, StdDev = 0.015 ns
Min = 1.974 ns, Q1 = 1.997 ns, Median = 2.001 ns, Q3 = 2.015 ns, Max = 2.023 ns
IQR = 0.018 ns, LowerFence = 1.970 ns, UpperFence = 2.042 ns
ConfidenceInterval = [1.986 ns; 2.018 ns] (CI 99.9%), Margin = 0.016 ns (0.79% of Mean)
Skewness = -0.35, Kurtosis = 1.95, MValue = 2
-------------------- Histogram --------------------
[1.966 ns ; 2.031 ns) | @@@@@@@@@@@@@@@
---------------------------------------------------

ValueObjectBenchmarks.Domain_Equals_Money: .NET 8.0(Runtime=.NET 8.0, Toolchain=net8.0)
Runtime = ; GC = 
There are not any results runs

ValueObjectBenchmarks.Domain_Equals_Money: .NET 9.0(Runtime=.NET 9.0, Toolchain=net9.0)
Runtime = ; GC = 
There are not any results runs

ValueObjectBenchmarks.HashCode_Class: .NET 10.0(Runtime=.NET 10.0, Toolchain=net10.0)
Runtime = .NET 10.0.11 (10.0.11, 10.0.1126.37416), X64 RyuJIT x86-64-v4; GC = Concurrent Workstation
Mean = 16.001 ns, StdErr = 0.020 ns (0.12%), N = 15, StdDev = 0.077 ns
Min = 15.868 ns, Q1 = 15.954 ns, Median = 16.004 ns, Q3 = 16.044 ns, Max = 16.168 ns
IQR = 0.090 ns, LowerFence = 15.819 ns, UpperFence = 16.179 ns
ConfidenceInterval = [15.919 ns; 16.084 ns] (CI 99.9%), Margin = 0.083 ns (0.52% of Mean)
Skewness = 0.19, Kurtosis = 2.5, MValue = 2
-------------------- Histogram --------------------
[15.858 ns ; 16.178 ns) | @@@@@@@@@@@@@@@
---------------------------------------------------

ValueObjectBenchmarks.HashCode_Class: .NET 8.0(Runtime=.NET 8.0, Toolchain=net8.0)
Runtime = ; GC = 
There are not any results runs

ValueObjectBenchmarks.HashCode_Class: .NET 9.0(Runtime=.NET 9.0, Toolchain=net9.0)
Runtime = ; GC = 
There are not any results runs

ValueObjectBenchmarks.HashCode_RecordClass: .NET 10.0(Runtime=.NET 10.0, Toolchain=net10.0)
Runtime = .NET 10.0.11 (10.0.11, 10.0.1126.37416), X64 RyuJIT x86-64-v4; GC = Concurrent Workstation
Mean = 16.398 ns, StdErr = 0.021 ns (0.13%), N = 14, StdDev = 0.078 ns
Min = 16.291 ns, Q1 = 16.344 ns, Median = 16.392 ns, Q3 = 16.443 ns, Max = 16.553 ns
IQR = 0.099 ns, LowerFence = 16.195 ns, UpperFence = 16.591 ns
ConfidenceInterval = [16.310 ns; 16.486 ns] (CI 99.9%), Margin = 0.088 ns (0.54% of Mean)
Skewness = 0.58, Kurtosis = 2.14, MValue = 2
-------------------- Histogram --------------------
[16.249 ns ; 16.595 ns) | @@@@@@@@@@@@@@
---------------------------------------------------

ValueObjectBenchmarks.HashCode_RecordClass: .NET 8.0(Runtime=.NET 8.0, Toolchain=net8.0)
Runtime = ; GC = 
There are not any results runs

ValueObjectBenchmarks.HashCode_RecordClass: .NET 9.0(Runtime=.NET 9.0, Toolchain=net9.0)
Runtime = ; GC = 
There are not any results runs

ValueObjectBenchmarks.HashCode_Struct: .NET 10.0(Runtime=.NET 10.0, Toolchain=net10.0)
Runtime = .NET 10.0.11 (10.0.11, 10.0.1126.37416), X64 RyuJIT x86-64-v4; GC = Concurrent Workstation
Mean = 15.215 ns, StdErr = 0.022 ns (0.14%), N = 15, StdDev = 0.084 ns
Min = 15.078 ns, Q1 = 15.176 ns, Median = 15.217 ns, Q3 = 15.257 ns, Max = 15.375 ns
IQR = 0.080 ns, LowerFence = 15.056 ns, UpperFence = 15.377 ns
ConfidenceInterval = [15.125 ns; 15.305 ns] (CI 99.9%), Margin = 0.090 ns (0.59% of Mean)
Skewness = 0.22, Kurtosis = 2.35, MValue = 2
-------------------- Histogram --------------------
[15.066 ns ; 15.420 ns) | @@@@@@@@@@@@@@@
---------------------------------------------------

ValueObjectBenchmarks.HashCode_Struct: .NET 8.0(Runtime=.NET 8.0, Toolchain=net8.0)
Runtime = ; GC = 
There are not any results runs

ValueObjectBenchmarks.HashCode_Struct: .NET 9.0(Runtime=.NET 9.0, Toolchain=net9.0)
Runtime = ; GC = 
There are not any results runs

ValueObjectBenchmarks.HashCode_RecordStruct: .NET 10.0(Runtime=.NET 10.0, Toolchain=net10.0)
Runtime = .NET 10.0.11 (10.0.11, 10.0.1126.37416), X64 RyuJIT x86-64-v4; GC = Concurrent Workstation
Mean = 15.262 ns, StdErr = 0.012 ns (0.08%), N = 15, StdDev = 0.048 ns
Min = 15.173 ns, Q1 = 15.224 ns, Median = 15.254 ns, Q3 = 15.293 ns, Max = 15.355 ns
IQR = 0.068 ns, LowerFence = 15.122 ns, UpperFence = 15.395 ns
ConfidenceInterval = [15.210 ns; 15.313 ns] (CI 99.9%), Margin = 0.052 ns (0.34% of Mean)
Skewness = 0.19, Kurtosis = 2.21, MValue = 2
-------------------- Histogram --------------------
[15.147 ns ; 15.381 ns) | @@@@@@@@@@@@@@@
---------------------------------------------------

ValueObjectBenchmarks.HashCode_RecordStruct: .NET 8.0(Runtime=.NET 8.0, Toolchain=net8.0)
Runtime = ; GC = 
There are not any results runs

ValueObjectBenchmarks.HashCode_RecordStruct: .NET 9.0(Runtime=.NET 9.0, Toolchain=net9.0)
Runtime = ; GC = 
There are not any results runs

ValueObjectBenchmarks.DictionaryLookup_RecordClass: .NET 10.0(Runtime=.NET 10.0, Toolchain=net10.0)
Runtime = .NET 10.0.11 (10.0.11, 10.0.1126.37416), X64 RyuJIT x86-64-v4; GC = Concurrent Workstation
Mean = 19.925 ns, StdErr = 0.026 ns (0.13%), N = 12, StdDev = 0.089 ns
Min = 19.798 ns, Q1 = 19.877 ns, Median = 19.910 ns, Q3 = 19.971 ns, Max = 20.077 ns
IQR = 0.094 ns, LowerFence = 19.737 ns, UpperFence = 20.111 ns
ConfidenceInterval = [19.811 ns; 20.039 ns] (CI 99.9%), Margin = 0.114 ns (0.57% of Mean)
Skewness = 0.34, Kurtosis = 1.78, MValue = 2
-------------------- Histogram --------------------
[19.747 ns ; 20.128 ns) | @@@@@@@@@@@@
---------------------------------------------------

ValueObjectBenchmarks.DictionaryLookup_RecordClass: .NET 8.0(Runtime=.NET 8.0, Toolchain=net8.0)
Runtime = ; GC = 
There are not any results runs

ValueObjectBenchmarks.DictionaryLookup_RecordClass: .NET 9.0(Runtime=.NET 9.0, Toolchain=net9.0)
Runtime = ; GC = 
There are not any results runs

ValueObjectBenchmarks.DictionaryLookup_RecordStruct: .NET 10.0(Runtime=.NET 10.0, Toolchain=net10.0)
Runtime = .NET 10.0.11 (10.0.11, 10.0.1126.37416), X64 RyuJIT x86-64-v4; GC = Concurrent Workstation
Mean = 18.558 ns, StdErr = 0.012 ns (0.06%), N = 14, StdDev = 0.043 ns
Min = 18.472 ns, Q1 = 18.538 ns, Median = 18.555 ns, Q3 = 18.587 ns, Max = 18.629 ns
IQR = 0.050 ns, LowerFence = 18.463 ns, UpperFence = 18.662 ns
ConfidenceInterval = [18.510 ns; 18.607 ns] (CI 99.9%), Margin = 0.049 ns (0.26% of Mean)
Skewness = -0.19, Kurtosis = 2.22, MValue = 2
-------------------- Histogram --------------------
[18.448 ns ; 18.653 ns) | @@@@@@@@@@@@@@
---------------------------------------------------

ValueObjectBenchmarks.DictionaryLookup_RecordStruct: .NET 8.0(Runtime=.NET 8.0, Toolchain=net8.0)
Runtime = ; GC = 
There are not any results runs

ValueObjectBenchmarks.DictionaryLookup_RecordStruct: .NET 9.0(Runtime=.NET 9.0, Toolchain=net9.0)
Runtime = ; GC = 
There are not any results runs

ValueObjectBenchmarks.Domain_Money_Add: .NET 10.0(Runtime=.NET 10.0, Toolchain=net10.0)
Runtime = .NET 10.0.11 (10.0.11, 10.0.1126.37416), X64 RyuJIT x86-64-v4; GC = Concurrent Workstation
Mean = 6.332 ns, StdErr = 0.007 ns (0.11%), N = 15, StdDev = 0.028 ns
Min = 6.290 ns, Q1 = 6.314 ns, Median = 6.333 ns, Q3 = 6.356 ns, Max = 6.380 ns
IQR = 0.042 ns, LowerFence = 6.251 ns, UpperFence = 6.418 ns
ConfidenceInterval = [6.302 ns; 6.362 ns] (CI 99.9%), Margin = 0.030 ns (0.47% of Mean)
Skewness = 0.01, Kurtosis = 1.69, MValue = 2
-------------------- Histogram --------------------
[6.275 ns ; 6.395 ns) | @@@@@@@@@@@@@@@
---------------------------------------------------

ValueObjectBenchmarks.Domain_Money_Add: .NET 8.0(Runtime=.NET 8.0, Toolchain=net8.0)
Runtime = ; GC = 
There are not any results runs

ValueObjectBenchmarks.Domain_Money_Add: .NET 9.0(Runtime=.NET 9.0, Toolchain=net9.0)
Runtime = ; GC = 
There are not any results runs

ValueObjectBenchmarks.Domain_Money_Allocate: .NET 10.0(Runtime=.NET 10.0, Toolchain=net10.0)
Runtime = .NET 10.0.11 (10.0.11, 10.0.1126.37416), X64 RyuJIT x86-64-v4; GC = Concurrent Workstation
Mean = 291.549 ns, StdErr = 0.369 ns (0.13%), N = 15, StdDev = 1.429 ns
Min = 289.188 ns, Q1 = 290.506 ns, Median = 291.472 ns, Q3 = 292.384 ns, Max = 294.275 ns
IQR = 1.878 ns, LowerFence = 287.688 ns, UpperFence = 295.201 ns
ConfidenceInterval = [290.021 ns; 293.077 ns] (CI 99.9%), Margin = 1.528 ns (0.52% of Mean)
Skewness = 0.13, Kurtosis = 2.03, MValue = 2
-------------------- Histogram --------------------
[289.162 ns ; 295.035 ns) | @@@@@@@@@@@@@@@
---------------------------------------------------

ValueObjectBenchmarks.Domain_Money_Allocate: .NET 8.0(Runtime=.NET 8.0, Toolchain=net8.0)
Runtime = ; GC = 
There are not any results runs

ValueObjectBenchmarks.Domain_Money_Allocate: .NET 9.0(Runtime=.NET 9.0, Toolchain=net9.0)
Runtime = ; GC = 
There are not any results runs

ValueObjectBenchmarks.Domain_Money_ApplyTax: .NET 10.0(Runtime=.NET 10.0, Toolchain=net10.0)
Runtime = .NET 10.0.11 (10.0.11, 10.0.1126.37416), X64 RyuJIT x86-64-v4; GC = Concurrent Workstation
Mean = 45.832 ns, StdErr = 0.041 ns (0.09%), N = 15, StdDev = 0.159 ns
Min = 45.565 ns, Q1 = 45.733 ns, Median = 45.841 ns, Q3 = 45.924 ns, Max = 46.081 ns
IQR = 0.191 ns, LowerFence = 45.447 ns, UpperFence = 46.210 ns
ConfidenceInterval = [45.663 ns; 46.002 ns] (CI 99.9%), Margin = 0.170 ns (0.37% of Mean)
Skewness = -0.15, Kurtosis = 1.78, MValue = 2
-------------------- Histogram --------------------
[45.480 ns ; 46.165 ns) | @@@@@@@@@@@@@@@
---------------------------------------------------

ValueObjectBenchmarks.Domain_Money_ApplyTax: .NET 8.0(Runtime=.NET 8.0, Toolchain=net8.0)
Runtime = ; GC = 
There are not any results runs

ValueObjectBenchmarks.Domain_Money_ApplyTax: .NET 9.0(Runtime=.NET 9.0, Toolchain=net9.0)
Runtime = ; GC = 
There are not any results runs

ValueObjectBenchmarks.Domain_Parse_BusinessDate: .NET 10.0(Runtime=.NET 10.0, Toolchain=net10.0)
Runtime = .NET 10.0.11 (10.0.11, 10.0.1126.37416), X64 RyuJIT x86-64-v4; GC = Concurrent Workstation
Mean = 74.142 ns, StdErr = 0.084 ns (0.11%), N = 15, StdDev = 0.324 ns
Min = 73.629 ns, Q1 = 73.885 ns, Median = 74.159 ns, Q3 = 74.384 ns, Max = 74.625 ns
IQR = 0.499 ns, LowerFence = 73.136 ns, UpperFence = 75.132 ns
ConfidenceInterval = [73.795 ns; 74.489 ns] (CI 99.9%), Margin = 0.347 ns (0.47% of Mean)
Skewness = -0.12, Kurtosis = 1.49, MValue = 2
-------------------- Histogram --------------------
[73.457 ns ; 74.798 ns) | @@@@@@@@@@@@@@@
---------------------------------------------------

ValueObjectBenchmarks.Domain_Parse_BusinessDate: .NET 8.0(Runtime=.NET 8.0, Toolchain=net8.0)
Runtime = ; GC = 
There are not any results runs

ValueObjectBenchmarks.Domain_Parse_BusinessDate: .NET 9.0(Runtime=.NET 9.0, Toolchain=net9.0)
Runtime = ; GC = 
There are not any results runs

// * Summary *

BenchmarkDotNet v0.15.8, Linux Ubuntu 24.04.4 LTS (Noble Numbat)
INTEL XEON PLATINUM 8573C 3.35GHz, 1 CPU, 4 logical and 2 physical cores
.NET SDK 10.0.400
  [Host]    : .NET 10.0.11 (10.0.11, 10.0.1126.37416), X64 RyuJIT x86-64-v4
  .NET 10.0 : .NET 10.0.11 (10.0.11, 10.0.1126.37416), X64 RyuJIT x86-64-v4


| Method                        | Job       | Runtime   | Mean        | Error     | StdDev    | Median      | Ratio | RatioSD | Gen0   | Allocated | Alloc Ratio |
|------------------------------ |---------- |---------- |------------:|----------:|----------:|------------:|------:|--------:|-------:|----------:|------------:|
| Create_Class                  | .NET 10.0 | .NET 10.0 |   5.7690 ns | 0.1779 ns | 0.1664 ns |   5.7741 ns |     ? |       ? | 0.0003 |      24 B |           ? |
| Create_Class                  | .NET 8.0  | .NET 8.0  |          NA |        NA |        NA |          NA |     ? |       ? |     NA |        NA |           ? |
| Create_Class                  | .NET 9.0  | .NET 9.0  |          NA |        NA |        NA |          NA |     ? |       ? |     NA |        NA |           ? |
|                               |           |           |             |           |           |             |       |         |        |           |             |
| Create_RecordClass            | .NET 10.0 | .NET 10.0 |   4.9926 ns | 0.0965 ns | 0.0806 ns |   4.9655 ns |     ? |       ? | 0.0003 |      24 B |           ? |
| Create_RecordClass            | .NET 8.0  | .NET 8.0  |          NA |        NA |        NA |          NA |     ? |       ? |     NA |        NA |           ? |
| Create_RecordClass            | .NET 9.0  | .NET 9.0  |          NA |        NA |        NA |          NA |     ? |       ? |     NA |        NA |           ? |
|                               |           |           |             |           |           |             |       |         |        |           |             |
| Create_Struct                 | .NET 10.0 | .NET 10.0 |   0.0002 ns | 0.0010 ns | 0.0009 ns |   0.0000 ns |     ? |       ? |      - |         - |           ? |
| Create_Struct                 | .NET 8.0  | .NET 8.0  |          NA |        NA |        NA |          NA |     ? |       ? |     NA |        NA |           ? |
| Create_Struct                 | .NET 9.0  | .NET 9.0  |          NA |        NA |        NA |          NA |     ? |       ? |     NA |        NA |           ? |
|                               |           |           |             |           |           |             |       |         |        |           |             |
| Create_RecordStruct           | .NET 10.0 | .NET 10.0 |   0.0003 ns | 0.0012 ns | 0.0010 ns |   0.0000 ns |     ? |       ? |      - |         - |           ? |
| Create_RecordStruct           | .NET 8.0  | .NET 8.0  |          NA |        NA |        NA |          NA |     ? |       ? |     NA |        NA |           ? |
| Create_RecordStruct           | .NET 9.0  | .NET 9.0  |          NA |        NA |        NA |          NA |     ? |       ? |     NA |        NA |           ? |
|                               |           |           |             |           |           |             |       |         |        |           |             |
| Domain_Create_Email           | .NET 10.0 | .NET 10.0 | 129.0971 ns | 1.0269 ns | 0.9605 ns | 129.3473 ns |     ? |       ? | 0.0017 |     152 B |           ? |
| Domain_Create_Email           | .NET 8.0  | .NET 8.0  |          NA |        NA |        NA |          NA |     ? |       ? |     NA |        NA |           ? |
| Domain_Create_Email           | .NET 9.0  | .NET 9.0  |          NA |        NA |        NA |          NA |     ? |       ? |     NA |        NA |           ? |
|                               |           |           |             |           |           |             |       |         |        |           |             |
| Domain_Create_Money           | .NET 10.0 | .NET 10.0 |   9.1559 ns | 0.1298 ns | 0.1151 ns |   9.1737 ns |     ? |       ? |      - |         - |           ? |
| Domain_Create_Money           | .NET 8.0  | .NET 8.0  |          NA |        NA |        NA |          NA |     ? |       ? |     NA |        NA |           ? |
| Domain_Create_Money           | .NET 9.0  | .NET 9.0  |          NA |        NA |        NA |          NA |     ? |       ? |     NA |        NA |           ? |
|                               |           |           |             |           |           |             |       |         |        |           |             |
| Domain_Create_Percentage      | .NET 10.0 | .NET 10.0 |   4.8673 ns | 0.0311 ns | 0.0275 ns |   4.8618 ns |     ? |       ? |      - |         - |           ? |
| Domain_Create_Percentage      | .NET 8.0  | .NET 8.0  |          NA |        NA |        NA |          NA |     ? |       ? |     NA |        NA |           ? |
| Domain_Create_Percentage      | .NET 9.0  | .NET 9.0  |          NA |        NA |        NA |          NA |     ? |       ? |     NA |        NA |           ? |
|                               |           |           |             |           |           |             |       |         |        |           |             |
| Equals_Class                  | .NET 10.0 | .NET 10.0 |   0.5515 ns | 0.0064 ns | 0.0057 ns |   0.5518 ns |     ? |       ? |      - |         - |           ? |
| Equals_Class                  | .NET 8.0  | .NET 8.0  |          NA |        NA |        NA |          NA |     ? |       ? |     NA |        NA |           ? |
| Equals_Class                  | .NET 9.0  | .NET 9.0  |          NA |        NA |        NA |          NA |     ? |       ? |     NA |        NA |           ? |
|                               |           |           |             |           |           |             |       |         |        |           |             |
| Equals_RecordClass            | .NET 10.0 | .NET 10.0 |   0.5840 ns | 0.0081 ns | 0.0072 ns |   0.5855 ns |     ? |       ? |      - |         - |           ? |
| Equals_RecordClass            | .NET 8.0  | .NET 8.0  |          NA |        NA |        NA |          NA |     ? |       ? |     NA |        NA |           ? |
| Equals_RecordClass            | .NET 9.0  | .NET 9.0  |          NA |        NA |        NA |          NA |     ? |       ? |     NA |        NA |           ? |
|                               |           |           |             |           |           |             |       |         |        |           |             |
| Equals_Struct                 | .NET 10.0 | .NET 10.0 |   0.2690 ns | 0.0067 ns | 0.0063 ns |   0.2711 ns |     ? |       ? |      - |         - |           ? |
| Equals_Struct                 | .NET 8.0  | .NET 8.0  |          NA |        NA |        NA |          NA |     ? |       ? |     NA |        NA |           ? |
| Equals_Struct                 | .NET 9.0  | .NET 9.0  |          NA |        NA |        NA |          NA |     ? |       ? |     NA |        NA |           ? |
|                               |           |           |             |           |           |             |       |         |        |           |             |
| Equals_RecordStruct           | .NET 10.0 | .NET 10.0 |   0.5882 ns | 0.0312 ns | 0.0292 ns |   0.5911 ns |     ? |       ? |      - |         - |           ? |
| Equals_RecordStruct           | .NET 8.0  | .NET 8.0  |          NA |        NA |        NA |          NA |     ? |       ? |     NA |        NA |           ? |
| Equals_RecordStruct           | .NET 9.0  | .NET 9.0  |          NA |        NA |        NA |          NA |     ? |       ? |     NA |        NA |           ? |
|                               |           |           |             |           |           |             |       |         |        |           |             |
| Domain_Equals_Money           | .NET 10.0 | .NET 10.0 |   2.0023 ns | 0.0159 ns | 0.0149 ns |   2.0006 ns |     ? |       ? |      - |         - |           ? |
| Domain_Equals_Money           | .NET 8.0  | .NET 8.0  |          NA |        NA |        NA |          NA |     ? |       ? |     NA |        NA |           ? |
| Domain_Equals_Money           | .NET 9.0  | .NET 9.0  |          NA |        NA |        NA |          NA |     ? |       ? |     NA |        NA |           ? |
|                               |           |           |             |           |           |             |       |         |        |           |             |
| HashCode_Class                | .NET 10.0 | .NET 10.0 |  16.0014 ns | 0.0827 ns | 0.0773 ns |  16.0040 ns |     ? |       ? |      - |         - |           ? |
| HashCode_Class                | .NET 8.0  | .NET 8.0  |          NA |        NA |        NA |          NA |     ? |       ? |     NA |        NA |           ? |
| HashCode_Class                | .NET 9.0  | .NET 9.0  |          NA |        NA |        NA |          NA |     ? |       ? |     NA |        NA |           ? |
|                               |           |           |             |           |           |             |       |         |        |           |             |
| HashCode_RecordClass          | .NET 10.0 | .NET 10.0 |  16.3980 ns | 0.0881 ns | 0.0781 ns |  16.3918 ns |     ? |       ? |      - |         - |           ? |
| HashCode_RecordClass          | .NET 8.0  | .NET 8.0  |          NA |        NA |        NA |          NA |     ? |       ? |     NA |        NA |           ? |
| HashCode_RecordClass          | .NET 9.0  | .NET 9.0  |          NA |        NA |        NA |          NA |     ? |       ? |     NA |        NA |           ? |
|                               |           |           |             |           |           |             |       |         |        |           |             |
| HashCode_Struct               | .NET 10.0 | .NET 10.0 |  15.2149 ns | 0.0896 ns | 0.0839 ns |  15.2171 ns |     ? |       ? |      - |         - |           ? |
| HashCode_Struct               | .NET 8.0  | .NET 8.0  |          NA |        NA |        NA |          NA |     ? |       ? |     NA |        NA |           ? |
| HashCode_Struct               | .NET 9.0  | .NET 9.0  |          NA |        NA |        NA |          NA |     ? |       ? |     NA |        NA |           ? |
|                               |           |           |             |           |           |             |       |         |        |           |             |
| HashCode_RecordStruct         | .NET 10.0 | .NET 10.0 |  15.2619 ns | 0.0516 ns | 0.0482 ns |  15.2543 ns |     ? |       ? |      - |         - |           ? |
| HashCode_RecordStruct         | .NET 8.0  | .NET 8.0  |          NA |        NA |        NA |          NA |     ? |       ? |     NA |        NA |           ? |
| HashCode_RecordStruct         | .NET 9.0  | .NET 9.0  |          NA |        NA |        NA |          NA |     ? |       ? |     NA |        NA |           ? |
|                               |           |           |             |           |           |             |       |         |        |           |             |
| DictionaryLookup_RecordClass  | .NET 10.0 | .NET 10.0 |  19.9253 ns | 0.1139 ns | 0.0889 ns |  19.9095 ns |     ? |       ? |      - |         - |           ? |
| DictionaryLookup_RecordClass  | .NET 8.0  | .NET 8.0  |          NA |        NA |        NA |          NA |     ? |       ? |     NA |        NA |           ? |
| DictionaryLookup_RecordClass  | .NET 9.0  | .NET 9.0  |          NA |        NA |        NA |          NA |     ? |       ? |     NA |        NA |           ? |
|                               |           |           |             |           |           |             |       |         |        |           |             |
| DictionaryLookup_RecordStruct | .NET 10.0 | .NET 10.0 |  18.5583 ns | 0.0488 ns | 0.0432 ns |  18.5546 ns |     ? |       ? |      - |         - |           ? |
| DictionaryLookup_RecordStruct | .NET 8.0  | .NET 8.0  |          NA |        NA |        NA |          NA |     ? |       ? |     NA |        NA |           ? |
| DictionaryLookup_RecordStruct | .NET 9.0  | .NET 9.0  |          NA |        NA |        NA |          NA |     ? |       ? |     NA |        NA |           ? |
|                               |           |           |             |           |           |             |       |         |        |           |             |
| Domain_Money_Add              | .NET 10.0 | .NET 10.0 |   6.3323 ns | 0.0300 ns | 0.0280 ns |   6.3330 ns |     ? |       ? |      - |         - |           ? |
| Domain_Money_Add              | .NET 8.0  | .NET 8.0  |          NA |        NA |        NA |          NA |     ? |       ? |     NA |        NA |           ? |
| Domain_Money_Add              | .NET 9.0  | .NET 9.0  |          NA |        NA |        NA |          NA |     ? |       ? |     NA |        NA |           ? |
|                               |           |           |             |           |           |             |       |         |        |           |             |
| Domain_Money_Allocate         | .NET 10.0 | .NET 10.0 | 291.5490 ns | 1.5281 ns | 1.4293 ns | 291.4719 ns |     ? |       ? | 0.0010 |      96 B |           ? |
| Domain_Money_Allocate         | .NET 8.0  | .NET 8.0  |          NA |        NA |        NA |          NA |     ? |       ? |     NA |        NA |           ? |
| Domain_Money_Allocate         | .NET 9.0  | .NET 9.0  |          NA |        NA |        NA |          NA |     ? |       ? |     NA |        NA |           ? |
|                               |           |           |             |           |           |             |       |         |        |           |             |
| Domain_Money_ApplyTax         | .NET 10.0 | .NET 10.0 |  45.8323 ns | 0.1697 ns | 0.1587 ns |  45.8408 ns |     ? |       ? |      - |         - |           ? |
| Domain_Money_ApplyTax         | .NET 8.0  | .NET 8.0  |          NA |        NA |        NA |          NA |     ? |       ? |     NA |        NA |           ? |
| Domain_Money_ApplyTax         | .NET 9.0  | .NET 9.0  |          NA |        NA |        NA |          NA |     ? |       ? |     NA |        NA |           ? |
|                               |           |           |             |           |           |             |       |         |        |           |             |
| Domain_Parse_BusinessDate     | .NET 10.0 | .NET 10.0 |  74.1420 ns | 0.3468 ns | 0.3244 ns |  74.1589 ns |     ? |       ? |      - |         - |           ? |
| Domain_Parse_BusinessDate     | .NET 8.0  | .NET 8.0  |          NA |        NA |        NA |          NA |     ? |       ? |     NA |        NA |           ? |
| Domain_Parse_BusinessDate     | .NET 9.0  | .NET 9.0  |          NA |        NA |        NA |          NA |     ? |       ? |     NA |        NA |           ? |

Benchmarks with issues:
  ValueObjectBenchmarks.Create_Class: .NET 8.0(Runtime=.NET 8.0, Toolchain=net8.0)
  ValueObjectBenchmarks.Create_Class: .NET 9.0(Runtime=.NET 9.0, Toolchain=net9.0)
  ValueObjectBenchmarks.Create_RecordClass: .NET 8.0(Runtime=.NET 8.0, Toolchain=net8.0)
  ValueObjectBenchmarks.Create_RecordClass: .NET 9.0(Runtime=.NET 9.0, Toolchain=net9.0)
  ValueObjectBenchmarks.Create_Struct: .NET 8.0(Runtime=.NET 8.0, Toolchain=net8.0)
  ValueObjectBenchmarks.Create_Struct: .NET 9.0(Runtime=.NET 9.0, Toolchain=net9.0)
  ValueObjectBenchmarks.Create_RecordStruct: .NET 8.0(Runtime=.NET 8.0, Toolchain=net8.0)
  ValueObjectBenchmarks.Create_RecordStruct: .NET 9.0(Runtime=.NET 9.0, Toolchain=net9.0)
  ValueObjectBenchmarks.Domain_Create_Email: .NET 8.0(Runtime=.NET 8.0, Toolchain=net8.0)
  ValueObjectBenchmarks.Domain_Create_Email: .NET 9.0(Runtime=.NET 9.0, Toolchain=net9.0)
  ValueObjectBenchmarks.Domain_Create_Money: .NET 8.0(Runtime=.NET 8.0, Toolchain=net8.0)
  ValueObjectBenchmarks.Domain_Create_Money: .NET 9.0(Runtime=.NET 9.0, Toolchain=net9.0)
  ValueObjectBenchmarks.Domain_Create_Percentage: .NET 8.0(Runtime=.NET 8.0, Toolchain=net8.0)
  ValueObjectBenchmarks.Domain_Create_Percentage: .NET 9.0(Runtime=.NET 9.0, Toolchain=net9.0)
  ValueObjectBenchmarks.Equals_Class: .NET 8.0(Runtime=.NET 8.0, Toolchain=net8.0)
  ValueObjectBenchmarks.Equals_Class: .NET 9.0(Runtime=.NET 9.0, Toolchain=net9.0)
  ValueObjectBenchmarks.Equals_RecordClass: .NET 8.0(Runtime=.NET 8.0, Toolchain=net8.0)
  ValueObjectBenchmarks.Equals_RecordClass: .NET 9.0(Runtime=.NET 9.0, Toolchain=net9.0)
  ValueObjectBenchmarks.Equals_Struct: .NET 8.0(Runtime=.NET 8.0, Toolchain=net8.0)
  ValueObjectBenchmarks.Equals_Struct: .NET 9.0(Runtime=.NET 9.0, Toolchain=net9.0)
  ValueObjectBenchmarks.Equals_RecordStruct: .NET 8.0(Runtime=.NET 8.0, Toolchain=net8.0)
  ValueObjectBenchmarks.Equals_RecordStruct: .NET 9.0(Runtime=.NET 9.0, Toolchain=net9.0)
  ValueObjectBenchmarks.Domain_Equals_Money: .NET 8.0(Runtime=.NET 8.0, Toolchain=net8.0)
  ValueObjectBenchmarks.Domain_Equals_Money: .NET 9.0(Runtime=.NET 9.0, Toolchain=net9.0)
  ValueObjectBenchmarks.HashCode_Class: .NET 8.0(Runtime=.NET 8.0, Toolchain=net8.0)
  ValueObjectBenchmarks.HashCode_Class: .NET 9.0(Runtime=.NET 9.0, Toolchain=net9.0)
  ValueObjectBenchmarks.HashCode_RecordClass: .NET 8.0(Runtime=.NET 8.0, Toolchain=net8.0)
  ValueObjectBenchmarks.HashCode_RecordClass: .NET 9.0(Runtime=.NET 9.0, Toolchain=net9.0)
  ValueObjectBenchmarks.HashCode_Struct: .NET 8.0(Runtime=.NET 8.0, Toolchain=net8.0)
  ValueObjectBenchmarks.HashCode_Struct: .NET 9.0(Runtime=.NET 9.0, Toolchain=net9.0)
  ValueObjectBenchmarks.HashCode_RecordStruct: .NET 8.0(Runtime=.NET 8.0, Toolchain=net8.0)
  ValueObjectBenchmarks.HashCode_RecordStruct: .NET 9.0(Runtime=.NET 9.0, Toolchain=net9.0)
  ValueObjectBenchmarks.DictionaryLookup_RecordClass: .NET 8.0(Runtime=.NET 8.0, Toolchain=net8.0)
  ValueObjectBenchmarks.DictionaryLookup_RecordClass: .NET 9.0(Runtime=.NET 9.0, Toolchain=net9.0)
  ValueObjectBenchmarks.DictionaryLookup_RecordStruct: .NET 8.0(Runtime=.NET 8.0, Toolchain=net8.0)
  ValueObjectBenchmarks.DictionaryLookup_RecordStruct: .NET 9.0(Runtime=.NET 9.0, Toolchain=net9.0)
  ValueObjectBenchmarks.Domain_Money_Add: .NET 8.0(Runtime=.NET 8.0, Toolchain=net8.0)
  ValueObjectBenchmarks.Domain_Money_Add: .NET 9.0(Runtime=.NET 9.0, Toolchain=net9.0)
  ValueObjectBenchmarks.Domain_Money_Allocate: .NET 8.0(Runtime=.NET 8.0, Toolchain=net8.0)
  ValueObjectBenchmarks.Domain_Money_Allocate: .NET 9.0(Runtime=.NET 9.0, Toolchain=net9.0)
  ValueObjectBenchmarks.Domain_Money_ApplyTax: .NET 8.0(Runtime=.NET 8.0, Toolchain=net8.0)
  ValueObjectBenchmarks.Domain_Money_ApplyTax: .NET 9.0(Runtime=.NET 9.0, Toolchain=net9.0)
  ValueObjectBenchmarks.Domain_Parse_BusinessDate: .NET 8.0(Runtime=.NET 8.0, Toolchain=net8.0)
  ValueObjectBenchmarks.Domain_Parse_BusinessDate: .NET 9.0(Runtime=.NET 9.0, Toolchain=net9.0)

// * Warnings *
MultimodalDistribution
  ValueObjectBenchmarks.Equals_RecordStruct: .NET 10.0 -> It seems that the distribution can have several modes (mValue = 3.14)
ZeroMeasurement
  ValueObjectBenchmarks.Create_Struct: .NET 10.0       -> The method duration is indistinguishable from the empty method duration
  ValueObjectBenchmarks.Create_RecordStruct: .NET 10.0 -> The method duration is indistinguishable from the empty method duration
BaselineCustomAnalyzer
  Summary -> A question mark '?' symbol indicates that it was not possible to compute the (Ratio, RatioSD, Alloc Ratio) column(s) because the baseline or benchmark could not be found, or the baseline value is too close to zero.

// * Hints *
Outliers
  ValueObjectBenchmarks.Create_RecordClass: .NET 10.0            -> 2 outliers were removed (9.33 ns, 9.49 ns)
  ValueObjectBenchmarks.Create_Struct: .NET 10.0                 -> 1 outlier  was  removed (2.12 ns)
  ValueObjectBenchmarks.Create_RecordStruct: .NET 10.0           -> 2 outliers were removed (2.16 ns, 2.19 ns)
  ValueObjectBenchmarks.Domain_Create_Email: .NET 10.0           -> 1 outlier  was  detected (129.81 ns)
  ValueObjectBenchmarks.Domain_Create_Money: .NET 10.0           -> 1 outlier  was  removed (11.63 ns)
  ValueObjectBenchmarks.Domain_Create_Percentage: .NET 10.0      -> 1 outlier  was  removed (7.10 ns)
  ValueObjectBenchmarks.Equals_Class: .NET 10.0                  -> 1 outlier  was  removed (2.82 ns)
  ValueObjectBenchmarks.Equals_RecordClass: .NET 10.0            -> 1 outlier  was  removed (2.78 ns)
  ValueObjectBenchmarks.HashCode_RecordClass: .NET 10.0          -> 1 outlier  was  removed (19.54 ns)
  ValueObjectBenchmarks.DictionaryLookup_RecordClass: .NET 10.0  -> 3 outliers were removed (22.48 ns..23.25 ns)
  ValueObjectBenchmarks.DictionaryLookup_RecordStruct: .NET 10.0 -> 1 outlier  was  removed (20.97 ns)

// * Legends *
  Mean        : Arithmetic mean of all measurements
  Error       : Half of 99.9% confidence interval
  StdDev      : Standard deviation of all measurements
  Median      : Value separating the higher half of all measurements (50th percentile)
  Ratio       : Mean of the ratio distribution ([Current]/[Baseline])
  RatioSD     : Standard deviation of the ratio distribution ([Current]/[Baseline])
  Gen0        : GC Generation 0 collects per 1000 operations
  Allocated   : Allocated memory per single operation (managed only, inclusive, 1KB = 1024B)
  Alloc Ratio : Allocated memory ratio distribution ([Current]/[Baseline])
  1 ns        : 1 Nanosecond (0.000000001 sec)

// * Diagnostic Output - MemoryDiagnoser *


// ***** BenchmarkRunner: End *****
Run time: 00:08:37 (517.44 sec), executed benchmarks: 22

Global total time: 00:11:15 (675.36 sec), executed benchmarks: 40
// * Artifacts cleanup *
Artifacts cleanup is finished
