// Validating benchmarks:
// ***** BenchmarkRunner: Start   *****
// ***** Found 120 benchmark(s) in total *****
// ***** Building 3 exe(s) in Parallel: Start   *****
// ***** Done, took 00:00:28 (28.54 sec)   *****
// ***** Failed to build in Parallel, switching to sequential build   *****
// ***** Done, took 00:00:04 (4.64 sec)   *****
// Found 6 benchmarks:
//   DapperTypeHandlerBenchmarks.Parse_TenantCode_ValidObject: .NET 10.0(Runtime=.NET 10.0, Toolchain=net10.0)
//   DapperTypeHandlerBenchmarks.Parse_TenantCode_Null: .NET 10.0(Runtime=.NET 10.0, Toolchain=net10.0)
//   DapperTypeHandlerBenchmarks.Parse_TenantCode_ValidObject: .NET 8.0(Runtime=.NET 8.0, Toolchain=net8.0)
//   DapperTypeHandlerBenchmarks.Parse_TenantCode_Null: .NET 8.0(Runtime=.NET 8.0, Toolchain=net8.0)
//   DapperTypeHandlerBenchmarks.Parse_TenantCode_ValidObject: .NET 9.0(Runtime=.NET 9.0, Toolchain=net9.0)
//   DapperTypeHandlerBenchmarks.Parse_TenantCode_Null: .NET 9.0(Runtime=.NET 9.0, Toolchain=net9.0)

// **************************
// Benchmark: DapperTypeHandlerBenchmarks.Parse_TenantCode_ValidObject: .NET 10.0(Runtime=.NET 10.0, Toolchain=net10.0)
// *** Execute ***
// Launch: 1 / 1
// Execute: dotnet "EricksonLopez.ValueObjects.Benchmarks-.NET 10.0-1.dll" --anonymousPipes 128 130 --benchmarkName EricksonLopez.ValueObjects.Benchmarks.DapperTypeHandlerBenchmarks.Parse_TenantCode_ValidObject --job ".NET 10.0" --benchmarkId 0 in /home/runner/work/dotnet-value-objects/dotnet-value-objects/benchmarks/EricksonLopez.ValueObjects.Benchmarks/bin/Release/net10.0/EricksonLopez.ValueObjects.Benchmarks-.NET 10.0-1/bin/Release/net10.0
// Failed to set up high priority (Permission denied). In order to run benchmarks with high priority, make sure you have the right permissions.
// BeforeAnythingElse

System.Reflection.TargetInvocationException: Exception has been thrown by the target of an invocation.
 ---> System.InvalidOperationException: Cannot access Value of a failed result. Error: [Validation] TenantCode.InvalidFormat: Tenant code must be DNS-friendly lowercase text using letters, digits, and hyphens.
   at EricksonLopez.Result.Result`1.get_Value()
   at EricksonLopez.ValueObjects.Benchmarks.DapperTypeHandlerBenchmarks..ctor() in /_/benchmarks/EricksonLopez.ValueObjects.Benchmarks/DapperTypeHandlerBenchmarks.cs:line 17
   at BenchmarkDotNet.Autogenerated.Runnable_0..ctor() in /_/benchmarks/EricksonLopez.ValueObjects.Benchmarks/bin/Release/net10.0/EricksonLopez.ValueObjects.Benchmarks-.NET 10.0-1/EricksonLopez.ValueObjects.Benchmarks-.NET 10.0-1.notcs:line 190
   at BenchmarkDotNet.Autogenerated.Runnable_0.Run(IHost host, String benchmarkName) in /_/benchmarks/EricksonLopez.ValueObjects.Benchmarks/bin/Release/net10.0/EricksonLopez.ValueObjects.Benchmarks-.NET 10.0-1/EricksonLopez.ValueObjects.Benchmarks-.NET 10.0-1.notcs:line 138
   at System.Reflection.MethodBaseInvoker.InterpretedInvoke_Method(Object obj, IntPtr* args)
   at System.Reflection.MethodBaseInvoker.InvokeDirectByRefWithFewArgs(Object obj, Span`1 copyOfArgs, BindingFlags invokeAttr)
   --- End of inner exception stack trace ---
   at System.Reflection.MethodBaseInvoker.InvokeDirectByRefWithFewArgs(Object obj, Span`1 copyOfArgs, BindingFlags invokeAttr)
   at System.Reflection.MethodBaseInvoker.InvokeWithFewArgs(Object obj, BindingFlags invokeAttr, Binder binder, Object[] parameters, CultureInfo culture)
   at System.Reflection.RuntimeMethodInfo.Invoke(Object obj, BindingFlags invokeAttr, Binder binder, Object[] parameters, CultureInfo culture)
   at BenchmarkDotNet.Autogenerated.UniqueProgramName.AfterAssemblyLoadingAttached(String[] args) in /_/benchmarks/EricksonLopez.ValueObjects.Benchmarks/bin/Release/net10.0/EricksonLopez.ValueObjects.Benchmarks-.NET 10.0-1/EricksonLopez.ValueObjects.Benchmarks-.NET 10.0-1.notcs:line 57
// AfterAll
No Workload Results were obtained from the run.
// Benchmark Process 4662 has exited with code 255.

// ** Remained 119 (99.2 %) benchmark(s) to run. Estimated finish 2026-09-13 6:56 (0h 0m from now) **
// **************************
// Benchmark: DapperTypeHandlerBenchmarks.Parse_TenantCode_Null: .NET 10.0(Runtime=.NET 10.0, Toolchain=net10.0)
// *** Execute ***
// Launch: 1 / 1
// Execute: dotnet "EricksonLopez.ValueObjects.Benchmarks-.NET 10.0-1.dll" --anonymousPipes 128 130 --benchmarkName EricksonLopez.ValueObjects.Benchmarks.DapperTypeHandlerBenchmarks.Parse_TenantCode_Null --job ".NET 10.0" --benchmarkId 1 in /home/runner/work/dotnet-value-objects/dotnet-value-objects/benchmarks/EricksonLopez.ValueObjects.Benchmarks/bin/Release/net10.0/EricksonLopez.ValueObjects.Benchmarks-.NET 10.0-1/bin/Release/net10.0
// Failed to set up high priority (Permission denied). In order to run benchmarks with high priority, make sure you have the right permissions.
// BeforeAnythingElse

System.Reflection.TargetInvocationException: Exception has been thrown by the target of an invocation.
 ---> System.InvalidOperationException: Cannot access Value of a failed result. Error: [Validation] TenantCode.InvalidFormat: Tenant code must be DNS-friendly lowercase text using letters, digits, and hyphens.
   at EricksonLopez.Result.Result`1.get_Value()
   at EricksonLopez.ValueObjects.Benchmarks.DapperTypeHandlerBenchmarks..ctor() in /_/benchmarks/EricksonLopez.ValueObjects.Benchmarks/DapperTypeHandlerBenchmarks.cs:line 17
   at BenchmarkDotNet.Autogenerated.Runnable_1..ctor() in /_/benchmarks/EricksonLopez.ValueObjects.Benchmarks/bin/Release/net10.0/EricksonLopez.ValueObjects.Benchmarks-.NET 10.0-1/EricksonLopez.ValueObjects.Benchmarks-.NET 10.0-1.notcs:line 387
   at BenchmarkDotNet.Autogenerated.Runnable_1.Run(IHost host, String benchmarkName) in /_/benchmarks/EricksonLopez.ValueObjects.Benchmarks/bin/Release/net10.0/EricksonLopez.ValueObjects.Benchmarks-.NET 10.0-1/EricksonLopez.ValueObjects.Benchmarks-.NET 10.0-1.notcs:line 335
   at System.Reflection.MethodBaseInvoker.InterpretedInvoke_Method(Object obj, IntPtr* args)
   at System.Reflection.MethodBaseInvoker.InvokeDirectByRefWithFewArgs(Object obj, Span`1 copyOfArgs, BindingFlags invokeAttr)
   --- End of inner exception stack trace ---
   at System.Reflection.MethodBaseInvoker.InvokeDirectByRefWithFewArgs(Object obj, Span`1 copyOfArgs, BindingFlags invokeAttr)
   at System.Reflection.MethodBaseInvoker.InvokeWithFewArgs(Object obj, BindingFlags invokeAttr, Binder binder, Object[] parameters, CultureInfo culture)
   at System.Reflection.RuntimeMethodInfo.Invoke(Object obj, BindingFlags invokeAttr, Binder binder, Object[] parameters, CultureInfo culture)
   at BenchmarkDotNet.Autogenerated.UniqueProgramName.AfterAssemblyLoadingAttached(String[] args) in /_/benchmarks/EricksonLopez.ValueObjects.Benchmarks/bin/Release/net10.0/EricksonLopez.ValueObjects.Benchmarks-.NET 10.0-1/EricksonLopez.ValueObjects.Benchmarks-.NET 10.0-1.notcs:line 57
// AfterAll
No Workload Results were obtained from the run.
// Benchmark Process 4671 has exited with code 255.

// ** Remained 118 (98.3 %) benchmark(s) to run. Estimated finish 2026-09-13 6:56 (0h 0m from now) **
// Build Error: Standard output: 
  
 Standard error: 
   Determining projects to restore...
/home/runner/work/dotnet-value-objects/dotnet-value-objects/benchmarks/EricksonLopez.ValueObjects.Benchmarks/bin/Release/net10.0/EricksonLopez.ValueObjects.Benchmarks-.NET 8.0-2/BenchmarkDotNet.Autogenerated.csproj : error NU1201: Project EricksonLopez.ValueObjects.Benchmarks is not compatible with net8.0 (.NETCoreApp,Version=v8.0). Project EricksonLopez.ValueObjects.Benchmarks supports: net10.0 (.NETCoreApp,Version=v10.0)
  Failed to restore /home/runner/work/dotnet-value-objects/dotnet-value-objects/benchmarks/EricksonLopez.ValueObjects.Benchmarks/bin/Release/net10.0/EricksonLopez.ValueObjects.Benchmarks-.NET 8.0-2/BenchmarkDotNet.Autogenerated.csproj (in 279 ms).
  5 of 6 projects are up-to-date for restore.

// BenchmarkDotNet has failed to build the auto-generated boilerplate code.
// It can be found in /home/runner/work/dotnet-value-objects/dotnet-value-objects/benchmarks/EricksonLopez.ValueObjects.Benchmarks/bin/Release/net10.0/EricksonLopez.ValueObjects.Benchmarks-.NET 8.0-2
// Please follow the troubleshooting guide: https://benchmarkdotnet.org/articles/guides/troubleshooting.html

// ** Remained 117 (97.5 %) benchmark(s) to run. Estimated finish 2026-09-13 6:55 (0h 0m from now) **
// Build Error: Standard output: 
  
 Standard error: 
   Determining projects to restore...
/home/runner/work/dotnet-value-objects/dotnet-value-objects/benchmarks/EricksonLopez.ValueObjects.Benchmarks/bin/Release/net10.0/EricksonLopez.ValueObjects.Benchmarks-.NET 8.0-2/BenchmarkDotNet.Autogenerated.csproj : error NU1201: Project EricksonLopez.ValueObjects.Benchmarks is not compatible with net8.0 (.NETCoreApp,Version=v8.0). Project EricksonLopez.ValueObjects.Benchmarks supports: net10.0 (.NETCoreApp,Version=v10.0)
  Failed to restore /home/runner/work/dotnet-value-objects/dotnet-value-objects/benchmarks/EricksonLopez.ValueObjects.Benchmarks/bin/Release/net10.0/EricksonLopez.ValueObjects.Benchmarks-.NET 8.0-2/BenchmarkDotNet.Autogenerated.csproj (in 279 ms).
  5 of 6 projects are up-to-date for restore.

// BenchmarkDotNet has failed to build the auto-generated boilerplate code.
// It can be found in /home/runner/work/dotnet-value-objects/dotnet-value-objects/benchmarks/EricksonLopez.ValueObjects.Benchmarks/bin/Release/net10.0/EricksonLopez.ValueObjects.Benchmarks-.NET 8.0-2
// Please follow the troubleshooting guide: https://benchmarkdotnet.org/articles/guides/troubleshooting.html

// ** Remained 116 (96.7 %) benchmark(s) to run. Estimated finish 2026-09-13 6:55 (0h 0m from now) **
// Build Error: Standard output: 
  
 Standard error: 
   Determining projects to restore...
/home/runner/work/dotnet-value-objects/dotnet-value-objects/benchmarks/EricksonLopez.ValueObjects.Benchmarks/bin/Release/net10.0/EricksonLopez.ValueObjects.Benchmarks-.NET 9.0-3/BenchmarkDotNet.Autogenerated.csproj : error NU1201: Project EricksonLopez.ValueObjects.Benchmarks is not compatible with net9.0 (.NETCoreApp,Version=v9.0). Project EricksonLopez.ValueObjects.Benchmarks supports: net10.0 (.NETCoreApp,Version=v10.0)
  Failed to restore /home/runner/work/dotnet-value-objects/dotnet-value-objects/benchmarks/EricksonLopez.ValueObjects.Benchmarks/bin/Release/net10.0/EricksonLopez.ValueObjects.Benchmarks-.NET 9.0-3/BenchmarkDotNet.Autogenerated.csproj (in 274 ms).
  5 of 6 projects are up-to-date for restore.

// BenchmarkDotNet has failed to build the auto-generated boilerplate code.
// It can be found in /home/runner/work/dotnet-value-objects/dotnet-value-objects/benchmarks/EricksonLopez.ValueObjects.Benchmarks/bin/Release/net10.0/EricksonLopez.ValueObjects.Benchmarks-.NET 9.0-3
// Please follow the troubleshooting guide: https://benchmarkdotnet.org/articles/guides/troubleshooting.html

// ** Remained 115 (95.8 %) benchmark(s) to run. Estimated finish 2026-09-13 6:55 (0h 0m from now) **
// Build Error: Standard output: 
  
 Standard error: 
   Determining projects to restore...
/home/runner/work/dotnet-value-objects/dotnet-value-objects/benchmarks/EricksonLopez.ValueObjects.Benchmarks/bin/Release/net10.0/EricksonLopez.ValueObjects.Benchmarks-.NET 9.0-3/BenchmarkDotNet.Autogenerated.csproj : error NU1201: Project EricksonLopez.ValueObjects.Benchmarks is not compatible with net9.0 (.NETCoreApp,Version=v9.0). Project EricksonLopez.ValueObjects.Benchmarks supports: net10.0 (.NETCoreApp,Version=v10.0)
  Failed to restore /home/runner/work/dotnet-value-objects/dotnet-value-objects/benchmarks/EricksonLopez.ValueObjects.Benchmarks/bin/Release/net10.0/EricksonLopez.ValueObjects.Benchmarks-.NET 9.0-3/BenchmarkDotNet.Autogenerated.csproj (in 274 ms).
  5 of 6 projects are up-to-date for restore.

// BenchmarkDotNet has failed to build the auto-generated boilerplate code.
// It can be found in /home/runner/work/dotnet-value-objects/dotnet-value-objects/benchmarks/EricksonLopez.ValueObjects.Benchmarks/bin/Release/net10.0/EricksonLopez.ValueObjects.Benchmarks-.NET 9.0-3
// Please follow the troubleshooting guide: https://benchmarkdotnet.org/articles/guides/troubleshooting.html

// ** Remained 114 (95.0 %) benchmark(s) to run. Estimated finish 2026-09-13 6:55 (0h 0m from now) **
// ***** BenchmarkRunner: Finish  *****

// * Export *
  benchmarks/results/results/EricksonLopez.ValueObjects.Benchmarks.DapperTypeHandlerBenchmarks-report.csv
  benchmarks/results/results/EricksonLopez.ValueObjects.Benchmarks.DapperTypeHandlerBenchmarks-report-github.md
  benchmarks/results/results/EricksonLopez.ValueObjects.Benchmarks.DapperTypeHandlerBenchmarks-report.html
  benchmarks/results/results/EricksonLopez.ValueObjects.Benchmarks.DapperTypeHandlerBenchmarks-report-full-compressed.json
  benchmarks/results/results/EricksonLopez.ValueObjects.Benchmarks.DapperTypeHandlerBenchmarks-report-default.md

// * Detailed results *
DapperTypeHandlerBenchmarks.Parse_TenantCode_ValidObject: .NET 10.0(Runtime=.NET 10.0, Toolchain=net10.0)
Runtime = ; GC = 
There are not any results runs

DapperTypeHandlerBenchmarks.Parse_TenantCode_ValidObject: .NET 8.0(Runtime=.NET 8.0, Toolchain=net8.0)
Runtime = ; GC = 
There are not any results runs

DapperTypeHandlerBenchmarks.Parse_TenantCode_ValidObject: .NET 9.0(Runtime=.NET 9.0, Toolchain=net9.0)
Runtime = ; GC = 
There are not any results runs

DapperTypeHandlerBenchmarks.Parse_TenantCode_Null: .NET 10.0(Runtime=.NET 10.0, Toolchain=net10.0)
Runtime = ; GC = 
There are not any results runs

DapperTypeHandlerBenchmarks.Parse_TenantCode_Null: .NET 8.0(Runtime=.NET 8.0, Toolchain=net8.0)
Runtime = ; GC = 
There are not any results runs

DapperTypeHandlerBenchmarks.Parse_TenantCode_Null: .NET 9.0(Runtime=.NET 9.0, Toolchain=net9.0)
Runtime = ; GC = 
There are not any results runs

// * Summary *

BenchmarkDotNet v0.15.8, Linux Ubuntu 24.04.5 LTS (Noble Numbat)
AMD EPYC 7763 2.45GHz, 1 CPU, 4 logical and 2 physical cores
.NET SDK 10.0.401
  [Host] : .NET 10.0.12 (10.0.12, 10.0.1226.42308), X64 RyuJIT x86-64-v3


| Method                       | Job       | Runtime   | Mean | Error | Ratio | RatioSD | Alloc Ratio |
|----------------------------- |---------- |---------- |-----:|------:|------:|--------:|------------:|
| Parse_TenantCode_ValidObject | .NET 10.0 | .NET 10.0 |   NA |    NA |     ? |       ? |           ? |
| Parse_TenantCode_ValidObject | .NET 8.0  | .NET 8.0  |   NA |    NA |     ? |       ? |           ? |
| Parse_TenantCode_ValidObject | .NET 9.0  | .NET 9.0  |   NA |    NA |     ? |       ? |           ? |
|                              |           |           |      |       |       |         |             |
| Parse_TenantCode_Null        | .NET 10.0 | .NET 10.0 |   NA |    NA |     ? |       ? |           ? |
| Parse_TenantCode_Null        | .NET 8.0  | .NET 8.0  |   NA |    NA |     ? |       ? |           ? |
| Parse_TenantCode_Null        | .NET 9.0  | .NET 9.0  |   NA |    NA |     ? |       ? |           ? |

Benchmarks with issues:
  DapperTypeHandlerBenchmarks.Parse_TenantCode_ValidObject: .NET 10.0(Runtime=.NET 10.0, Toolchain=net10.0)
  DapperTypeHandlerBenchmarks.Parse_TenantCode_ValidObject: .NET 8.0(Runtime=.NET 8.0, Toolchain=net8.0)
  DapperTypeHandlerBenchmarks.Parse_TenantCode_ValidObject: .NET 9.0(Runtime=.NET 9.0, Toolchain=net9.0)
  DapperTypeHandlerBenchmarks.Parse_TenantCode_Null: .NET 10.0(Runtime=.NET 10.0, Toolchain=net10.0)
  DapperTypeHandlerBenchmarks.Parse_TenantCode_Null: .NET 8.0(Runtime=.NET 8.0, Toolchain=net8.0)
  DapperTypeHandlerBenchmarks.Parse_TenantCode_Null: .NET 9.0(Runtime=.NET 9.0, Toolchain=net9.0)

// * Warnings *
BaselineCustomAnalyzer
  Summary -> A question mark '?' symbol indicates that it was not possible to compute the (Ratio, RatioSD, Alloc Ratio) column(s) because the baseline or benchmark could not be found, or the baseline value is too close to zero.

// * Legends *
  Mean        : Arithmetic mean of all measurements
  Error       : Half of 99.9% confidence interval
  Ratio       : Mean of the ratio distribution ([Current]/[Baseline])
  RatioSD     : Standard deviation of the ratio distribution ([Current]/[Baseline])
  Alloc Ratio : Allocated memory ratio distribution ([Current]/[Baseline])
  1 ns        : 1 Nanosecond (0.000000001 sec)

// * Diagnostic Output - MemoryDiagnoser *


// ***** BenchmarkRunner: End *****
Run time: 00:00:00 (0.19 sec), executed benchmarks: 2

// Found 30 benchmarks:
//   ParsingBenchmarks.Parse_Percentage_String: .NET 10.0(Runtime=.NET 10.0, Toolchain=net10.0)
//   ParsingBenchmarks.Parse_Percentage_Span: .NET 10.0(Runtime=.NET 10.0, Toolchain=net10.0)
//   ParsingBenchmarks.TryParse_Percentage_Span: .NET 10.0(Runtime=.NET 10.0, Toolchain=net10.0)
//   ParsingBenchmarks.Parse_Cuit_String: .NET 10.0(Runtime=.NET 10.0, Toolchain=net10.0)
//   ParsingBenchmarks.Parse_Cuit_Span: .NET 10.0(Runtime=.NET 10.0, Toolchain=net10.0)
//   ParsingBenchmarks.Parse_Cuit_Utf8: .NET 10.0(Runtime=.NET 10.0, Toolchain=net10.0)
//   ParsingBenchmarks.TryParse_Cuit_Utf8: .NET 10.0(Runtime=.NET 10.0, Toolchain=net10.0)
//   ParsingBenchmarks.Parse_Cbu_String: .NET 10.0(Runtime=.NET 10.0, Toolchain=net10.0)
//   ParsingBenchmarks.Parse_Cbu_Span: .NET 10.0(Runtime=.NET 10.0, Toolchain=net10.0)
//   ParsingBenchmarks.Parse_Cbu_Utf8: .NET 10.0(Runtime=.NET 10.0, Toolchain=net10.0)
//   ParsingBenchmarks.Parse_Percentage_String: .NET 8.0(Runtime=.NET 8.0, Toolchain=net8.0)
//   ParsingBenchmarks.Parse_Percentage_Span: .NET 8.0(Runtime=.NET 8.0, Toolchain=net8.0)
//   ParsingBenchmarks.TryParse_Percentage_Span: .NET 8.0(Runtime=.NET 8.0, Toolchain=net8.0)
//   ParsingBenchmarks.Parse_Cuit_String: .NET 8.0(Runtime=.NET 8.0, Toolchain=net8.0)
//   ParsingBenchmarks.Parse_Cuit_Span: .NET 8.0(Runtime=.NET 8.0, Toolchain=net8.0)
//   ParsingBenchmarks.Parse_Cuit_Utf8: .NET 8.0(Runtime=.NET 8.0, Toolchain=net8.0)
//   ParsingBenchmarks.TryParse_Cuit_Utf8: .NET 8.0(Runtime=.NET 8.0, Toolchain=net8.0)
//   ParsingBenchmarks.Parse_Cbu_String: .NET 8.0(Runtime=.NET 8.0, Toolchain=net8.0)
//   ParsingBenchmarks.Parse_Cbu_Span: .NET 8.0(Runtime=.NET 8.0, Toolchain=net8.0)
//   ParsingBenchmarks.Parse_Cbu_Utf8: .NET 8.0(Runtime=.NET 8.0, Toolchain=net8.0)
//   ParsingBenchmarks.Parse_Percentage_String: .NET 9.0(Runtime=.NET 9.0, Toolchain=net9.0)
//   ParsingBenchmarks.Parse_Percentage_Span: .NET 9.0(Runtime=.NET 9.0, Toolchain=net9.0)
//   ParsingBenchmarks.TryParse_Percentage_Span: .NET 9.0(Runtime=.NET 9.0, Toolchain=net9.0)
//   ParsingBenchmarks.Parse_Cuit_String: .NET 9.0(Runtime=.NET 9.0, Toolchain=net9.0)
//   ParsingBenchmarks.Parse_Cuit_Span: .NET 9.0(Runtime=.NET 9.0, Toolchain=net9.0)
//   ParsingBenchmarks.Parse_Cuit_Utf8: .NET 9.0(Runtime=.NET 9.0, Toolchain=net9.0)
//   ParsingBenchmarks.TryParse_Cuit_Utf8: .NET 9.0(Runtime=.NET 9.0, Toolchain=net9.0)
//   ParsingBenchmarks.Parse_Cbu_String: .NET 9.0(Runtime=.NET 9.0, Toolchain=net9.0)
//   ParsingBenchmarks.Parse_Cbu_Span: .NET 9.0(Runtime=.NET 9.0, Toolchain=net9.0)
//   ParsingBenchmarks.Parse_Cbu_Utf8: .NET 9.0(Runtime=.NET 9.0, Toolchain=net9.0)

// **************************
// Benchmark: ParsingBenchmarks.Parse_Percentage_String: .NET 10.0(Runtime=.NET 10.0, Toolchain=net10.0)
// *** Execute ***
// Launch: 1 / 1
// Execute: dotnet "EricksonLopez.ValueObjects.Benchmarks-.NET 10.0-1.dll" --anonymousPipes 135 136 --benchmarkName EricksonLopez.ValueObjects.Benchmarks.ParsingBenchmarks.Parse_Percentage_String --job ".NET 10.0" --benchmarkId 2 in /home/runner/work/dotnet-value-objects/dotnet-value-objects/benchmarks/EricksonLopez.ValueObjects.Benchmarks/bin/Release/net10.0/EricksonLopez.ValueObjects.Benchmarks-.NET 10.0-1/bin/Release/net10.0
// Failed to set up high priority (Permission denied). In order to run benchmarks with high priority, make sure you have the right permissions.
// BeforeAnythingElse

// Benchmark Process Environment Information:
// BenchmarkDotNet v0.15.8
// Runtime=.NET 10.0.12 (10.0.12, 10.0.1226.42308), X64 RyuJIT x86-64-v3
// GC=Concurrent Workstation
// HardwareIntrinsics=AVX2+BMI1+BMI2+F16C+FMA+LZCNT+MOVBE,AVX,SSE3+SSSE3+SSE4.1+SSE4.2+POPCNT,X86Base+SSE+SSE2,AES+PCLMUL VectorSize=256
// Job: .NET 10.0

OverheadJitting  1: 1 op, 219429.00 ns, 219.4290 us/op
WorkloadJitting  1: 1 op, 2142536.00 ns, 2.1425 ms/op

OverheadJitting  2: 16 op, 209681.00 ns, 13.1051 us/op
WorkloadJitting  2: 16 op, 258011.00 ns, 16.1257 us/op

WorkloadPilot    1: 16 op, 6082.00 ns, 380.1250 ns/op
WorkloadPilot    2: 32 op, 8677.00 ns, 271.1563 ns/op
WorkloadPilot    3: 64 op, 14316.00 ns, 223.6875 ns/op
WorkloadPilot    4: 128 op, 25969.00 ns, 202.8828 ns/op
WorkloadPilot    5: 256 op, 49864.00 ns, 194.7813 ns/op
WorkloadPilot    6: 512 op, 99756.00 ns, 194.8359 ns/op
WorkloadPilot    7: 1024 op, 193100.00 ns, 188.5742 ns/op
WorkloadPilot    8: 2048 op, 381853.00 ns, 186.4517 ns/op
WorkloadPilot    9: 4096 op, 776097.00 ns, 189.4768 ns/op
WorkloadPilot   10: 8192 op, 1564117.00 ns, 190.9323 ns/op
WorkloadPilot   11: 16384 op, 3107847.00 ns, 189.6879 ns/op
WorkloadPilot   12: 32768 op, 6174777.00 ns, 188.4392 ns/op
WorkloadPilot   13: 65536 op, 11668114.00 ns, 178.0413 ns/op
WorkloadPilot   14: 131072 op, 24752378.00 ns, 188.8457 ns/op
WorkloadPilot   15: 262144 op, 49083550.00 ns, 187.2389 ns/op
WorkloadPilot   16: 524288 op, 111896227.00 ns, 213.4251 ns/op
WorkloadPilot   17: 1048576 op, 145586703.00 ns, 138.8423 ns/op
WorkloadPilot   18: 2097152 op, 136914171.00 ns, 65.2858 ns/op
WorkloadPilot   19: 4194304 op, 272491718.00 ns, 64.9671 ns/op
WorkloadPilot   20: 8388608 op, 544656306.00 ns, 64.9281 ns/op

OverheadWarmup   1: 8388608 op, 19038721.00 ns, 2.2696 ns/op
OverheadWarmup   2: 8388608 op, 19041656.00 ns, 2.2699 ns/op
OverheadWarmup   3: 8388608 op, 18942020.00 ns, 2.2581 ns/op
OverheadWarmup   4: 8388608 op, 19138988.00 ns, 2.2815 ns/op
OverheadWarmup   5: 8388608 op, 18976865.00 ns, 2.2622 ns/op

OverheadActual   1: 8388608 op, 18982356.00 ns, 2.2629 ns/op
OverheadActual   2: 8388608 op, 19182990.00 ns, 2.2868 ns/op
OverheadActual   3: 8388608 op, 19263780.00 ns, 2.2964 ns/op
OverheadActual   4: 8388608 op, 18922494.00 ns, 2.2557 ns/op
OverheadActual   5: 8388608 op, 18940327.00 ns, 2.2579 ns/op
OverheadActual   6: 8388608 op, 18948743.00 ns, 2.2589 ns/op
OverheadActual   7: 8388608 op, 18932803.00 ns, 2.2570 ns/op
OverheadActual   8: 8388608 op, 18946699.00 ns, 2.2586 ns/op
OverheadActual   9: 8388608 op, 18950476.00 ns, 2.2591 ns/op
OverheadActual  10: 8388608 op, 21006842.00 ns, 2.5042 ns/op
OverheadActual  11: 8388608 op, 23646435.00 ns, 2.8189 ns/op
OverheadActual  12: 8388608 op, 14068381.00 ns, 1.6771 ns/op
OverheadActual  13: 8388608 op, 13737583.00 ns, 1.6376 ns/op
OverheadActual  14: 8388608 op, 13710092.00 ns, 1.6344 ns/op
OverheadActual  15: 8388608 op, 13721964.00 ns, 1.6358 ns/op
OverheadActual  16: 8388608 op, 15079196.00 ns, 1.7976 ns/op
OverheadActual  17: 8388608 op, 13689173.00 ns, 1.6319 ns/op
OverheadActual  18: 8388608 op, 22753970.00 ns, 2.7125 ns/op
OverheadActual  19: 8388608 op, 13994312.00 ns, 1.6683 ns/op
OverheadActual  20: 8388608 op, 13944469.00 ns, 1.6623 ns/op

WorkloadWarmup   1: 8388608 op, 543547378.00 ns, 64.7959 ns/op
WorkloadWarmup   2: 8388608 op, 547984934.00 ns, 65.3249 ns/op
WorkloadWarmup   3: 8388608 op, 542346517.00 ns, 64.6527 ns/op
WorkloadWarmup   4: 8388608 op, 544292152.00 ns, 64.8847 ns/op
WorkloadWarmup   5: 8388608 op, 542970016.00 ns, 64.7271 ns/op
WorkloadWarmup   6: 8388608 op, 546380557.00 ns, 65.1336 ns/op

// BeforeActualRun
WorkloadActual   1: 8388608 op, 542778859.00 ns, 64.7043 ns/op
WorkloadActual   2: 8388608 op, 543701493.00 ns, 64.8143 ns/op
WorkloadActual   3: 8388608 op, 543907715.00 ns, 64.8389 ns/op
WorkloadActual   4: 8388608 op, 544225518.00 ns, 64.8767 ns/op
WorkloadActual   5: 8388608 op, 543813699.00 ns, 64.8276 ns/op
WorkloadActual   6: 8388608 op, 543587339.00 ns, 64.8007 ns/op
WorkloadActual   7: 8388608 op, 544031446.00 ns, 64.8536 ns/op
WorkloadActual   8: 8388608 op, 544451930.00 ns, 64.9037 ns/op
WorkloadActual   9: 8388608 op, 543277530.00 ns, 64.7637 ns/op
WorkloadActual  10: 8388608 op, 550813528.00 ns, 65.6621 ns/op
WorkloadActual  11: 8388608 op, 544550963.00 ns, 64.9155 ns/op
WorkloadActual  12: 8388608 op, 542376659.00 ns, 64.6563 ns/op
WorkloadActual  13: 8388608 op, 543493392.00 ns, 64.7895 ns/op
WorkloadActual  14: 8388608 op, 542532580.00 ns, 64.6749 ns/op
WorkloadActual  15: 8388608 op, 542400354.00 ns, 64.6592 ns/op

// AfterActualRun
WorkloadResult   1: 8388608 op, 523842294.00 ns, 62.4469 ns/op
WorkloadResult   2: 8388608 op, 524764928.00 ns, 62.5569 ns/op
WorkloadResult   3: 8388608 op, 524971150.00 ns, 62.5814 ns/op
WorkloadResult   4: 8388608 op, 525288953.00 ns, 62.6193 ns/op
WorkloadResult   5: 8388608 op, 524877134.00 ns, 62.5702 ns/op
WorkloadResult   6: 8388608 op, 524650774.00 ns, 62.5432 ns/op
WorkloadResult   7: 8388608 op, 525094881.00 ns, 62.5962 ns/op
WorkloadResult   8: 8388608 op, 525515365.00 ns, 62.6463 ns/op
WorkloadResult   9: 8388608 op, 524340965.00 ns, 62.5063 ns/op
WorkloadResult  10: 8388608 op, 525614398.00 ns, 62.6581 ns/op
WorkloadResult  11: 8388608 op, 523440094.00 ns, 62.3989 ns/op
WorkloadResult  12: 8388608 op, 524556827.00 ns, 62.5320 ns/op
WorkloadResult  13: 8388608 op, 523596015.00 ns, 62.4175 ns/op
WorkloadResult  14: 8388608 op, 523463789.00 ns, 62.4017 ns/op
// GC:  0 0 0 0 8388608
// Threading:  0 0 8388608

// AfterAll
// Benchmark Process 4684 has exited with code 0.

Mean = 62.534 ns, StdErr = 0.024 ns (0.04%), N = 14, StdDev = 0.088 ns
Min = 62.399 ns, Q1 = 62.462 ns, Median = 62.550 ns, Q3 = 62.593 ns, Max = 62.658 ns
IQR = 0.131 ns, LowerFence = 62.266 ns, UpperFence = 62.789 ns
ConfidenceInterval = [62.435 ns; 62.633 ns] (CI 99.9%), Margin = 0.099 ns (0.16% of Mean)
Skewness = -0.28, Kurtosis = 1.6, MValue = 2

// ** Remained 113 (94.2 %) benchmark(s) to run. Estimated finish 2026-09-13 6:59 (0h 3m from now) **
// **************************
// Benchmark: ParsingBenchmarks.Parse_Percentage_Span: .NET 10.0(Runtime=.NET 10.0, Toolchain=net10.0)
// *** Execute ***
// Launch: 1 / 1
// Execute: dotnet "EricksonLopez.ValueObjects.Benchmarks-.NET 10.0-1.dll" --anonymousPipes 135 136 --benchmarkName EricksonLopez.ValueObjects.Benchmarks.ParsingBenchmarks.Parse_Percentage_Span --job ".NET 10.0" --benchmarkId 3 in /home/runner/work/dotnet-value-objects/dotnet-value-objects/benchmarks/EricksonLopez.ValueObjects.Benchmarks/bin/Release/net10.0/EricksonLopez.ValueObjects.Benchmarks-.NET 10.0-1/bin/Release/net10.0
// Failed to set up high priority (Permission denied). In order to run benchmarks with high priority, make sure you have the right permissions.
// BeforeAnythingElse

// Benchmark Process Environment Information:
// BenchmarkDotNet v0.15.8
// Runtime=.NET 10.0.12 (10.0.12, 10.0.1226.42308), X64 RyuJIT x86-64-v3
// GC=Concurrent Workstation
// HardwareIntrinsics=AVX2+BMI1+BMI2+F16C+FMA+LZCNT+MOVBE,AVX,SSE3+SSSE3+SSE4.1+SSE4.2+POPCNT,X86Base+SSE+SSE2,AES+PCLMUL VectorSize=256
// Job: .NET 10.0

OverheadJitting  1: 1 op, 253093.00 ns, 253.0930 us/op
WorkloadJitting  1: 1 op, 2185376.00 ns, 2.1854 ms/op

OverheadJitting  2: 16 op, 206394.00 ns, 12.8996 us/op
WorkloadJitting  2: 16 op, 254905.00 ns, 15.9316 us/op

WorkloadPilot    1: 16 op, 5661.00 ns, 353.8125 ns/op
WorkloadPilot    2: 32 op, 8125.00 ns, 253.9063 ns/op
WorkloadPilot    3: 64 op, 13144.00 ns, 205.3750 ns/op
WorkloadPilot    4: 128 op, 24065.00 ns, 188.0078 ns/op
WorkloadPilot    5: 256 op, 45004.00 ns, 175.7969 ns/op
WorkloadPilot    6: 512 op, 87914.00 ns, 171.7070 ns/op
WorkloadPilot    7: 1024 op, 173203.00 ns, 169.1436 ns/op
WorkloadPilot    8: 2048 op, 358699.00 ns, 175.1460 ns/op
WorkloadPilot    9: 4096 op, 753535.00 ns, 183.9685 ns/op
WorkloadPilot   10: 8192 op, 1385203.00 ns, 169.0922 ns/op
WorkloadPilot   11: 16384 op, 2749488.00 ns, 167.8154 ns/op
WorkloadPilot   12: 32768 op, 5518072.00 ns, 168.3982 ns/op
WorkloadPilot   13: 65536 op, 11264610.00 ns, 171.8843 ns/op
WorkloadPilot   14: 131072 op, 21962463.00 ns, 167.5603 ns/op
WorkloadPilot   15: 262144 op, 43943072.00 ns, 167.6295 ns/op
WorkloadPilot   16: 524288 op, 99441897.00 ns, 189.6704 ns/op
WorkloadPilot   17: 1048576 op, 69524396.00 ns, 66.3036 ns/op
WorkloadPilot   18: 2097152 op, 128285442.00 ns, 61.1713 ns/op
WorkloadPilot   19: 4194304 op, 273264000.00 ns, 65.1512 ns/op
WorkloadPilot   20: 8388608 op, 516995959.00 ns, 61.6307 ns/op

OverheadWarmup   1: 8388608 op, 18954353.00 ns, 2.2595 ns/op
OverheadWarmup   2: 8388608 op, 18954934.00 ns, 2.2596 ns/op
OverheadWarmup   3: 8388608 op, 18943954.00 ns, 2.2583 ns/op
OverheadWarmup   4: 8388608 op, 18944405.00 ns, 2.2583 ns/op
OverheadWarmup   5: 8388608 op, 18944585.00 ns, 2.2584 ns/op
OverheadWarmup   6: 8388608 op, 18952610.00 ns, 2.2593 ns/op
OverheadWarmup   7: 8388608 op, 18940297.00 ns, 2.2579 ns/op

OverheadActual   1: 8388608 op, 18940147.00 ns, 2.2578 ns/op
OverheadActual   2: 8388608 op, 18980122.00 ns, 2.2626 ns/op
OverheadActual   3: 8388608 op, 18986683.00 ns, 2.2634 ns/op
OverheadActual   4: 8388608 op, 18947240.00 ns, 2.2587 ns/op
OverheadActual   5: 8388608 op, 18965955.00 ns, 2.2609 ns/op
OverheadActual   6: 8388608 op, 18957329.00 ns, 2.2599 ns/op
OverheadActual   7: 8388608 op, 18931841.00 ns, 2.2569 ns/op
OverheadActual   8: 8388608 op, 19051585.00 ns, 2.2711 ns/op
OverheadActual   9: 8388608 op, 19076872.00 ns, 2.2741 ns/op
OverheadActual  10: 8388608 op, 18942140.00 ns, 2.2581 ns/op
OverheadActual  11: 8388608 op, 18931690.00 ns, 2.2568 ns/op
OverheadActual  12: 8388608 op, 18946409.00 ns, 2.2586 ns/op
OverheadActual  13: 8388608 op, 18929617.00 ns, 2.2566 ns/op
OverheadActual  14: 8388608 op, 26573895.00 ns, 3.1679 ns/op
OverheadActual  15: 8388608 op, 16395961.00 ns, 1.9546 ns/op

WorkloadWarmup   1: 8388608 op, 513232320.00 ns, 61.1821 ns/op
WorkloadWarmup   2: 8388608 op, 514099948.00 ns, 61.2855 ns/op
WorkloadWarmup   3: 8388608 op, 512862861.00 ns, 61.1380 ns/op
WorkloadWarmup   4: 8388608 op, 513631535.00 ns, 61.2297 ns/op
WorkloadWarmup   5: 8388608 op, 514112973.00 ns, 61.2870 ns/op
WorkloadWarmup   6: 8388608 op, 512485496.00 ns, 61.0930 ns/op

// BeforeActualRun
WorkloadActual   1: 8388608 op, 514328010.00 ns, 61.3127 ns/op
WorkloadActual   2: 8388608 op, 516073992.00 ns, 61.5208 ns/op
WorkloadActual   3: 8388608 op, 513663957.00 ns, 61.2335 ns/op
WorkloadActual   4: 8388608 op, 513662404.00 ns, 61.2333 ns/op
WorkloadActual   5: 8388608 op, 514204125.00 ns, 61.2979 ns/op
WorkloadActual   6: 8388608 op, 513591015.00 ns, 61.2248 ns/op
WorkloadActual   7: 8388608 op, 514271531.00 ns, 61.3059 ns/op
WorkloadActual   8: 8388608 op, 512817578.00 ns, 61.1326 ns/op
WorkloadActual   9: 8388608 op, 514021734.00 ns, 61.2762 ns/op
WorkloadActual  10: 8388608 op, 513749908.00 ns, 61.2438 ns/op
WorkloadActual  11: 8388608 op, 513001381.00 ns, 61.1545 ns/op
WorkloadActual  12: 8388608 op, 525556839.00 ns, 62.6513 ns/op
WorkloadActual  13: 8388608 op, 512960034.00 ns, 61.1496 ns/op
WorkloadActual  14: 8388608 op, 516064705.00 ns, 61.5197 ns/op
WorkloadActual  15: 8388608 op, 516248428.00 ns, 61.5416 ns/op

// AfterActualRun
WorkloadResult   1: 8388608 op, 495380770.00 ns, 59.0540 ns/op
WorkloadResult   2: 8388608 op, 497126752.00 ns, 59.2621 ns/op
WorkloadResult   3: 8388608 op, 494716717.00 ns, 58.9748 ns/op
WorkloadResult   4: 8388608 op, 494715164.00 ns, 58.9746 ns/op
WorkloadResult   5: 8388608 op, 495256885.00 ns, 59.0392 ns/op
WorkloadResult   6: 8388608 op, 494643775.00 ns, 58.9661 ns/op
WorkloadResult   7: 8388608 op, 495324291.00 ns, 59.0473 ns/op
WorkloadResult   8: 8388608 op, 493870338.00 ns, 58.8739 ns/op
WorkloadResult   9: 8388608 op, 495074494.00 ns, 59.0175 ns/op
WorkloadResult  10: 8388608 op, 494802668.00 ns, 58.9851 ns/op
WorkloadResult  11: 8388608 op, 494054141.00 ns, 58.8958 ns/op
WorkloadResult  12: 8388608 op, 494012794.00 ns, 58.8909 ns/op
WorkloadResult  13: 8388608 op, 497117465.00 ns, 59.2610 ns/op
WorkloadResult  14: 8388608 op, 497301188.00 ns, 59.2829 ns/op
// GC:  0 0 0 0 8388608
// Threading:  0 0 8388608

// AfterAll
// Benchmark Process 4698 has exited with code 0.

Mean = 59.038 ns, StdErr = 0.037 ns (0.06%), N = 14, StdDev = 0.137 ns
Min = 58.874 ns, Q1 = 58.968 ns, Median = 59.001 ns, Q3 = 59.052 ns, Max = 59.283 ns
IQR = 0.084 ns, LowerFence = 58.842 ns, UpperFence = 59.178 ns
ConfidenceInterval = [58.883 ns; 59.193 ns] (CI 99.9%), Margin = 0.155 ns (0.26% of Mean)
Skewness = 0.71, Kurtosis = 2.07, MValue = 2

// ** Remained 112 (93.3 %) benchmark(s) to run. Estimated finish 2026-09-13 7:02 (0h 6m from now) **
// **************************
// Benchmark: ParsingBenchmarks.TryParse_Percentage_Span: .NET 10.0(Runtime=.NET 10.0, Toolchain=net10.0)
// *** Execute ***
// Launch: 1 / 1
// Execute: dotnet "EricksonLopez.ValueObjects.Benchmarks-.NET 10.0-1.dll" --anonymousPipes 135 136 --benchmarkName EricksonLopez.ValueObjects.Benchmarks.ParsingBenchmarks.TryParse_Percentage_Span --job ".NET 10.0" --benchmarkId 4 in /home/runner/work/dotnet-value-objects/dotnet-value-objects/benchmarks/EricksonLopez.ValueObjects.Benchmarks/bin/Release/net10.0/EricksonLopez.ValueObjects.Benchmarks-.NET 10.0-1/bin/Release/net10.0
// Failed to set up high priority (Permission denied). In order to run benchmarks with high priority, make sure you have the right permissions.
// BeforeAnythingElse

// Benchmark Process Environment Information:
// BenchmarkDotNet v0.15.8
// Runtime=.NET 10.0.12 (10.0.12, 10.0.1226.42308), X64 RyuJIT x86-64-v3
// GC=Concurrent Workstation
// HardwareIntrinsics=AVX2+BMI1+BMI2+F16C+FMA+LZCNT+MOVBE,AVX,SSE3+SSSE3+SSE4.1+SSE4.2+POPCNT,X86Base+SSE+SSE2,AES+PCLMUL VectorSize=256
// Job: .NET 10.0

OverheadJitting  1: 1 op, 208999.00 ns, 208.9990 us/op
WorkloadJitting  1: 1 op, 2382883.00 ns, 2.3829 ms/op

OverheadJitting  2: 16 op, 365311.00 ns, 22.8319 us/op
WorkloadJitting  2: 16 op, 430422.00 ns, 26.9014 us/op

WorkloadPilot    1: 16 op, 5851.00 ns, 365.6875 ns/op
WorkloadPilot    2: 32 op, 8636.00 ns, 269.8750 ns/op
WorkloadPilot    3: 64 op, 13265.00 ns, 207.2656 ns/op
WorkloadPilot    4: 128 op, 23754.00 ns, 185.5781 ns/op
WorkloadPilot    5: 256 op, 45345.00 ns, 177.1289 ns/op
WorkloadPilot    6: 512 op, 103643.00 ns, 202.4277 ns/op
WorkloadPilot    7: 1024 op, 172522.00 ns, 168.4785 ns/op
WorkloadPilot    8: 2048 op, 341887.00 ns, 166.9370 ns/op
WorkloadPilot    9: 4096 op, 715404.00 ns, 174.6592 ns/op
WorkloadPilot   10: 8192 op, 1382257.00 ns, 168.7325 ns/op
WorkloadPilot   11: 16384 op, 2741943.00 ns, 167.3549 ns/op
WorkloadPilot   12: 32768 op, 5504193.00 ns, 167.9746 ns/op
WorkloadPilot   13: 65536 op, 10946851.00 ns, 167.0357 ns/op
WorkloadPilot   14: 131072 op, 22051717.00 ns, 168.2412 ns/op
WorkloadPilot   15: 262144 op, 43694711.00 ns, 166.6821 ns/op
WorkloadPilot   16: 524288 op, 87452260.00 ns, 166.8019 ns/op
WorkloadPilot   17: 1048576 op, 85697187.00 ns, 81.7272 ns/op
WorkloadPilot   18: 2097152 op, 115747047.00 ns, 55.1925 ns/op
WorkloadPilot   19: 4194304 op, 231153271.00 ns, 55.1112 ns/op
WorkloadPilot   20: 8388608 op, 463414762.00 ns, 55.2433 ns/op
WorkloadPilot   21: 16777216 op, 925810755.00 ns, 55.1826 ns/op

OverheadWarmup   1: 16777216 op, 38837004.00 ns, 2.3149 ns/op
OverheadWarmup   2: 16777216 op, 38807539.00 ns, 2.3131 ns/op
OverheadWarmup   3: 16777216 op, 38711901.00 ns, 2.3074 ns/op
OverheadWarmup   4: 16777216 op, 38753558.00 ns, 2.3099 ns/op
OverheadWarmup   5: 16777216 op, 38719054.00 ns, 2.3078 ns/op
OverheadWarmup   6: 16777216 op, 38703915.00 ns, 2.3069 ns/op
OverheadWarmup   7: 16777216 op, 38728932.00 ns, 2.3084 ns/op
OverheadWarmup   8: 16777216 op, 42791988.00 ns, 2.5506 ns/op
OverheadWarmup   9: 16777216 op, 31075792.00 ns, 1.8523 ns/op

OverheadActual   1: 16777216 op, 31159168.00 ns, 1.8572 ns/op
OverheadActual   2: 16777216 op, 31164918.00 ns, 1.8576 ns/op
OverheadActual   3: 16777216 op, 30870841.00 ns, 1.8400 ns/op
OverheadActual   4: 16777216 op, 31544647.00 ns, 1.8802 ns/op
OverheadActual   5: 16777216 op, 31225431.00 ns, 1.8612 ns/op
OverheadActual   6: 16777216 op, 31608285.00 ns, 1.8840 ns/op
OverheadActual   7: 16777216 op, 31112501.00 ns, 1.8544 ns/op
OverheadActual   8: 16777216 op, 30818112.00 ns, 1.8369 ns/op
OverheadActual   9: 16777216 op, 31312343.00 ns, 1.8664 ns/op
OverheadActual  10: 16777216 op, 30999120.00 ns, 1.8477 ns/op
OverheadActual  11: 16777216 op, 31144621.00 ns, 1.8564 ns/op
OverheadActual  12: 16777216 op, 31309528.00 ns, 1.8662 ns/op
OverheadActual  13: 16777216 op, 31041870.00 ns, 1.8502 ns/op
OverheadActual  14: 16777216 op, 31197910.00 ns, 1.8595 ns/op
OverheadActual  15: 16777216 op, 30956139.00 ns, 1.8451 ns/op

WorkloadWarmup   1: 16777216 op, 924151982.00 ns, 55.0838 ns/op
WorkloadWarmup   2: 16777216 op, 924960920.00 ns, 55.1320 ns/op
WorkloadWarmup   3: 16777216 op, 924450839.00 ns, 55.1016 ns/op
WorkloadWarmup   4: 16777216 op, 924058203.00 ns, 55.0782 ns/op
WorkloadWarmup   5: 16777216 op, 925232674.00 ns, 55.1482 ns/op
WorkloadWarmup   6: 16777216 op, 925427183.00 ns, 55.1598 ns/op
WorkloadWarmup   7: 16777216 op, 924181048.00 ns, 55.0855 ns/op

// BeforeActualRun
WorkloadActual   1: 16777216 op, 927268396.00 ns, 55.2695 ns/op
WorkloadActual   2: 16777216 op, 922984226.00 ns, 55.0141 ns/op
WorkloadActual   3: 16777216 op, 924349463.00 ns, 55.0955 ns/op
WorkloadActual   4: 16777216 op, 925797754.00 ns, 55.1818 ns/op
WorkloadActual   5: 16777216 op, 925135479.00 ns, 55.1424 ns/op
WorkloadActual   6: 16777216 op, 926555688.00 ns, 55.2270 ns/op
WorkloadActual   7: 16777216 op, 925306177.00 ns, 55.1525 ns/op
WorkloadActual   8: 16777216 op, 924373167.00 ns, 55.0969 ns/op
WorkloadActual   9: 16777216 op, 928339212.00 ns, 55.3333 ns/op
WorkloadActual  10: 16777216 op, 925449416.00 ns, 55.1611 ns/op
WorkloadActual  11: 16777216 op, 922321619.00 ns, 54.9747 ns/op
WorkloadActual  12: 16777216 op, 927603891.00 ns, 55.2895 ns/op
WorkloadActual  13: 16777216 op, 924706847.00 ns, 55.1168 ns/op
WorkloadActual  14: 16777216 op, 923405140.00 ns, 55.0392 ns/op
WorkloadActual  15: 16777216 op, 926315567.00 ns, 55.2127 ns/op

// AfterActualRun
WorkloadResult   1: 16777216 op, 896109228.00 ns, 53.4123 ns/op
WorkloadResult   2: 16777216 op, 891825058.00 ns, 53.1569 ns/op
WorkloadResult   3: 16777216 op, 893190295.00 ns, 53.2383 ns/op
WorkloadResult   4: 16777216 op, 894638586.00 ns, 53.3246 ns/op
WorkloadResult   5: 16777216 op, 893976311.00 ns, 53.2851 ns/op
WorkloadResult   6: 16777216 op, 895396520.00 ns, 53.3698 ns/op
WorkloadResult   7: 16777216 op, 894147009.00 ns, 53.2953 ns/op
WorkloadResult   8: 16777216 op, 893213999.00 ns, 53.2397 ns/op
WorkloadResult   9: 16777216 op, 897180044.00 ns, 53.4761 ns/op
WorkloadResult  10: 16777216 op, 894290248.00 ns, 53.3039 ns/op
WorkloadResult  11: 16777216 op, 891162451.00 ns, 53.1174 ns/op
WorkloadResult  12: 16777216 op, 896444723.00 ns, 53.4323 ns/op
WorkloadResult  13: 16777216 op, 893547679.00 ns, 53.2596 ns/op
WorkloadResult  14: 16777216 op, 892245972.00 ns, 53.1820 ns/op
WorkloadResult  15: 16777216 op, 895156399.00 ns, 53.3555 ns/op
// GC:  0 0 0 0 16777216
// Threading:  0 0 16777216

// AfterAll
// Benchmark Process 4716 has exited with code 0.

Mean = 53.297 ns, StdErr = 0.026 ns (0.05%), N = 15, StdDev = 0.102 ns
Min = 53.117 ns, Q1 = 53.239 ns, Median = 53.295 ns, Q3 = 53.363 ns, Max = 53.476 ns
IQR = 0.124 ns, LowerFence = 53.054 ns, UpperFence = 53.548 ns
ConfidenceInterval = [53.187 ns; 53.406 ns] (CI 99.9%), Margin = 0.109 ns (0.21% of Mean)
Skewness = 0, Kurtosis = 1.95, MValue = 2

// ** Remained 111 (92.5 %) benchmark(s) to run. Estimated finish 2026-09-13 7:07 (0h 10m from now) **
// **************************
// Benchmark: ParsingBenchmarks.Parse_Cuit_String: .NET 10.0(Runtime=.NET 10.0, Toolchain=net10.0)
// *** Execute ***
// Launch: 1 / 1
// Execute: dotnet "EricksonLopez.ValueObjects.Benchmarks-.NET 10.0-1.dll" --anonymousPipes 135 136 --benchmarkName EricksonLopez.ValueObjects.Benchmarks.ParsingBenchmarks.Parse_Cuit_String --job ".NET 10.0" --benchmarkId 5 in /home/runner/work/dotnet-value-objects/dotnet-value-objects/benchmarks/EricksonLopez.ValueObjects.Benchmarks/bin/Release/net10.0/EricksonLopez.ValueObjects.Benchmarks-.NET 10.0-1/bin/Release/net10.0
// Failed to set up high priority (Permission denied). In order to run benchmarks with high priority, make sure you have the right permissions.
// BeforeAnythingElse

// Benchmark Process Environment Information:
// BenchmarkDotNet v0.15.8
// Runtime=.NET 10.0.12 (10.0.12, 10.0.1226.42308), X64 RyuJIT x86-64-v3
// GC=Concurrent Workstation
// HardwareIntrinsics=AVX2+BMI1+BMI2+F16C+FMA+LZCNT+MOVBE,AVX,SSE3+SSSE3+SSE4.1+SSE4.2+POPCNT,X86Base+SSE+SSE2,AES+PCLMUL VectorSize=256
// Job: .NET 10.0

OverheadJitting  1: 1 op, 212717.00 ns, 212.7170 us/op
WorkloadJitting  1: 1 op, 5015905.00 ns, 5.0159 ms/op

OverheadJitting  2: 16 op, 252902.00 ns, 15.8064 us/op
WorkloadJitting  2: 16 op, 279060.00 ns, 17.4413 us/op

WorkloadPilot    1: 16 op, 6513.00 ns, 407.0625 ns/op
WorkloadPilot    2: 32 op, 8936.00 ns, 279.2500 ns/op
WorkloadPilot    3: 64 op, 10740.00 ns, 167.8125 ns/op
WorkloadPilot    4: 128 op, 45004.00 ns, 351.5938 ns/op
WorkloadPilot    5: 256 op, 67286.00 ns, 262.8359 ns/op
WorkloadPilot    6: 512 op, 106258.00 ns, 207.5352 ns/op
WorkloadPilot    7: 1024 op, 267088.00 ns, 260.8281 ns/op
WorkloadPilot    8: 2048 op, 454828.00 ns, 222.0840 ns/op
WorkloadPilot    9: 4096 op, 767181.00 ns, 187.3000 ns/op
WorkloadPilot   10: 8192 op, 1401163.00 ns, 171.0404 ns/op
WorkloadPilot   11: 16384 op, 2785135.00 ns, 169.9911 ns/op
WorkloadPilot   12: 32768 op, 5442070.00 ns, 166.0788 ns/op
WorkloadPilot   13: 65536 op, 10680801.00 ns, 162.9761 ns/op
WorkloadPilot   14: 131072 op, 21182799.00 ns, 161.6119 ns/op
WorkloadPilot   15: 262144 op, 42017158.00 ns, 160.2827 ns/op
WorkloadPilot   16: 524288 op, 77842006.00 ns, 148.4718 ns/op
WorkloadPilot   17: 1048576 op, 65608899.00 ns, 62.5695 ns/op
WorkloadPilot   18: 2097152 op, 116398268.00 ns, 55.5030 ns/op
WorkloadPilot   19: 4194304 op, 228028654.00 ns, 54.3663 ns/op
WorkloadPilot   20: 8388608 op, 454833295.00 ns, 54.2204 ns/op
WorkloadPilot   21: 16777216 op, 908593417.00 ns, 54.1564 ns/op

OverheadWarmup   1: 16777216 op, 37969328.00 ns, 2.2631 ns/op
OverheadWarmup   2: 16777216 op, 37960572.00 ns, 2.2626 ns/op
OverheadWarmup   3: 16777216 op, 38127213.00 ns, 2.2726 ns/op
OverheadWarmup   4: 16777216 op, 37890732.00 ns, 2.2585 ns/op
OverheadWarmup   5: 16777216 op, 37879630.00 ns, 2.2578 ns/op
OverheadWarmup   6: 16777216 op, 37913954.00 ns, 2.2598 ns/op
OverheadWarmup   7: 16777216 op, 38103187.00 ns, 2.2711 ns/op
OverheadWarmup   8: 16777216 op, 40447269.00 ns, 2.4108 ns/op
OverheadWarmup   9: 16777216 op, 27435951.00 ns, 1.6353 ns/op

OverheadActual   1: 16777216 op, 27466629.00 ns, 1.6371 ns/op
OverheadActual   2: 16777216 op, 27410434.00 ns, 1.6338 ns/op
OverheadActual   3: 16777216 op, 27510801.00 ns, 1.6398 ns/op
OverheadActual   4: 16777216 op, 27809509.00 ns, 1.6576 ns/op
OverheadActual   5: 16777216 op, 27505912.00 ns, 1.6395 ns/op
OverheadActual   6: 16777216 op, 27459025.00 ns, 1.6367 ns/op
OverheadActual   7: 16777216 op, 27433426.00 ns, 1.6352 ns/op
OverheadActual   8: 16777216 op, 27435461.00 ns, 1.6353 ns/op
OverheadActual   9: 16777216 op, 27433618.00 ns, 1.6352 ns/op
OverheadActual  10: 16777216 op, 27562739.00 ns, 1.6429 ns/op
OverheadActual  11: 16777216 op, 27677282.00 ns, 1.6497 ns/op
OverheadActual  12: 16777216 op, 27502365.00 ns, 1.6393 ns/op
OverheadActual  13: 16777216 op, 27416805.00 ns, 1.6342 ns/op
OverheadActual  14: 16777216 op, 27465417.00 ns, 1.6371 ns/op
OverheadActual  15: 16777216 op, 27648338.00 ns, 1.6480 ns/op

WorkloadWarmup   1: 16777216 op, 925337984.00 ns, 55.1544 ns/op
WorkloadWarmup   2: 16777216 op, 915101136.00 ns, 54.5443 ns/op
WorkloadWarmup   3: 16777216 op, 932075344.00 ns, 55.5560 ns/op
WorkloadWarmup   4: 16777216 op, 904645685.00 ns, 53.9211 ns/op
WorkloadWarmup   5: 16777216 op, 906103173.00 ns, 54.0080 ns/op
WorkloadWarmup   6: 16777216 op, 906420399.00 ns, 54.0269 ns/op
WorkloadWarmup   7: 16777216 op, 913153935.00 ns, 54.4282 ns/op
WorkloadWarmup   8: 16777216 op, 912905657.00 ns, 54.4134 ns/op

// BeforeActualRun
WorkloadActual   1: 16777216 op, 910540045.00 ns, 54.2724 ns/op
WorkloadActual   2: 16777216 op, 914155489.00 ns, 54.4879 ns/op
WorkloadActual   3: 16777216 op, 909571939.00 ns, 54.2147 ns/op
WorkloadActual   4: 16777216 op, 911535873.00 ns, 54.3318 ns/op
WorkloadActual   5: 16777216 op, 909957810.00 ns, 54.2377 ns/op
WorkloadActual   6: 16777216 op, 910403030.00 ns, 54.2642 ns/op
WorkloadActual   7: 16777216 op, 908036638.00 ns, 54.1232 ns/op
WorkloadActual   8: 16777216 op, 909366358.00 ns, 54.2025 ns/op
WorkloadActual   9: 16777216 op, 911279867.00 ns, 54.3165 ns/op
WorkloadActual  10: 16777216 op, 911989440.00 ns, 54.3588 ns/op
WorkloadActual  11: 16777216 op, 911291709.00 ns, 54.3172 ns/op
WorkloadActual  12: 16777216 op, 911050689.00 ns, 54.3029 ns/op
WorkloadActual  13: 16777216 op, 908261217.00 ns, 54.1366 ns/op
WorkloadActual  14: 16777216 op, 908179625.00 ns, 54.1317 ns/op
WorkloadActual  15: 16777216 op, 911634116.00 ns, 54.3376 ns/op

// AfterActualRun
WorkloadResult   1: 16777216 op, 883073416.00 ns, 52.6353 ns/op
WorkloadResult   2: 16777216 op, 886688860.00 ns, 52.8508 ns/op
WorkloadResult   3: 16777216 op, 882105310.00 ns, 52.5776 ns/op
WorkloadResult   4: 16777216 op, 884069244.00 ns, 52.6946 ns/op
WorkloadResult   5: 16777216 op, 882491181.00 ns, 52.6006 ns/op
WorkloadResult   6: 16777216 op, 882936401.00 ns, 52.6271 ns/op
WorkloadResult   7: 16777216 op, 880570009.00 ns, 52.4861 ns/op
WorkloadResult   8: 16777216 op, 881899729.00 ns, 52.5653 ns/op
WorkloadResult   9: 16777216 op, 883813238.00 ns, 52.6794 ns/op
WorkloadResult  10: 16777216 op, 884522811.00 ns, 52.7217 ns/op
WorkloadResult  11: 16777216 op, 883825080.00 ns, 52.6801 ns/op
WorkloadResult  12: 16777216 op, 883584060.00 ns, 52.6657 ns/op
WorkloadResult  13: 16777216 op, 880794588.00 ns, 52.4994 ns/op
WorkloadResult  14: 16777216 op, 880712996.00 ns, 52.4946 ns/op
WorkloadResult  15: 16777216 op, 884167487.00 ns, 52.7005 ns/op
// GC:  48 0 0 805306368 16777216
// Threading:  0 0 16777216

// AfterAll
// Benchmark Process 4741 has exited with code 0.

Mean = 52.632 ns, StdErr = 0.025 ns (0.05%), N = 15, StdDev = 0.099 ns
Min = 52.486 ns, Q1 = 52.571 ns, Median = 52.635 ns, Q3 = 52.687 ns, Max = 52.851 ns
IQR = 0.116 ns, LowerFence = 52.398 ns, UpperFence = 52.861 ns
ConfidenceInterval = [52.526 ns; 52.737 ns] (CI 99.9%), Margin = 0.106 ns (0.20% of Mean)
Skewness = 0.24, Kurtosis = 2.5, MValue = 2

// ** Remained 110 (91.7 %) benchmark(s) to run. Estimated finish 2026-09-13 7:11 (0h 14m from now) **
// **************************
// Benchmark: ParsingBenchmarks.Parse_Cuit_Span: .NET 10.0(Runtime=.NET 10.0, Toolchain=net10.0)
// *** Execute ***
// Launch: 1 / 1
// Execute: dotnet "EricksonLopez.ValueObjects.Benchmarks-.NET 10.0-1.dll" --anonymousPipes 135 136 --benchmarkName EricksonLopez.ValueObjects.Benchmarks.ParsingBenchmarks.Parse_Cuit_Span --job ".NET 10.0" --benchmarkId 6 in /home/runner/work/dotnet-value-objects/dotnet-value-objects/benchmarks/EricksonLopez.ValueObjects.Benchmarks/bin/Release/net10.0/EricksonLopez.ValueObjects.Benchmarks-.NET 10.0-1/bin/Release/net10.0
// Failed to set up high priority (Permission denied). In order to run benchmarks with high priority, make sure you have the right permissions.
// BeforeAnythingElse

// Benchmark Process Environment Information:
// BenchmarkDotNet v0.15.8
// Runtime=.NET 10.0.12 (10.0.12, 10.0.1226.42308), X64 RyuJIT x86-64-v3
// GC=Concurrent Workstation
// HardwareIntrinsics=AVX2+BMI1+BMI2+F16C+FMA+LZCNT+MOVBE,AVX,SSE3+SSSE3+SSE4.1+SSE4.2+POPCNT,X86Base+SSE+SSE2,AES+PCLMUL VectorSize=256
// Job: .NET 10.0

OverheadJitting  1: 1 op, 220100.00 ns, 220.1000 us/op
WorkloadJitting  1: 1 op, 5107686.00 ns, 5.1077 ms/op

OverheadJitting  2: 16 op, 208178.00 ns, 13.0111 us/op
WorkloadJitting  2: 16 op, 288798.00 ns, 18.0499 us/op

WorkloadPilot    1: 16 op, 11842.00 ns, 740.1250 ns/op
WorkloadPilot    2: 32 op, 6993.00 ns, 218.5313 ns/op
WorkloadPilot    3: 64 op, 10720.00 ns, 167.5000 ns/op
WorkloadPilot    4: 128 op, 28744.00 ns, 224.5625 ns/op
WorkloadPilot    5: 256 op, 52187.00 ns, 203.8555 ns/op
WorkloadPilot    6: 512 op, 97372.00 ns, 190.1797 ns/op
WorkloadPilot    7: 1024 op, 229848.00 ns, 224.4609 ns/op
WorkloadPilot    8: 2048 op, 402691.00 ns, 196.6265 ns/op
WorkloadPilot    9: 4096 op, 745981.00 ns, 182.1243 ns/op
WorkloadPilot   10: 8192 op, 1380816.00 ns, 168.5566 ns/op
WorkloadPilot   11: 16384 op, 2750350.00 ns, 167.8680 ns/op
WorkloadPilot   12: 32768 op, 5244652.00 ns, 160.0541 ns/op
WorkloadPilot   13: 65536 op, 10430875.00 ns, 159.1625 ns/op
WorkloadPilot   14: 131072 op, 20816094.00 ns, 158.8142 ns/op
WorkloadPilot   15: 262144 op, 41573932.00 ns, 158.5920 ns/op
WorkloadPilot   16: 524288 op, 76181768.00 ns, 145.3052 ns/op
WorkloadPilot   17: 1048576 op, 70565513.00 ns, 67.2965 ns/op
WorkloadPilot   18: 2097152 op, 127390456.00 ns, 60.7445 ns/op
WorkloadPilot   19: 4194304 op, 250000709.00 ns, 59.6048 ns/op
WorkloadPilot   20: 8388608 op, 501311873.00 ns, 59.7610 ns/op

OverheadWarmup   1: 8388608 op, 19029462.00 ns, 2.2685 ns/op
OverheadWarmup   2: 8388608 op, 19000368.00 ns, 2.2650 ns/op
OverheadWarmup   3: 8388608 op, 21526880.00 ns, 2.5662 ns/op
OverheadWarmup   4: 8388608 op, 18982164.00 ns, 2.2629 ns/op
OverheadWarmup   5: 8388608 op, 18955254.00 ns, 2.2596 ns/op
OverheadWarmup   6: 8388608 op, 20147787.00 ns, 2.4018 ns/op
OverheadWarmup   7: 8388608 op, 18924276.00 ns, 2.2559 ns/op

OverheadActual   1: 8388608 op, 20871958.00 ns, 2.4881 ns/op
OverheadActual   2: 8388608 op, 18975712.00 ns, 2.2621 ns/op
OverheadActual   3: 8388608 op, 18947319.00 ns, 2.2587 ns/op
OverheadActual   4: 8388608 op, 19000698.00 ns, 2.2651 ns/op
OverheadActual   5: 8388608 op, 19032588.00 ns, 2.2689 ns/op
OverheadActual   6: 8388608 op, 18994356.00 ns, 2.2643 ns/op
OverheadActual   7: 8388608 op, 18934174.00 ns, 2.2571 ns/op
OverheadActual   8: 8388608 op, 21487366.00 ns, 2.5615 ns/op
OverheadActual   9: 8388608 op, 18932561.00 ns, 2.2569 ns/op
OverheadActual  10: 8388608 op, 18955224.00 ns, 2.2596 ns/op
OverheadActual  11: 8388608 op, 18957308.00 ns, 2.2599 ns/op
OverheadActual  12: 8388608 op, 18971725.00 ns, 2.2616 ns/op
OverheadActual  13: 8388608 op, 20912304.00 ns, 2.4929 ns/op
OverheadActual  14: 8388608 op, 13800499.00 ns, 1.6451 ns/op
OverheadActual  15: 8388608 op, 13823071.00 ns, 1.6478 ns/op
OverheadActual  16: 8388608 op, 13695954.00 ns, 1.6327 ns/op
OverheadActual  17: 8388608 op, 13712486.00 ns, 1.6347 ns/op
OverheadActual  18: 8388608 op, 13892672.00 ns, 1.6561 ns/op
OverheadActual  19: 8388608 op, 13721803.00 ns, 1.6358 ns/op
OverheadActual  20: 8388608 op, 13689142.00 ns, 1.6319 ns/op

WorkloadWarmup   1: 8388608 op, 512550315.00 ns, 61.1008 ns/op
WorkloadWarmup   2: 8388608 op, 515418885.00 ns, 61.4427 ns/op
WorkloadWarmup   3: 8388608 op, 507557833.00 ns, 60.5056 ns/op
WorkloadWarmup   4: 8388608 op, 506970367.00 ns, 60.4356 ns/op
WorkloadWarmup   5: 8388608 op, 507042702.00 ns, 60.4442 ns/op
WorkloadWarmup   6: 8388608 op, 510294197.00 ns, 60.8318 ns/op
WorkloadWarmup   7: 8388608 op, 509192311.00 ns, 60.7005 ns/op

// BeforeActualRun
WorkloadActual   1: 8388608 op, 507579193.00 ns, 60.5082 ns/op
WorkloadActual   2: 8388608 op, 514587307.00 ns, 61.3436 ns/op
WorkloadActual   3: 8388608 op, 501474657.00 ns, 59.7804 ns/op
WorkloadActual   4: 8388608 op, 501104616.00 ns, 59.7363 ns/op
WorkloadActual   5: 8388608 op, 502887045.00 ns, 59.9488 ns/op
WorkloadActual   6: 8388608 op, 503629579.00 ns, 60.0373 ns/op
WorkloadActual   7: 8388608 op, 503609603.00 ns, 60.0349 ns/op
WorkloadActual   8: 8388608 op, 504903595.00 ns, 60.1892 ns/op
WorkloadActual   9: 8388608 op, 522830079.00 ns, 62.3262 ns/op
WorkloadActual  10: 8388608 op, 503590407.00 ns, 60.0327 ns/op
WorkloadActual  11: 8388608 op, 502444890.00 ns, 59.8961 ns/op
WorkloadActual  12: 8388608 op, 503649978.00 ns, 60.0398 ns/op
WorkloadActual  13: 8388608 op, 503591940.00 ns, 60.0328 ns/op
WorkloadActual  14: 8388608 op, 504635666.00 ns, 60.1573 ns/op
WorkloadActual  15: 8388608 op, 502461001.00 ns, 59.8980 ns/op

// AfterActualRun
WorkloadResult   1: 8388608 op, 488627921.50 ns, 58.2490 ns/op
WorkloadResult   2: 8388608 op, 482523385.50 ns, 57.5213 ns/op
WorkloadResult   3: 8388608 op, 482153344.50 ns, 57.4772 ns/op
WorkloadResult   4: 8388608 op, 483935773.50 ns, 57.6896 ns/op
WorkloadResult   5: 8388608 op, 484678307.50 ns, 57.7782 ns/op
WorkloadResult   6: 8388608 op, 484658331.50 ns, 57.7758 ns/op
WorkloadResult   7: 8388608 op, 485952323.50 ns, 57.9300 ns/op
WorkloadResult   8: 8388608 op, 484639135.50 ns, 57.7735 ns/op
WorkloadResult   9: 8388608 op, 483493618.50 ns, 57.6369 ns/op
WorkloadResult  10: 8388608 op, 484698706.50 ns, 57.7806 ns/op
WorkloadResult  11: 8388608 op, 484640668.50 ns, 57.7737 ns/op
WorkloadResult  12: 8388608 op, 485684394.50 ns, 57.8981 ns/op
WorkloadResult  13: 8388608 op, 483509729.50 ns, 57.6389 ns/op
// GC:  24 0 0 402653184 8388608
// Threading:  0 0 8388608

// AfterAll
// Benchmark Process 4765 has exited with code 0.

Mean = 57.763 ns, StdErr = 0.054 ns (0.09%), N = 13, StdDev = 0.196 ns
Min = 57.477 ns, Q1 = 57.639 ns, Median = 57.774 ns, Q3 = 57.781 ns, Max = 58.249 ns
IQR = 0.142 ns, LowerFence = 57.426 ns, UpperFence = 57.993 ns
ConfidenceInterval = [57.529 ns; 57.998 ns] (CI 99.9%), Margin = 0.234 ns (0.41% of Mean)
Skewness = 0.82, Kurtosis = 3.53, MValue = 2

// ** Remained 109 (90.8 %) benchmark(s) to run. Estimated finish 2026-09-13 7:12 (0h 14m from now) **
// **************************
// Benchmark: ParsingBenchmarks.Parse_Cuit_Utf8: .NET 10.0(Runtime=.NET 10.0, Toolchain=net10.0)
// *** Execute ***
// Launch: 1 / 1
// Execute: dotnet "EricksonLopez.ValueObjects.Benchmarks-.NET 10.0-1.dll" --anonymousPipes 135 136 --benchmarkName EricksonLopez.ValueObjects.Benchmarks.ParsingBenchmarks.Parse_Cuit_Utf8 --job ".NET 10.0" --benchmarkId 7 in /home/runner/work/dotnet-value-objects/dotnet-value-objects/benchmarks/EricksonLopez.ValueObjects.Benchmarks/bin/Release/net10.0/EricksonLopez.ValueObjects.Benchmarks-.NET 10.0-1/bin/Release/net10.0
// Failed to set up high priority (Permission denied). In order to run benchmarks with high priority, make sure you have the right permissions.
// BeforeAnythingElse

// Benchmark Process Environment Information:
// BenchmarkDotNet v0.15.8
// Runtime=.NET 10.0.12 (10.0.12, 10.0.1226.42308), X64 RyuJIT x86-64-v3
// GC=Concurrent Workstation
// HardwareIntrinsics=AVX2+BMI1+BMI2+F16C+FMA+LZCNT+MOVBE,AVX,SSE3+SSSE3+SSE4.1+SSE4.2+POPCNT,X86Base+SSE+SSE2,AES+PCLMUL VectorSize=256
// Job: .NET 10.0

OverheadJitting  1: 1 op, 260806.00 ns, 260.8060 us/op
WorkloadJitting  1: 1 op, 5076376.00 ns, 5.0764 ms/op

OverheadJitting  2: 16 op, 230349.00 ns, 14.3968 us/op
WorkloadJitting  2: 16 op, 225922.00 ns, 14.1201 us/op

WorkloadPilot    1: 16 op, 12653.00 ns, 790.8125 ns/op
WorkloadPilot    2: 32 op, 8937.00 ns, 279.2813 ns/op
WorkloadPilot    3: 64 op, 13155.00 ns, 205.5469 ns/op
WorkloadPilot    4: 128 op, 31699.00 ns, 247.6484 ns/op
WorkloadPilot    5: 256 op, 59481.00 ns, 232.3477 ns/op
WorkloadPilot    6: 512 op, 115476.00 ns, 225.5391 ns/op
WorkloadPilot    7: 1024 op, 265485.00 ns, 259.2627 ns/op
WorkloadPilot    8: 2048 op, 469676.00 ns, 229.3340 ns/op
WorkloadPilot    9: 4096 op, 886373.00 ns, 216.3997 ns/op
WorkloadPilot   10: 8192 op, 1654446.00 ns, 201.9587 ns/op
WorkloadPilot   11: 16384 op, 3358252.00 ns, 204.9714 ns/op
WorkloadPilot   12: 32768 op, 6459055.00 ns, 197.1147 ns/op
WorkloadPilot   13: 65536 op, 12859760.00 ns, 196.2244 ns/op
WorkloadPilot   14: 131072 op, 25557199.00 ns, 194.9860 ns/op
WorkloadPilot   15: 262144 op, 50887655.00 ns, 194.1210 ns/op
WorkloadPilot   16: 524288 op, 100181946.00 ns, 191.0819 ns/op
WorkloadPilot   17: 1048576 op, 68660408.00 ns, 65.4797 ns/op
WorkloadPilot   18: 2097152 op, 139227822.00 ns, 66.3890 ns/op
WorkloadPilot   19: 4194304 op, 272523132.00 ns, 64.9746 ns/op
WorkloadPilot   20: 8388608 op, 545098851.00 ns, 64.9808 ns/op

OverheadWarmup   1: 8388608 op, 19024856.00 ns, 2.2679 ns/op
OverheadWarmup   2: 8388608 op, 18955643.00 ns, 2.2597 ns/op
OverheadWarmup   3: 8388608 op, 18964309.00 ns, 2.2607 ns/op
OverheadWarmup   4: 8388608 op, 19010244.00 ns, 2.2662 ns/op
OverheadWarmup   5: 8388608 op, 19125168.00 ns, 2.2799 ns/op
OverheadWarmup   6: 8388608 op, 18960241.00 ns, 2.2602 ns/op
OverheadWarmup   7: 8388608 op, 19121952.00 ns, 2.2795 ns/op
OverheadWarmup   8: 8388608 op, 18938321.00 ns, 2.2576 ns/op

OverheadActual   1: 8388608 op, 19160644.00 ns, 2.2841 ns/op
OverheadActual   2: 8388608 op, 19111904.00 ns, 2.2783 ns/op
OverheadActual   3: 8388608 op, 18936316.00 ns, 2.2574 ns/op
OverheadActual   4: 8388608 op, 18939362.00 ns, 2.2577 ns/op
OverheadActual   5: 8388608 op, 18948589.00 ns, 2.2588 ns/op
OverheadActual   6: 8388608 op, 18972243.00 ns, 2.2617 ns/op
OverheadActual   7: 8388608 op, 18953899.00 ns, 2.2595 ns/op
OverheadActual   8: 8388608 op, 18951505.00 ns, 2.2592 ns/op
OverheadActual   9: 8388608 op, 18931227.00 ns, 2.2568 ns/op
OverheadActual  10: 8388608 op, 18948610.00 ns, 2.2589 ns/op
OverheadActual  11: 8388608 op, 18968416.00 ns, 2.2612 ns/op
OverheadActual  12: 8388608 op, 19317105.00 ns, 2.3028 ns/op
OverheadActual  13: 8388608 op, 13871572.00 ns, 1.6536 ns/op
OverheadActual  14: 8388608 op, 13784459.00 ns, 1.6432 ns/op
OverheadActual  15: 8388608 op, 13791111.00 ns, 1.6440 ns/op
OverheadActual  16: 8388608 op, 13724197.00 ns, 1.6361 ns/op
OverheadActual  17: 8388608 op, 13687489.00 ns, 1.6317 ns/op
OverheadActual  18: 8388608 op, 13719628.00 ns, 1.6355 ns/op
OverheadActual  19: 8388608 op, 13721983.00 ns, 1.6358 ns/op
OverheadActual  20: 8388608 op, 13748022.00 ns, 1.6389 ns/op

WorkloadWarmup   1: 8388608 op, 553295986.00 ns, 65.9580 ns/op
WorkloadWarmup   2: 8388608 op, 551492005.00 ns, 65.7430 ns/op
WorkloadWarmup   3: 8388608 op, 544018884.00 ns, 64.8521 ns/op
WorkloadWarmup   4: 8388608 op, 543564758.00 ns, 64.7980 ns/op
WorkloadWarmup   5: 8388608 op, 543814624.00 ns, 64.8278 ns/op
WorkloadWarmup   6: 8388608 op, 544159246.00 ns, 64.8688 ns/op
WorkloadWarmup   7: 8388608 op, 543763618.00 ns, 64.8217 ns/op
WorkloadWarmup   8: 8388608 op, 546205988.00 ns, 65.1128 ns/op
WorkloadWarmup   9: 8388608 op, 572968925.00 ns, 68.3032 ns/op
WorkloadWarmup  10: 8388608 op, 544663094.00 ns, 64.9289 ns/op

// BeforeActualRun
WorkloadActual   1: 8388608 op, 546509839.00 ns, 65.1490 ns/op
WorkloadActual   2: 8388608 op, 544589768.00 ns, 64.9202 ns/op
WorkloadActual   3: 8388608 op, 543050907.00 ns, 64.7367 ns/op
WorkloadActual   4: 8388608 op, 543291127.00 ns, 64.7653 ns/op
WorkloadActual   5: 8388608 op, 544872765.00 ns, 64.9539 ns/op
WorkloadActual   6: 8388608 op, 545205616.00 ns, 64.9936 ns/op
WorkloadActual   7: 8388608 op, 544378159.00 ns, 64.8949 ns/op
WorkloadActual   8: 8388608 op, 552532566.00 ns, 65.8670 ns/op
WorkloadActual   9: 8388608 op, 544390214.00 ns, 64.8964 ns/op
WorkloadActual  10: 8388608 op, 544313531.00 ns, 64.8872 ns/op
WorkloadActual  11: 8388608 op, 544338959.00 ns, 64.8903 ns/op
WorkloadActual  12: 8388608 op, 542529293.00 ns, 64.6745 ns/op
WorkloadActual  13: 8388608 op, 543990699.00 ns, 64.8487 ns/op
WorkloadActual  14: 8388608 op, 546204349.00 ns, 65.1126 ns/op
WorkloadActual  15: 8388608 op, 544453072.00 ns, 64.9039 ns/op

// AfterActualRun
WorkloadResult   1: 8388608 op, 525651929.00 ns, 62.6626 ns/op
WorkloadResult   2: 8388608 op, 524113068.00 ns, 62.4791 ns/op
WorkloadResult   3: 8388608 op, 524353288.00 ns, 62.5078 ns/op
WorkloadResult   4: 8388608 op, 525934926.00 ns, 62.6963 ns/op
WorkloadResult   5: 8388608 op, 526267777.00 ns, 62.7360 ns/op
WorkloadResult   6: 8388608 op, 525440320.00 ns, 62.6374 ns/op
WorkloadResult   7: 8388608 op, 525452375.00 ns, 62.6388 ns/op
WorkloadResult   8: 8388608 op, 525375692.00 ns, 62.6297 ns/op
WorkloadResult   9: 8388608 op, 525401120.00 ns, 62.6327 ns/op
WorkloadResult  10: 8388608 op, 523591454.00 ns, 62.4170 ns/op
WorkloadResult  11: 8388608 op, 525052860.00 ns, 62.5912 ns/op
WorkloadResult  12: 8388608 op, 527266510.00 ns, 62.8551 ns/op
WorkloadResult  13: 8388608 op, 525515233.00 ns, 62.6463 ns/op
// GC:  24 0 0 402653184 8388608
// Threading:  0 0 8388608

// AfterAll
// Benchmark Process 4778 has exited with code 0.

Mean = 62.625 ns, StdErr = 0.031 ns (0.05%), N = 13, StdDev = 0.113 ns
Min = 62.417 ns, Q1 = 62.591 ns, Median = 62.637 ns, Q3 = 62.663 ns, Max = 62.855 ns
IQR = 0.071 ns, LowerFence = 62.484 ns, UpperFence = 62.770 ns
ConfidenceInterval = [62.491 ns; 62.760 ns] (CI 99.9%), Margin = 0.135 ns (0.22% of Mean)
Skewness = 0, Kurtosis = 2.63, MValue = 2

// ** Remained 108 (90.0 %) benchmark(s) to run. Estimated finish 2026-09-13 7:13 (0h 15m from now) **
// **************************
// Benchmark: ParsingBenchmarks.TryParse_Cuit_Utf8: .NET 10.0(Runtime=.NET 10.0, Toolchain=net10.0)
// *** Execute ***
// Launch: 1 / 1
// Execute: dotnet "EricksonLopez.ValueObjects.Benchmarks-.NET 10.0-1.dll" --anonymousPipes 135 136 --benchmarkName EricksonLopez.ValueObjects.Benchmarks.ParsingBenchmarks.TryParse_Cuit_Utf8 --job ".NET 10.0" --benchmarkId 8 in /home/runner/work/dotnet-value-objects/dotnet-value-objects/benchmarks/EricksonLopez.ValueObjects.Benchmarks/bin/Release/net10.0/EricksonLopez.ValueObjects.Benchmarks-.NET 10.0-1/bin/Release/net10.0
// Failed to set up high priority (Permission denied). In order to run benchmarks with high priority, make sure you have the right permissions.
// BeforeAnythingElse

// Benchmark Process Environment Information:
// BenchmarkDotNet v0.15.8
// Runtime=.NET 10.0.12 (10.0.12, 10.0.1226.42308), X64 RyuJIT x86-64-v3
// GC=Concurrent Workstation
// HardwareIntrinsics=AVX2+BMI1+BMI2+F16C+FMA+LZCNT+MOVBE,AVX,SSE3+SSSE3+SSE4.1+SSE4.2+POPCNT,X86Base+SSE+SSE2,AES+PCLMUL VectorSize=256
// Job: .NET 10.0

OverheadJitting  1: 1 op, 215181.00 ns, 215.1810 us/op
WorkloadJitting  1: 1 op, 5452233.00 ns, 5.4522 ms/op

OverheadJitting  2: 16 op, 367326.00 ns, 22.9579 us/op
WorkloadJitting  2: 16 op, 410286.00 ns, 25.6429 us/op

WorkloadPilot    1: 16 op, 6312.00 ns, 394.5000 ns/op
WorkloadPilot    2: 32 op, 8776.00 ns, 274.2500 ns/op
WorkloadPilot    3: 64 op, 13234.00 ns, 206.7813 ns/op
WorkloadPilot    4: 128 op, 31358.00 ns, 244.9844 ns/op
WorkloadPilot    5: 256 op, 59381.00 ns, 231.9570 ns/op
WorkloadPilot    6: 512 op, 114343.00 ns, 223.3262 ns/op
WorkloadPilot    7: 1024 op, 287096.00 ns, 280.3672 ns/op
WorkloadPilot    8: 2048 op, 480808.00 ns, 234.7695 ns/op
WorkloadPilot    9: 4096 op, 878809.00 ns, 214.5530 ns/op
WorkloadPilot   10: 8192 op, 1589606.00 ns, 194.0437 ns/op
WorkloadPilot   11: 16384 op, 3157311.00 ns, 192.7070 ns/op
WorkloadPilot   12: 32768 op, 6243709.00 ns, 190.5429 ns/op
WorkloadPilot   13: 65536 op, 12342147.00 ns, 188.3262 ns/op
WorkloadPilot   14: 131072 op, 24623181.00 ns, 187.8600 ns/op
WorkloadPilot   15: 262144 op, 49241772.00 ns, 187.8425 ns/op
WorkloadPilot   16: 524288 op, 96579062.00 ns, 184.2099 ns/op
WorkloadPilot   17: 1048576 op, 67837587.00 ns, 64.6950 ns/op
WorkloadPilot   18: 2097152 op, 136809793.00 ns, 65.2360 ns/op
WorkloadPilot   19: 4194304 op, 268906191.00 ns, 64.1122 ns/op
WorkloadPilot   20: 8388608 op, 537710789.00 ns, 64.1001 ns/op

OverheadWarmup   1: 8388608 op, 19132440.00 ns, 2.2808 ns/op
OverheadWarmup   2: 8388608 op, 19301946.00 ns, 2.3010 ns/op
OverheadWarmup   3: 8388608 op, 19117492.00 ns, 2.2790 ns/op
OverheadWarmup   4: 8388608 op, 19104838.00 ns, 2.2775 ns/op
OverheadWarmup   5: 8388608 op, 19087967.00 ns, 2.2755 ns/op
OverheadWarmup   6: 8388608 op, 19103707.00 ns, 2.2773 ns/op
OverheadWarmup   7: 8388608 op, 19089891.00 ns, 2.2757 ns/op

OverheadActual   1: 8388608 op, 19209173.00 ns, 2.2899 ns/op
OverheadActual   2: 8388608 op, 19120597.00 ns, 2.2794 ns/op
OverheadActual   3: 8388608 op, 19113074.00 ns, 2.2785 ns/op
OverheadActual   4: 8388608 op, 19129595.00 ns, 2.2804 ns/op
OverheadActual   5: 8388608 op, 19139723.00 ns, 2.2816 ns/op
OverheadActual   6: 8388608 op, 19098416.00 ns, 2.2767 ns/op
OverheadActual   7: 8388608 op, 19097554.00 ns, 2.2766 ns/op
OverheadActual   8: 8388608 op, 19104769.00 ns, 2.2775 ns/op
OverheadActual   9: 8388608 op, 19118694.00 ns, 2.2791 ns/op
OverheadActual  10: 8388608 op, 19098327.00 ns, 2.2767 ns/op
OverheadActual  11: 8388608 op, 19155092.00 ns, 2.2835 ns/op
OverheadActual  12: 8388608 op, 19100781.00 ns, 2.2770 ns/op
OverheadActual  13: 8388608 op, 20239115.00 ns, 2.4127 ns/op
OverheadActual  14: 8388608 op, 15774746.00 ns, 1.8805 ns/op
OverheadActual  15: 8388608 op, 15771822.00 ns, 1.8801 ns/op
OverheadActual  16: 8388608 op, 15723521.00 ns, 1.8744 ns/op
OverheadActual  17: 8388608 op, 15661956.00 ns, 1.8671 ns/op
OverheadActual  18: 8388608 op, 15678447.00 ns, 1.8690 ns/op
OverheadActual  19: 8388608 op, 15711549.00 ns, 1.8730 ns/op
OverheadActual  20: 8388608 op, 15662056.00 ns, 1.8671 ns/op

WorkloadWarmup   1: 8388608 op, 546097060.00 ns, 65.0998 ns/op
WorkloadWarmup   2: 8388608 op, 541409756.00 ns, 64.5411 ns/op
WorkloadWarmup   3: 8388608 op, 537119072.00 ns, 64.0296 ns/op
WorkloadWarmup   4: 8388608 op, 556558796.00 ns, 66.3470 ns/op
WorkloadWarmup   5: 8388608 op, 537279381.00 ns, 64.0487 ns/op
WorkloadWarmup   6: 8388608 op, 538133315.00 ns, 64.1505 ns/op
WorkloadWarmup   7: 8388608 op, 538795229.00 ns, 64.2294 ns/op
WorkloadWarmup   8: 8388608 op, 539114395.00 ns, 64.2674 ns/op
WorkloadWarmup   9: 8388608 op, 536806900.00 ns, 63.9924 ns/op

// BeforeActualRun
WorkloadActual   1: 8388608 op, 539338402.00 ns, 64.2941 ns/op
WorkloadActual   2: 8388608 op, 539365703.00 ns, 64.2974 ns/op
WorkloadActual   3: 8388608 op, 539952187.00 ns, 64.3673 ns/op
WorkloadActual   4: 8388608 op, 545766733.00 ns, 65.0605 ns/op
WorkloadActual   5: 8388608 op, 541601907.00 ns, 64.5640 ns/op
WorkloadActual   6: 8388608 op, 539891431.00 ns, 64.3601 ns/op
WorkloadActual   7: 8388608 op, 541147384.00 ns, 64.5098 ns/op
WorkloadActual   8: 8388608 op, 539936195.00 ns, 64.3654 ns/op
WorkloadActual   9: 8388608 op, 538391384.00 ns, 64.1813 ns/op
WorkloadActual  10: 8388608 op, 538054585.00 ns, 64.1411 ns/op
WorkloadActual  11: 8388608 op, 539929782.00 ns, 64.3646 ns/op
WorkloadActual  12: 8388608 op, 538911082.00 ns, 64.2432 ns/op
WorkloadActual  13: 8388608 op, 539019925.00 ns, 64.2562 ns/op
WorkloadActual  14: 8388608 op, 541254293.00 ns, 64.5225 ns/op
WorkloadActual  15: 8388608 op, 546141478.00 ns, 65.1051 ns/op

// AfterActualRun
WorkloadResult   1: 8388608 op, 520238803.50 ns, 62.0173 ns/op
WorkloadResult   2: 8388608 op, 520266104.50 ns, 62.0206 ns/op
WorkloadResult   3: 8388608 op, 520852588.50 ns, 62.0905 ns/op
WorkloadResult   4: 8388608 op, 522502308.50 ns, 62.2871 ns/op
WorkloadResult   5: 8388608 op, 520791832.50 ns, 62.0832 ns/op
WorkloadResult   6: 8388608 op, 522047785.50 ns, 62.2329 ns/op
WorkloadResult   7: 8388608 op, 520836596.50 ns, 62.0886 ns/op
WorkloadResult   8: 8388608 op, 519291785.50 ns, 61.9044 ns/op
WorkloadResult   9: 8388608 op, 518954986.50 ns, 61.8643 ns/op
WorkloadResult  10: 8388608 op, 520830183.50 ns, 62.0878 ns/op
WorkloadResult  11: 8388608 op, 519811483.50 ns, 61.9664 ns/op
WorkloadResult  12: 8388608 op, 519920326.50 ns, 61.9793 ns/op
WorkloadResult  13: 8388608 op, 522154694.50 ns, 62.2457 ns/op
// GC:  24 0 0 402653184 8388608
// Threading:  0 0 8388608

// AfterAll
// Benchmark Process 4790 has exited with code 0.

Mean = 62.067 ns, StdErr = 0.036 ns (0.06%), N = 13, StdDev = 0.129 ns
Min = 61.864 ns, Q1 = 61.979 ns, Median = 62.083 ns, Q3 = 62.090 ns, Max = 62.287 ns
IQR = 0.111 ns, LowerFence = 61.813 ns, UpperFence = 62.257 ns
ConfidenceInterval = [61.912 ns; 62.221 ns] (CI 99.9%), Margin = 0.154 ns (0.25% of Mean)
Skewness = 0.24, Kurtosis = 1.86, MValue = 2

// ** Remained 107 (89.2 %) benchmark(s) to run. Estimated finish 2026-09-13 7:14 (0h 16m from now) **
// **************************
// Benchmark: ParsingBenchmarks.Parse_Cbu_String: .NET 10.0(Runtime=.NET 10.0, Toolchain=net10.0)
// *** Execute ***
// Launch: 1 / 1
// Execute: dotnet "EricksonLopez.ValueObjects.Benchmarks-.NET 10.0-1.dll" --anonymousPipes 135 136 --benchmarkName EricksonLopez.ValueObjects.Benchmarks.ParsingBenchmarks.Parse_Cbu_String --job ".NET 10.0" --benchmarkId 9 in /home/runner/work/dotnet-value-objects/dotnet-value-objects/benchmarks/EricksonLopez.ValueObjects.Benchmarks/bin/Release/net10.0/EricksonLopez.ValueObjects.Benchmarks-.NET 10.0-1/bin/Release/net10.0
// Failed to set up high priority (Permission denied). In order to run benchmarks with high priority, make sure you have the right permissions.
// BeforeAnythingElse

// Benchmark Process Environment Information:
// BenchmarkDotNet v0.15.8
// Runtime=.NET 10.0.12 (10.0.12, 10.0.1226.42308), X64 RyuJIT x86-64-v3
// GC=Concurrent Workstation
// HardwareIntrinsics=AVX2+BMI1+BMI2+F16C+FMA+LZCNT+MOVBE,AVX,SSE3+SSSE3+SSE4.1+SSE4.2+POPCNT,X86Base+SSE+SSE2,AES+PCLMUL VectorSize=256
// Job: .NET 10.0

OverheadJitting  1: 1 op, 219890.00 ns, 219.8900 us/op

System.Reflection.TargetInvocationException: Exception has been thrown by the target of an invocation.
 ---> System.FormatException: Invalid CBU: '0110599520000001234567'.
   at EricksonLopez.ValueObjects.Fiscal.Argentina.Cbu.Parse(String s, IFormatProvider provider) in /_/src/EricksonLopez.ValueObjects.Fiscal.Argentina/Cbu.cs:line 175
   at EricksonLopez.ValueObjects.Benchmarks.ParsingBenchmarks.Parse_Cbu_String() in /_/benchmarks/EricksonLopez.ValueObjects.Benchmarks/ParsingBenchmarks.cs:line 54
   at BenchmarkDotNet.Autogenerated.Runnable_9.WorkloadActionNoUnroll(Int64 invokeCount) in /_/benchmarks/EricksonLopez.ValueObjects.Benchmarks/bin/Release/net10.0/EricksonLopez.ValueObjects.Benchmarks-.NET 10.0-1/EricksonLopez.ValueObjects.Benchmarks-.NET 10.0-1.notcs:line 2146
   at BenchmarkDotNet.Engines.Engine.Measure(Action`1 action, Int64 invokeCount)
   at BenchmarkDotNet.Engines.Engine.RunIteration(IterationData data)
   at BenchmarkDotNet.Engines.EngineFactory.Jit(Engine engine, Int32 jitIndex, Int32 invokeCount, Int32 unrollFactor)
   at BenchmarkDotNet.Engines.EngineFactory.CreateReadyToRun(EngineParameters engineParameters)
   at BenchmarkDotNet.Autogenerated.Runnable_9.Run(IHost host, String benchmarkName) in /_/benchmarks/EricksonLopez.ValueObjects.Benchmarks/bin/Release/net10.0/EricksonLopez.ValueObjects.Benchmarks-.NET 10.0-1/EricksonLopez.ValueObjects.Benchmarks-.NET 10.0-1.notcs:line 2004
   at System.Reflection.MethodBaseInvoker.InterpretedInvoke_Method(Object obj, IntPtr* args)
   at System.Reflection.MethodBaseInvoker.InvokeDirectByRefWithFewArgs(Object obj, Span`1 copyOfArgs, BindingFlags invokeAttr)
   --- End of inner exception stack trace ---
   at System.Reflection.MethodBaseInvoker.InvokeDirectByRefWithFewArgs(Object obj, Span`1 copyOfArgs, BindingFlags invokeAttr)
   at System.Reflection.MethodBaseInvoker.InvokeWithFewArgs(Object obj, BindingFlags invokeAttr, Binder binder, Object[] parameters, CultureInfo culture)
   at System.Reflection.RuntimeMethodInfo.Invoke(Object obj, BindingFlags invokeAttr, Binder binder, Object[] parameters, CultureInfo culture)
   at BenchmarkDotNet.Autogenerated.UniqueProgramName.AfterAssemblyLoadingAttached(String[] args) in /_/benchmarks/EricksonLopez.ValueObjects.Benchmarks/bin/Release/net10.0/EricksonLopez.ValueObjects.Benchmarks-.NET 10.0-1/EricksonLopez.ValueObjects.Benchmarks-.NET 10.0-1.notcs:line 57
// AfterAll
No Workload Results were obtained from the run.
// Benchmark Process 4807 has exited with code 255.

// ** Remained 106 (88.3 %) benchmark(s) to run. Estimated finish 2026-09-13 7:13 (0h 15m from now) **
// **************************
// Benchmark: ParsingBenchmarks.Parse_Cbu_Span: .NET 10.0(Runtime=.NET 10.0, Toolchain=net10.0)
// *** Execute ***
// Launch: 1 / 1
// Execute: dotnet "EricksonLopez.ValueObjects.Benchmarks-.NET 10.0-1.dll" --anonymousPipes 135 136 --benchmarkName EricksonLopez.ValueObjects.Benchmarks.ParsingBenchmarks.Parse_Cbu_Span --job ".NET 10.0" --benchmarkId 10 in /home/runner/work/dotnet-value-objects/dotnet-value-objects/benchmarks/EricksonLopez.ValueObjects.Benchmarks/bin/Release/net10.0/EricksonLopez.ValueObjects.Benchmarks-.NET 10.0-1/bin/Release/net10.0
// Failed to set up high priority (Permission denied). In order to run benchmarks with high priority, make sure you have the right permissions.
// BeforeAnythingElse

// Benchmark Process Environment Information:
// BenchmarkDotNet v0.15.8
// Runtime=.NET 10.0.12 (10.0.12, 10.0.1226.42308), X64 RyuJIT x86-64-v3
// GC=Concurrent Workstation
// HardwareIntrinsics=AVX2+BMI1+BMI2+F16C+FMA+LZCNT+MOVBE,AVX,SSE3+SSSE3+SSE4.1+SSE4.2+POPCNT,X86Base+SSE+SSE2,AES+PCLMUL VectorSize=256
// Job: .NET 10.0

OverheadJitting  1: 1 op, 218127.00 ns, 218.1270 us/op

System.Reflection.TargetInvocationException: Exception has been thrown by the target of an invocation.
 ---> System.FormatException: Invalid CBU: '0110599520000001234567'.
   at EricksonLopez.ValueObjects.Fiscal.Argentina.Cbu.Parse(ReadOnlySpan`1 s, IFormatProvider provider) in /_/src/EricksonLopez.ValueObjects.Fiscal.Argentina/Cbu.cs:line 179
   at EricksonLopez.ValueObjects.Benchmarks.ParsingBenchmarks.Parse_Cbu_Span() in /_/benchmarks/EricksonLopez.ValueObjects.Benchmarks/ParsingBenchmarks.cs:line 57
   at BenchmarkDotNet.Autogenerated.Runnable_10.WorkloadActionNoUnroll(Int64 invokeCount) in /_/benchmarks/EricksonLopez.ValueObjects.Benchmarks/bin/Release/net10.0/EricksonLopez.ValueObjects.Benchmarks-.NET 10.0-1/EricksonLopez.ValueObjects.Benchmarks-.NET 10.0-1.notcs:line 2354
   at BenchmarkDotNet.Engines.Engine.Measure(Action`1 action, Int64 invokeCount)
   at BenchmarkDotNet.Engines.Engine.RunIteration(IterationData data)
   at BenchmarkDotNet.Engines.EngineFactory.Jit(Engine engine, Int32 jitIndex, Int32 invokeCount, Int32 unrollFactor)
   at BenchmarkDotNet.Engines.EngineFactory.CreateReadyToRun(EngineParameters engineParameters)
   at BenchmarkDotNet.Autogenerated.Runnable_10.Run(IHost host, String benchmarkName) in /_/benchmarks/EricksonLopez.ValueObjects.Benchmarks/bin/Release/net10.0/EricksonLopez.ValueObjects.Benchmarks-.NET 10.0-1/EricksonLopez.ValueObjects.Benchmarks-.NET 10.0-1.notcs:line 2212
   at System.Reflection.MethodBaseInvoker.InterpretedInvoke_Method(Object obj, IntPtr* args)
   at System.Reflection.MethodBaseInvoker.InvokeDirectByRefWithFewArgs(Object obj, Span`1 copyOfArgs, BindingFlags invokeAttr)
   --- End of inner exception stack trace ---
   at System.Reflection.MethodBaseInvoker.InvokeDirectByRefWithFewArgs(Object obj, Span`1 copyOfArgs, BindingFlags invokeAttr)
   at System.Reflection.MethodBaseInvoker.InvokeWithFewArgs(Object obj, BindingFlags invokeAttr, Binder binder, Object[] parameters, CultureInfo culture)
   at System.Reflection.RuntimeMethodInfo.Invoke(Object obj, BindingFlags invokeAttr, Binder binder, Object[] parameters, CultureInfo culture)
   at BenchmarkDotNet.Autogenerated.UniqueProgramName.AfterAssemblyLoadingAttached(String[] args) in /_/benchmarks/EricksonLopez.ValueObjects.Benchmarks/bin/Release/net10.0/EricksonLopez.ValueObjects.Benchmarks-.NET 10.0-1/EricksonLopez.ValueObjects.Benchmarks-.NET 10.0-1.notcs:line 57
// AfterAll
No Workload Results were obtained from the run.
// Benchmark Process 4814 has exited with code 255.

// ** Remained 105 (87.5 %) benchmark(s) to run. Estimated finish 2026-09-13 7:12 (0h 14m from now) **
// **************************
// Benchmark: ParsingBenchmarks.Parse_Cbu_Utf8: .NET 10.0(Runtime=.NET 10.0, Toolchain=net10.0)
// *** Execute ***
// Launch: 1 / 1
// Execute: dotnet "EricksonLopez.ValueObjects.Benchmarks-.NET 10.0-1.dll" --anonymousPipes 135 136 --benchmarkName EricksonLopez.ValueObjects.Benchmarks.ParsingBenchmarks.Parse_Cbu_Utf8 --job ".NET 10.0" --benchmarkId 11 in /home/runner/work/dotnet-value-objects/dotnet-value-objects/benchmarks/EricksonLopez.ValueObjects.Benchmarks/bin/Release/net10.0/EricksonLopez.ValueObjects.Benchmarks-.NET 10.0-1/bin/Release/net10.0
// Failed to set up high priority (Permission denied). In order to run benchmarks with high priority, make sure you have the right permissions.
// BeforeAnythingElse

// Benchmark Process Environment Information:
// BenchmarkDotNet v0.15.8
// Runtime=.NET 10.0.12 (10.0.12, 10.0.1226.42308), X64 RyuJIT x86-64-v3
// GC=Concurrent Workstation
// HardwareIntrinsics=AVX2+BMI1+BMI2+F16C+FMA+LZCNT+MOVBE,AVX,SSE3+SSSE3+SSE4.1+SSE4.2+POPCNT,X86Base+SSE+SSE2,AES+PCLMUL VectorSize=256
// Job: .NET 10.0

OverheadJitting  1: 1 op, 211404.00 ns, 211.4040 us/op

System.Reflection.TargetInvocationException: Exception has been thrown by the target of an invocation.
 ---> System.FormatException: Invalid UTF-8 CBU representation.
   at EricksonLopez.ValueObjects.Fiscal.Argentina.Cbu.Parse(ReadOnlySpan`1 utf8Text, IFormatProvider provider) in /_/src/EricksonLopez.ValueObjects.Fiscal.Argentina/Cbu.cs:line 195
   at EricksonLopez.ValueObjects.Benchmarks.ParsingBenchmarks.Parse_Cbu_Utf8() in /_/benchmarks/EricksonLopez.ValueObjects.Benchmarks/ParsingBenchmarks.cs:line 60
   at BenchmarkDotNet.Autogenerated.Runnable_11.WorkloadActionNoUnroll(Int64 invokeCount) in /_/benchmarks/EricksonLopez.ValueObjects.Benchmarks/bin/Release/net10.0/EricksonLopez.ValueObjects.Benchmarks-.NET 10.0-1/EricksonLopez.ValueObjects.Benchmarks-.NET 10.0-1.notcs:line 2562
   at BenchmarkDotNet.Engines.Engine.Measure(Action`1 action, Int64 invokeCount)
   at BenchmarkDotNet.Engines.Engine.RunIteration(IterationData data)
   at BenchmarkDotNet.Engines.EngineFactory.Jit(Engine engine, Int32 jitIndex, Int32 invokeCount, Int32 unrollFactor)
   at BenchmarkDotNet.Engines.EngineFactory.CreateReadyToRun(EngineParameters engineParameters)
   at BenchmarkDotNet.Autogenerated.Runnable_11.Run(IHost host, String benchmarkName) in /_/benchmarks/EricksonLopez.ValueObjects.Benchmarks/bin/Release/net10.0/EricksonLopez.ValueObjects.Benchmarks-.NET 10.0-1/EricksonLopez.ValueObjects.Benchmarks-.NET 10.0-1.notcs:line 2420
   at System.Reflection.MethodBaseInvoker.InterpretedInvoke_Method(Object obj, IntPtr* args)
   at System.Reflection.MethodBaseInvoker.InvokeDirectByRefWithFewArgs(Object obj, Span`1 copyOfArgs, BindingFlags invokeAttr)
   --- End of inner exception stack trace ---
   at System.Reflection.MethodBaseInvoker.InvokeDirectByRefWithFewArgs(Object obj, Span`1 copyOfArgs, BindingFlags invokeAttr)
   at System.Reflection.MethodBaseInvoker.InvokeWithFewArgs(Object obj, BindingFlags invokeAttr, Binder binder, Object[] parameters, CultureInfo culture)
   at System.Reflection.RuntimeMethodInfo.Invoke(Object obj, BindingFlags invokeAttr, Binder binder, Object[] parameters, CultureInfo culture)
   at BenchmarkDotNet.Autogenerated.UniqueProgramName.AfterAssemblyLoadingAttached(String[] args) in /_/benchmarks/EricksonLopez.ValueObjects.Benchmarks/bin/Release/net10.0/EricksonLopez.ValueObjects.Benchmarks-.NET 10.0-1/EricksonLopez.ValueObjects.Benchmarks-.NET 10.0-1.notcs:line 57
// AfterAll
No Workload Results were obtained from the run.
// Benchmark Process 4821 has exited with code 255.

// ** Remained 104 (86.7 %) benchmark(s) to run. Estimated finish 2026-09-13 7:11 (0h 13m from now) **
// Build Error: Standard output: 
  
 Standard error: 
   Determining projects to restore...
/home/runner/work/dotnet-value-objects/dotnet-value-objects/benchmarks/EricksonLopez.ValueObjects.Benchmarks/bin/Release/net10.0/EricksonLopez.ValueObjects.Benchmarks-.NET 8.0-2/BenchmarkDotNet.Autogenerated.csproj : error NU1201: Project EricksonLopez.ValueObjects.Benchmarks is not compatible with net8.0 (.NETCoreApp,Version=v8.0). Project EricksonLopez.ValueObjects.Benchmarks supports: net10.0 (.NETCoreApp,Version=v10.0)
  Failed to restore /home/runner/work/dotnet-value-objects/dotnet-value-objects/benchmarks/EricksonLopez.ValueObjects.Benchmarks/bin/Release/net10.0/EricksonLopez.ValueObjects.Benchmarks-.NET 8.0-2/BenchmarkDotNet.Autogenerated.csproj (in 279 ms).
  5 of 6 projects are up-to-date for restore.

// BenchmarkDotNet has failed to build the auto-generated boilerplate code.
// It can be found in /home/runner/work/dotnet-value-objects/dotnet-value-objects/benchmarks/EricksonLopez.ValueObjects.Benchmarks/bin/Release/net10.0/EricksonLopez.ValueObjects.Benchmarks-.NET 8.0-2
// Please follow the troubleshooting guide: https://benchmarkdotnet.org/articles/guides/troubleshooting.html

// ** Remained 103 (85.8 %) benchmark(s) to run. Estimated finish 2026-09-13 7:10 (0h 12m from now) **
// Build Error: Standard output: 
  
 Standard error: 
   Determining projects to restore...
/home/runner/work/dotnet-value-objects/dotnet-value-objects/benchmarks/EricksonLopez.ValueObjects.Benchmarks/bin/Release/net10.0/EricksonLopez.ValueObjects.Benchmarks-.NET 8.0-2/BenchmarkDotNet.Autogenerated.csproj : error NU1201: Project EricksonLopez.ValueObjects.Benchmarks is not compatible with net8.0 (.NETCoreApp,Version=v8.0). Project EricksonLopez.ValueObjects.Benchmarks supports: net10.0 (.NETCoreApp,Version=v10.0)
  Failed to restore /home/runner/work/dotnet-value-objects/dotnet-value-objects/benchmarks/EricksonLopez.ValueObjects.Benchmarks/bin/Release/net10.0/EricksonLopez.ValueObjects.Benchmarks-.NET 8.0-2/BenchmarkDotNet.Autogenerated.csproj (in 279 ms).
  5 of 6 projects are up-to-date for restore.

// BenchmarkDotNet has failed to build the auto-generated boilerplate code.
// It can be found in /home/runner/work/dotnet-value-objects/dotnet-value-objects/benchmarks/EricksonLopez.ValueObjects.Benchmarks/bin/Release/net10.0/EricksonLopez.ValueObjects.Benchmarks-.NET 8.0-2
// Please follow the troubleshooting guide: https://benchmarkdotnet.org/articles/guides/troubleshooting.html

// ** Remained 102 (85.0 %) benchmark(s) to run. Estimated finish 2026-09-13 7:09 (0h 11m from now) **
// Build Error: Standard output: 
  
 Standard error: 
   Determining projects to restore...
/home/runner/work/dotnet-value-objects/dotnet-value-objects/benchmarks/EricksonLopez.ValueObjects.Benchmarks/bin/Release/net10.0/EricksonLopez.ValueObjects.Benchmarks-.NET 8.0-2/BenchmarkDotNet.Autogenerated.csproj : error NU1201: Project EricksonLopez.ValueObjects.Benchmarks is not compatible with net8.0 (.NETCoreApp,Version=v8.0). Project EricksonLopez.ValueObjects.Benchmarks supports: net10.0 (.NETCoreApp,Version=v10.0)
  Failed to restore /home/runner/work/dotnet-value-objects/dotnet-value-objects/benchmarks/EricksonLopez.ValueObjects.Benchmarks/bin/Release/net10.0/EricksonLopez.ValueObjects.Benchmarks-.NET 8.0-2/BenchmarkDotNet.Autogenerated.csproj (in 279 ms).
  5 of 6 projects are up-to-date for restore.

// BenchmarkDotNet has failed to build the auto-generated boilerplate code.
// It can be found in /home/runner/work/dotnet-value-objects/dotnet-value-objects/benchmarks/EricksonLopez.ValueObjects.Benchmarks/bin/Release/net10.0/EricksonLopez.ValueObjects.Benchmarks-.NET 8.0-2
// Please follow the troubleshooting guide: https://benchmarkdotnet.org/articles/guides/troubleshooting.html

// ** Remained 101 (84.2 %) benchmark(s) to run. Estimated finish 2026-09-13 7:08 (0h 10m from now) **
// Build Error: Standard output: 
  
 Standard error: 
   Determining projects to restore...
/home/runner/work/dotnet-value-objects/dotnet-value-objects/benchmarks/EricksonLopez.ValueObjects.Benchmarks/bin/Release/net10.0/EricksonLopez.ValueObjects.Benchmarks-.NET 8.0-2/BenchmarkDotNet.Autogenerated.csproj : error NU1201: Project EricksonLopez.ValueObjects.Benchmarks is not compatible with net8.0 (.NETCoreApp,Version=v8.0). Project EricksonLopez.ValueObjects.Benchmarks supports: net10.0 (.NETCoreApp,Version=v10.0)
  Failed to restore /home/runner/work/dotnet-value-objects/dotnet-value-objects/benchmarks/EricksonLopez.ValueObjects.Benchmarks/bin/Release/net10.0/EricksonLopez.ValueObjects.Benchmarks-.NET 8.0-2/BenchmarkDotNet.Autogenerated.csproj (in 279 ms).
  5 of 6 projects are up-to-date for restore.

// BenchmarkDotNet has failed to build the auto-generated boilerplate code.
// It can be found in /home/runner/work/dotnet-value-objects/dotnet-value-objects/benchmarks/EricksonLopez.ValueObjects.Benchmarks/bin/Release/net10.0/EricksonLopez.ValueObjects.Benchmarks-.NET 8.0-2
// Please follow the troubleshooting guide: https://benchmarkdotnet.org/articles/guides/troubleshooting.html

// ** Remained 100 (83.3 %) benchmark(s) to run. Estimated finish 2026-09-13 7:08 (0h 10m from now) **
// Build Error: Standard output: 
  
 Standard error: 
   Determining projects to restore...
/home/runner/work/dotnet-value-objects/dotnet-value-objects/benchmarks/EricksonLopez.ValueObjects.Benchmarks/bin/Release/net10.0/EricksonLopez.ValueObjects.Benchmarks-.NET 8.0-2/BenchmarkDotNet.Autogenerated.csproj : error NU1201: Project EricksonLopez.ValueObjects.Benchmarks is not compatible with net8.0 (.NETCoreApp,Version=v8.0). Project EricksonLopez.ValueObjects.Benchmarks supports: net10.0 (.NETCoreApp,Version=v10.0)
  Failed to restore /home/runner/work/dotnet-value-objects/dotnet-value-objects/benchmarks/EricksonLopez.ValueObjects.Benchmarks/bin/Release/net10.0/EricksonLopez.ValueObjects.Benchmarks-.NET 8.0-2/BenchmarkDotNet.Autogenerated.csproj (in 279 ms).
  5 of 6 projects are up-to-date for restore.

// BenchmarkDotNet has failed to build the auto-generated boilerplate code.
// It can be found in /home/runner/work/dotnet-value-objects/dotnet-value-objects/benchmarks/EricksonLopez.ValueObjects.Benchmarks/bin/Release/net10.0/EricksonLopez.ValueObjects.Benchmarks-.NET 8.0-2
// Please follow the troubleshooting guide: https://benchmarkdotnet.org/articles/guides/troubleshooting.html

// ** Remained 99 (82.5 %) benchmark(s) to run. Estimated finish 2026-09-13 7:07 (0h 9m from now) **
// Build Error: Standard output: 
  
 Standard error: 
   Determining projects to restore...
/home/runner/work/dotnet-value-objects/dotnet-value-objects/benchmarks/EricksonLopez.ValueObjects.Benchmarks/bin/Release/net10.0/EricksonLopez.ValueObjects.Benchmarks-.NET 8.0-2/BenchmarkDotNet.Autogenerated.csproj : error NU1201: Project EricksonLopez.ValueObjects.Benchmarks is not compatible with net8.0 (.NETCoreApp,Version=v8.0). Project EricksonLopez.ValueObjects.Benchmarks supports: net10.0 (.NETCoreApp,Version=v10.0)
  Failed to restore /home/runner/work/dotnet-value-objects/dotnet-value-objects/benchmarks/EricksonLopez.ValueObjects.Benchmarks/bin/Release/net10.0/EricksonLopez.ValueObjects.Benchmarks-.NET 8.0-2/BenchmarkDotNet.Autogenerated.csproj (in 279 ms).
  5 of 6 projects are up-to-date for restore.

// BenchmarkDotNet has failed to build the auto-generated boilerplate code.
// It can be found in /home/runner/work/dotnet-value-objects/dotnet-value-objects/benchmarks/EricksonLopez.ValueObjects.Benchmarks/bin/Release/net10.0/EricksonLopez.ValueObjects.Benchmarks-.NET 8.0-2
// Please follow the troubleshooting guide: https://benchmarkdotnet.org/articles/guides/troubleshooting.html

// ** Remained 98 (81.7 %) benchmark(s) to run. Estimated finish 2026-09-13 7:06 (0h 9m from now) **
// Build Error: Standard output: 
  
 Standard error: 
   Determining projects to restore...
/home/runner/work/dotnet-value-objects/dotnet-value-objects/benchmarks/EricksonLopez.ValueObjects.Benchmarks/bin/Release/net10.0/EricksonLopez.ValueObjects.Benchmarks-.NET 8.0-2/BenchmarkDotNet.Autogenerated.csproj : error NU1201: Project EricksonLopez.ValueObjects.Benchmarks is not compatible with net8.0 (.NETCoreApp,Version=v8.0). Project EricksonLopez.ValueObjects.Benchmarks supports: net10.0 (.NETCoreApp,Version=v10.0)
  Failed to restore /home/runner/work/dotnet-value-objects/dotnet-value-objects/benchmarks/EricksonLopez.ValueObjects.Benchmarks/bin/Release/net10.0/EricksonLopez.ValueObjects.Benchmarks-.NET 8.0-2/BenchmarkDotNet.Autogenerated.csproj (in 279 ms).
  5 of 6 projects are up-to-date for restore.

// BenchmarkDotNet has failed to build the auto-generated boilerplate code.
// It can be found in /home/runner/work/dotnet-value-objects/dotnet-value-objects/benchmarks/EricksonLopez.ValueObjects.Benchmarks/bin/Release/net10.0/EricksonLopez.ValueObjects.Benchmarks-.NET 8.0-2
// Please follow the troubleshooting guide: https://benchmarkdotnet.org/articles/guides/troubleshooting.html

// ** Remained 97 (80.8 %) benchmark(s) to run. Estimated finish 2026-09-13 7:06 (0h 8m from now) **
// Build Error: Standard output: 
  
 Standard error: 
   Determining projects to restore...
/home/runner/work/dotnet-value-objects/dotnet-value-objects/benchmarks/EricksonLopez.ValueObjects.Benchmarks/bin/Release/net10.0/EricksonLopez.ValueObjects.Benchmarks-.NET 8.0-2/BenchmarkDotNet.Autogenerated.csproj : error NU1201: Project EricksonLopez.ValueObjects.Benchmarks is not compatible with net8.0 (.NETCoreApp,Version=v8.0). Project EricksonLopez.ValueObjects.Benchmarks supports: net10.0 (.NETCoreApp,Version=v10.0)
  Failed to restore /home/runner/work/dotnet-value-objects/dotnet-value-objects/benchmarks/EricksonLopez.ValueObjects.Benchmarks/bin/Release/net10.0/EricksonLopez.ValueObjects.Benchmarks-.NET 8.0-2/BenchmarkDotNet.Autogenerated.csproj (in 279 ms).
  5 of 6 projects are up-to-date for restore.

// BenchmarkDotNet has failed to build the auto-generated boilerplate code.
// It can be found in /home/runner/work/dotnet-value-objects/dotnet-value-objects/benchmarks/EricksonLopez.ValueObjects.Benchmarks/bin/Release/net10.0/EricksonLopez.ValueObjects.Benchmarks-.NET 8.0-2
// Please follow the troubleshooting guide: https://benchmarkdotnet.org/articles/guides/troubleshooting.html

// ** Remained 96 (80.0 %) benchmark(s) to run. Estimated finish 2026-09-13 7:06 (0h 8m from now) **
// Build Error: Standard output: 
  
 Standard error: 
   Determining projects to restore...
/home/runner/work/dotnet-value-objects/dotnet-value-objects/benchmarks/EricksonLopez.ValueObjects.Benchmarks/bin/Release/net10.0/EricksonLopez.ValueObjects.Benchmarks-.NET 8.0-2/BenchmarkDotNet.Autogenerated.csproj : error NU1201: Project EricksonLopez.ValueObjects.Benchmarks is not compatible with net8.0 (.NETCoreApp,Version=v8.0). Project EricksonLopez.ValueObjects.Benchmarks supports: net10.0 (.NETCoreApp,Version=v10.0)
  Failed to restore /home/runner/work/dotnet-value-objects/dotnet-value-objects/benchmarks/EricksonLopez.ValueObjects.Benchmarks/bin/Release/net10.0/EricksonLopez.ValueObjects.Benchmarks-.NET 8.0-2/BenchmarkDotNet.Autogenerated.csproj (in 279 ms).
  5 of 6 projects are up-to-date for restore.

// BenchmarkDotNet has failed to build the auto-generated boilerplate code.
// It can be found in /home/runner/work/dotnet-value-objects/dotnet-value-objects/benchmarks/EricksonLopez.ValueObjects.Benchmarks/bin/Release/net10.0/EricksonLopez.ValueObjects.Benchmarks-.NET 8.0-2
// Please follow the troubleshooting guide: https://benchmarkdotnet.org/articles/guides/troubleshooting.html

// ** Remained 95 (79.2 %) benchmark(s) to run. Estimated finish 2026-09-13 7:05 (0h 7m from now) **
// Build Error: Standard output: 
  
 Standard error: 
   Determining projects to restore...
/home/runner/work/dotnet-value-objects/dotnet-value-objects/benchmarks/EricksonLopez.ValueObjects.Benchmarks/bin/Release/net10.0/EricksonLopez.ValueObjects.Benchmarks-.NET 8.0-2/BenchmarkDotNet.Autogenerated.csproj : error NU1201: Project EricksonLopez.ValueObjects.Benchmarks is not compatible with net8.0 (.NETCoreApp,Version=v8.0). Project EricksonLopez.ValueObjects.Benchmarks supports: net10.0 (.NETCoreApp,Version=v10.0)
  Failed to restore /home/runner/work/dotnet-value-objects/dotnet-value-objects/benchmarks/EricksonLopez.ValueObjects.Benchmarks/bin/Release/net10.0/EricksonLopez.ValueObjects.Benchmarks-.NET 8.0-2/BenchmarkDotNet.Autogenerated.csproj (in 279 ms).
  5 of 6 projects are up-to-date for restore.

// BenchmarkDotNet has failed to build the auto-generated boilerplate code.
// It can be found in /home/runner/work/dotnet-value-objects/dotnet-value-objects/benchmarks/EricksonLopez.ValueObjects.Benchmarks/bin/Release/net10.0/EricksonLopez.ValueObjects.Benchmarks-.NET 8.0-2
// Please follow the troubleshooting guide: https://benchmarkdotnet.org/articles/guides/troubleshooting.html

// ** Remained 94 (78.3 %) benchmark(s) to run. Estimated finish 2026-09-13 7:05 (0h 7m from now) **
// Build Error: Standard output: 
  
 Standard error: 
   Determining projects to restore...
/home/runner/work/dotnet-value-objects/dotnet-value-objects/benchmarks/EricksonLopez.ValueObjects.Benchmarks/bin/Release/net10.0/EricksonLopez.ValueObjects.Benchmarks-.NET 9.0-3/BenchmarkDotNet.Autogenerated.csproj : error NU1201: Project EricksonLopez.ValueObjects.Benchmarks is not compatible with net9.0 (.NETCoreApp,Version=v9.0). Project EricksonLopez.ValueObjects.Benchmarks supports: net10.0 (.NETCoreApp,Version=v10.0)
  Failed to restore /home/runner/work/dotnet-value-objects/dotnet-value-objects/benchmarks/EricksonLopez.ValueObjects.Benchmarks/bin/Release/net10.0/EricksonLopez.ValueObjects.Benchmarks-.NET 9.0-3/BenchmarkDotNet.Autogenerated.csproj (in 274 ms).
  5 of 6 projects are up-to-date for restore.

// BenchmarkDotNet has failed to build the auto-generated boilerplate code.
// It can be found in /home/runner/work/dotnet-value-objects/dotnet-value-objects/benchmarks/EricksonLopez.ValueObjects.Benchmarks/bin/Release/net10.0/EricksonLopez.ValueObjects.Benchmarks-.NET 9.0-3
// Please follow the troubleshooting guide: https://benchmarkdotnet.org/articles/guides/troubleshooting.html

// ** Remained 93 (77.5 %) benchmark(s) to run. Estimated finish 2026-09-13 7:04 (0h 7m from now) **
// Build Error: Standard output: 
  
 Standard error: 
   Determining projects to restore...
/home/runner/work/dotnet-value-objects/dotnet-value-objects/benchmarks/EricksonLopez.ValueObjects.Benchmarks/bin/Release/net10.0/EricksonLopez.ValueObjects.Benchmarks-.NET 9.0-3/BenchmarkDotNet.Autogenerated.csproj : error NU1201: Project EricksonLopez.ValueObjects.Benchmarks is not compatible with net9.0 (.NETCoreApp,Version=v9.0). Project EricksonLopez.ValueObjects.Benchmarks supports: net10.0 (.NETCoreApp,Version=v10.0)
  Failed to restore /home/runner/work/dotnet-value-objects/dotnet-value-objects/benchmarks/EricksonLopez.ValueObjects.Benchmarks/bin/Release/net10.0/EricksonLopez.ValueObjects.Benchmarks-.NET 9.0-3/BenchmarkDotNet.Autogenerated.csproj (in 274 ms).
  5 of 6 projects are up-to-date for restore.

// BenchmarkDotNet has failed to build the auto-generated boilerplate code.
// It can be found in /home/runner/work/dotnet-value-objects/dotnet-value-objects/benchmarks/EricksonLopez.ValueObjects.Benchmarks/bin/Release/net10.0/EricksonLopez.ValueObjects.Benchmarks-.NET 9.0-3
// Please follow the troubleshooting guide: https://benchmarkdotnet.org/articles/guides/troubleshooting.html

// ** Remained 92 (76.7 %) benchmark(s) to run. Estimated finish 2026-09-13 7:04 (0h 6m from now) **
// Build Error: Standard output: 
  
 Standard error: 
   Determining projects to restore...
/home/runner/work/dotnet-value-objects/dotnet-value-objects/benchmarks/EricksonLopez.ValueObjects.Benchmarks/bin/Release/net10.0/EricksonLopez.ValueObjects.Benchmarks-.NET 9.0-3/BenchmarkDotNet.Autogenerated.csproj : error NU1201: Project EricksonLopez.ValueObjects.Benchmarks is not compatible with net9.0 (.NETCoreApp,Version=v9.0). Project EricksonLopez.ValueObjects.Benchmarks supports: net10.0 (.NETCoreApp,Version=v10.0)
  Failed to restore /home/runner/work/dotnet-value-objects/dotnet-value-objects/benchmarks/EricksonLopez.ValueObjects.Benchmarks/bin/Release/net10.0/EricksonLopez.ValueObjects.Benchmarks-.NET 9.0-3/BenchmarkDotNet.Autogenerated.csproj (in 274 ms).
  5 of 6 projects are up-to-date for restore.

// BenchmarkDotNet has failed to build the auto-generated boilerplate code.
// It can be found in /home/runner/work/dotnet-value-objects/dotnet-value-objects/benchmarks/EricksonLopez.ValueObjects.Benchmarks/bin/Release/net10.0/EricksonLopez.ValueObjects.Benchmarks-.NET 9.0-3
// Please follow the troubleshooting guide: https://benchmarkdotnet.org/articles/guides/troubleshooting.html

// ** Remained 91 (75.8 %) benchmark(s) to run. Estimated finish 2026-09-13 7:04 (0h 6m from now) **
// Build Error: Standard output: 
  
 Standard error: 
   Determining projects to restore...
/home/runner/work/dotnet-value-objects/dotnet-value-objects/benchmarks/EricksonLopez.ValueObjects.Benchmarks/bin/Release/net10.0/EricksonLopez.ValueObjects.Benchmarks-.NET 9.0-3/BenchmarkDotNet.Autogenerated.csproj : error NU1201: Project EricksonLopez.ValueObjects.Benchmarks is not compatible with net9.0 (.NETCoreApp,Version=v9.0). Project EricksonLopez.ValueObjects.Benchmarks supports: net10.0 (.NETCoreApp,Version=v10.0)
  Failed to restore /home/runner/work/dotnet-value-objects/dotnet-value-objects/benchmarks/EricksonLopez.ValueObjects.Benchmarks/bin/Release/net10.0/EricksonLopez.ValueObjects.Benchmarks-.NET 9.0-3/BenchmarkDotNet.Autogenerated.csproj (in 274 ms).
  5 of 6 projects are up-to-date for restore.

// BenchmarkDotNet has failed to build the auto-generated boilerplate code.
// It can be found in /home/runner/work/dotnet-value-objects/dotnet-value-objects/benchmarks/EricksonLopez.ValueObjects.Benchmarks/bin/Release/net10.0/EricksonLopez.ValueObjects.Benchmarks-.NET 9.0-3
// Please follow the troubleshooting guide: https://benchmarkdotnet.org/articles/guides/troubleshooting.html

// ** Remained 90 (75.0 %) benchmark(s) to run. Estimated finish 2026-09-13 7:03 (0h 6m from now) **
// Build Error: Standard output: 
  
 Standard error: 
   Determining projects to restore...
/home/runner/work/dotnet-value-objects/dotnet-value-objects/benchmarks/EricksonLopez.ValueObjects.Benchmarks/bin/Release/net10.0/EricksonLopez.ValueObjects.Benchmarks-.NET 9.0-3/BenchmarkDotNet.Autogenerated.csproj : error NU1201: Project EricksonLopez.ValueObjects.Benchmarks is not compatible with net9.0 (.NETCoreApp,Version=v9.0). Project EricksonLopez.ValueObjects.Benchmarks supports: net10.0 (.NETCoreApp,Version=v10.0)
  Failed to restore /home/runner/work/dotnet-value-objects/dotnet-value-objects/benchmarks/EricksonLopez.ValueObjects.Benchmarks/bin/Release/net10.0/EricksonLopez.ValueObjects.Benchmarks-.NET 9.0-3/BenchmarkDotNet.Autogenerated.csproj (in 274 ms).
  5 of 6 projects are up-to-date for restore.

// BenchmarkDotNet has failed to build the auto-generated boilerplate code.
// It can be found in /home/runner/work/dotnet-value-objects/dotnet-value-objects/benchmarks/EricksonLopez.ValueObjects.Benchmarks/bin/Release/net10.0/EricksonLopez.ValueObjects.Benchmarks-.NET 9.0-3
// Please follow the troubleshooting guide: https://benchmarkdotnet.org/articles/guides/troubleshooting.html

// ** Remained 89 (74.2 %) benchmark(s) to run. Estimated finish 2026-09-13 7:03 (0h 5m from now) **
// Build Error: Standard output: 
  
 Standard error: 
   Determining projects to restore...
/home/runner/work/dotnet-value-objects/dotnet-value-objects/benchmarks/EricksonLopez.ValueObjects.Benchmarks/bin/Release/net10.0/EricksonLopez.ValueObjects.Benchmarks-.NET 9.0-3/BenchmarkDotNet.Autogenerated.csproj : error NU1201: Project EricksonLopez.ValueObjects.Benchmarks is not compatible with net9.0 (.NETCoreApp,Version=v9.0). Project EricksonLopez.ValueObjects.Benchmarks supports: net10.0 (.NETCoreApp,Version=v10.0)
  Failed to restore /home/runner/work/dotnet-value-objects/dotnet-value-objects/benchmarks/EricksonLopez.ValueObjects.Benchmarks/bin/Release/net10.0/EricksonLopez.ValueObjects.Benchmarks-.NET 9.0-3/BenchmarkDotNet.Autogenerated.csproj (in 274 ms).
  5 of 6 projects are up-to-date for restore.

// BenchmarkDotNet has failed to build the auto-generated boilerplate code.
// It can be found in /home/runner/work/dotnet-value-objects/dotnet-value-objects/benchmarks/EricksonLopez.ValueObjects.Benchmarks/bin/Release/net10.0/EricksonLopez.ValueObjects.Benchmarks-.NET 9.0-3
// Please follow the troubleshooting guide: https://benchmarkdotnet.org/articles/guides/troubleshooting.html

// ** Remained 88 (73.3 %) benchmark(s) to run. Estimated finish 2026-09-13 7:03 (0h 5m from now) **
// Build Error: Standard output: 
  
 Standard error: 
   Determining projects to restore...
/home/runner/work/dotnet-value-objects/dotnet-value-objects/benchmarks/EricksonLopez.ValueObjects.Benchmarks/bin/Release/net10.0/EricksonLopez.ValueObjects.Benchmarks-.NET 9.0-3/BenchmarkDotNet.Autogenerated.csproj : error NU1201: Project EricksonLopez.ValueObjects.Benchmarks is not compatible with net9.0 (.NETCoreApp,Version=v9.0). Project EricksonLopez.ValueObjects.Benchmarks supports: net10.0 (.NETCoreApp,Version=v10.0)
  Failed to restore /home/runner/work/dotnet-value-objects/dotnet-value-objects/benchmarks/EricksonLopez.ValueObjects.Benchmarks/bin/Release/net10.0/EricksonLopez.ValueObjects.Benchmarks-.NET 9.0-3/BenchmarkDotNet.Autogenerated.csproj (in 274 ms).
  5 of 6 projects are up-to-date for restore.

// BenchmarkDotNet has failed to build the auto-generated boilerplate code.
// It can be found in /home/runner/work/dotnet-value-objects/dotnet-value-objects/benchmarks/EricksonLopez.ValueObjects.Benchmarks/bin/Release/net10.0/EricksonLopez.ValueObjects.Benchmarks-.NET 9.0-3
// Please follow the troubleshooting guide: https://benchmarkdotnet.org/articles/guides/troubleshooting.html

// ** Remained 87 (72.5 %) benchmark(s) to run. Estimated finish 2026-09-13 7:03 (0h 5m from now) **
// Build Error: Standard output: 
  
 Standard error: 
   Determining projects to restore...
/home/runner/work/dotnet-value-objects/dotnet-value-objects/benchmarks/EricksonLopez.ValueObjects.Benchmarks/bin/Release/net10.0/EricksonLopez.ValueObjects.Benchmarks-.NET 9.0-3/BenchmarkDotNet.Autogenerated.csproj : error NU1201: Project EricksonLopez.ValueObjects.Benchmarks is not compatible with net9.0 (.NETCoreApp,Version=v9.0). Project EricksonLopez.ValueObjects.Benchmarks supports: net10.0 (.NETCoreApp,Version=v10.0)
  Failed to restore /home/runner/work/dotnet-value-objects/dotnet-value-objects/benchmarks/EricksonLopez.ValueObjects.Benchmarks/bin/Release/net10.0/EricksonLopez.ValueObjects.Benchmarks-.NET 9.0-3/BenchmarkDotNet.Autogenerated.csproj (in 274 ms).
  5 of 6 projects are up-to-date for restore.

// BenchmarkDotNet has failed to build the auto-generated boilerplate code.
// It can be found in /home/runner/work/dotnet-value-objects/dotnet-value-objects/benchmarks/EricksonLopez.ValueObjects.Benchmarks/bin/Release/net10.0/EricksonLopez.ValueObjects.Benchmarks-.NET 9.0-3
// Please follow the troubleshooting guide: https://benchmarkdotnet.org/articles/guides/troubleshooting.html

// ** Remained 86 (71.7 %) benchmark(s) to run. Estimated finish 2026-09-13 7:03 (0h 5m from now) **
// Build Error: Standard output: 
  
 Standard error: 
   Determining projects to restore...
/home/runner/work/dotnet-value-objects/dotnet-value-objects/benchmarks/EricksonLopez.ValueObjects.Benchmarks/bin/Release/net10.0/EricksonLopez.ValueObjects.Benchmarks-.NET 9.0-3/BenchmarkDotNet.Autogenerated.csproj : error NU1201: Project EricksonLopez.ValueObjects.Benchmarks is not compatible with net9.0 (.NETCoreApp,Version=v9.0). Project EricksonLopez.ValueObjects.Benchmarks supports: net10.0 (.NETCoreApp,Version=v10.0)
  Failed to restore /home/runner/work/dotnet-value-objects/dotnet-value-objects/benchmarks/EricksonLopez.ValueObjects.Benchmarks/bin/Release/net10.0/EricksonLopez.ValueObjects.Benchmarks-.NET 9.0-3/BenchmarkDotNet.Autogenerated.csproj (in 274 ms).
  5 of 6 projects are up-to-date for restore.

// BenchmarkDotNet has failed to build the auto-generated boilerplate code.
// It can be found in /home/runner/work/dotnet-value-objects/dotnet-value-objects/benchmarks/EricksonLopez.ValueObjects.Benchmarks/bin/Release/net10.0/EricksonLopez.ValueObjects.Benchmarks-.NET 9.0-3
// Please follow the troubleshooting guide: https://benchmarkdotnet.org/articles/guides/troubleshooting.html

// ** Remained 85 (70.8 %) benchmark(s) to run. Estimated finish 2026-09-13 7:02 (0h 4m from now) **
// Build Error: Standard output: 
  
 Standard error: 
   Determining projects to restore...
/home/runner/work/dotnet-value-objects/dotnet-value-objects/benchmarks/EricksonLopez.ValueObjects.Benchmarks/bin/Release/net10.0/EricksonLopez.ValueObjects.Benchmarks-.NET 9.0-3/BenchmarkDotNet.Autogenerated.csproj : error NU1201: Project EricksonLopez.ValueObjects.Benchmarks is not compatible with net9.0 (.NETCoreApp,Version=v9.0). Project EricksonLopez.ValueObjects.Benchmarks supports: net10.0 (.NETCoreApp,Version=v10.0)
  Failed to restore /home/runner/work/dotnet-value-objects/dotnet-value-objects/benchmarks/EricksonLopez.ValueObjects.Benchmarks/bin/Release/net10.0/EricksonLopez.ValueObjects.Benchmarks-.NET 9.0-3/BenchmarkDotNet.Autogenerated.csproj (in 274 ms).
  5 of 6 projects are up-to-date for restore.

// BenchmarkDotNet has failed to build the auto-generated boilerplate code.
// It can be found in /home/runner/work/dotnet-value-objects/dotnet-value-objects/benchmarks/EricksonLopez.ValueObjects.Benchmarks/bin/Release/net10.0/EricksonLopez.ValueObjects.Benchmarks-.NET 9.0-3
// Please follow the troubleshooting guide: https://benchmarkdotnet.org/articles/guides/troubleshooting.html

// ** Remained 84 (70.0 %) benchmark(s) to run. Estimated finish 2026-09-13 7:02 (0h 4m from now) **
// ***** BenchmarkRunner: Finish  *****

// * Export *
  benchmarks/results/results/EricksonLopez.ValueObjects.Benchmarks.ParsingBenchmarks-report.csv
  benchmarks/results/results/EricksonLopez.ValueObjects.Benchmarks.ParsingBenchmarks-report-github.md
  benchmarks/results/results/EricksonLopez.ValueObjects.Benchmarks.ParsingBenchmarks-report.html
  benchmarks/results/results/EricksonLopez.ValueObjects.Benchmarks.ParsingBenchmarks-report-full-compressed.json
  benchmarks/results/results/EricksonLopez.ValueObjects.Benchmarks.ParsingBenchmarks-report-default.md

// * Detailed results *
ParsingBenchmarks.Parse_Percentage_String: .NET 10.0(Runtime=.NET 10.0, Toolchain=net10.0)
Runtime = .NET 10.0.12 (10.0.12, 10.0.1226.42308), X64 RyuJIT x86-64-v3; GC = Concurrent Workstation
Mean = 62.534 ns, StdErr = 0.024 ns (0.04%), N = 14, StdDev = 0.088 ns
Min = 62.399 ns, Q1 = 62.462 ns, Median = 62.550 ns, Q3 = 62.593 ns, Max = 62.658 ns
IQR = 0.131 ns, LowerFence = 62.266 ns, UpperFence = 62.789 ns
ConfidenceInterval = [62.435 ns; 62.633 ns] (CI 99.9%), Margin = 0.099 ns (0.16% of Mean)
Skewness = -0.28, Kurtosis = 1.6, MValue = 2
-------------------- Histogram --------------------
[62.351 ns ; 62.706 ns) | @@@@@@@@@@@@@@
---------------------------------------------------

ParsingBenchmarks.Parse_Percentage_String: .NET 8.0(Runtime=.NET 8.0, Toolchain=net8.0)
Runtime = ; GC = 
There are not any results runs

ParsingBenchmarks.Parse_Percentage_String: .NET 9.0(Runtime=.NET 9.0, Toolchain=net9.0)
Runtime = ; GC = 
There are not any results runs

ParsingBenchmarks.Parse_Percentage_Span: .NET 10.0(Runtime=.NET 10.0, Toolchain=net10.0)
Runtime = .NET 10.0.12 (10.0.12, 10.0.1226.42308), X64 RyuJIT x86-64-v3; GC = Concurrent Workstation
Mean = 59.038 ns, StdErr = 0.037 ns (0.06%), N = 14, StdDev = 0.137 ns
Min = 58.874 ns, Q1 = 58.968 ns, Median = 59.001 ns, Q3 = 59.052 ns, Max = 59.283 ns
IQR = 0.084 ns, LowerFence = 58.842 ns, UpperFence = 59.178 ns
ConfidenceInterval = [58.883 ns; 59.193 ns] (CI 99.9%), Margin = 0.155 ns (0.26% of Mean)
Skewness = 0.71, Kurtosis = 2.07, MValue = 2
-------------------- Histogram --------------------
[58.799 ns ; 59.358 ns) | @@@@@@@@@@@@@@
---------------------------------------------------

ParsingBenchmarks.Parse_Percentage_Span: .NET 8.0(Runtime=.NET 8.0, Toolchain=net8.0)
Runtime = ; GC = 
There are not any results runs

ParsingBenchmarks.Parse_Percentage_Span: .NET 9.0(Runtime=.NET 9.0, Toolchain=net9.0)
Runtime = ; GC = 
There are not any results runs

ParsingBenchmarks.TryParse_Percentage_Span: .NET 10.0(Runtime=.NET 10.0, Toolchain=net10.0)
Runtime = .NET 10.0.12 (10.0.12, 10.0.1226.42308), X64 RyuJIT x86-64-v3; GC = Concurrent Workstation
Mean = 53.297 ns, StdErr = 0.026 ns (0.05%), N = 15, StdDev = 0.102 ns
Min = 53.117 ns, Q1 = 53.239 ns, Median = 53.295 ns, Q3 = 53.363 ns, Max = 53.476 ns
IQR = 0.124 ns, LowerFence = 53.054 ns, UpperFence = 53.548 ns
ConfidenceInterval = [53.187 ns; 53.406 ns] (CI 99.9%), Margin = 0.109 ns (0.21% of Mean)
Skewness = 0, Kurtosis = 1.95, MValue = 2
-------------------- Histogram --------------------
[53.063 ns ; 53.531 ns) | @@@@@@@@@@@@@@@
---------------------------------------------------

ParsingBenchmarks.TryParse_Percentage_Span: .NET 8.0(Runtime=.NET 8.0, Toolchain=net8.0)
Runtime = ; GC = 
There are not any results runs

ParsingBenchmarks.TryParse_Percentage_Span: .NET 9.0(Runtime=.NET 9.0, Toolchain=net9.0)
Runtime = ; GC = 
There are not any results runs

ParsingBenchmarks.Parse_Cuit_String: .NET 10.0(Runtime=.NET 10.0, Toolchain=net10.0)
Runtime = .NET 10.0.12 (10.0.12, 10.0.1226.42308), X64 RyuJIT x86-64-v3; GC = Concurrent Workstation
Mean = 52.632 ns, StdErr = 0.025 ns (0.05%), N = 15, StdDev = 0.099 ns
Min = 52.486 ns, Q1 = 52.571 ns, Median = 52.635 ns, Q3 = 52.687 ns, Max = 52.851 ns
IQR = 0.116 ns, LowerFence = 52.398 ns, UpperFence = 52.861 ns
ConfidenceInterval = [52.526 ns; 52.737 ns] (CI 99.9%), Margin = 0.106 ns (0.20% of Mean)
Skewness = 0.24, Kurtosis = 2.5, MValue = 2
-------------------- Histogram --------------------
[52.434 ns ; 52.903 ns) | @@@@@@@@@@@@@@@
---------------------------------------------------

ParsingBenchmarks.Parse_Cuit_String: .NET 8.0(Runtime=.NET 8.0, Toolchain=net8.0)
Runtime = ; GC = 
There are not any results runs

ParsingBenchmarks.Parse_Cuit_String: .NET 9.0(Runtime=.NET 9.0, Toolchain=net9.0)
Runtime = ; GC = 
There are not any results runs

ParsingBenchmarks.Parse_Cuit_Span: .NET 10.0(Runtime=.NET 10.0, Toolchain=net10.0)
Runtime = .NET 10.0.12 (10.0.12, 10.0.1226.42308), X64 RyuJIT x86-64-v3; GC = Concurrent Workstation
Mean = 57.763 ns, StdErr = 0.054 ns (0.09%), N = 13, StdDev = 0.196 ns
Min = 57.477 ns, Q1 = 57.639 ns, Median = 57.774 ns, Q3 = 57.781 ns, Max = 58.249 ns
IQR = 0.142 ns, LowerFence = 57.426 ns, UpperFence = 57.993 ns
ConfidenceInterval = [57.529 ns; 57.998 ns] (CI 99.9%), Margin = 0.234 ns (0.41% of Mean)
Skewness = 0.82, Kurtosis = 3.53, MValue = 2
-------------------- Histogram --------------------
[57.368 ns ; 58.358 ns) | @@@@@@@@@@@@@
---------------------------------------------------

ParsingBenchmarks.Parse_Cuit_Span: .NET 8.0(Runtime=.NET 8.0, Toolchain=net8.0)
Runtime = ; GC = 
There are not any results runs

ParsingBenchmarks.Parse_Cuit_Span: .NET 9.0(Runtime=.NET 9.0, Toolchain=net9.0)
Runtime = ; GC = 
There are not any results runs

ParsingBenchmarks.Parse_Cuit_Utf8: .NET 10.0(Runtime=.NET 10.0, Toolchain=net10.0)
Runtime = .NET 10.0.12 (10.0.12, 10.0.1226.42308), X64 RyuJIT x86-64-v3; GC = Concurrent Workstation
Mean = 62.625 ns, StdErr = 0.031 ns (0.05%), N = 13, StdDev = 0.113 ns
Min = 62.417 ns, Q1 = 62.591 ns, Median = 62.637 ns, Q3 = 62.663 ns, Max = 62.855 ns
IQR = 0.071 ns, LowerFence = 62.484 ns, UpperFence = 62.770 ns
ConfidenceInterval = [62.491 ns; 62.760 ns] (CI 99.9%), Margin = 0.135 ns (0.22% of Mean)
Skewness = 0, Kurtosis = 2.63, MValue = 2
-------------------- Histogram --------------------
[62.354 ns ; 62.918 ns) | @@@@@@@@@@@@@
---------------------------------------------------

ParsingBenchmarks.Parse_Cuit_Utf8: .NET 8.0(Runtime=.NET 8.0, Toolchain=net8.0)
Runtime = ; GC = 
There are not any results runs

ParsingBenchmarks.Parse_Cuit_Utf8: .NET 9.0(Runtime=.NET 9.0, Toolchain=net9.0)
Runtime = ; GC = 
There are not any results runs

ParsingBenchmarks.TryParse_Cuit_Utf8: .NET 10.0(Runtime=.NET 10.0, Toolchain=net10.0)
Runtime = .NET 10.0.12 (10.0.12, 10.0.1226.42308), X64 RyuJIT x86-64-v3; GC = Concurrent Workstation
Mean = 62.067 ns, StdErr = 0.036 ns (0.06%), N = 13, StdDev = 0.129 ns
Min = 61.864 ns, Q1 = 61.979 ns, Median = 62.083 ns, Q3 = 62.090 ns, Max = 62.287 ns
IQR = 0.111 ns, LowerFence = 61.813 ns, UpperFence = 62.257 ns
ConfidenceInterval = [61.912 ns; 62.221 ns] (CI 99.9%), Margin = 0.154 ns (0.25% of Mean)
Skewness = 0.24, Kurtosis = 1.86, MValue = 2
-------------------- Histogram --------------------
[61.792 ns ; 62.359 ns) | @@@@@@@@@@@@@
---------------------------------------------------

ParsingBenchmarks.TryParse_Cuit_Utf8: .NET 8.0(Runtime=.NET 8.0, Toolchain=net8.0)
Runtime = ; GC = 
There are not any results runs

ParsingBenchmarks.TryParse_Cuit_Utf8: .NET 9.0(Runtime=.NET 9.0, Toolchain=net9.0)
Runtime = ; GC = 
There are not any results runs

ParsingBenchmarks.Parse_Cbu_String: .NET 10.0(Runtime=.NET 10.0, Toolchain=net10.0)
Runtime = .NET 10.0.12 (10.0.12, 10.0.1226.42308), X64 RyuJIT x86-64-v3; GC = Concurrent Workstation
There are not any results runs

ParsingBenchmarks.Parse_Cbu_String: .NET 8.0(Runtime=.NET 8.0, Toolchain=net8.0)
Runtime = ; GC = 
There are not any results runs

ParsingBenchmarks.Parse_Cbu_String: .NET 9.0(Runtime=.NET 9.0, Toolchain=net9.0)
Runtime = ; GC = 
There are not any results runs

ParsingBenchmarks.Parse_Cbu_Span: .NET 10.0(Runtime=.NET 10.0, Toolchain=net10.0)
Runtime = .NET 10.0.12 (10.0.12, 10.0.1226.42308), X64 RyuJIT x86-64-v3; GC = Concurrent Workstation
There are not any results runs

ParsingBenchmarks.Parse_Cbu_Span: .NET 8.0(Runtime=.NET 8.0, Toolchain=net8.0)
Runtime = ; GC = 
There are not any results runs

ParsingBenchmarks.Parse_Cbu_Span: .NET 9.0(Runtime=.NET 9.0, Toolchain=net9.0)
Runtime = ; GC = 
There are not any results runs

ParsingBenchmarks.Parse_Cbu_Utf8: .NET 10.0(Runtime=.NET 10.0, Toolchain=net10.0)
Runtime = .NET 10.0.12 (10.0.12, 10.0.1226.42308), X64 RyuJIT x86-64-v3; GC = Concurrent Workstation
There are not any results runs

ParsingBenchmarks.Parse_Cbu_Utf8: .NET 8.0(Runtime=.NET 8.0, Toolchain=net8.0)
Runtime = ; GC = 
There are not any results runs

ParsingBenchmarks.Parse_Cbu_Utf8: .NET 9.0(Runtime=.NET 9.0, Toolchain=net9.0)
Runtime = ; GC = 
There are not any results runs

// * Summary *

BenchmarkDotNet v0.15.8, Linux Ubuntu 24.04.5 LTS (Noble Numbat)
AMD EPYC 7763 2.45GHz, 1 CPU, 4 logical and 2 physical cores
.NET SDK 10.0.401
  [Host]    : .NET 10.0.12 (10.0.12, 10.0.1226.42308), X64 RyuJIT x86-64-v3
  .NET 10.0 : .NET 10.0.12 (10.0.12, 10.0.1226.42308), X64 RyuJIT x86-64-v3


| Method                   | Job       | Runtime   | Mean     | Error    | StdDev   | Ratio | RatioSD | Gen0   | Allocated | Alloc Ratio |
|------------------------- |---------- |---------- |---------:|---------:|---------:|------:|--------:|-------:|----------:|------------:|
| Parse_Percentage_String  | .NET 10.0 | .NET 10.0 | 62.53 ns | 0.099 ns | 0.088 ns |     ? |       ? |      - |         - |           ? |
| Parse_Percentage_String  | .NET 8.0  | .NET 8.0  |       NA |       NA |       NA |     ? |       ? |     NA |        NA |           ? |
| Parse_Percentage_String  | .NET 9.0  | .NET 9.0  |       NA |       NA |       NA |     ? |       ? |     NA |        NA |           ? |
|                          |           |           |          |          |          |       |         |        |           |             |
| Parse_Percentage_Span    | .NET 10.0 | .NET 10.0 | 59.04 ns | 0.155 ns | 0.137 ns |     ? |       ? |      - |         - |           ? |
| Parse_Percentage_Span    | .NET 8.0  | .NET 8.0  |       NA |       NA |       NA |     ? |       ? |     NA |        NA |           ? |
| Parse_Percentage_Span    | .NET 9.0  | .NET 9.0  |       NA |       NA |       NA |     ? |       ? |     NA |        NA |           ? |
|                          |           |           |          |          |          |       |         |        |           |             |
| TryParse_Percentage_Span | .NET 10.0 | .NET 10.0 | 53.30 ns | 0.109 ns | 0.102 ns |     ? |       ? |      - |         - |           ? |
| TryParse_Percentage_Span | .NET 8.0  | .NET 8.0  |       NA |       NA |       NA |     ? |       ? |     NA |        NA |           ? |
| TryParse_Percentage_Span | .NET 9.0  | .NET 9.0  |       NA |       NA |       NA |     ? |       ? |     NA |        NA |           ? |
|                          |           |           |          |          |          |       |         |        |           |             |
| Parse_Cuit_String        | .NET 10.0 | .NET 10.0 | 52.63 ns | 0.106 ns | 0.099 ns |     ? |       ? | 0.0029 |      48 B |           ? |
| Parse_Cuit_String        | .NET 8.0  | .NET 8.0  |       NA |       NA |       NA |     ? |       ? |     NA |        NA |           ? |
| Parse_Cuit_String        | .NET 9.0  | .NET 9.0  |       NA |       NA |       NA |     ? |       ? |     NA |        NA |           ? |
|                          |           |           |          |          |          |       |         |        |           |             |
| Parse_Cuit_Span          | .NET 10.0 | .NET 10.0 | 57.76 ns | 0.234 ns | 0.196 ns |     ? |       ? | 0.0029 |      48 B |           ? |
| Parse_Cuit_Span          | .NET 8.0  | .NET 8.0  |       NA |       NA |       NA |     ? |       ? |     NA |        NA |           ? |
| Parse_Cuit_Span          | .NET 9.0  | .NET 9.0  |       NA |       NA |       NA |     ? |       ? |     NA |        NA |           ? |
|                          |           |           |          |          |          |       |         |        |           |             |
| Parse_Cuit_Utf8          | .NET 10.0 | .NET 10.0 | 62.63 ns | 0.135 ns | 0.113 ns |     ? |       ? | 0.0029 |      48 B |           ? |
| Parse_Cuit_Utf8          | .NET 8.0  | .NET 8.0  |       NA |       NA |       NA |     ? |       ? |     NA |        NA |           ? |
| Parse_Cuit_Utf8          | .NET 9.0  | .NET 9.0  |       NA |       NA |       NA |     ? |       ? |     NA |        NA |           ? |
|                          |           |           |          |          |          |       |         |        |           |             |
| TryParse_Cuit_Utf8       | .NET 10.0 | .NET 10.0 | 62.07 ns | 0.154 ns | 0.129 ns |     ? |       ? | 0.0029 |      48 B |           ? |
| TryParse_Cuit_Utf8       | .NET 8.0  | .NET 8.0  |       NA |       NA |       NA |     ? |       ? |     NA |        NA |           ? |
| TryParse_Cuit_Utf8       | .NET 9.0  | .NET 9.0  |       NA |       NA |       NA |     ? |       ? |     NA |        NA |           ? |
|                          |           |           |          |          |          |       |         |        |           |             |
| Parse_Cbu_String         | .NET 10.0 | .NET 10.0 |       NA |       NA |       NA |     ? |       ? |     NA |        NA |           ? |
| Parse_Cbu_String         | .NET 8.0  | .NET 8.0  |       NA |       NA |       NA |     ? |       ? |     NA |        NA |           ? |
| Parse_Cbu_String         | .NET 9.0  | .NET 9.0  |       NA |       NA |       NA |     ? |       ? |     NA |        NA |           ? |
|                          |           |           |          |          |          |       |         |        |           |             |
| Parse_Cbu_Span           | .NET 10.0 | .NET 10.0 |       NA |       NA |       NA |     ? |       ? |     NA |        NA |           ? |
| Parse_Cbu_Span           | .NET 8.0  | .NET 8.0  |       NA |       NA |       NA |     ? |       ? |     NA |        NA |           ? |
| Parse_Cbu_Span           | .NET 9.0  | .NET 9.0  |       NA |       NA |       NA |     ? |       ? |     NA |        NA |           ? |
|                          |           |           |          |          |          |       |         |        |           |             |
| Parse_Cbu_Utf8           | .NET 10.0 | .NET 10.0 |       NA |       NA |       NA |     ? |       ? |     NA |        NA |           ? |
| Parse_Cbu_Utf8           | .NET 8.0  | .NET 8.0  |       NA |       NA |       NA |     ? |       ? |     NA |        NA |           ? |
| Parse_Cbu_Utf8           | .NET 9.0  | .NET 9.0  |       NA |       NA |       NA |     ? |       ? |     NA |        NA |           ? |

Benchmarks with issues:
  ParsingBenchmarks.Parse_Percentage_String: .NET 8.0(Runtime=.NET 8.0, Toolchain=net8.0)
  ParsingBenchmarks.Parse_Percentage_String: .NET 9.0(Runtime=.NET 9.0, Toolchain=net9.0)
  ParsingBenchmarks.Parse_Percentage_Span: .NET 8.0(Runtime=.NET 8.0, Toolchain=net8.0)
  ParsingBenchmarks.Parse_Percentage_Span: .NET 9.0(Runtime=.NET 9.0, Toolchain=net9.0)
  ParsingBenchmarks.TryParse_Percentage_Span: .NET 8.0(Runtime=.NET 8.0, Toolchain=net8.0)
  ParsingBenchmarks.TryParse_Percentage_Span: .NET 9.0(Runtime=.NET 9.0, Toolchain=net9.0)
  ParsingBenchmarks.Parse_Cuit_String: .NET 8.0(Runtime=.NET 8.0, Toolchain=net8.0)
  ParsingBenchmarks.Parse_Cuit_String: .NET 9.0(Runtime=.NET 9.0, Toolchain=net9.0)
  ParsingBenchmarks.Parse_Cuit_Span: .NET 8.0(Runtime=.NET 8.0, Toolchain=net8.0)
  ParsingBenchmarks.Parse_Cuit_Span: .NET 9.0(Runtime=.NET 9.0, Toolchain=net9.0)
  ParsingBenchmarks.Parse_Cuit_Utf8: .NET 8.0(Runtime=.NET 8.0, Toolchain=net8.0)
  ParsingBenchmarks.Parse_Cuit_Utf8: .NET 9.0(Runtime=.NET 9.0, Toolchain=net9.0)
  ParsingBenchmarks.TryParse_Cuit_Utf8: .NET 8.0(Runtime=.NET 8.0, Toolchain=net8.0)
  ParsingBenchmarks.TryParse_Cuit_Utf8: .NET 9.0(Runtime=.NET 9.0, Toolchain=net9.0)
  ParsingBenchmarks.Parse_Cbu_String: .NET 10.0(Runtime=.NET 10.0, Toolchain=net10.0)
  ParsingBenchmarks.Parse_Cbu_String: .NET 8.0(Runtime=.NET 8.0, Toolchain=net8.0)
  ParsingBenchmarks.Parse_Cbu_String: .NET 9.0(Runtime=.NET 9.0, Toolchain=net9.0)
  ParsingBenchmarks.Parse_Cbu_Span: .NET 10.0(Runtime=.NET 10.0, Toolchain=net10.0)
  ParsingBenchmarks.Parse_Cbu_Span: .NET 8.0(Runtime=.NET 8.0, Toolchain=net8.0)
  ParsingBenchmarks.Parse_Cbu_Span: .NET 9.0(Runtime=.NET 9.0, Toolchain=net9.0)
  ParsingBenchmarks.Parse_Cbu_Utf8: .NET 10.0(Runtime=.NET 10.0, Toolchain=net10.0)
  ParsingBenchmarks.Parse_Cbu_Utf8: .NET 8.0(Runtime=.NET 8.0, Toolchain=net8.0)
  ParsingBenchmarks.Parse_Cbu_Utf8: .NET 9.0(Runtime=.NET 9.0, Toolchain=net9.0)

// * Warnings *
BaselineCustomAnalyzer
  Summary -> A question mark '?' symbol indicates that it was not possible to compute the (Ratio, RatioSD, Alloc Ratio) column(s) because the baseline or benchmark could not be found, or the baseline value is too close to zero.

// * Hints *
Outliers
  ParsingBenchmarks.Parse_Percentage_String: .NET 10.0 -> 1 outlier  was  removed (65.66 ns)
  ParsingBenchmarks.Parse_Percentage_Span: .NET 10.0   -> 1 outlier  was  removed (62.65 ns)
  ParsingBenchmarks.Parse_Cuit_Span: .NET 10.0         -> 2 outliers were removed (61.34 ns, 62.33 ns)
  ParsingBenchmarks.Parse_Cuit_Utf8: .NET 10.0         -> 2 outliers were removed, 3 outliers were detected (64.67 ns, 65.15 ns, 65.87 ns)
  ParsingBenchmarks.TryParse_Cuit_Utf8: .NET 10.0      -> 2 outliers were removed (65.06 ns, 65.11 ns)

// * Legends *
  Mean        : Arithmetic mean of all measurements
  Error       : Half of 99.9% confidence interval
  StdDev      : Standard deviation of all measurements
  Ratio       : Mean of the ratio distribution ([Current]/[Baseline])
  RatioSD     : Standard deviation of the ratio distribution ([Current]/[Baseline])
  Gen0        : GC Generation 0 collects per 1000 operations
  Allocated   : Allocated memory per single operation (managed only, inclusive, 1KB = 1024B)
  Alloc Ratio : Allocated memory ratio distribution ([Current]/[Baseline])
  1 ns        : 1 Nanosecond (0.000000001 sec)

// * Diagnostic Output - MemoryDiagnoser *


// ***** BenchmarkRunner: End *****
Run time: 00:02:01 (121.84 sec), executed benchmarks: 10

// Found 18 benchmarks:
//   SerializationJsonBenchmarks.Serialize_TenantCode: .NET 10.0(Runtime=.NET 10.0, Toolchain=net10.0)
//   SerializationJsonBenchmarks.Deserialize_TenantCode: .NET 10.0(Runtime=.NET 10.0, Toolchain=net10.0)
//   SerializationJsonBenchmarks.Serialize_CompanyName: .NET 10.0(Runtime=.NET 10.0, Toolchain=net10.0)
//   SerializationJsonBenchmarks.Deserialize_CompanyName: .NET 10.0(Runtime=.NET 10.0, Toolchain=net10.0)
//   SerializationJsonBenchmarks.Serialize_Range: .NET 10.0(Runtime=.NET 10.0, Toolchain=net10.0)
//   SerializationJsonBenchmarks.Deserialize_Range: .NET 10.0(Runtime=.NET 10.0, Toolchain=net10.0)
//   SerializationJsonBenchmarks.Serialize_TenantCode: .NET 8.0(Runtime=.NET 8.0, Toolchain=net8.0)
//   SerializationJsonBenchmarks.Deserialize_TenantCode: .NET 8.0(Runtime=.NET 8.0, Toolchain=net8.0)
//   SerializationJsonBenchmarks.Serialize_CompanyName: .NET 8.0(Runtime=.NET 8.0, Toolchain=net8.0)
//   SerializationJsonBenchmarks.Deserialize_CompanyName: .NET 8.0(Runtime=.NET 8.0, Toolchain=net8.0)
//   SerializationJsonBenchmarks.Serialize_Range: .NET 8.0(Runtime=.NET 8.0, Toolchain=net8.0)
//   SerializationJsonBenchmarks.Deserialize_Range: .NET 8.0(Runtime=.NET 8.0, Toolchain=net8.0)
//   SerializationJsonBenchmarks.Serialize_TenantCode: .NET 9.0(Runtime=.NET 9.0, Toolchain=net9.0)
//   SerializationJsonBenchmarks.Deserialize_TenantCode: .NET 9.0(Runtime=.NET 9.0, Toolchain=net9.0)
//   SerializationJsonBenchmarks.Serialize_CompanyName: .NET 9.0(Runtime=.NET 9.0, Toolchain=net9.0)
//   SerializationJsonBenchmarks.Deserialize_CompanyName: .NET 9.0(Runtime=.NET 9.0, Toolchain=net9.0)
//   SerializationJsonBenchmarks.Serialize_Range: .NET 9.0(Runtime=.NET 9.0, Toolchain=net9.0)
//   SerializationJsonBenchmarks.Deserialize_Range: .NET 9.0(Runtime=.NET 9.0, Toolchain=net9.0)

// **************************
// Benchmark: SerializationJsonBenchmarks.Serialize_TenantCode: .NET 10.0(Runtime=.NET 10.0, Toolchain=net10.0)
// *** Execute ***
// Launch: 1 / 1
// Execute: dotnet "EricksonLopez.ValueObjects.Benchmarks-.NET 10.0-1.dll" --anonymousPipes 133 134 --benchmarkName EricksonLopez.ValueObjects.Benchmarks.SerializationJsonBenchmarks.Serialize_TenantCode --job ".NET 10.0" --benchmarkId 12 in /home/runner/work/dotnet-value-objects/dotnet-value-objects/benchmarks/EricksonLopez.ValueObjects.Benchmarks/bin/Release/net10.0/EricksonLopez.ValueObjects.Benchmarks-.NET 10.0-1/bin/Release/net10.0
// Failed to set up high priority (Permission denied). In order to run benchmarks with high priority, make sure you have the right permissions.
// BeforeAnythingElse

System.Reflection.TargetInvocationException: Exception has been thrown by the target of an invocation.
 ---> System.InvalidOperationException: Cannot access Value of a failed result. Error: [Validation] TenantCode.InvalidFormat: Tenant code must be DNS-friendly lowercase text using letters, digits, and hyphens.
   at EricksonLopez.Result.Result`1.get_Value()
   at EricksonLopez.ValueObjects.Benchmarks.SerializationJsonBenchmarks..ctor() in /_/benchmarks/EricksonLopez.ValueObjects.Benchmarks/SerializationJsonBenchmarks.cs:line 29
   at BenchmarkDotNet.Autogenerated.Runnable_12..ctor() in /_/benchmarks/EricksonLopez.ValueObjects.Benchmarks/bin/Release/net10.0/EricksonLopez.ValueObjects.Benchmarks-.NET 10.0-1/EricksonLopez.ValueObjects.Benchmarks-.NET 10.0-1.notcs:line 2642
   at BenchmarkDotNet.Autogenerated.Runnable_12.Run(IHost host, String benchmarkName) in /_/benchmarks/EricksonLopez.ValueObjects.Benchmarks/bin/Release/net10.0/EricksonLopez.ValueObjects.Benchmarks-.NET 10.0-1/EricksonLopez.ValueObjects.Benchmarks-.NET 10.0-1.notcs:line 2590
   at System.Reflection.MethodBaseInvoker.InterpretedInvoke_Method(Object obj, IntPtr* args)
   at System.Reflection.MethodBaseInvoker.InvokeDirectByRefWithFewArgs(Object obj, Span`1 copyOfArgs, BindingFlags invokeAttr)
   --- End of inner exception stack trace ---
   at System.Reflection.MethodBaseInvoker.InvokeDirectByRefWithFewArgs(Object obj, Span`1 copyOfArgs, BindingFlags invokeAttr)
   at System.Reflection.MethodBaseInvoker.InvokeWithFewArgs(Object obj, BindingFlags invokeAttr, Binder binder, Object[] parameters, CultureInfo culture)
   at System.Reflection.RuntimeMethodInfo.Invoke(Object obj, BindingFlags invokeAttr, Binder binder, Object[] parameters, CultureInfo culture)
   at BenchmarkDotNet.Autogenerated.UniqueProgramName.AfterAssemblyLoadingAttached(String[] args) in /_/benchmarks/EricksonLopez.ValueObjects.Benchmarks/bin/Release/net10.0/EricksonLopez.ValueObjects.Benchmarks-.NET 10.0-1/EricksonLopez.ValueObjects.Benchmarks-.NET 10.0-1.notcs:line 57
// AfterAll
No Workload Results were obtained from the run.
// Benchmark Process 4828 has exited with code 255.

// ** Remained 83 (69.2 %) benchmark(s) to run. Estimated finish 2026-09-13 7:02 (0h 4m from now) **
// **************************
// Benchmark: SerializationJsonBenchmarks.Deserialize_TenantCode: .NET 10.0(Runtime=.NET 10.0, Toolchain=net10.0)
// *** Execute ***
// Launch: 1 / 1
// Execute: dotnet "EricksonLopez.ValueObjects.Benchmarks-.NET 10.0-1.dll" --anonymousPipes 133 134 --benchmarkName EricksonLopez.ValueObjects.Benchmarks.SerializationJsonBenchmarks.Deserialize_TenantCode --job ".NET 10.0" --benchmarkId 13 in /home/runner/work/dotnet-value-objects/dotnet-value-objects/benchmarks/EricksonLopez.ValueObjects.Benchmarks/bin/Release/net10.0/EricksonLopez.ValueObjects.Benchmarks-.NET 10.0-1/bin/Release/net10.0
// Failed to set up high priority (Permission denied). In order to run benchmarks with high priority, make sure you have the right permissions.
// BeforeAnythingElse

System.Reflection.TargetInvocationException: Exception has been thrown by the target of an invocation.
 ---> System.InvalidOperationException: Cannot access Value of a failed result. Error: [Validation] TenantCode.InvalidFormat: Tenant code must be DNS-friendly lowercase text using letters, digits, and hyphens.
   at EricksonLopez.Result.Result`1.get_Value()
   at EricksonLopez.ValueObjects.Benchmarks.SerializationJsonBenchmarks..ctor() in /_/benchmarks/EricksonLopez.ValueObjects.Benchmarks/SerializationJsonBenchmarks.cs:line 29
   at BenchmarkDotNet.Autogenerated.Runnable_13..ctor() in /_/benchmarks/EricksonLopez.ValueObjects.Benchmarks/bin/Release/net10.0/EricksonLopez.ValueObjects.Benchmarks-.NET 10.0-1/EricksonLopez.ValueObjects.Benchmarks-.NET 10.0-1.notcs:line 2839
   at BenchmarkDotNet.Autogenerated.Runnable_13.Run(IHost host, String benchmarkName) in /_/benchmarks/EricksonLopez.ValueObjects.Benchmarks/bin/Release/net10.0/EricksonLopez.ValueObjects.Benchmarks-.NET 10.0-1/EricksonLopez.ValueObjects.Benchmarks-.NET 10.0-1.notcs:line 2787
   at System.Reflection.MethodBaseInvoker.InterpretedInvoke_Method(Object obj, IntPtr* args)
   at System.Reflection.MethodBaseInvoker.InvokeDirectByRefWithFewArgs(Object obj, Span`1 copyOfArgs, BindingFlags invokeAttr)
   --- End of inner exception stack trace ---
   at System.Reflection.MethodBaseInvoker.InvokeDirectByRefWithFewArgs(Object obj, Span`1 copyOfArgs, BindingFlags invokeAttr)
   at System.Reflection.MethodBaseInvoker.InvokeWithFewArgs(Object obj, BindingFlags invokeAttr, Binder binder, Object[] parameters, CultureInfo culture)
   at System.Reflection.RuntimeMethodInfo.Invoke(Object obj, BindingFlags invokeAttr, Binder binder, Object[] parameters, CultureInfo culture)
   at BenchmarkDotNet.Autogenerated.UniqueProgramName.AfterAssemblyLoadingAttached(String[] args) in /_/benchmarks/EricksonLopez.ValueObjects.Benchmarks/bin/Release/net10.0/EricksonLopez.ValueObjects.Benchmarks-.NET 10.0-1/EricksonLopez.ValueObjects.Benchmarks-.NET 10.0-1.notcs:line 57
// AfterAll
No Workload Results were obtained from the run.
// Benchmark Process 4835 has exited with code 255.

// ** Remained 82 (68.3 %) benchmark(s) to run. Estimated finish 2026-09-13 7:02 (0h 4m from now) **
// **************************
// Benchmark: SerializationJsonBenchmarks.Serialize_CompanyName: .NET 10.0(Runtime=.NET 10.0, Toolchain=net10.0)
// *** Execute ***
// Launch: 1 / 1
// Execute: dotnet "EricksonLopez.ValueObjects.Benchmarks-.NET 10.0-1.dll" --anonymousPipes 133 134 --benchmarkName EricksonLopez.ValueObjects.Benchmarks.SerializationJsonBenchmarks.Serialize_CompanyName --job ".NET 10.0" --benchmarkId 14 in /home/runner/work/dotnet-value-objects/dotnet-value-objects/benchmarks/EricksonLopez.ValueObjects.Benchmarks/bin/Release/net10.0/EricksonLopez.ValueObjects.Benchmarks-.NET 10.0-1/bin/Release/net10.0
// Failed to set up high priority (Permission denied). In order to run benchmarks with high priority, make sure you have the right permissions.
// BeforeAnythingElse

System.Reflection.TargetInvocationException: Exception has been thrown by the target of an invocation.
 ---> System.InvalidOperationException: Cannot access Value of a failed result. Error: [Validation] TenantCode.InvalidFormat: Tenant code must be DNS-friendly lowercase text using letters, digits, and hyphens.
   at EricksonLopez.Result.Result`1.get_Value()
   at EricksonLopez.ValueObjects.Benchmarks.SerializationJsonBenchmarks..ctor() in /_/benchmarks/EricksonLopez.ValueObjects.Benchmarks/SerializationJsonBenchmarks.cs:line 29
   at BenchmarkDotNet.Autogenerated.Runnable_14..ctor() in /_/benchmarks/EricksonLopez.ValueObjects.Benchmarks/bin/Release/net10.0/EricksonLopez.ValueObjects.Benchmarks-.NET 10.0-1/EricksonLopez.ValueObjects.Benchmarks-.NET 10.0-1.notcs:line 3036
   at BenchmarkDotNet.Autogenerated.Runnable_14.Run(IHost host, String benchmarkName) in /_/benchmarks/EricksonLopez.ValueObjects.Benchmarks/bin/Release/net10.0/EricksonLopez.ValueObjects.Benchmarks-.NET 10.0-1/EricksonLopez.ValueObjects.Benchmarks-.NET 10.0-1.notcs:line 2984
   at System.Reflection.MethodBaseInvoker.InterpretedInvoke_Method(Object obj, IntPtr* args)
   at System.Reflection.MethodBaseInvoker.InvokeDirectByRefWithFewArgs(Object obj, Span`1 copyOfArgs, BindingFlags invokeAttr)
   --- End of inner exception stack trace ---
   at System.Reflection.MethodBaseInvoker.InvokeDirectByRefWithFewArgs(Object obj, Span`1 copyOfArgs, BindingFlags invokeAttr)
   at System.Reflection.MethodBaseInvoker.InvokeWithFewArgs(Object obj, BindingFlags invokeAttr, Binder binder, Object[] parameters, CultureInfo culture)
   at System.Reflection.RuntimeMethodInfo.Invoke(Object obj, BindingFlags invokeAttr, Binder binder, Object[] parameters, CultureInfo culture)
   at BenchmarkDotNet.Autogenerated.UniqueProgramName.AfterAssemblyLoadingAttached(String[] args) in /_/benchmarks/EricksonLopez.ValueObjects.Benchmarks/bin/Release/net10.0/EricksonLopez.ValueObjects.Benchmarks-.NET 10.0-1/EricksonLopez.ValueObjects.Benchmarks-.NET 10.0-1.notcs:line 57
// AfterAll
No Workload Results were obtained from the run.
// Benchmark Process 4842 has exited with code 255.

// ** Remained 81 (67.5 %) benchmark(s) to run. Estimated finish 2026-09-13 7:02 (0h 4m from now) **
// **************************
// Benchmark: SerializationJsonBenchmarks.Deserialize_CompanyName: .NET 10.0(Runtime=.NET 10.0, Toolchain=net10.0)
// *** Execute ***
// Launch: 1 / 1
// Execute: dotnet "EricksonLopez.ValueObjects.Benchmarks-.NET 10.0-1.dll" --anonymousPipes 133 134 --benchmarkName EricksonLopez.ValueObjects.Benchmarks.SerializationJsonBenchmarks.Deserialize_CompanyName --job ".NET 10.0" --benchmarkId 15 in /home/runner/work/dotnet-value-objects/dotnet-value-objects/benchmarks/EricksonLopez.ValueObjects.Benchmarks/bin/Release/net10.0/EricksonLopez.ValueObjects.Benchmarks-.NET 10.0-1/bin/Release/net10.0
// Failed to set up high priority (Permission denied). In order to run benchmarks with high priority, make sure you have the right permissions.
// BeforeAnythingElse

System.Reflection.TargetInvocationException: Exception has been thrown by the target of an invocation.
 ---> System.InvalidOperationException: Cannot access Value of a failed result. Error: [Validation] TenantCode.InvalidFormat: Tenant code must be DNS-friendly lowercase text using letters, digits, and hyphens.
   at EricksonLopez.Result.Result`1.get_Value()
   at EricksonLopez.ValueObjects.Benchmarks.SerializationJsonBenchmarks..ctor() in /_/benchmarks/EricksonLopez.ValueObjects.Benchmarks/SerializationJsonBenchmarks.cs:line 29
   at BenchmarkDotNet.Autogenerated.Runnable_15..ctor() in /_/benchmarks/EricksonLopez.ValueObjects.Benchmarks/bin/Release/net10.0/EricksonLopez.ValueObjects.Benchmarks-.NET 10.0-1/EricksonLopez.ValueObjects.Benchmarks-.NET 10.0-1.notcs:line 3233
   at BenchmarkDotNet.Autogenerated.Runnable_15.Run(IHost host, String benchmarkName) in /_/benchmarks/EricksonLopez.ValueObjects.Benchmarks/bin/Release/net10.0/EricksonLopez.ValueObjects.Benchmarks-.NET 10.0-1/EricksonLopez.ValueObjects.Benchmarks-.NET 10.0-1.notcs:line 3181
   at System.Reflection.MethodBaseInvoker.InterpretedInvoke_Method(Object obj, IntPtr* args)
   at System.Reflection.MethodBaseInvoker.InvokeDirectByRefWithFewArgs(Object obj, Span`1 copyOfArgs, BindingFlags invokeAttr)
   --- End of inner exception stack trace ---
   at System.Reflection.MethodBaseInvoker.InvokeDirectByRefWithFewArgs(Object obj, Span`1 copyOfArgs, BindingFlags invokeAttr)
   at System.Reflection.MethodBaseInvoker.InvokeWithFewArgs(Object obj, BindingFlags invokeAttr, Binder binder, Object[] parameters, CultureInfo culture)
   at System.Reflection.RuntimeMethodInfo.Invoke(Object obj, BindingFlags invokeAttr, Binder binder, Object[] parameters, CultureInfo culture)
   at BenchmarkDotNet.Autogenerated.UniqueProgramName.AfterAssemblyLoadingAttached(String[] args) in /_/benchmarks/EricksonLopez.ValueObjects.Benchmarks/bin/Release/net10.0/EricksonLopez.ValueObjects.Benchmarks-.NET 10.0-1/EricksonLopez.ValueObjects.Benchmarks-.NET 10.0-1.notcs:line 57
// AfterAll
No Workload Results were obtained from the run.
// Benchmark Process 4849 has exited with code 255.

// ** Remained 80 (66.7 %) benchmark(s) to run. Estimated finish 2026-09-13 7:01 (0h 4m from now) **
// **************************
// Benchmark: SerializationJsonBenchmarks.Serialize_Range: .NET 10.0(Runtime=.NET 10.0, Toolchain=net10.0)
// *** Execute ***
// Launch: 1 / 1
// Execute: dotnet "EricksonLopez.ValueObjects.Benchmarks-.NET 10.0-1.dll" --anonymousPipes 133 134 --benchmarkName EricksonLopez.ValueObjects.Benchmarks.SerializationJsonBenchmarks.Serialize_Range --job ".NET 10.0" --benchmarkId 16 in /home/runner/work/dotnet-value-objects/dotnet-value-objects/benchmarks/EricksonLopez.ValueObjects.Benchmarks/bin/Release/net10.0/EricksonLopez.ValueObjects.Benchmarks-.NET 10.0-1/bin/Release/net10.0
// Failed to set up high priority (Permission denied). In order to run benchmarks with high priority, make sure you have the right permissions.
// BeforeAnythingElse

System.Reflection.TargetInvocationException: Exception has been thrown by the target of an invocation.
 ---> System.InvalidOperationException: Cannot access Value of a failed result. Error: [Validation] TenantCode.InvalidFormat: Tenant code must be DNS-friendly lowercase text using letters, digits, and hyphens.
   at EricksonLopez.Result.Result`1.get_Value()
   at EricksonLopez.ValueObjects.Benchmarks.SerializationJsonBenchmarks..ctor() in /_/benchmarks/EricksonLopez.ValueObjects.Benchmarks/SerializationJsonBenchmarks.cs:line 29
   at BenchmarkDotNet.Autogenerated.Runnable_16..ctor() in /_/benchmarks/EricksonLopez.ValueObjects.Benchmarks/bin/Release/net10.0/EricksonLopez.ValueObjects.Benchmarks-.NET 10.0-1/EricksonLopez.ValueObjects.Benchmarks-.NET 10.0-1.notcs:line 3430
   at BenchmarkDotNet.Autogenerated.Runnable_16.Run(IHost host, String benchmarkName) in /_/benchmarks/EricksonLopez.ValueObjects.Benchmarks/bin/Release/net10.0/EricksonLopez.ValueObjects.Benchmarks-.NET 10.0-1/EricksonLopez.ValueObjects.Benchmarks-.NET 10.0-1.notcs:line 3378
   at System.Reflection.MethodBaseInvoker.InterpretedInvoke_Method(Object obj, IntPtr* args)
   at System.Reflection.MethodBaseInvoker.InvokeDirectByRefWithFewArgs(Object obj, Span`1 copyOfArgs, BindingFlags invokeAttr)
   --- End of inner exception stack trace ---
   at System.Reflection.MethodBaseInvoker.InvokeDirectByRefWithFewArgs(Object obj, Span`1 copyOfArgs, BindingFlags invokeAttr)
   at System.Reflection.MethodBaseInvoker.InvokeWithFewArgs(Object obj, BindingFlags invokeAttr, Binder binder, Object[] parameters, CultureInfo culture)
   at System.Reflection.RuntimeMethodInfo.Invoke(Object obj, BindingFlags invokeAttr, Binder binder, Object[] parameters, CultureInfo culture)
   at BenchmarkDotNet.Autogenerated.UniqueProgramName.AfterAssemblyLoadingAttached(String[] args) in /_/benchmarks/EricksonLopez.ValueObjects.Benchmarks/bin/Release/net10.0/EricksonLopez.ValueObjects.Benchmarks-.NET 10.0-1/EricksonLopez.ValueObjects.Benchmarks-.NET 10.0-1.notcs:line 57
// AfterAll
No Workload Results were obtained from the run.
// Benchmark Process 4856 has exited with code 255.

// ** Remained 79 (65.8 %) benchmark(s) to run. Estimated finish 2026-09-13 7:01 (0h 3m from now) **
// **************************
// Benchmark: SerializationJsonBenchmarks.Deserialize_Range: .NET 10.0(Runtime=.NET 10.0, Toolchain=net10.0)
// *** Execute ***
// Launch: 1 / 1
// Execute: dotnet "EricksonLopez.ValueObjects.Benchmarks-.NET 10.0-1.dll" --anonymousPipes 133 134 --benchmarkName EricksonLopez.ValueObjects.Benchmarks.SerializationJsonBenchmarks.Deserialize_Range --job ".NET 10.0" --benchmarkId 17 in /home/runner/work/dotnet-value-objects/dotnet-value-objects/benchmarks/EricksonLopez.ValueObjects.Benchmarks/bin/Release/net10.0/EricksonLopez.ValueObjects.Benchmarks-.NET 10.0-1/bin/Release/net10.0
// Failed to set up high priority (Permission denied). In order to run benchmarks with high priority, make sure you have the right permissions.
// BeforeAnythingElse

System.Reflection.TargetInvocationException: Exception has been thrown by the target of an invocation.
 ---> System.InvalidOperationException: Cannot access Value of a failed result. Error: [Validation] TenantCode.InvalidFormat: Tenant code must be DNS-friendly lowercase text using letters, digits, and hyphens.
   at EricksonLopez.Result.Result`1.get_Value()
   at EricksonLopez.ValueObjects.Benchmarks.SerializationJsonBenchmarks..ctor() in /_/benchmarks/EricksonLopez.ValueObjects.Benchmarks/SerializationJsonBenchmarks.cs:line 29
   at BenchmarkDotNet.Autogenerated.Runnable_17..ctor() in /_/benchmarks/EricksonLopez.ValueObjects.Benchmarks/bin/Release/net10.0/EricksonLopez.ValueObjects.Benchmarks-.NET 10.0-1/EricksonLopez.ValueObjects.Benchmarks-.NET 10.0-1.notcs:line 3627
   at BenchmarkDotNet.Autogenerated.Runnable_17.Run(IHost host, String benchmarkName) in /_/benchmarks/EricksonLopez.ValueObjects.Benchmarks/bin/Release/net10.0/EricksonLopez.ValueObjects.Benchmarks-.NET 10.0-1/EricksonLopez.ValueObjects.Benchmarks-.NET 10.0-1.notcs:line 3575
   at System.Reflection.MethodBaseInvoker.InterpretedInvoke_Method(Object obj, IntPtr* args)
   at System.Reflection.MethodBaseInvoker.InvokeDirectByRefWithFewArgs(Object obj, Span`1 copyOfArgs, BindingFlags invokeAttr)
   --- End of inner exception stack trace ---
   at System.Reflection.MethodBaseInvoker.InvokeDirectByRefWithFewArgs(Object obj, Span`1 copyOfArgs, BindingFlags invokeAttr)
   at System.Reflection.MethodBaseInvoker.InvokeWithFewArgs(Object obj, BindingFlags invokeAttr, Binder binder, Object[] parameters, CultureInfo culture)
   at System.Reflection.RuntimeMethodInfo.Invoke(Object obj, BindingFlags invokeAttr, Binder binder, Object[] parameters, CultureInfo culture)
   at BenchmarkDotNet.Autogenerated.UniqueProgramName.AfterAssemblyLoadingAttached(String[] args) in /_/benchmarks/EricksonLopez.ValueObjects.Benchmarks/bin/Release/net10.0/EricksonLopez.ValueObjects.Benchmarks-.NET 10.0-1/EricksonLopez.ValueObjects.Benchmarks-.NET 10.0-1.notcs:line 57
// AfterAll
No Workload Results were obtained from the run.
// Benchmark Process 4863 has exited with code 255.

// ** Remained 78 (65.0 %) benchmark(s) to run. Estimated finish 2026-09-13 7:01 (0h 3m from now) **
// Build Error: Standard output: 
  
 Standard error: 
   Determining projects to restore...
/home/runner/work/dotnet-value-objects/dotnet-value-objects/benchmarks/EricksonLopez.ValueObjects.Benchmarks/bin/Release/net10.0/EricksonLopez.ValueObjects.Benchmarks-.NET 8.0-2/BenchmarkDotNet.Autogenerated.csproj : error NU1201: Project EricksonLopez.ValueObjects.Benchmarks is not compatible with net8.0 (.NETCoreApp,Version=v8.0). Project EricksonLopez.ValueObjects.Benchmarks supports: net10.0 (.NETCoreApp,Version=v10.0)
  Failed to restore /home/runner/work/dotnet-value-objects/dotnet-value-objects/benchmarks/EricksonLopez.ValueObjects.Benchmarks/bin/Release/net10.0/EricksonLopez.ValueObjects.Benchmarks-.NET 8.0-2/BenchmarkDotNet.Autogenerated.csproj (in 279 ms).
  5 of 6 projects are up-to-date for restore.

// BenchmarkDotNet has failed to build the auto-generated boilerplate code.
// It can be found in /home/runner/work/dotnet-value-objects/dotnet-value-objects/benchmarks/EricksonLopez.ValueObjects.Benchmarks/bin/Release/net10.0/EricksonLopez.ValueObjects.Benchmarks-.NET 8.0-2
// Please follow the troubleshooting guide: https://benchmarkdotnet.org/articles/guides/troubleshooting.html

// ** Remained 77 (64.2 %) benchmark(s) to run. Estimated finish 2026-09-13 7:01 (0h 3m from now) **
// Build Error: Standard output: 
  
 Standard error: 
   Determining projects to restore...
/home/runner/work/dotnet-value-objects/dotnet-value-objects/benchmarks/EricksonLopez.ValueObjects.Benchmarks/bin/Release/net10.0/EricksonLopez.ValueObjects.Benchmarks-.NET 8.0-2/BenchmarkDotNet.Autogenerated.csproj : error NU1201: Project EricksonLopez.ValueObjects.Benchmarks is not compatible with net8.0 (.NETCoreApp,Version=v8.0). Project EricksonLopez.ValueObjects.Benchmarks supports: net10.0 (.NETCoreApp,Version=v10.0)
  Failed to restore /home/runner/work/dotnet-value-objects/dotnet-value-objects/benchmarks/EricksonLopez.ValueObjects.Benchmarks/bin/Release/net10.0/EricksonLopez.ValueObjects.Benchmarks-.NET 8.0-2/BenchmarkDotNet.Autogenerated.csproj (in 279 ms).
  5 of 6 projects are up-to-date for restore.

// BenchmarkDotNet has failed to build the auto-generated boilerplate code.
// It can be found in /home/runner/work/dotnet-value-objects/dotnet-value-objects/benchmarks/EricksonLopez.ValueObjects.Benchmarks/bin/Release/net10.0/EricksonLopez.ValueObjects.Benchmarks-.NET 8.0-2
// Please follow the troubleshooting guide: https://benchmarkdotnet.org/articles/guides/troubleshooting.html

// ** Remained 76 (63.3 %) benchmark(s) to run. Estimated finish 2026-09-13 7:01 (0h 3m from now) **
// Build Error: Standard output: 
  
 Standard error: 
   Determining projects to restore...
/home/runner/work/dotnet-value-objects/dotnet-value-objects/benchmarks/EricksonLopez.ValueObjects.Benchmarks/bin/Release/net10.0/EricksonLopez.ValueObjects.Benchmarks-.NET 8.0-2/BenchmarkDotNet.Autogenerated.csproj : error NU1201: Project EricksonLopez.ValueObjects.Benchmarks is not compatible with net8.0 (.NETCoreApp,Version=v8.0). Project EricksonLopez.ValueObjects.Benchmarks supports: net10.0 (.NETCoreApp,Version=v10.0)
  Failed to restore /home/runner/work/dotnet-value-objects/dotnet-value-objects/benchmarks/EricksonLopez.ValueObjects.Benchmarks/bin/Release/net10.0/EricksonLopez.ValueObjects.Benchmarks-.NET 8.0-2/BenchmarkDotNet.Autogenerated.csproj (in 279 ms).
  5 of 6 projects are up-to-date for restore.

// BenchmarkDotNet has failed to build the auto-generated boilerplate code.
// It can be found in /home/runner/work/dotnet-value-objects/dotnet-value-objects/benchmarks/EricksonLopez.ValueObjects.Benchmarks/bin/Release/net10.0/EricksonLopez.ValueObjects.Benchmarks-.NET 8.0-2
// Please follow the troubleshooting guide: https://benchmarkdotnet.org/articles/guides/troubleshooting.html

// ** Remained 75 (62.5 %) benchmark(s) to run. Estimated finish 2026-09-13 7:01 (0h 3m from now) **
// Build Error: Standard output: 
  
 Standard error: 
   Determining projects to restore...
/home/runner/work/dotnet-value-objects/dotnet-value-objects/benchmarks/EricksonLopez.ValueObjects.Benchmarks/bin/Release/net10.0/EricksonLopez.ValueObjects.Benchmarks-.NET 8.0-2/BenchmarkDotNet.Autogenerated.csproj : error NU1201: Project EricksonLopez.ValueObjects.Benchmarks is not compatible with net8.0 (.NETCoreApp,Version=v8.0). Project EricksonLopez.ValueObjects.Benchmarks supports: net10.0 (.NETCoreApp,Version=v10.0)
  Failed to restore /home/runner/work/dotnet-value-objects/dotnet-value-objects/benchmarks/EricksonLopez.ValueObjects.Benchmarks/bin/Release/net10.0/EricksonLopez.ValueObjects.Benchmarks-.NET 8.0-2/BenchmarkDotNet.Autogenerated.csproj (in 279 ms).
  5 of 6 projects are up-to-date for restore.

// BenchmarkDotNet has failed to build the auto-generated boilerplate code.
// It can be found in /home/runner/work/dotnet-value-objects/dotnet-value-objects/benchmarks/EricksonLopez.ValueObjects.Benchmarks/bin/Release/net10.0/EricksonLopez.ValueObjects.Benchmarks-.NET 8.0-2
// Please follow the troubleshooting guide: https://benchmarkdotnet.org/articles/guides/troubleshooting.html

// ** Remained 74 (61.7 %) benchmark(s) to run. Estimated finish 2026-09-13 7:01 (0h 3m from now) **
// Build Error: Standard output: 
  
 Standard error: 
   Determining projects to restore...
/home/runner/work/dotnet-value-objects/dotnet-value-objects/benchmarks/EricksonLopez.ValueObjects.Benchmarks/bin/Release/net10.0/EricksonLopez.ValueObjects.Benchmarks-.NET 8.0-2/BenchmarkDotNet.Autogenerated.csproj : error NU1201: Project EricksonLopez.ValueObjects.Benchmarks is not compatible with net8.0 (.NETCoreApp,Version=v8.0). Project EricksonLopez.ValueObjects.Benchmarks supports: net10.0 (.NETCoreApp,Version=v10.0)
  Failed to restore /home/runner/work/dotnet-value-objects/dotnet-value-objects/benchmarks/EricksonLopez.ValueObjects.Benchmarks/bin/Release/net10.0/EricksonLopez.ValueObjects.Benchmarks-.NET 8.0-2/BenchmarkDotNet.Autogenerated.csproj (in 279 ms).
  5 of 6 projects are up-to-date for restore.

// BenchmarkDotNet has failed to build the auto-generated boilerplate code.
// It can be found in /home/runner/work/dotnet-value-objects/dotnet-value-objects/benchmarks/EricksonLopez.ValueObjects.Benchmarks/bin/Release/net10.0/EricksonLopez.ValueObjects.Benchmarks-.NET 8.0-2
// Please follow the troubleshooting guide: https://benchmarkdotnet.org/articles/guides/troubleshooting.html

// ** Remained 73 (60.8 %) benchmark(s) to run. Estimated finish 2026-09-13 7:01 (0h 3m from now) **
// Build Error: Standard output: 
  
 Standard error: 
   Determining projects to restore...
/home/runner/work/dotnet-value-objects/dotnet-value-objects/benchmarks/EricksonLopez.ValueObjects.Benchmarks/bin/Release/net10.0/EricksonLopez.ValueObjects.Benchmarks-.NET 8.0-2/BenchmarkDotNet.Autogenerated.csproj : error NU1201: Project EricksonLopez.ValueObjects.Benchmarks is not compatible with net8.0 (.NETCoreApp,Version=v8.0). Project EricksonLopez.ValueObjects.Benchmarks supports: net10.0 (.NETCoreApp,Version=v10.0)
  Failed to restore /home/runner/work/dotnet-value-objects/dotnet-value-objects/benchmarks/EricksonLopez.ValueObjects.Benchmarks/bin/Release/net10.0/EricksonLopez.ValueObjects.Benchmarks-.NET 8.0-2/BenchmarkDotNet.Autogenerated.csproj (in 279 ms).
  5 of 6 projects are up-to-date for restore.

// BenchmarkDotNet has failed to build the auto-generated boilerplate code.
// It can be found in /home/runner/work/dotnet-value-objects/dotnet-value-objects/benchmarks/EricksonLopez.ValueObjects.Benchmarks/bin/Release/net10.0/EricksonLopez.ValueObjects.Benchmarks-.NET 8.0-2
// Please follow the troubleshooting guide: https://benchmarkdotnet.org/articles/guides/troubleshooting.html

// ** Remained 72 (60.0 %) benchmark(s) to run. Estimated finish 2026-09-13 7:00 (0h 3m from now) **
// Build Error: Standard output: 
  
 Standard error: 
   Determining projects to restore...
/home/runner/work/dotnet-value-objects/dotnet-value-objects/benchmarks/EricksonLopez.ValueObjects.Benchmarks/bin/Release/net10.0/EricksonLopez.ValueObjects.Benchmarks-.NET 9.0-3/BenchmarkDotNet.Autogenerated.csproj : error NU1201: Project EricksonLopez.ValueObjects.Benchmarks is not compatible with net9.0 (.NETCoreApp,Version=v9.0). Project EricksonLopez.ValueObjects.Benchmarks supports: net10.0 (.NETCoreApp,Version=v10.0)
  Failed to restore /home/runner/work/dotnet-value-objects/dotnet-value-objects/benchmarks/EricksonLopez.ValueObjects.Benchmarks/bin/Release/net10.0/EricksonLopez.ValueObjects.Benchmarks-.NET 9.0-3/BenchmarkDotNet.Autogenerated.csproj (in 274 ms).
  5 of 6 projects are up-to-date for restore.

// BenchmarkDotNet has failed to build the auto-generated boilerplate code.
// It can be found in /home/runner/work/dotnet-value-objects/dotnet-value-objects/benchmarks/EricksonLopez.ValueObjects.Benchmarks/bin/Release/net10.0/EricksonLopez.ValueObjects.Benchmarks-.NET 9.0-3
// Please follow the troubleshooting guide: https://benchmarkdotnet.org/articles/guides/troubleshooting.html

// ** Remained 71 (59.2 %) benchmark(s) to run. Estimated finish 2026-09-13 7:00 (0h 2m from now) **
// Build Error: Standard output: 
  
 Standard error: 
   Determining projects to restore...
/home/runner/work/dotnet-value-objects/dotnet-value-objects/benchmarks/EricksonLopez.ValueObjects.Benchmarks/bin/Release/net10.0/EricksonLopez.ValueObjects.Benchmarks-.NET 9.0-3/BenchmarkDotNet.Autogenerated.csproj : error NU1201: Project EricksonLopez.ValueObjects.Benchmarks is not compatible with net9.0 (.NETCoreApp,Version=v9.0). Project EricksonLopez.ValueObjects.Benchmarks supports: net10.0 (.NETCoreApp,Version=v10.0)
  Failed to restore /home/runner/work/dotnet-value-objects/dotnet-value-objects/benchmarks/EricksonLopez.ValueObjects.Benchmarks/bin/Release/net10.0/EricksonLopez.ValueObjects.Benchmarks-.NET 9.0-3/BenchmarkDotNet.Autogenerated.csproj (in 274 ms).
  5 of 6 projects are up-to-date for restore.

// BenchmarkDotNet has failed to build the auto-generated boilerplate code.
// It can be found in /home/runner/work/dotnet-value-objects/dotnet-value-objects/benchmarks/EricksonLopez.ValueObjects.Benchmarks/bin/Release/net10.0/EricksonLopez.ValueObjects.Benchmarks-.NET 9.0-3
// Please follow the troubleshooting guide: https://benchmarkdotnet.org/articles/guides/troubleshooting.html

// ** Remained 70 (58.3 %) benchmark(s) to run. Estimated finish 2026-09-13 7:00 (0h 2m from now) **
// Build Error: Standard output: 
  
 Standard error: 
   Determining projects to restore...
/home/runner/work/dotnet-value-objects/dotnet-value-objects/benchmarks/EricksonLopez.ValueObjects.Benchmarks/bin/Release/net10.0/EricksonLopez.ValueObjects.Benchmarks-.NET 9.0-3/BenchmarkDotNet.Autogenerated.csproj : error NU1201: Project EricksonLopez.ValueObjects.Benchmarks is not compatible with net9.0 (.NETCoreApp,Version=v9.0). Project EricksonLopez.ValueObjects.Benchmarks supports: net10.0 (.NETCoreApp,Version=v10.0)
  Failed to restore /home/runner/work/dotnet-value-objects/dotnet-value-objects/benchmarks/EricksonLopez.ValueObjects.Benchmarks/bin/Release/net10.0/EricksonLopez.ValueObjects.Benchmarks-.NET 9.0-3/BenchmarkDotNet.Autogenerated.csproj (in 274 ms).
  5 of 6 projects are up-to-date for restore.

// BenchmarkDotNet has failed to build the auto-generated boilerplate code.
// It can be found in /home/runner/work/dotnet-value-objects/dotnet-value-objects/benchmarks/EricksonLopez.ValueObjects.Benchmarks/bin/Release/net10.0/EricksonLopez.ValueObjects.Benchmarks-.NET 9.0-3
// Please follow the troubleshooting guide: https://benchmarkdotnet.org/articles/guides/troubleshooting.html

// ** Remained 69 (57.5 %) benchmark(s) to run. Estimated finish 2026-09-13 7:00 (0h 2m from now) **
// Build Error: Standard output: 
  
 Standard error: 
   Determining projects to restore...
/home/runner/work/dotnet-value-objects/dotnet-value-objects/benchmarks/EricksonLopez.ValueObjects.Benchmarks/bin/Release/net10.0/EricksonLopez.ValueObjects.Benchmarks-.NET 9.0-3/BenchmarkDotNet.Autogenerated.csproj : error NU1201: Project EricksonLopez.ValueObjects.Benchmarks is not compatible with net9.0 (.NETCoreApp,Version=v9.0). Project EricksonLopez.ValueObjects.Benchmarks supports: net10.0 (.NETCoreApp,Version=v10.0)
  Failed to restore /home/runner/work/dotnet-value-objects/dotnet-value-objects/benchmarks/EricksonLopez.ValueObjects.Benchmarks/bin/Release/net10.0/EricksonLopez.ValueObjects.Benchmarks-.NET 9.0-3/BenchmarkDotNet.Autogenerated.csproj (in 274 ms).
  5 of 6 projects are up-to-date for restore.

// BenchmarkDotNet has failed to build the auto-generated boilerplate code.
// It can be found in /home/runner/work/dotnet-value-objects/dotnet-value-objects/benchmarks/EricksonLopez.ValueObjects.Benchmarks/bin/Release/net10.0/EricksonLopez.ValueObjects.Benchmarks-.NET 9.0-3
// Please follow the troubleshooting guide: https://benchmarkdotnet.org/articles/guides/troubleshooting.html

// ** Remained 68 (56.7 %) benchmark(s) to run. Estimated finish 2026-09-13 7:00 (0h 2m from now) **
// Build Error: Standard output: 
  
 Standard error: 
   Determining projects to restore...
/home/runner/work/dotnet-value-objects/dotnet-value-objects/benchmarks/EricksonLopez.ValueObjects.Benchmarks/bin/Release/net10.0/EricksonLopez.ValueObjects.Benchmarks-.NET 9.0-3/BenchmarkDotNet.Autogenerated.csproj : error NU1201: Project EricksonLopez.ValueObjects.Benchmarks is not compatible with net9.0 (.NETCoreApp,Version=v9.0). Project EricksonLopez.ValueObjects.Benchmarks supports: net10.0 (.NETCoreApp,Version=v10.0)
  Failed to restore /home/runner/work/dotnet-value-objects/dotnet-value-objects/benchmarks/EricksonLopez.ValueObjects.Benchmarks/bin/Release/net10.0/EricksonLopez.ValueObjects.Benchmarks-.NET 9.0-3/BenchmarkDotNet.Autogenerated.csproj (in 274 ms).
  5 of 6 projects are up-to-date for restore.

// BenchmarkDotNet has failed to build the auto-generated boilerplate code.
// It can be found in /home/runner/work/dotnet-value-objects/dotnet-value-objects/benchmarks/EricksonLopez.ValueObjects.Benchmarks/bin/Release/net10.0/EricksonLopez.ValueObjects.Benchmarks-.NET 9.0-3
// Please follow the troubleshooting guide: https://benchmarkdotnet.org/articles/guides/troubleshooting.html

// ** Remained 67 (55.8 %) benchmark(s) to run. Estimated finish 2026-09-13 7:00 (0h 2m from now) **
// Build Error: Standard output: 
  
 Standard error: 
   Determining projects to restore...
/home/runner/work/dotnet-value-objects/dotnet-value-objects/benchmarks/EricksonLopez.ValueObjects.Benchmarks/bin/Release/net10.0/EricksonLopez.ValueObjects.Benchmarks-.NET 9.0-3/BenchmarkDotNet.Autogenerated.csproj : error NU1201: Project EricksonLopez.ValueObjects.Benchmarks is not compatible with net9.0 (.NETCoreApp,Version=v9.0). Project EricksonLopez.ValueObjects.Benchmarks supports: net10.0 (.NETCoreApp,Version=v10.0)
  Failed to restore /home/runner/work/dotnet-value-objects/dotnet-value-objects/benchmarks/EricksonLopez.ValueObjects.Benchmarks/bin/Release/net10.0/EricksonLopez.ValueObjects.Benchmarks-.NET 9.0-3/BenchmarkDotNet.Autogenerated.csproj (in 274 ms).
  5 of 6 projects are up-to-date for restore.

// BenchmarkDotNet has failed to build the auto-generated boilerplate code.
// It can be found in /home/runner/work/dotnet-value-objects/dotnet-value-objects/benchmarks/EricksonLopez.ValueObjects.Benchmarks/bin/Release/net10.0/EricksonLopez.ValueObjects.Benchmarks-.NET 9.0-3
// Please follow the troubleshooting guide: https://benchmarkdotnet.org/articles/guides/troubleshooting.html

// ** Remained 66 (55.0 %) benchmark(s) to run. Estimated finish 2026-09-13 7:00 (0h 2m from now) **
// ***** BenchmarkRunner: Finish  *****

// * Export *
  benchmarks/results/results/EricksonLopez.ValueObjects.Benchmarks.SerializationJsonBenchmarks-report.csv
  benchmarks/results/results/EricksonLopez.ValueObjects.Benchmarks.SerializationJsonBenchmarks-report-github.md
  benchmarks/results/results/EricksonLopez.ValueObjects.Benchmarks.SerializationJsonBenchmarks-report.html
  benchmarks/results/results/EricksonLopez.ValueObjects.Benchmarks.SerializationJsonBenchmarks-report-full-compressed.json
  benchmarks/results/results/EricksonLopez.ValueObjects.Benchmarks.SerializationJsonBenchmarks-report-default.md

// * Detailed results *
SerializationJsonBenchmarks.Serialize_TenantCode: .NET 10.0(Runtime=.NET 10.0, Toolchain=net10.0)
Runtime = ; GC = 
There are not any results runs

SerializationJsonBenchmarks.Serialize_TenantCode: .NET 8.0(Runtime=.NET 8.0, Toolchain=net8.0)
Runtime = ; GC = 
There are not any results runs

SerializationJsonBenchmarks.Serialize_TenantCode: .NET 9.0(Runtime=.NET 9.0, Toolchain=net9.0)
Runtime = ; GC = 
There are not any results runs

SerializationJsonBenchmarks.Deserialize_TenantCode: .NET 10.0(Runtime=.NET 10.0, Toolchain=net10.0)
Runtime = ; GC = 
There are not any results runs

SerializationJsonBenchmarks.Deserialize_TenantCode: .NET 8.0(Runtime=.NET 8.0, Toolchain=net8.0)
Runtime = ; GC = 
There are not any results runs

SerializationJsonBenchmarks.Deserialize_TenantCode: .NET 9.0(Runtime=.NET 9.0, Toolchain=net9.0)
Runtime = ; GC = 
There are not any results runs

SerializationJsonBenchmarks.Serialize_CompanyName: .NET 10.0(Runtime=.NET 10.0, Toolchain=net10.0)
Runtime = ; GC = 
There are not any results runs

SerializationJsonBenchmarks.Serialize_CompanyName: .NET 8.0(Runtime=.NET 8.0, Toolchain=net8.0)
Runtime = ; GC = 
There are not any results runs

SerializationJsonBenchmarks.Serialize_CompanyName: .NET 9.0(Runtime=.NET 9.0, Toolchain=net9.0)
Runtime = ; GC = 
There are not any results runs

SerializationJsonBenchmarks.Deserialize_CompanyName: .NET 10.0(Runtime=.NET 10.0, Toolchain=net10.0)
Runtime = ; GC = 
There are not any results runs

SerializationJsonBenchmarks.Deserialize_CompanyName: .NET 8.0(Runtime=.NET 8.0, Toolchain=net8.0)
Runtime = ; GC = 
There are not any results runs

SerializationJsonBenchmarks.Deserialize_CompanyName: .NET 9.0(Runtime=.NET 9.0, Toolchain=net9.0)
Runtime = ; GC = 
There are not any results runs

SerializationJsonBenchmarks.Serialize_Range: .NET 10.0(Runtime=.NET 10.0, Toolchain=net10.0)
Runtime = ; GC = 
There are not any results runs

SerializationJsonBenchmarks.Serialize_Range: .NET 8.0(Runtime=.NET 8.0, Toolchain=net8.0)
Runtime = ; GC = 
There are not any results runs

SerializationJsonBenchmarks.Serialize_Range: .NET 9.0(Runtime=.NET 9.0, Toolchain=net9.0)
Runtime = ; GC = 
There are not any results runs

SerializationJsonBenchmarks.Deserialize_Range: .NET 10.0(Runtime=.NET 10.0, Toolchain=net10.0)
Runtime = ; GC = 
There are not any results runs

SerializationJsonBenchmarks.Deserialize_Range: .NET 8.0(Runtime=.NET 8.0, Toolchain=net8.0)
Runtime = ; GC = 
There are not any results runs

SerializationJsonBenchmarks.Deserialize_Range: .NET 9.0(Runtime=.NET 9.0, Toolchain=net9.0)
Runtime = ; GC = 
There are not any results runs

// * Summary *

BenchmarkDotNet v0.15.8, Linux Ubuntu 24.04.5 LTS (Noble Numbat)
AMD EPYC 7763 2.45GHz, 1 CPU, 4 logical and 2 physical cores
.NET SDK 10.0.401
  [Host] : .NET 10.0.12 (10.0.12, 10.0.1226.42308), X64 RyuJIT x86-64-v3


| Method                  | Job       | Runtime   | Mean | Error | Ratio | RatioSD | Alloc Ratio |
|------------------------ |---------- |---------- |-----:|------:|------:|--------:|------------:|
| Serialize_TenantCode    | .NET 10.0 | .NET 10.0 |   NA |    NA |     ? |       ? |           ? |
| Serialize_TenantCode    | .NET 8.0  | .NET 8.0  |   NA |    NA |     ? |       ? |           ? |
| Serialize_TenantCode    | .NET 9.0  | .NET 9.0  |   NA |    NA |     ? |       ? |           ? |
|                         |           |           |      |       |       |         |             |
| Deserialize_TenantCode  | .NET 10.0 | .NET 10.0 |   NA |    NA |     ? |       ? |           ? |
| Deserialize_TenantCode  | .NET 8.0  | .NET 8.0  |   NA |    NA |     ? |       ? |           ? |
| Deserialize_TenantCode  | .NET 9.0  | .NET 9.0  |   NA |    NA |     ? |       ? |           ? |
|                         |           |           |      |       |       |         |             |
| Serialize_CompanyName   | .NET 10.0 | .NET 10.0 |   NA |    NA |     ? |       ? |           ? |
| Serialize_CompanyName   | .NET 8.0  | .NET 8.0  |   NA |    NA |     ? |       ? |           ? |
| Serialize_CompanyName   | .NET 9.0  | .NET 9.0  |   NA |    NA |     ? |       ? |           ? |
|                         |           |           |      |       |       |         |             |
| Deserialize_CompanyName | .NET 10.0 | .NET 10.0 |   NA |    NA |     ? |       ? |           ? |
| Deserialize_CompanyName | .NET 8.0  | .NET 8.0  |   NA |    NA |     ? |       ? |           ? |
| Deserialize_CompanyName | .NET 9.0  | .NET 9.0  |   NA |    NA |     ? |       ? |           ? |
|                         |           |           |      |       |       |         |             |
| Serialize_Range         | .NET 10.0 | .NET 10.0 |   NA |    NA |     ? |       ? |           ? |
| Serialize_Range         | .NET 8.0  | .NET 8.0  |   NA |    NA |     ? |       ? |           ? |
| Serialize_Range         | .NET 9.0  | .NET 9.0  |   NA |    NA |     ? |       ? |           ? |
|                         |           |           |      |       |       |         |             |
| Deserialize_Range       | .NET 10.0 | .NET 10.0 |   NA |    NA |     ? |       ? |           ? |
| Deserialize_Range       | .NET 8.0  | .NET 8.0  |   NA |    NA |     ? |       ? |           ? |
| Deserialize_Range       | .NET 9.0  | .NET 9.0  |   NA |    NA |     ? |       ? |           ? |

Benchmarks with issues:
  SerializationJsonBenchmarks.Serialize_TenantCode: .NET 10.0(Runtime=.NET 10.0, Toolchain=net10.0)
  SerializationJsonBenchmarks.Serialize_TenantCode: .NET 8.0(Runtime=.NET 8.0, Toolchain=net8.0)
  SerializationJsonBenchmarks.Serialize_TenantCode: .NET 9.0(Runtime=.NET 9.0, Toolchain=net9.0)
  SerializationJsonBenchmarks.Deserialize_TenantCode: .NET 10.0(Runtime=.NET 10.0, Toolchain=net10.0)
  SerializationJsonBenchmarks.Deserialize_TenantCode: .NET 8.0(Runtime=.NET 8.0, Toolchain=net8.0)
  SerializationJsonBenchmarks.Deserialize_TenantCode: .NET 9.0(Runtime=.NET 9.0, Toolchain=net9.0)
  SerializationJsonBenchmarks.Serialize_CompanyName: .NET 10.0(Runtime=.NET 10.0, Toolchain=net10.0)
  SerializationJsonBenchmarks.Serialize_CompanyName: .NET 8.0(Runtime=.NET 8.0, Toolchain=net8.0)
  SerializationJsonBenchmarks.Serialize_CompanyName: .NET 9.0(Runtime=.NET 9.0, Toolchain=net9.0)
  SerializationJsonBenchmarks.Deserialize_CompanyName: .NET 10.0(Runtime=.NET 10.0, Toolchain=net10.0)
  SerializationJsonBenchmarks.Deserialize_CompanyName: .NET 8.0(Runtime=.NET 8.0, Toolchain=net8.0)
  SerializationJsonBenchmarks.Deserialize_CompanyName: .NET 9.0(Runtime=.NET 9.0, Toolchain=net9.0)
  SerializationJsonBenchmarks.Serialize_Range: .NET 10.0(Runtime=.NET 10.0, Toolchain=net10.0)
  SerializationJsonBenchmarks.Serialize_Range: .NET 8.0(Runtime=.NET 8.0, Toolchain=net8.0)
  SerializationJsonBenchmarks.Serialize_Range: .NET 9.0(Runtime=.NET 9.0, Toolchain=net9.0)
  SerializationJsonBenchmarks.Deserialize_Range: .NET 10.0(Runtime=.NET 10.0, Toolchain=net10.0)
  SerializationJsonBenchmarks.Deserialize_Range: .NET 8.0(Runtime=.NET 8.0, Toolchain=net8.0)
  SerializationJsonBenchmarks.Deserialize_Range: .NET 9.0(Runtime=.NET 9.0, Toolchain=net9.0)

// * Warnings *
BaselineCustomAnalyzer
  Summary -> A question mark '?' symbol indicates that it was not possible to compute the (Ratio, RatioSD, Alloc Ratio) column(s) because the baseline or benchmark could not be found, or the baseline value is too close to zero.

// * Legends *
  Mean        : Arithmetic mean of all measurements
  Error       : Half of 99.9% confidence interval
  Ratio       : Mean of the ratio distribution ([Current]/[Baseline])
  RatioSD     : Standard deviation of the ratio distribution ([Current]/[Baseline])
  Alloc Ratio : Allocated memory ratio distribution ([Current]/[Baseline])
  1 ns        : 1 Nanosecond (0.000000001 sec)

// * Diagnostic Output - MemoryDiagnoser *


// ***** BenchmarkRunner: End *****
Run time: 00:00:00 (0.54 sec), executed benchmarks: 6

// Found 66 benchmarks:
//   ValueObjectBenchmarks.Create_Class: .NET 10.0(Runtime=.NET 10.0, Toolchain=net10.0)
//   ValueObjectBenchmarks.Create_RecordClass: .NET 10.0(Runtime=.NET 10.0, Toolchain=net10.0)
//   ValueObjectBenchmarks.Create_Struct: .NET 10.0(Runtime=.NET 10.0, Toolchain=net10.0)
//   ValueObjectBenchmarks.Create_RecordStruct: .NET 10.0(Runtime=.NET 10.0, Toolchain=net10.0)
//   ValueObjectBenchmarks.Domain_Create_Email: .NET 10.0(Runtime=.NET 10.0, Toolchain=net10.0)
//   ValueObjectBenchmarks.Domain_Create_Money: .NET 10.0(Runtime=.NET 10.0, Toolchain=net10.0)
//   ValueObjectBenchmarks.Domain_Create_Percentage: .NET 10.0(Runtime=.NET 10.0, Toolchain=net10.0)
//   ValueObjectBenchmarks.Equals_Class: .NET 10.0(Runtime=.NET 10.0, Toolchain=net10.0)
//   ValueObjectBenchmarks.Equals_RecordClass: .NET 10.0(Runtime=.NET 10.0, Toolchain=net10.0)
//   ValueObjectBenchmarks.Equals_Struct: .NET 10.0(Runtime=.NET 10.0, Toolchain=net10.0)
//   ValueObjectBenchmarks.Equals_RecordStruct: .NET 10.0(Runtime=.NET 10.0, Toolchain=net10.0)
//   ValueObjectBenchmarks.Domain_Equals_Money: .NET 10.0(Runtime=.NET 10.0, Toolchain=net10.0)
//   ValueObjectBenchmarks.HashCode_Class: .NET 10.0(Runtime=.NET 10.0, Toolchain=net10.0)
//   ValueObjectBenchmarks.HashCode_RecordClass: .NET 10.0(Runtime=.NET 10.0, Toolchain=net10.0)
//   ValueObjectBenchmarks.HashCode_Struct: .NET 10.0(Runtime=.NET 10.0, Toolchain=net10.0)
//   ValueObjectBenchmarks.HashCode_RecordStruct: .NET 10.0(Runtime=.NET 10.0, Toolchain=net10.0)
//   ValueObjectBenchmarks.DictionaryLookup_RecordClass: .NET 10.0(Runtime=.NET 10.0, Toolchain=net10.0)
//   ValueObjectBenchmarks.DictionaryLookup_RecordStruct: .NET 10.0(Runtime=.NET 10.0, Toolchain=net10.0)
//   ValueObjectBenchmarks.Domain_Money_Add: .NET 10.0(Runtime=.NET 10.0, Toolchain=net10.0)
//   ValueObjectBenchmarks.Domain_Money_Allocate: .NET 10.0(Runtime=.NET 10.0, Toolchain=net10.0)
//   ValueObjectBenchmarks.Domain_Money_ApplyTax: .NET 10.0(Runtime=.NET 10.0, Toolchain=net10.0)
//   ValueObjectBenchmarks.Domain_Parse_BusinessDate: .NET 10.0(Runtime=.NET 10.0, Toolchain=net10.0)
//   ValueObjectBenchmarks.Create_Class: .NET 8.0(Runtime=.NET 8.0, Toolchain=net8.0)
//   ValueObjectBenchmarks.Create_RecordClass: .NET 8.0(Runtime=.NET 8.0, Toolchain=net8.0)
//   ValueObjectBenchmarks.Create_Struct: .NET 8.0(Runtime=.NET 8.0, Toolchain=net8.0)
//   ValueObjectBenchmarks.Create_RecordStruct: .NET 8.0(Runtime=.NET 8.0, Toolchain=net8.0)
//   ValueObjectBenchmarks.Domain_Create_Email: .NET 8.0(Runtime=.NET 8.0, Toolchain=net8.0)
//   ValueObjectBenchmarks.Domain_Create_Money: .NET 8.0(Runtime=.NET 8.0, Toolchain=net8.0)
//   ValueObjectBenchmarks.Domain_Create_Percentage: .NET 8.0(Runtime=.NET 8.0, Toolchain=net8.0)
//   ValueObjectBenchmarks.Equals_Class: .NET 8.0(Runtime=.NET 8.0, Toolchain=net8.0)
//   ValueObjectBenchmarks.Equals_RecordClass: .NET 8.0(Runtime=.NET 8.0, Toolchain=net8.0)
//   ValueObjectBenchmarks.Equals_Struct: .NET 8.0(Runtime=.NET 8.0, Toolchain=net8.0)
//   ValueObjectBenchmarks.Equals_RecordStruct: .NET 8.0(Runtime=.NET 8.0, Toolchain=net8.0)
//   ValueObjectBenchmarks.Domain_Equals_Money: .NET 8.0(Runtime=.NET 8.0, Toolchain=net8.0)
//   ValueObjectBenchmarks.HashCode_Class: .NET 8.0(Runtime=.NET 8.0, Toolchain=net8.0)
//   ValueObjectBenchmarks.HashCode_RecordClass: .NET 8.0(Runtime=.NET 8.0, Toolchain=net8.0)
//   ValueObjectBenchmarks.HashCode_Struct: .NET 8.0(Runtime=.NET 8.0, Toolchain=net8.0)
//   ValueObjectBenchmarks.HashCode_RecordStruct: .NET 8.0(Runtime=.NET 8.0, Toolchain=net8.0)
//   ValueObjectBenchmarks.DictionaryLookup_RecordClass: .NET 8.0(Runtime=.NET 8.0, Toolchain=net8.0)
//   ValueObjectBenchmarks.DictionaryLookup_RecordStruct: .NET 8.0(Runtime=.NET 8.0, Toolchain=net8.0)
//   ValueObjectBenchmarks.Domain_Money_Add: .NET 8.0(Runtime=.NET 8.0, Toolchain=net8.0)
//   ValueObjectBenchmarks.Domain_Money_Allocate: .NET 8.0(Runtime=.NET 8.0, Toolchain=net8.0)
//   ValueObjectBenchmarks.Domain_Money_ApplyTax: .NET 8.0(Runtime=.NET 8.0, Toolchain=net8.0)
//   ValueObjectBenchmarks.Domain_Parse_BusinessDate: .NET 8.0(Runtime=.NET 8.0, Toolchain=net8.0)
//   ValueObjectBenchmarks.Create_Class: .NET 9.0(Runtime=.NET 9.0, Toolchain=net9.0)
//   ValueObjectBenchmarks.Create_RecordClass: .NET 9.0(Runtime=.NET 9.0, Toolchain=net9.0)
//   ValueObjectBenchmarks.Create_Struct: .NET 9.0(Runtime=.NET 9.0, Toolchain=net9.0)
//   ValueObjectBenchmarks.Create_RecordStruct: .NET 9.0(Runtime=.NET 9.0, Toolchain=net9.0)
//   ValueObjectBenchmarks.Domain_Create_Email: .NET 9.0(Runtime=.NET 9.0, Toolchain=net9.0)
//   ValueObjectBenchmarks.Domain_Create_Money: .NET 9.0(Runtime=.NET 9.0, Toolchain=net9.0)
//   ValueObjectBenchmarks.Domain_Create_Percentage: .NET 9.0(Runtime=.NET 9.0, Toolchain=net9.0)
//   ValueObjectBenchmarks.Equals_Class: .NET 9.0(Runtime=.NET 9.0, Toolchain=net9.0)
//   ValueObjectBenchmarks.Equals_RecordClass: .NET 9.0(Runtime=.NET 9.0, Toolchain=net9.0)
//   ValueObjectBenchmarks.Equals_Struct: .NET 9.0(Runtime=.NET 9.0, Toolchain=net9.0)
//   ValueObjectBenchmarks.Equals_RecordStruct: .NET 9.0(Runtime=.NET 9.0, Toolchain=net9.0)
//   ValueObjectBenchmarks.Domain_Equals_Money: .NET 9.0(Runtime=.NET 9.0, Toolchain=net9.0)
//   ValueObjectBenchmarks.HashCode_Class: .NET 9.0(Runtime=.NET 9.0, Toolchain=net9.0)
//   ValueObjectBenchmarks.HashCode_RecordClass: .NET 9.0(Runtime=.NET 9.0, Toolchain=net9.0)
//   ValueObjectBenchmarks.HashCode_Struct: .NET 9.0(Runtime=.NET 9.0, Toolchain=net9.0)
//   ValueObjectBenchmarks.HashCode_RecordStruct: .NET 9.0(Runtime=.NET 9.0, Toolchain=net9.0)
//   ValueObjectBenchmarks.DictionaryLookup_RecordClass: .NET 9.0(Runtime=.NET 9.0, Toolchain=net9.0)
//   ValueObjectBenchmarks.DictionaryLookup_RecordStruct: .NET 9.0(Runtime=.NET 9.0, Toolchain=net9.0)
//   ValueObjectBenchmarks.Domain_Money_Add: .NET 9.0(Runtime=.NET 9.0, Toolchain=net9.0)
//   ValueObjectBenchmarks.Domain_Money_Allocate: .NET 9.0(Runtime=.NET 9.0, Toolchain=net9.0)
//   ValueObjectBenchmarks.Domain_Money_ApplyTax: .NET 9.0(Runtime=.NET 9.0, Toolchain=net9.0)
//   ValueObjectBenchmarks.Domain_Parse_BusinessDate: .NET 9.0(Runtime=.NET 9.0, Toolchain=net9.0)

// **************************
// Benchmark: ValueObjectBenchmarks.Create_Class: .NET 10.0(Runtime=.NET 10.0, Toolchain=net10.0)
// *** Execute ***
// Launch: 1 / 1
// Execute: dotnet "EricksonLopez.ValueObjects.Benchmarks-.NET 10.0-1.dll" --anonymousPipes 133 134 --benchmarkName EricksonLopez.ValueObjects.Benchmarks.ValueObjectBenchmarks.Create_Class --job ".NET 10.0" --benchmarkId 18 in /home/runner/work/dotnet-value-objects/dotnet-value-objects/benchmarks/EricksonLopez.ValueObjects.Benchmarks/bin/Release/net10.0/EricksonLopez.ValueObjects.Benchmarks-.NET 10.0-1/bin/Release/net10.0
// Failed to set up high priority (Permission denied). In order to run benchmarks with high priority, make sure you have the right permissions.
// BeforeAnythingElse

// Benchmark Process Environment Information:
// BenchmarkDotNet v0.15.8
// Runtime=.NET 10.0.12 (10.0.12, 10.0.1226.42308), X64 RyuJIT x86-64-v3
// GC=Concurrent Workstation
// HardwareIntrinsics=AVX2+BMI1+BMI2+F16C+FMA+LZCNT+MOVBE,AVX,SSE3+SSSE3+SSE4.1+SSE4.2+POPCNT,X86Base+SSE+SSE2,AES+PCLMUL VectorSize=256
// Job: .NET 10.0

OverheadJitting  1: 1 op, 231853.00 ns, 231.8530 us/op
WorkloadJitting  1: 1 op, 237012.00 ns, 237.0120 us/op

OverheadJitting  2: 16 op, 463475.00 ns, 28.9672 us/op
WorkloadJitting  2: 16 op, 468724.00 ns, 29.2953 us/op

WorkloadPilot    1: 16 op, 2454.00 ns, 153.3750 ns/op
WorkloadPilot    2: 32 op, 2775.00 ns, 86.7188 ns/op
WorkloadPilot    3: 64 op, 2925.00 ns, 45.7031 ns/op
WorkloadPilot    4: 128 op, 3517.00 ns, 27.4766 ns/op
WorkloadPilot    5: 256 op, 20037.00 ns, 78.2695 ns/op
WorkloadPilot    6: 512 op, 15058.00 ns, 29.4102 ns/op
WorkloadPilot    7: 1024 op, 37440.00 ns, 36.5625 ns/op
WorkloadPilot    8: 2048 op, 71223.00 ns, 34.7769 ns/op
WorkloadPilot    9: 4096 op, 129281.00 ns, 31.5627 ns/op
WorkloadPilot   10: 8192 op, 246089.00 ns, 30.0402 ns/op
WorkloadPilot   11: 16384 op, 350023.00 ns, 21.3637 ns/op
WorkloadPilot   12: 32768 op, 733508.00 ns, 22.3849 ns/op
WorkloadPilot   13: 65536 op, 1574947.00 ns, 24.0318 ns/op
WorkloadPilot   14: 131072 op, 3085785.00 ns, 23.5427 ns/op
WorkloadPilot   15: 262144 op, 6029044.00 ns, 22.9990 ns/op
WorkloadPilot   16: 524288 op, 12037891.00 ns, 22.9605 ns/op
WorkloadPilot   17: 1048576 op, 15357072.00 ns, 14.6456 ns/op
WorkloadPilot   18: 2097152 op, 32725976.00 ns, 15.6050 ns/op
WorkloadPilot   19: 4194304 op, 59228294.00 ns, 14.1211 ns/op
WorkloadPilot   20: 8388608 op, 126974473.00 ns, 15.1365 ns/op
WorkloadPilot   21: 16777216 op, 156993910.00 ns, 9.3576 ns/op
WorkloadPilot   22: 33554432 op, 309274724.00 ns, 9.2171 ns/op
WorkloadPilot   23: 67108864 op, 617441248.00 ns, 9.2006 ns/op

OverheadWarmup   1: 67108864 op, 273494689.00 ns, 4.0754 ns/op
OverheadWarmup   2: 67108864 op, 222192592.00 ns, 3.3109 ns/op
OverheadWarmup   3: 67108864 op, 221971500.00 ns, 3.3076 ns/op
OverheadWarmup   4: 67108864 op, 222761263.00 ns, 3.3194 ns/op
OverheadWarmup   5: 67108864 op, 225431582.00 ns, 3.3592 ns/op
OverheadWarmup   6: 67108864 op, 222473015.00 ns, 3.3151 ns/op
OverheadWarmup   7: 67108864 op, 221940511.00 ns, 3.3072 ns/op
OverheadWarmup   8: 67108864 op, 221766598.00 ns, 3.3046 ns/op
OverheadWarmup   9: 67108864 op, 222155142.00 ns, 3.3104 ns/op
OverheadWarmup  10: 67108864 op, 222247454.00 ns, 3.3117 ns/op

OverheadActual   1: 67108864 op, 222817377.00 ns, 3.3202 ns/op
OverheadActual   2: 67108864 op, 222056839.00 ns, 3.3089 ns/op
OverheadActual   3: 67108864 op, 222290655.00 ns, 3.3124 ns/op
OverheadActual   4: 67108864 op, 222181982.00 ns, 3.3108 ns/op
OverheadActual   5: 67108864 op, 222042763.00 ns, 3.3087 ns/op
OverheadActual   6: 67108864 op, 222240912.00 ns, 3.3116 ns/op
OverheadActual   7: 67108864 op, 222480639.00 ns, 3.3152 ns/op
OverheadActual   8: 67108864 op, 222120518.00 ns, 3.3099 ns/op
OverheadActual   9: 67108864 op, 222446635.00 ns, 3.3147 ns/op
OverheadActual  10: 67108864 op, 222252423.00 ns, 3.3118 ns/op
OverheadActual  11: 67108864 op, 221890899.00 ns, 3.3064 ns/op
OverheadActual  12: 67108864 op, 222106695.00 ns, 3.3096 ns/op
OverheadActual  13: 67108864 op, 222320441.00 ns, 3.3128 ns/op
OverheadActual  14: 67108864 op, 221905246.00 ns, 3.3066 ns/op
OverheadActual  15: 67108864 op, 222338715.00 ns, 3.3131 ns/op

WorkloadWarmup   1: 67108864 op, 625195649.00 ns, 9.3161 ns/op
WorkloadWarmup   2: 67108864 op, 626404854.00 ns, 9.3342 ns/op
WorkloadWarmup   3: 67108864 op, 630264065.00 ns, 9.3917 ns/op
WorkloadWarmup   4: 67108864 op, 632075939.00 ns, 9.4187 ns/op
WorkloadWarmup   5: 67108864 op, 628947965.00 ns, 9.3721 ns/op
WorkloadWarmup   6: 67108864 op, 622908512.00 ns, 9.2821 ns/op
WorkloadWarmup   7: 67108864 op, 616346623.00 ns, 9.1843 ns/op
WorkloadWarmup   8: 67108864 op, 617180008.00 ns, 9.1967 ns/op
WorkloadWarmup   9: 67108864 op, 622232450.00 ns, 9.2720 ns/op
WorkloadWarmup  10: 67108864 op, 620458322.00 ns, 9.2455 ns/op

// BeforeActualRun
WorkloadActual   1: 67108864 op, 625809201.00 ns, 9.3253 ns/op
WorkloadActual   2: 67108864 op, 628120091.00 ns, 9.3597 ns/op
WorkloadActual   3: 67108864 op, 631664181.00 ns, 9.4125 ns/op
WorkloadActual   4: 67108864 op, 628710081.00 ns, 9.3685 ns/op
WorkloadActual   5: 67108864 op, 633100960.00 ns, 9.4339 ns/op
WorkloadActual   6: 67108864 op, 630308308.00 ns, 9.3923 ns/op
WorkloadActual   7: 67108864 op, 627236308.00 ns, 9.3465 ns/op
WorkloadActual   8: 67108864 op, 628825473.00 ns, 9.3702 ns/op
WorkloadActual   9: 67108864 op, 636799080.00 ns, 9.4890 ns/op
WorkloadActual  10: 67108864 op, 633415718.00 ns, 9.4386 ns/op
WorkloadActual  11: 67108864 op, 634551296.00 ns, 9.4556 ns/op
WorkloadActual  12: 67108864 op, 628665084.00 ns, 9.3678 ns/op
WorkloadActual  13: 67108864 op, 633603948.00 ns, 9.4414 ns/op
WorkloadActual  14: 67108864 op, 635322866.00 ns, 9.4670 ns/op
WorkloadActual  15: 67108864 op, 640533114.00 ns, 9.5447 ns/op

// AfterActualRun
WorkloadResult   1: 67108864 op, 403568289.00 ns, 6.0136 ns/op
WorkloadResult   2: 67108864 op, 405879179.00 ns, 6.0481 ns/op
WorkloadResult   3: 67108864 op, 409423269.00 ns, 6.1009 ns/op
WorkloadResult   4: 67108864 op, 406469169.00 ns, 6.0569 ns/op
WorkloadResult   5: 67108864 op, 410860048.00 ns, 6.1223 ns/op
WorkloadResult   6: 67108864 op, 408067396.00 ns, 6.0807 ns/op
WorkloadResult   7: 67108864 op, 404995396.00 ns, 6.0349 ns/op
WorkloadResult   8: 67108864 op, 406584561.00 ns, 6.0586 ns/op
WorkloadResult   9: 67108864 op, 414558168.00 ns, 6.1774 ns/op
WorkloadResult  10: 67108864 op, 411174806.00 ns, 6.1270 ns/op
WorkloadResult  11: 67108864 op, 412310384.00 ns, 6.1439 ns/op
WorkloadResult  12: 67108864 op, 406424172.00 ns, 6.0562 ns/op
WorkloadResult  13: 67108864 op, 411363036.00 ns, 6.1298 ns/op
WorkloadResult  14: 67108864 op, 413081954.00 ns, 6.1554 ns/op
WorkloadResult  15: 67108864 op, 418292202.00 ns, 6.2330 ns/op
// GC:  96 0 0 1610612768 67108864
// Threading:  0 0 67108864

// AfterAll
// Benchmark Process 4870 has exited with code 0.

Mean = 6.103 ns, StdErr = 0.016 ns (0.26%), N = 15, StdDev = 0.060 ns
Min = 6.014 ns, Q1 = 6.057 ns, Median = 6.101 ns, Q3 = 6.137 ns, Max = 6.233 ns
IQR = 0.080 ns, LowerFence = 5.936 ns, UpperFence = 6.257 ns
ConfidenceInterval = [6.038 ns; 6.167 ns] (CI 99.9%), Margin = 0.065 ns (1.06% of Mean)
Skewness = 0.44, Kurtosis = 2.2, MValue = 2

// ** Remained 65 (54.2 %) benchmark(s) to run. Estimated finish 2026-09-13 7:01 (0h 2m from now) **
// **************************
// Benchmark: ValueObjectBenchmarks.Create_RecordClass: .NET 10.0(Runtime=.NET 10.0, Toolchain=net10.0)
// *** Execute ***
// Launch: 1 / 1
// Execute: dotnet "EricksonLopez.ValueObjects.Benchmarks-.NET 10.0-1.dll" --anonymousPipes 133 134 --benchmarkName EricksonLopez.ValueObjects.Benchmarks.ValueObjectBenchmarks.Create_RecordClass --job ".NET 10.0" --benchmarkId 19 in /home/runner/work/dotnet-value-objects/dotnet-value-objects/benchmarks/EricksonLopez.ValueObjects.Benchmarks/bin/Release/net10.0/EricksonLopez.ValueObjects.Benchmarks-.NET 10.0-1/bin/Release/net10.0
// Failed to set up high priority (Permission denied). In order to run benchmarks with high priority, make sure you have the right permissions.
// BeforeAnythingElse

// Benchmark Process Environment Information:
// BenchmarkDotNet v0.15.8
// Runtime=.NET 10.0.12 (10.0.12, 10.0.1226.42308), X64 RyuJIT x86-64-v3
// GC=Concurrent Workstation
// HardwareIntrinsics=AVX2+BMI1+BMI2+F16C+FMA+LZCNT+MOVBE,AVX,SSE3+SSSE3+SSE4.1+SSE4.2+POPCNT,X86Base+SSE+SSE2,AES+PCLMUL VectorSize=256
// Job: .NET 10.0

OverheadJitting  1: 1 op, 233436.00 ns, 233.4360 us/op
WorkloadJitting  1: 1 op, 240158.00 ns, 240.1580 us/op

OverheadJitting  2: 16 op, 500334.00 ns, 31.2709 us/op
WorkloadJitting  2: 16 op, 468094.00 ns, 29.2559 us/op

WorkloadPilot    1: 16 op, 2524.00 ns, 157.7500 ns/op
WorkloadPilot    2: 32 op, 2425.00 ns, 75.7813 ns/op
WorkloadPilot    3: 64 op, 2715.00 ns, 42.4219 ns/op
WorkloadPilot    4: 128 op, 3386.00 ns, 26.4531 ns/op
WorkloadPilot    5: 256 op, 19707.00 ns, 76.9805 ns/op
WorkloadPilot    6: 512 op, 13997.00 ns, 27.3379 ns/op
WorkloadPilot    7: 1024 op, 55403.00 ns, 54.1045 ns/op
WorkloadPilot    8: 2048 op, 59070.00 ns, 28.8428 ns/op
WorkloadPilot    9: 4096 op, 113292.00 ns, 27.6592 ns/op
WorkloadPilot   10: 8192 op, 256168.00 ns, 31.2705 ns/op
WorkloadPilot   11: 16384 op, 339984.00 ns, 20.7510 ns/op
WorkloadPilot   12: 32768 op, 757865.00 ns, 23.1282 ns/op
WorkloadPilot   13: 65536 op, 1725780.00 ns, 26.3333 ns/op
WorkloadPilot   14: 131072 op, 2924476.00 ns, 22.3120 ns/op
WorkloadPilot   15: 262144 op, 5725593.00 ns, 21.8414 ns/op
WorkloadPilot   16: 524288 op, 11918909.00 ns, 22.7335 ns/op
WorkloadPilot   17: 1048576 op, 15278166.00 ns, 14.5704 ns/op
WorkloadPilot   18: 2097152 op, 30200097.00 ns, 14.4005 ns/op
WorkloadPilot   19: 4194304 op, 57442445.00 ns, 13.6953 ns/op
WorkloadPilot   20: 8388608 op, 92874524.00 ns, 11.0715 ns/op
WorkloadPilot   21: 16777216 op, 177589644.00 ns, 10.5852 ns/op
WorkloadPilot   22: 33554432 op, 319281260.00 ns, 9.5153 ns/op
WorkloadPilot   23: 67108864 op, 642810392.00 ns, 9.5786 ns/op

OverheadWarmup   1: 67108864 op, 273522636.00 ns, 4.0758 ns/op
OverheadWarmup   2: 67108864 op, 221990752.00 ns, 3.3079 ns/op
OverheadWarmup   3: 67108864 op, 222243402.00 ns, 3.3117 ns/op
OverheadWarmup   4: 67108864 op, 222009667.00 ns, 3.3082 ns/op
OverheadWarmup   5: 67108864 op, 221974221.00 ns, 3.3077 ns/op
OverheadWarmup   6: 67108864 op, 221988297.00 ns, 3.3079 ns/op
OverheadWarmup   7: 67108864 op, 222898234.00 ns, 3.3214 ns/op
OverheadWarmup   8: 67108864 op, 222286574.00 ns, 3.3123 ns/op

OverheadActual   1: 67108864 op, 222686860.00 ns, 3.3183 ns/op
OverheadActual   2: 67108864 op, 222132135.00 ns, 3.3100 ns/op
OverheadActual   3: 67108864 op, 222202126.00 ns, 3.3111 ns/op
OverheadActual   4: 67108864 op, 227586545.00 ns, 3.3913 ns/op
OverheadActual   5: 67108864 op, 222442264.00 ns, 3.3146 ns/op
OverheadActual   6: 67108864 op, 222032880.00 ns, 3.3085 ns/op
OverheadActual   7: 67108864 op, 222258191.00 ns, 3.3119 ns/op
OverheadActual   8: 67108864 op, 222590079.00 ns, 3.3169 ns/op
OverheadActual   9: 67108864 op, 222318313.00 ns, 3.3128 ns/op
OverheadActual  10: 67108864 op, 222242221.00 ns, 3.3117 ns/op
OverheadActual  11: 67108864 op, 222196576.00 ns, 3.3110 ns/op
OverheadActual  12: 67108864 op, 222271556.00 ns, 3.3121 ns/op
OverheadActual  13: 67108864 op, 222556106.00 ns, 3.3163 ns/op
OverheadActual  14: 67108864 op, 222251278.00 ns, 3.3118 ns/op
OverheadActual  15: 67108864 op, 222388373.00 ns, 3.3138 ns/op

WorkloadWarmup   1: 67108864 op, 642365907.00 ns, 9.5720 ns/op
WorkloadWarmup   2: 67108864 op, 639822041.00 ns, 9.5341 ns/op
WorkloadWarmup   3: 67108864 op, 636185880.00 ns, 9.4799 ns/op
WorkloadWarmup   4: 67108864 op, 632116329.00 ns, 9.4193 ns/op
WorkloadWarmup   5: 67108864 op, 633944727.00 ns, 9.4465 ns/op
WorkloadWarmup   6: 67108864 op, 634865394.00 ns, 9.4602 ns/op
WorkloadWarmup   7: 67108864 op, 631853686.00 ns, 9.4154 ns/op
WorkloadWarmup   8: 67108864 op, 631860579.00 ns, 9.4155 ns/op
WorkloadWarmup   9: 67108864 op, 635088189.00 ns, 9.4636 ns/op
WorkloadWarmup  10: 67108864 op, 628907731.00 ns, 9.3715 ns/op

// BeforeActualRun
WorkloadActual   1: 67108864 op, 667756980.00 ns, 9.9504 ns/op
WorkloadActual   2: 67108864 op, 643339969.00 ns, 9.5865 ns/op
WorkloadActual   3: 67108864 op, 638886177.00 ns, 9.5201 ns/op
WorkloadActual   4: 67108864 op, 671470215.00 ns, 10.0057 ns/op
WorkloadActual   5: 67108864 op, 661753894.00 ns, 9.8609 ns/op
WorkloadActual   6: 67108864 op, 672119557.00 ns, 10.0154 ns/op
WorkloadActual   7: 67108864 op, 656782963.00 ns, 9.7868 ns/op
WorkloadActual   8: 67108864 op, 651393621.00 ns, 9.7065 ns/op
WorkloadActual   9: 67108864 op, 654270728.00 ns, 9.7494 ns/op
WorkloadActual  10: 67108864 op, 651215418.00 ns, 9.7039 ns/op
WorkloadActual  11: 67108864 op, 655132315.00 ns, 9.7622 ns/op
WorkloadActual  12: 67108864 op, 663026969.00 ns, 9.8799 ns/op
WorkloadActual  13: 67108864 op, 679419784.00 ns, 10.1241 ns/op
WorkloadActual  14: 67108864 op, 656100390.00 ns, 9.7767 ns/op
WorkloadActual  15: 67108864 op, 648668969.00 ns, 9.6659 ns/op

// AfterActualRun
WorkloadResult   1: 67108864 op, 445485424.00 ns, 6.6383 ns/op
WorkloadResult   2: 67108864 op, 421068413.00 ns, 6.2744 ns/op
WorkloadResult   3: 67108864 op, 416614621.00 ns, 6.2080 ns/op
WorkloadResult   4: 67108864 op, 449198659.00 ns, 6.6936 ns/op
WorkloadResult   5: 67108864 op, 439482338.00 ns, 6.5488 ns/op
WorkloadResult   6: 67108864 op, 449848001.00 ns, 6.7033 ns/op
WorkloadResult   7: 67108864 op, 434511407.00 ns, 6.4747 ns/op
WorkloadResult   8: 67108864 op, 429122065.00 ns, 6.3944 ns/op
WorkloadResult   9: 67108864 op, 431999172.00 ns, 6.4373 ns/op
WorkloadResult  10: 67108864 op, 428943862.00 ns, 6.3918 ns/op
WorkloadResult  11: 67108864 op, 432860759.00 ns, 6.4501 ns/op
WorkloadResult  12: 67108864 op, 440755413.00 ns, 6.5678 ns/op
WorkloadResult  13: 67108864 op, 457148228.00 ns, 6.8120 ns/op
WorkloadResult  14: 67108864 op, 433828834.00 ns, 6.4646 ns/op
WorkloadResult  15: 67108864 op, 426397413.00 ns, 6.3538 ns/op
// GC:  96 0 0 1610612736 67108864
// Threading:  0 0 67108864

// AfterAll
// Benchmark Process 4893 has exited with code 0.

Mean = 6.494 ns, StdErr = 0.043 ns (0.66%), N = 15, StdDev = 0.167 ns
Min = 6.208 ns, Q1 = 6.393 ns, Median = 6.465 ns, Q3 = 6.603 ns, Max = 6.812 ns
IQR = 0.210 ns, LowerFence = 6.078 ns, UpperFence = 6.918 ns
ConfidenceInterval = [6.316 ns; 6.673 ns] (CI 99.9%), Margin = 0.179 ns (2.75% of Mean)
Skewness = 0.19, Kurtosis = 2.04, MValue = 2

// ** Remained 64 (53.3 %) benchmark(s) to run. Estimated finish 2026-09-13 7:01 (0h 3m from now) **
// **************************
// Benchmark: ValueObjectBenchmarks.Create_Struct: .NET 10.0(Runtime=.NET 10.0, Toolchain=net10.0)
// *** Execute ***
// Launch: 1 / 1
// Execute: dotnet "EricksonLopez.ValueObjects.Benchmarks-.NET 10.0-1.dll" --anonymousPipes 133 134 --benchmarkName EricksonLopez.ValueObjects.Benchmarks.ValueObjectBenchmarks.Create_Struct --job ".NET 10.0" --benchmarkId 20 in /home/runner/work/dotnet-value-objects/dotnet-value-objects/benchmarks/EricksonLopez.ValueObjects.Benchmarks/bin/Release/net10.0/EricksonLopez.ValueObjects.Benchmarks-.NET 10.0-1/bin/Release/net10.0
// Failed to set up high priority (Permission denied). In order to run benchmarks with high priority, make sure you have the right permissions.
// BeforeAnythingElse

// Benchmark Process Environment Information:
// BenchmarkDotNet v0.15.8
// Runtime=.NET 10.0.12 (10.0.12, 10.0.1226.42308), X64 RyuJIT x86-64-v3
// GC=Concurrent Workstation
// HardwareIntrinsics=AVX2+BMI1+BMI2+F16C+FMA+LZCNT+MOVBE,AVX,SSE3+SSSE3+SSE4.1+SSE4.2+POPCNT,X86Base+SSE+SSE2,AES+PCLMUL VectorSize=256
// Job: .NET 10.0

OverheadJitting  1: 1 op, 213017.00 ns, 213.0170 us/op
WorkloadJitting  1: 1 op, 267739.00 ns, 267.7390 us/op

OverheadJitting  2: 16 op, 229938.00 ns, 14.3711 us/op
WorkloadJitting  2: 16 op, 221644.00 ns, 13.8528 us/op

WorkloadPilot    1: 16 op, 1082.00 ns, 67.6250 ns/op
WorkloadPilot    2: 32 op, 1102.00 ns, 34.4375 ns/op
WorkloadPilot    3: 64 op, 1312.00 ns, 20.5000 ns/op
WorkloadPilot    4: 128 op, 1743.00 ns, 13.6172 ns/op
WorkloadPilot    5: 256 op, 2695.00 ns, 10.5273 ns/op
WorkloadPilot    6: 512 op, 4478.00 ns, 8.7461 ns/op
WorkloadPilot    7: 1024 op, 27902.00 ns, 27.2480 ns/op
WorkloadPilot    8: 2048 op, 15028.00 ns, 7.3379 ns/op
WorkloadPilot    9: 4096 op, 29014.00 ns, 7.0835 ns/op
WorkloadPilot   10: 8192 op, 46627.00 ns, 5.6918 ns/op
WorkloadPilot   11: 16384 op, 83115.00 ns, 5.0729 ns/op
WorkloadPilot   12: 32768 op, 145241.00 ns, 4.4324 ns/op
WorkloadPilot   13: 65536 op, 316541.00 ns, 4.8300 ns/op
WorkloadPilot   14: 131072 op, 608455.00 ns, 4.6421 ns/op
WorkloadPilot   15: 262144 op, 1186734.00 ns, 4.5270 ns/op
WorkloadPilot   16: 524288 op, 2363408.00 ns, 4.5078 ns/op
WorkloadPilot   17: 1048576 op, 4729931.00 ns, 4.5108 ns/op
WorkloadPilot   18: 2097152 op, 9436830.00 ns, 4.4998 ns/op
WorkloadPilot   19: 4194304 op, 18822376.00 ns, 4.4876 ns/op
WorkloadPilot   20: 8388608 op, 37465017.00 ns, 4.4662 ns/op
WorkloadPilot   21: 16777216 op, 74924684.00 ns, 4.4659 ns/op
WorkloadPilot   22: 33554432 op, 105826810.00 ns, 3.1539 ns/op
WorkloadPilot   23: 67108864 op, 111036357.00 ns, 1.6546 ns/op
WorkloadPilot   24: 134217728 op, 222454536.00 ns, 1.6574 ns/op
WorkloadPilot   25: 268435456 op, 444050641.00 ns, 1.6542 ns/op
WorkloadPilot   26: 536870912 op, 896199080.00 ns, 1.6693 ns/op

OverheadWarmup   1: 536870912 op, 1536383366.00 ns, 2.8617 ns/op
OverheadWarmup   2: 536870912 op, 891143808.00 ns, 1.6599 ns/op
OverheadWarmup   3: 536870912 op, 891616178.00 ns, 1.6608 ns/op
OverheadWarmup   4: 536870912 op, 890141850.00 ns, 1.6580 ns/op
OverheadWarmup   5: 536870912 op, 888753120.00 ns, 1.6554 ns/op
OverheadWarmup   6: 536870912 op, 889052357.00 ns, 1.6560 ns/op
OverheadWarmup   7: 536870912 op, 887676251.00 ns, 1.6534 ns/op

OverheadActual   1: 536870912 op, 887984640.00 ns, 1.6540 ns/op
OverheadActual   2: 536870912 op, 888288483.00 ns, 1.6546 ns/op
OverheadActual   3: 536870912 op, 888252296.00 ns, 1.6545 ns/op
OverheadActual   4: 536870912 op, 894478052.00 ns, 1.6661 ns/op
OverheadActual   5: 536870912 op, 887401437.00 ns, 1.6529 ns/op
OverheadActual   6: 536870912 op, 887617962.00 ns, 1.6533 ns/op
OverheadActual   7: 536870912 op, 887521882.00 ns, 1.6531 ns/op
OverheadActual   8: 536870912 op, 887671060.00 ns, 1.6534 ns/op
OverheadActual   9: 536870912 op, 887832041.00 ns, 1.6537 ns/op
OverheadActual  10: 536870912 op, 887699581.00 ns, 1.6535 ns/op
OverheadActual  11: 536870912 op, 887424117.00 ns, 1.6530 ns/op
OverheadActual  12: 536870912 op, 887397969.00 ns, 1.6529 ns/op
OverheadActual  13: 536870912 op, 887697057.00 ns, 1.6535 ns/op
OverheadActual  14: 536870912 op, 887798366.00 ns, 1.6537 ns/op
OverheadActual  15: 536870912 op, 891163054.00 ns, 1.6599 ns/op

WorkloadWarmup   1: 536870912 op, 893008387.00 ns, 1.6634 ns/op
WorkloadWarmup   2: 536870912 op, 888472905.00 ns, 1.6549 ns/op
WorkloadWarmup   3: 536870912 op, 888222788.00 ns, 1.6544 ns/op
WorkloadWarmup   4: 536870912 op, 890447779.00 ns, 1.6586 ns/op
WorkloadWarmup   5: 536870912 op, 888271709.00 ns, 1.6545 ns/op
WorkloadWarmup   6: 536870912 op, 888508440.00 ns, 1.6550 ns/op
WorkloadWarmup   7: 536870912 op, 888308588.00 ns, 1.6546 ns/op

// BeforeActualRun
WorkloadActual   1: 536870912 op, 888252793.00 ns, 1.6545 ns/op
WorkloadActual   2: 536870912 op, 888765269.00 ns, 1.6555 ns/op
WorkloadActual   3: 536870912 op, 887971419.00 ns, 1.6540 ns/op
WorkloadActual   4: 536870912 op, 888519932.00 ns, 1.6550 ns/op
WorkloadActual   5: 536870912 op, 888646828.00 ns, 1.6552 ns/op
WorkloadActual   6: 536870912 op, 889303648.00 ns, 1.6565 ns/op
WorkloadActual   7: 536870912 op, 889431110.00 ns, 1.6567 ns/op
WorkloadActual   8: 536870912 op, 891612226.00 ns, 1.6608 ns/op
WorkloadActual   9: 536870912 op, 887686726.00 ns, 1.6534 ns/op
WorkloadActual  10: 536870912 op, 892257944.00 ns, 1.6620 ns/op
WorkloadActual  11: 536870912 op, 887712324.00 ns, 1.6535 ns/op
WorkloadActual  12: 536870912 op, 887492834.00 ns, 1.6531 ns/op
WorkloadActual  13: 536870912 op, 887907718.00 ns, 1.6539 ns/op
WorkloadActual  14: 536870912 op, 889143024.00 ns, 1.6562 ns/op
WorkloadActual  15: 536870912 op, 888504272.00 ns, 1.6550 ns/op

// AfterActualRun
WorkloadResult   1: 536870912 op, 553212.00 ns, 0.0010 ns/op
WorkloadResult   2: 536870912 op, 1065688.00 ns, 0.0020 ns/op
WorkloadResult   3: 536870912 op, 271838.00 ns, 0.0005 ns/op
WorkloadResult   4: 536870912 op, 820351.00 ns, 0.0015 ns/op
WorkloadResult   5: 536870912 op, 947247.00 ns, 0.0018 ns/op
WorkloadResult   6: 536870912 op, 1604067.00 ns, 0.0030 ns/op
WorkloadResult   7: 536870912 op, 1731529.00 ns, 0.0032 ns/op
WorkloadResult   8: 536870912 op, 0.00 ns, 0.0000 ns/op
WorkloadResult   9: 536870912 op, 12743.00 ns, 0.0000 ns/op
WorkloadResult  10: 536870912 op, 0.00 ns, 0.0000 ns/op
WorkloadResult  11: 536870912 op, 208137.00 ns, 0.0004 ns/op
WorkloadResult  12: 536870912 op, 1443443.00 ns, 0.0027 ns/op
WorkloadResult  13: 536870912 op, 804691.00 ns, 0.0015 ns/op
// GC:  0 0 0 0 536870912
// Threading:  0 0 536870912

// AfterAll
// Benchmark Process 4931 has exited with code 0.

Mean = 0.001 ns, StdErr = 0.000 ns (23.44%), N = 13, StdDev = 0.001 ns
Min = 0.000 ns, Q1 = 0.000 ns, Median = 0.001 ns, Q3 = 0.002 ns, Max = 0.003 ns
IQR = 0.002 ns, LowerFence = -0.002 ns, UpperFence = 0.004 ns
ConfidenceInterval = [-0.000 ns; 0.003 ns] (CI 99.9%), Margin = 0.001 ns (101.23% of Mean)
Skewness = 0.24, Kurtosis = 1.51, MValue = 2

// ** Remained 63 (52.5 %) benchmark(s) to run. Estimated finish 2026-09-13 7:03 (0h 3m from now) **
// **************************
// Benchmark: ValueObjectBenchmarks.Create_RecordStruct: .NET 10.0(Runtime=.NET 10.0, Toolchain=net10.0)
// *** Execute ***
// Launch: 1 / 1
// Execute: dotnet "EricksonLopez.ValueObjects.Benchmarks-.NET 10.0-1.dll" --anonymousPipes 133 134 --benchmarkName EricksonLopez.ValueObjects.Benchmarks.ValueObjectBenchmarks.Create_RecordStruct --job ".NET 10.0" --benchmarkId 21 in /home/runner/work/dotnet-value-objects/dotnet-value-objects/benchmarks/EricksonLopez.ValueObjects.Benchmarks/bin/Release/net10.0/EricksonLopez.ValueObjects.Benchmarks-.NET 10.0-1/bin/Release/net10.0
// Failed to set up high priority (Permission denied). In order to run benchmarks with high priority, make sure you have the right permissions.
// BeforeAnythingElse

// Benchmark Process Environment Information:
// BenchmarkDotNet v0.15.8
// Runtime=.NET 10.0.12 (10.0.12, 10.0.1226.42308), X64 RyuJIT x86-64-v3
// GC=Concurrent Workstation
// HardwareIntrinsics=AVX2+BMI1+BMI2+F16C+FMA+LZCNT+MOVBE,AVX,SSE3+SSSE3+SSE4.1+SSE4.2+POPCNT,X86Base+SSE+SSE2,AES+PCLMUL VectorSize=256
// Job: .NET 10.0

OverheadJitting  1: 1 op, 242393.00 ns, 242.3930 us/op
WorkloadJitting  1: 1 op, 218718.00 ns, 218.7180 us/op

OverheadJitting  2: 16 op, 208529.00 ns, 13.0331 us/op
WorkloadJitting  2: 16 op, 213489.00 ns, 13.3431 us/op

WorkloadPilot    1: 16 op, 731.00 ns, 45.6875 ns/op
WorkloadPilot    2: 32 op, 732.00 ns, 22.8750 ns/op
WorkloadPilot    3: 64 op, 1002.00 ns, 15.6563 ns/op
WorkloadPilot    4: 128 op, 1142.00 ns, 8.9219 ns/op
WorkloadPilot    5: 256 op, 1753.00 ns, 6.8477 ns/op
WorkloadPilot    6: 512 op, 2835.00 ns, 5.5371 ns/op
WorkloadPilot    7: 1024 op, 5089.00 ns, 4.9697 ns/op
WorkloadPilot    8: 2048 op, 9638.00 ns, 4.7061 ns/op
WorkloadPilot    9: 4096 op, 18715.00 ns, 4.5691 ns/op
WorkloadPilot   10: 8192 op, 36778.00 ns, 4.4895 ns/op
WorkloadPilot   11: 16384 op, 72896.00 ns, 4.4492 ns/op
WorkloadPilot   12: 32768 op, 145231.00 ns, 4.4321 ns/op
WorkloadPilot   13: 65536 op, 289760.00 ns, 4.4214 ns/op
WorkloadPilot   14: 131072 op, 578960.00 ns, 4.4171 ns/op
WorkloadPilot   15: 262144 op, 1176194.00 ns, 4.4868 ns/op
WorkloadPilot   16: 524288 op, 2360734.00 ns, 4.5027 ns/op
WorkloadPilot   17: 1048576 op, 4698174.00 ns, 4.4805 ns/op
WorkloadPilot   18: 2097152 op, 9358707.00 ns, 4.4626 ns/op
WorkloadPilot   19: 4194304 op, 18680315.00 ns, 4.4537 ns/op
WorkloadPilot   20: 8388608 op, 37430543.00 ns, 4.4621 ns/op
WorkloadPilot   21: 16777216 op, 74730861.00 ns, 4.4543 ns/op
WorkloadPilot   22: 33554432 op, 102703761.00 ns, 3.0608 ns/op
WorkloadPilot   23: 67108864 op, 111233833.00 ns, 1.6575 ns/op
WorkloadPilot   24: 134217728 op, 222050118.00 ns, 1.6544 ns/op
WorkloadPilot   25: 268435456 op, 444176207.00 ns, 1.6547 ns/op
WorkloadPilot   26: 536870912 op, 888322167.00 ns, 1.6546 ns/op

OverheadWarmup   1: 536870912 op, 1400074068.00 ns, 2.6078 ns/op
OverheadWarmup   2: 536870912 op, 889144591.00 ns, 1.6562 ns/op
OverheadWarmup   3: 536870912 op, 888681587.00 ns, 1.6553 ns/op
OverheadWarmup   4: 536870912 op, 888020324.00 ns, 1.6541 ns/op
OverheadWarmup   5: 536870912 op, 888211912.00 ns, 1.6544 ns/op
OverheadWarmup   6: 536870912 op, 889437543.00 ns, 1.6567 ns/op
OverheadWarmup   7: 536870912 op, 889010956.00 ns, 1.6559 ns/op
OverheadWarmup   8: 536870912 op, 888374630.00 ns, 1.6547 ns/op
OverheadWarmup   9: 536870912 op, 888419743.00 ns, 1.6548 ns/op
OverheadWarmup  10: 536870912 op, 888587897.00 ns, 1.6551 ns/op

OverheadActual   1: 536870912 op, 891199379.00 ns, 1.6600 ns/op
OverheadActual   2: 536870912 op, 889008983.00 ns, 1.6559 ns/op
OverheadActual   3: 536870912 op, 889208284.00 ns, 1.6563 ns/op
OverheadActual   4: 536870912 op, 888581662.00 ns, 1.6551 ns/op
OverheadActual   5: 536870912 op, 889088132.00 ns, 1.6561 ns/op
OverheadActual   6: 536870912 op, 888717941.00 ns, 1.6554 ns/op
OverheadActual   7: 536870912 op, 888312606.00 ns, 1.6546 ns/op
OverheadActual   8: 536870912 op, 889029210.00 ns, 1.6559 ns/op
OverheadActual   9: 536870912 op, 888101131.00 ns, 1.6542 ns/op
OverheadActual  10: 536870912 op, 888295624.00 ns, 1.6546 ns/op
OverheadActual  11: 536870912 op, 888897266.00 ns, 1.6557 ns/op
OverheadActual  12: 536870912 op, 889245686.00 ns, 1.6563 ns/op
OverheadActual  13: 536870912 op, 897793010.00 ns, 1.6723 ns/op
OverheadActual  14: 536870912 op, 888819234.00 ns, 1.6556 ns/op
OverheadActual  15: 536870912 op, 888625472.00 ns, 1.6552 ns/op

WorkloadWarmup   1: 536870912 op, 888256354.00 ns, 1.6545 ns/op
WorkloadWarmup   2: 536870912 op, 888078432.00 ns, 1.6542 ns/op
WorkloadWarmup   3: 536870912 op, 888818282.00 ns, 1.6556 ns/op
WorkloadWarmup   4: 536870912 op, 895044947.00 ns, 1.6672 ns/op
WorkloadWarmup   5: 536870912 op, 888528712.00 ns, 1.6550 ns/op
WorkloadWarmup   6: 536870912 op, 888660809.00 ns, 1.6553 ns/op
WorkloadWarmup   7: 536870912 op, 888505100.00 ns, 1.6550 ns/op

// BeforeActualRun
WorkloadActual   1: 536870912 op, 889158638.00 ns, 1.6562 ns/op
WorkloadActual   2: 536870912 op, 891614829.00 ns, 1.6608 ns/op
WorkloadActual   3: 536870912 op, 888665257.00 ns, 1.6553 ns/op
WorkloadActual   4: 536870912 op, 888572574.00 ns, 1.6551 ns/op
WorkloadActual   5: 536870912 op, 888790661.00 ns, 1.6555 ns/op
WorkloadActual   6: 536870912 op, 888488648.00 ns, 1.6549 ns/op
WorkloadActual   7: 536870912 op, 889637761.00 ns, 1.6571 ns/op
WorkloadActual   8: 536870912 op, 903396835.00 ns, 1.6827 ns/op
WorkloadActual   9: 536870912 op, 888493911.00 ns, 1.6549 ns/op
WorkloadActual  10: 536870912 op, 888733830.00 ns, 1.6554 ns/op
WorkloadActual  11: 536870912 op, 887776294.00 ns, 1.6536 ns/op
WorkloadActual  12: 536870912 op, 889742802.00 ns, 1.6573 ns/op
WorkloadActual  13: 536870912 op, 895156483.00 ns, 1.6674 ns/op
WorkloadActual  14: 536870912 op, 909907092.00 ns, 1.6948 ns/op
WorkloadActual  15: 536870912 op, 888138981.00 ns, 1.6543 ns/op

// AfterActualRun
WorkloadResult   1: 536870912 op, 261372.00 ns, 0.0005 ns/op
WorkloadResult   2: 536870912 op, 2717563.00 ns, 0.0051 ns/op
WorkloadResult   3: 536870912 op, 0.00 ns, 0.0000 ns/op
WorkloadResult   4: 536870912 op, 0.00 ns, 0.0000 ns/op
WorkloadResult   5: 536870912 op, 0.00 ns, 0.0000 ns/op
WorkloadResult   6: 536870912 op, 0.00 ns, 0.0000 ns/op
WorkloadResult   7: 536870912 op, 740495.00 ns, 0.0014 ns/op
WorkloadResult   8: 536870912 op, 0.00 ns, 0.0000 ns/op
WorkloadResult   9: 536870912 op, 0.00 ns, 0.0000 ns/op
WorkloadResult  10: 536870912 op, 0.00 ns, 0.0000 ns/op
WorkloadResult  11: 536870912 op, 845536.00 ns, 0.0016 ns/op
WorkloadResult  12: 536870912 op, 0.00 ns, 0.0000 ns/op
// GC:  0 0 0 0 536870912
// Threading:  0 0 536870912

// AfterAll
// Benchmark Process 4961 has exited with code 0.

Mean = 0.001 ns, StdErr = 0.000 ns (60.45%), N = 12, StdDev = 0.001 ns
Min = 0.000 ns, Q1 = 0.000 ns, Median = 0.000 ns, Q3 = 0.001 ns, Max = 0.005 ns
IQR = 0.001 ns, LowerFence = -0.001 ns, UpperFence = 0.002 ns
ConfidenceInterval = [-0.001 ns; 0.003 ns] (CI 99.9%), Margin = 0.002 ns (268.21% of Mean)
Skewness = 2.06, Kurtosis = 6.22, MValue = 2.44

// ** Remained 62 (51.7 %) benchmark(s) to run. Estimated finish 2026-09-13 7:04 (0h 4m from now) **
// **************************
// Benchmark: ValueObjectBenchmarks.Domain_Create_Email: .NET 10.0(Runtime=.NET 10.0, Toolchain=net10.0)
// *** Execute ***
// Launch: 1 / 1
// Execute: dotnet "EricksonLopez.ValueObjects.Benchmarks-.NET 10.0-1.dll" --anonymousPipes 133 134 --benchmarkName EricksonLopez.ValueObjects.Benchmarks.ValueObjectBenchmarks.Domain_Create_Email --job ".NET 10.0" --benchmarkId 22 in /home/runner/work/dotnet-value-objects/dotnet-value-objects/benchmarks/EricksonLopez.ValueObjects.Benchmarks/bin/Release/net10.0/EricksonLopez.ValueObjects.Benchmarks-.NET 10.0-1/bin/Release/net10.0
// Failed to set up high priority (Permission denied). In order to run benchmarks with high priority, make sure you have the right permissions.
// BeforeAnythingElse

// Benchmark Process Environment Information:
// BenchmarkDotNet v0.15.8
// Runtime=.NET 10.0.12 (10.0.12, 10.0.1226.42308), X64 RyuJIT x86-64-v3
// GC=Concurrent Workstation
// HardwareIntrinsics=AVX2+BMI1+BMI2+F16C+FMA+LZCNT+MOVBE,AVX,SSE3+SSSE3+SSE4.1+SSE4.2+POPCNT,X86Base+SSE+SSE2,AES+PCLMUL VectorSize=256
// Job: .NET 10.0

OverheadJitting  1: 1 op, 216133.00 ns, 216.1330 us/op
WorkloadJitting  1: 1 op, 1582131.00 ns, 1.5821 ms/op

OverheadJitting  2: 16 op, 207647.00 ns, 12.9779 us/op
WorkloadJitting  2: 16 op, 278860.00 ns, 17.4288 us/op

WorkloadPilot    1: 16 op, 12814.00 ns, 800.8750 ns/op
WorkloadPilot    2: 32 op, 26830.00 ns, 838.4375 ns/op
WorkloadPilot    3: 64 op, 38943.00 ns, 608.4844 ns/op
WorkloadPilot    4: 128 op, 64200.00 ns, 501.5625 ns/op
WorkloadPilot    5: 256 op, 128750.00 ns, 502.9297 ns/op
WorkloadPilot    6: 512 op, 253563.00 ns, 495.2402 ns/op
WorkloadPilot    7: 1024 op, 496005.00 ns, 484.3799 ns/op
WorkloadPilot    8: 2048 op, 840278.00 ns, 410.2920 ns/op
WorkloadPilot    9: 4096 op, 1757438.00 ns, 429.0620 ns/op
WorkloadPilot   10: 8192 op, 3511259.00 ns, 428.6205 ns/op
WorkloadPilot   11: 16384 op, 6942409.00 ns, 423.7310 ns/op
WorkloadPilot   12: 32768 op, 13897101.00 ns, 424.1059 ns/op
WorkloadPilot   13: 65536 op, 28195951.00 ns, 430.2361 ns/op
WorkloadPilot   14: 131072 op, 53701253.00 ns, 409.7080 ns/op
WorkloadPilot   15: 262144 op, 120166183.00 ns, 458.3976 ns/op
WorkloadPilot   16: 524288 op, 164653010.00 ns, 314.0507 ns/op
WorkloadPilot   17: 1048576 op, 194218034.00 ns, 185.2208 ns/op
WorkloadPilot   18: 2097152 op, 350274600.00 ns, 167.0239 ns/op
WorkloadPilot   19: 4194304 op, 706455219.00 ns, 168.4320 ns/op

OverheadWarmup   1: 4194304 op, 10884697.00 ns, 2.5951 ns/op
OverheadWarmup   2: 4194304 op, 10869009.00 ns, 2.5914 ns/op
OverheadWarmup   3: 4194304 op, 10877895.00 ns, 2.5935 ns/op
OverheadWarmup   4: 4194304 op, 10865141.00 ns, 2.5905 ns/op
OverheadWarmup   5: 4194304 op, 10917759.00 ns, 2.6030 ns/op
OverheadWarmup   6: 4194304 op, 10876522.00 ns, 2.5932 ns/op

OverheadActual   1: 4194304 op, 10888525.00 ns, 2.5960 ns/op
OverheadActual   2: 4194304 op, 10877985.00 ns, 2.5935 ns/op
OverheadActual   3: 4194304 op, 10871323.00 ns, 2.5919 ns/op
OverheadActual   4: 4194304 op, 10872085.00 ns, 2.5921 ns/op
OverheadActual   5: 4194304 op, 11410468.00 ns, 2.7205 ns/op
OverheadActual   6: 4194304 op, 10868507.00 ns, 2.5913 ns/op
OverheadActual   7: 4194304 op, 10866624.00 ns, 2.5908 ns/op
OverheadActual   8: 4194304 op, 10868647.00 ns, 2.5913 ns/op
OverheadActual   9: 4194304 op, 10874248.00 ns, 2.5926 ns/op
OverheadActual  10: 4194304 op, 10865012.00 ns, 2.5904 ns/op
OverheadActual  11: 4194304 op, 10843100.00 ns, 2.5852 ns/op
OverheadActual  12: 4194304 op, 10879288.00 ns, 2.5938 ns/op
OverheadActual  13: 4194304 op, 10909063.00 ns, 2.6009 ns/op
OverheadActual  14: 4194304 op, 10866875.00 ns, 2.5909 ns/op
OverheadActual  15: 4194304 op, 10877214.00 ns, 2.5933 ns/op

WorkloadWarmup   1: 4194304 op, 716368534.00 ns, 170.7956 ns/op
WorkloadWarmup   2: 4194304 op, 715043182.00 ns, 170.4796 ns/op
WorkloadWarmup   3: 4194304 op, 707116651.00 ns, 168.5897 ns/op
WorkloadWarmup   4: 4194304 op, 707999067.00 ns, 168.8001 ns/op
WorkloadWarmup   5: 4194304 op, 707388307.00 ns, 168.6545 ns/op
WorkloadWarmup   6: 4194304 op, 706271595.00 ns, 168.3883 ns/op
WorkloadWarmup   7: 4194304 op, 714958630.00 ns, 170.4594 ns/op
WorkloadWarmup   8: 4194304 op, 707725447.00 ns, 168.7349 ns/op

// BeforeActualRun
WorkloadActual   1: 4194304 op, 713548575.00 ns, 170.1232 ns/op
WorkloadActual   2: 4194304 op, 740814820.00 ns, 176.6240 ns/op
WorkloadActual   3: 4194304 op, 710137458.00 ns, 169.3100 ns/op
WorkloadActual   4: 4194304 op, 711564249.00 ns, 169.6501 ns/op
WorkloadActual   5: 4194304 op, 710498371.00 ns, 169.3960 ns/op
WorkloadActual   6: 4194304 op, 710770469.00 ns, 169.4609 ns/op
WorkloadActual   7: 4194304 op, 711749354.00 ns, 169.6943 ns/op
WorkloadActual   8: 4194304 op, 711819866.00 ns, 169.7111 ns/op
WorkloadActual   9: 4194304 op, 711100685.00 ns, 169.5396 ns/op
WorkloadActual  10: 4194304 op, 711165806.00 ns, 169.5551 ns/op
WorkloadActual  11: 4194304 op, 709076158.00 ns, 169.0569 ns/op
WorkloadActual  12: 4194304 op, 709423266.00 ns, 169.1397 ns/op
WorkloadActual  13: 4194304 op, 712917273.00 ns, 169.9727 ns/op
WorkloadActual  14: 4194304 op, 710937724.00 ns, 169.5008 ns/op
WorkloadActual  15: 4194304 op, 711746258.00 ns, 169.6935 ns/op

// AfterActualRun
WorkloadResult   1: 4194304 op, 699265373.00 ns, 166.7179 ns/op
WorkloadResult   2: 4194304 op, 700692164.00 ns, 167.0580 ns/op
WorkloadResult   3: 4194304 op, 699626286.00 ns, 166.8039 ns/op
WorkloadResult   4: 4194304 op, 699898384.00 ns, 166.8688 ns/op
WorkloadResult   5: 4194304 op, 700877269.00 ns, 167.1022 ns/op
WorkloadResult   6: 4194304 op, 700947781.00 ns, 167.1190 ns/op
WorkloadResult   7: 4194304 op, 700228600.00 ns, 166.9475 ns/op
WorkloadResult   8: 4194304 op, 700293721.00 ns, 166.9630 ns/op
WorkloadResult   9: 4194304 op, 698204073.00 ns, 166.4648 ns/op
WorkloadResult  10: 4194304 op, 698551181.00 ns, 166.5476 ns/op
WorkloadResult  11: 4194304 op, 702045188.00 ns, 167.3806 ns/op
WorkloadResult  12: 4194304 op, 700065639.00 ns, 166.9087 ns/op
WorkloadResult  13: 4194304 op, 700874173.00 ns, 167.1014 ns/op
// GC:  38 0 0 637534208 4194304
// Threading:  0 0 4194304

// AfterAll
// Benchmark Process 4988 has exited with code 0.

Mean = 166.922 ns, StdErr = 0.069 ns (0.04%), N = 13, StdDev = 0.249 ns
Min = 166.465 ns, Q1 = 166.804 ns, Median = 166.948 ns, Q3 = 167.101 ns, Max = 167.381 ns
IQR = 0.298 ns, LowerFence = 166.358 ns, UpperFence = 167.548 ns
ConfidenceInterval = [166.624 ns; 167.220 ns] (CI 99.9%), Margin = 0.298 ns (0.18% of Mean)
Skewness = -0.2, Kurtosis = 2.28, MValue = 2

// ** Remained 61 (50.8 %) benchmark(s) to run. Estimated finish 2026-09-13 7:05 (0h 4m from now) **
// **************************
// Benchmark: ValueObjectBenchmarks.Domain_Create_Money: .NET 10.0(Runtime=.NET 10.0, Toolchain=net10.0)
// *** Execute ***
// Launch: 1 / 1
// Execute: dotnet "EricksonLopez.ValueObjects.Benchmarks-.NET 10.0-1.dll" --anonymousPipes 133 134 --benchmarkName EricksonLopez.ValueObjects.Benchmarks.ValueObjectBenchmarks.Domain_Create_Money --job ".NET 10.0" --benchmarkId 23 in /home/runner/work/dotnet-value-objects/dotnet-value-objects/benchmarks/EricksonLopez.ValueObjects.Benchmarks/bin/Release/net10.0/EricksonLopez.ValueObjects.Benchmarks-.NET 10.0-1/bin/Release/net10.0
// Failed to set up high priority (Permission denied). In order to run benchmarks with high priority, make sure you have the right permissions.
// BeforeAnythingElse

// Benchmark Process Environment Information:
// BenchmarkDotNet v0.15.8
// Runtime=.NET 10.0.12 (10.0.12, 10.0.1226.42308), X64 RyuJIT x86-64-v3
// GC=Concurrent Workstation
// HardwareIntrinsics=AVX2+BMI1+BMI2+F16C+FMA+LZCNT+MOVBE,AVX,SSE3+SSSE3+SSE4.1+SSE4.2+POPCNT,X86Base+SSE+SSE2,AES+PCLMUL VectorSize=256
// Job: .NET 10.0

OverheadJitting  1: 1 op, 216203.00 ns, 216.2030 us/op
WorkloadJitting  1: 1 op, 292384.00 ns, 292.3840 us/op

OverheadJitting  2: 16 op, 230609.00 ns, 14.4131 us/op
WorkloadJitting  2: 16 op, 289820.00 ns, 18.1138 us/op

WorkloadPilot    1: 16 op, 3827.00 ns, 239.1875 ns/op
WorkloadPilot    2: 32 op, 5009.00 ns, 156.5313 ns/op
WorkloadPilot    3: 64 op, 8145.00 ns, 127.2656 ns/op
WorkloadPilot    4: 128 op, 14878.00 ns, 116.2344 ns/op
WorkloadPilot    5: 256 op, 27621.00 ns, 107.8945 ns/op
WorkloadPilot    6: 512 op, 52638.00 ns, 102.8086 ns/op
WorkloadPilot    7: 1024 op, 104254.00 ns, 101.8105 ns/op
WorkloadPilot    8: 2048 op, 209270.00 ns, 102.1826 ns/op
WorkloadPilot    9: 4096 op, 412448.00 ns, 100.6953 ns/op
WorkloadPilot   10: 8192 op, 872295.00 ns, 106.4813 ns/op
WorkloadPilot   11: 16384 op, 1680360.00 ns, 102.5610 ns/op
WorkloadPilot   12: 32768 op, 3336094.00 ns, 101.8095 ns/op
WorkloadPilot   13: 65536 op, 6686966.00 ns, 102.0350 ns/op
WorkloadPilot   14: 131072 op, 13502090.00 ns, 103.0128 ns/op
WorkloadPilot   15: 262144 op, 26588917.00 ns, 101.4287 ns/op
WorkloadPilot   16: 524288 op, 53276677.00 ns, 101.6172 ns/op
WorkloadPilot   17: 1048576 op, 86079162.00 ns, 82.0915 ns/op
WorkloadPilot   18: 2097152 op, 26879057.00 ns, 12.8169 ns/op
WorkloadPilot   19: 4194304 op, 53642499.00 ns, 12.7894 ns/op
WorkloadPilot   20: 8388608 op, 107215799.00 ns, 12.7811 ns/op
WorkloadPilot   21: 16777216 op, 215431460.00 ns, 12.8407 ns/op
WorkloadPilot   22: 33554432 op, 430096579.00 ns, 12.8179 ns/op
WorkloadPilot   23: 67108864 op, 857899860.00 ns, 12.7837 ns/op

OverheadWarmup   1: 67108864 op, 173675322.00 ns, 2.5880 ns/op
OverheadWarmup   2: 67108864 op, 191856723.00 ns, 2.8589 ns/op
OverheadWarmup   3: 67108864 op, 111181201.00 ns, 1.6567 ns/op
OverheadWarmup   4: 67108864 op, 111087215.00 ns, 1.6553 ns/op
OverheadWarmup   5: 67108864 op, 110921857.00 ns, 1.6529 ns/op
OverheadWarmup   6: 67108864 op, 110896961.00 ns, 1.6525 ns/op
OverheadWarmup   7: 67108864 op, 111268524.00 ns, 1.6580 ns/op
OverheadWarmup   8: 67108864 op, 110943848.00 ns, 1.6532 ns/op

OverheadActual   1: 67108864 op, 111890834.00 ns, 1.6673 ns/op
OverheadActual   2: 67108864 op, 111273843.00 ns, 1.6581 ns/op
OverheadActual   3: 67108864 op, 110974465.00 ns, 1.6536 ns/op
OverheadActual   4: 67108864 op, 116426049.00 ns, 1.7349 ns/op
OverheadActual   5: 67108864 op, 111100120.00 ns, 1.6555 ns/op
OverheadActual   6: 67108864 op, 111086634.00 ns, 1.6553 ns/op
OverheadActual   7: 67108864 op, 111070204.00 ns, 1.6551 ns/op
OverheadActual   8: 67108864 op, 111140905.00 ns, 1.6561 ns/op
OverheadActual   9: 67108864 op, 111417140.00 ns, 1.6602 ns/op
OverheadActual  10: 67108864 op, 111421549.00 ns, 1.6603 ns/op
OverheadActual  11: 67108864 op, 111582359.00 ns, 1.6627 ns/op
OverheadActual  12: 67108864 op, 111137208.00 ns, 1.6561 ns/op
OverheadActual  13: 67108864 op, 110983061.00 ns, 1.6538 ns/op
OverheadActual  14: 67108864 op, 111081435.00 ns, 1.6552 ns/op
OverheadActual  15: 67108864 op, 111095701.00 ns, 1.6555 ns/op

WorkloadWarmup   1: 67108864 op, 857452165.00 ns, 12.7770 ns/op
WorkloadWarmup   2: 67108864 op, 857131503.00 ns, 12.7723 ns/op
WorkloadWarmup   3: 67108864 op, 857730997.00 ns, 12.7812 ns/op
WorkloadWarmup   4: 67108864 op, 859292437.00 ns, 12.8045 ns/op
WorkloadWarmup   5: 67108864 op, 857466944.00 ns, 12.7773 ns/op
WorkloadWarmup   6: 67108864 op, 857412112.00 ns, 12.7764 ns/op
WorkloadWarmup   7: 67108864 op, 857624768.00 ns, 12.7796 ns/op
WorkloadWarmup   8: 67108864 op, 857862272.00 ns, 12.7831 ns/op
WorkloadWarmup   9: 67108864 op, 857882519.00 ns, 12.7834 ns/op
WorkloadWarmup  10: 67108864 op, 860390528.00 ns, 12.8208 ns/op
WorkloadWarmup  11: 67108864 op, 858595929.00 ns, 12.7941 ns/op

// BeforeActualRun
WorkloadActual   1: 67108864 op, 858629073.00 ns, 12.7946 ns/op
WorkloadActual   2: 67108864 op, 858099756.00 ns, 12.7867 ns/op
WorkloadActual   3: 67108864 op, 856931998.00 ns, 12.7693 ns/op
WorkloadActual   4: 67108864 op, 858013034.00 ns, 12.7854 ns/op
WorkloadActual   5: 67108864 op, 862712699.00 ns, 12.8554 ns/op
WorkloadActual   6: 67108864 op, 856992561.00 ns, 12.7702 ns/op
WorkloadActual   7: 67108864 op, 857448051.00 ns, 12.7770 ns/op
WorkloadActual   8: 67108864 op, 856936256.00 ns, 12.7693 ns/op
WorkloadActual   9: 67108864 op, 857217140.00 ns, 12.7735 ns/op
WorkloadActual  10: 67108864 op, 857298150.00 ns, 12.7747 ns/op
WorkloadActual  11: 67108864 op, 863497720.00 ns, 12.8671 ns/op
WorkloadActual  12: 67108864 op, 857212450.00 ns, 12.7735 ns/op
WorkloadActual  13: 67108864 op, 856706683.00 ns, 12.7659 ns/op
WorkloadActual  14: 67108864 op, 856614445.00 ns, 12.7645 ns/op
WorkloadActual  15: 67108864 op, 857034708.00 ns, 12.7708 ns/op

// AfterActualRun
WorkloadResult   1: 67108864 op, 747491865.00 ns, 11.1385 ns/op
WorkloadResult   2: 67108864 op, 746962548.00 ns, 11.1306 ns/op
WorkloadResult   3: 67108864 op, 745794790.00 ns, 11.1132 ns/op
WorkloadResult   4: 67108864 op, 746875826.00 ns, 11.1293 ns/op
WorkloadResult   5: 67108864 op, 745855353.00 ns, 11.1141 ns/op
WorkloadResult   6: 67108864 op, 746310843.00 ns, 11.1209 ns/op
WorkloadResult   7: 67108864 op, 745799048.00 ns, 11.1133 ns/op
WorkloadResult   8: 67108864 op, 746079932.00 ns, 11.1175 ns/op
WorkloadResult   9: 67108864 op, 746160942.00 ns, 11.1187 ns/op
WorkloadResult  10: 67108864 op, 746075242.00 ns, 11.1174 ns/op
WorkloadResult  11: 67108864 op, 745569475.00 ns, 11.1099 ns/op
WorkloadResult  12: 67108864 op, 745477237.00 ns, 11.1085 ns/op
WorkloadResult  13: 67108864 op, 745897500.00 ns, 11.1147 ns/op
// GC:  0 0 0 0 67108864
// Threading:  0 0 67108864

// AfterAll
// Benchmark Process 5006 has exited with code 0.

Mean = 11.119 ns, StdErr = 0.002 ns (0.02%), N = 13, StdDev = 0.009 ns
Min = 11.108 ns, Q1 = 11.113 ns, Median = 11.117 ns, Q3 = 11.121 ns, Max = 11.138 ns
IQR = 0.008 ns, LowerFence = 11.102 ns, UpperFence = 11.132 ns
ConfidenceInterval = [11.108 ns; 11.130 ns] (CI 99.9%), Margin = 0.011 ns (0.09% of Mean)
Skewness = 0.86, Kurtosis = 2.51, MValue = 2

// ** Remained 60 (50.0 %) benchmark(s) to run. Estimated finish 2026-09-13 7:06 (0h 5m from now) **
// **************************
// Benchmark: ValueObjectBenchmarks.Domain_Create_Percentage: .NET 10.0(Runtime=.NET 10.0, Toolchain=net10.0)
// *** Execute ***
// Launch: 1 / 1
// Execute: dotnet "EricksonLopez.ValueObjects.Benchmarks-.NET 10.0-1.dll" --anonymousPipes 133 134 --benchmarkName EricksonLopez.ValueObjects.Benchmarks.ValueObjectBenchmarks.Domain_Create_Percentage --job ".NET 10.0" --benchmarkId 24 in /home/runner/work/dotnet-value-objects/dotnet-value-objects/benchmarks/EricksonLopez.ValueObjects.Benchmarks/bin/Release/net10.0/EricksonLopez.ValueObjects.Benchmarks-.NET 10.0-1/bin/Release/net10.0
// Failed to set up high priority (Permission denied). In order to run benchmarks with high priority, make sure you have the right permissions.
// BeforeAnythingElse

// Benchmark Process Environment Information:
// BenchmarkDotNet v0.15.8
// Runtime=.NET 10.0.12 (10.0.12, 10.0.1226.42308), X64 RyuJIT x86-64-v3
// GC=Concurrent Workstation
// HardwareIntrinsics=AVX2+BMI1+BMI2+F16C+FMA+LZCNT+MOVBE,AVX,SSE3+SSSE3+SSE4.1+SSE4.2+POPCNT,X86Base+SSE+SSE2,AES+PCLMUL VectorSize=256
// Job: .NET 10.0

OverheadJitting  1: 1 op, 216684.00 ns, 216.6840 us/op
WorkloadJitting  1: 1 op, 230330.00 ns, 230.3300 us/op

OverheadJitting  2: 16 op, 214299.00 ns, 13.3937 us/op
WorkloadJitting  2: 16 op, 263161.00 ns, 16.4476 us/op

WorkloadPilot    1: 16 op, 2735.00 ns, 170.9375 ns/op
WorkloadPilot    2: 32 op, 4128.00 ns, 129.0000 ns/op
WorkloadPilot    3: 64 op, 6763.00 ns, 105.6719 ns/op
WorkloadPilot    4: 128 op, 12303.00 ns, 96.1172 ns/op
WorkloadPilot    5: 256 op, 23273.00 ns, 90.9102 ns/op
WorkloadPilot    6: 512 op, 45285.00 ns, 88.4473 ns/op
WorkloadPilot    7: 1024 op, 89336.00 ns, 87.2422 ns/op
WorkloadPilot    8: 2048 op, 176349.00 ns, 86.1079 ns/op
WorkloadPilot    9: 4096 op, 378215.00 ns, 92.3376 ns/op
WorkloadPilot   10: 8192 op, 716215.00 ns, 87.4286 ns/op
WorkloadPilot   11: 16384 op, 1409498.00 ns, 86.0289 ns/op
WorkloadPilot   12: 32768 op, 2835087.00 ns, 86.5200 ns/op
WorkloadPilot   13: 65536 op, 5717141.00 ns, 87.2366 ns/op
WorkloadPilot   14: 131072 op, 11322183.00 ns, 86.3814 ns/op
WorkloadPilot   15: 262144 op, 22812529.00 ns, 87.0229 ns/op
WorkloadPilot   16: 524288 op, 45234780.00 ns, 86.2785 ns/op
WorkloadPilot   17: 1048576 op, 92260651.00 ns, 87.9866 ns/op
WorkloadPilot   18: 2097152 op, 20533189.00 ns, 9.7910 ns/op
WorkloadPilot   19: 4194304 op, 37996423.00 ns, 9.0591 ns/op
WorkloadPilot   20: 8388608 op, 76293265.00 ns, 9.0949 ns/op
WorkloadPilot   21: 16777216 op, 152002686.00 ns, 9.0601 ns/op
WorkloadPilot   22: 33554432 op, 303683013.00 ns, 9.0505 ns/op
WorkloadPilot   23: 67108864 op, 608846266.00 ns, 9.0725 ns/op

OverheadWarmup   1: 67108864 op, 172470278.00 ns, 2.5700 ns/op
OverheadWarmup   2: 67108864 op, 121791167.00 ns, 1.8148 ns/op
OverheadWarmup   3: 67108864 op, 109751596.00 ns, 1.6354 ns/op
OverheadWarmup   4: 67108864 op, 109948704.00 ns, 1.6384 ns/op
OverheadWarmup   5: 67108864 op, 109724475.00 ns, 1.6350 ns/op
OverheadWarmup   6: 67108864 op, 109683198.00 ns, 1.6344 ns/op
OverheadWarmup   7: 67108864 op, 110537071.00 ns, 1.6471 ns/op
OverheadWarmup   8: 67108864 op, 109739548.00 ns, 1.6352 ns/op

OverheadActual   1: 67108864 op, 109821313.00 ns, 1.6365 ns/op
OverheadActual   2: 67108864 op, 109631088.00 ns, 1.6336 ns/op
OverheadActual   3: 67108864 op, 109631148.00 ns, 1.6336 ns/op
OverheadActual   4: 67108864 op, 110089302.00 ns, 1.6405 ns/op
OverheadActual   5: 67108864 op, 109719142.00 ns, 1.6349 ns/op
OverheadActual   6: 67108864 op, 109654241.00 ns, 1.6340 ns/op
OverheadActual   7: 67108864 op, 109731335.00 ns, 1.6351 ns/op
OverheadActual   8: 67108864 op, 110029230.00 ns, 1.6396 ns/op
OverheadActual   9: 67108864 op, 109754979.00 ns, 1.6355 ns/op
OverheadActual  10: 67108864 op, 109706970.00 ns, 1.6348 ns/op
OverheadActual  11: 67108864 op, 109620137.00 ns, 1.6335 ns/op
OverheadActual  12: 67108864 op, 109677595.00 ns, 1.6343 ns/op
OverheadActual  13: 67108864 op, 109666163.00 ns, 1.6342 ns/op
OverheadActual  14: 67108864 op, 110128055.00 ns, 1.6410 ns/op
OverheadActual  15: 67108864 op, 109662286.00 ns, 1.6341 ns/op

WorkloadWarmup   1: 67108864 op, 608836534.00 ns, 9.0724 ns/op
WorkloadWarmup   2: 67108864 op, 608296496.00 ns, 9.0643 ns/op
WorkloadWarmup   3: 67108864 op, 610643145.00 ns, 9.0993 ns/op
WorkloadWarmup   4: 67108864 op, 609355182.00 ns, 9.0801 ns/op
WorkloadWarmup   5: 67108864 op, 609373907.00 ns, 9.0804 ns/op
WorkloadWarmup   6: 67108864 op, 607972953.00 ns, 9.0595 ns/op

// BeforeActualRun
WorkloadActual   1: 67108864 op, 608939750.00 ns, 9.0739 ns/op
WorkloadActual   2: 67108864 op, 607843823.00 ns, 9.0576 ns/op
WorkloadActual   3: 67108864 op, 609039683.00 ns, 9.0754 ns/op
WorkloadActual   4: 67108864 op, 637672485.00 ns, 9.5021 ns/op
WorkloadActual   5: 67108864 op, 608439234.00 ns, 9.0665 ns/op
WorkloadActual   6: 67108864 op, 608488284.00 ns, 9.0672 ns/op
WorkloadActual   7: 67108864 op, 607818424.00 ns, 9.0572 ns/op
WorkloadActual   8: 67108864 op, 608301034.00 ns, 9.0644 ns/op
WorkloadActual   9: 67108864 op, 610314804.00 ns, 9.0944 ns/op
WorkloadActual  10: 67108864 op, 613294498.00 ns, 9.1388 ns/op
WorkloadActual  11: 67108864 op, 609507674.00 ns, 9.0824 ns/op
WorkloadActual  12: 67108864 op, 607833683.00 ns, 9.0574 ns/op
WorkloadActual  13: 67108864 op, 608300312.00 ns, 9.0644 ns/op
WorkloadActual  14: 67108864 op, 609203127.00 ns, 9.0778 ns/op
WorkloadActual  15: 67108864 op, 607791815.00 ns, 9.0568 ns/op

// AfterActualRun
WorkloadResult   1: 67108864 op, 499232780.00 ns, 7.4391 ns/op
WorkloadResult   2: 67108864 op, 498136853.00 ns, 7.4228 ns/op
WorkloadResult   3: 67108864 op, 499332713.00 ns, 7.4406 ns/op
WorkloadResult   4: 67108864 op, 498732264.00 ns, 7.4317 ns/op
WorkloadResult   5: 67108864 op, 498781314.00 ns, 7.4324 ns/op
WorkloadResult   6: 67108864 op, 498111454.00 ns, 7.4224 ns/op
WorkloadResult   7: 67108864 op, 498594064.00 ns, 7.4296 ns/op
WorkloadResult   8: 67108864 op, 500607834.00 ns, 7.4596 ns/op
WorkloadResult   9: 67108864 op, 499800704.00 ns, 7.4476 ns/op
WorkloadResult  10: 67108864 op, 498126713.00 ns, 7.4227 ns/op
WorkloadResult  11: 67108864 op, 498593342.00 ns, 7.4296 ns/op
WorkloadResult  12: 67108864 op, 499496157.00 ns, 7.4431 ns/op
WorkloadResult  13: 67108864 op, 498084845.00 ns, 7.4220 ns/op
// GC:  0 0 0 0 67108864
// Threading:  0 0 67108864

// AfterAll
// Benchmark Process 5025 has exited with code 0.

Mean = 7.434 ns, StdErr = 0.003 ns (0.04%), N = 13, StdDev = 0.011 ns
Min = 7.422 ns, Q1 = 7.423 ns, Median = 7.432 ns, Q3 = 7.441 ns, Max = 7.460 ns
IQR = 0.018 ns, LowerFence = 7.396 ns, UpperFence = 7.467 ns
ConfidenceInterval = [7.420 ns; 7.448 ns] (CI 99.9%), Margin = 0.014 ns (0.18% of Mean)
Skewness = 0.71, Kurtosis = 2.43, MValue = 2

// ** Remained 59 (49.2 %) benchmark(s) to run. Estimated finish 2026-09-13 7:06 (0h 5m from now) **
// **************************
// Benchmark: ValueObjectBenchmarks.Equals_Class: .NET 10.0(Runtime=.NET 10.0, Toolchain=net10.0)
// *** Execute ***
// Launch: 1 / 1
// Execute: dotnet "EricksonLopez.ValueObjects.Benchmarks-.NET 10.0-1.dll" --anonymousPipes 133 134 --benchmarkName EricksonLopez.ValueObjects.Benchmarks.ValueObjectBenchmarks.Equals_Class --job ".NET 10.0" --benchmarkId 25 in /home/runner/work/dotnet-value-objects/dotnet-value-objects/benchmarks/EricksonLopez.ValueObjects.Benchmarks/bin/Release/net10.0/EricksonLopez.ValueObjects.Benchmarks-.NET 10.0-1/bin/Release/net10.0
// Failed to set up high priority (Permission denied). In order to run benchmarks with high priority, make sure you have the right permissions.
// BeforeAnythingElse

// Benchmark Process Environment Information:
// BenchmarkDotNet v0.15.8
// Runtime=.NET 10.0.12 (10.0.12, 10.0.1226.42308), X64 RyuJIT x86-64-v3
// GC=Concurrent Workstation
// HardwareIntrinsics=AVX2+BMI1+BMI2+F16C+FMA+LZCNT+MOVBE,AVX,SSE3+SSSE3+SSE4.1+SSE4.2+POPCNT,X86Base+SSE+SSE2,AES+PCLMUL VectorSize=256
// Job: .NET 10.0

OverheadJitting  1: 1 op, 215602.00 ns, 215.6020 us/op
WorkloadJitting  1: 1 op, 305290.00 ns, 305.2900 us/op

OverheadJitting  2: 16 op, 355282.00 ns, 22.2051 us/op
WorkloadJitting  2: 16 op, 324155.00 ns, 20.2597 us/op

WorkloadPilot    1: 16 op, 1052.00 ns, 65.7500 ns/op
WorkloadPilot    2: 32 op, 1192.00 ns, 37.2500 ns/op
WorkloadPilot    3: 64 op, 1442.00 ns, 22.5313 ns/op
WorkloadPilot    4: 128 op, 2104.00 ns, 16.4375 ns/op
WorkloadPilot    5: 256 op, 3456.00 ns, 13.5000 ns/op
WorkloadPilot    6: 512 op, 6241.00 ns, 12.1895 ns/op
WorkloadPilot    7: 1024 op, 11502.00 ns, 11.2324 ns/op
WorkloadPilot    8: 2048 op, 22993.00 ns, 11.2271 ns/op
WorkloadPilot    9: 4096 op, 43972.00 ns, 10.7354 ns/op
WorkloadPilot   10: 8192 op, 86942.00 ns, 10.6130 ns/op
WorkloadPilot   11: 16384 op, 174406.00 ns, 10.6449 ns/op
WorkloadPilot   12: 32768 op, 416346.00 ns, 12.7059 ns/op
WorkloadPilot   13: 65536 op, 692392.00 ns, 10.5651 ns/op
WorkloadPilot   14: 131072 op, 1440196.00 ns, 10.9878 ns/op
WorkloadPilot   15: 262144 op, 2831060.00 ns, 10.7996 ns/op
WorkloadPilot   16: 524288 op, 5656089.00 ns, 10.7881 ns/op
WorkloadPilot   17: 1048576 op, 11321006.00 ns, 10.7966 ns/op
WorkloadPilot   18: 2097152 op, 22441396.00 ns, 10.7009 ns/op
WorkloadPilot   19: 4194304 op, 44939528.00 ns, 10.7144 ns/op
WorkloadPilot   20: 8388608 op, 86224671.00 ns, 10.2788 ns/op
WorkloadPilot   21: 16777216 op, 40460504.00 ns, 2.4116 ns/op
WorkloadPilot   22: 33554432 op, 81417625.00 ns, 2.4264 ns/op
WorkloadPilot   23: 67108864 op, 162420426.00 ns, 2.4203 ns/op
WorkloadPilot   24: 134217728 op, 326433068.00 ns, 2.4321 ns/op
WorkloadPilot   25: 268435456 op, 651228240.00 ns, 2.4260 ns/op

OverheadWarmup   1: 268435456 op, 590842430.00 ns, 2.2011 ns/op
OverheadWarmup   2: 268435456 op, 497816117.00 ns, 1.8545 ns/op
OverheadWarmup   3: 268435456 op, 498197298.00 ns, 1.8559 ns/op
OverheadWarmup   4: 268435456 op, 499068272.00 ns, 1.8592 ns/op
OverheadWarmup   5: 268435456 op, 498742815.00 ns, 1.8580 ns/op
OverheadWarmup   6: 268435456 op, 497761406.00 ns, 1.8543 ns/op
OverheadWarmup   7: 268435456 op, 499349207.00 ns, 1.8602 ns/op
OverheadWarmup   8: 268435456 op, 497474360.00 ns, 1.8532 ns/op

OverheadActual   1: 268435456 op, 499303030.00 ns, 1.8600 ns/op
OverheadActual   2: 268435456 op, 502688954.00 ns, 1.8727 ns/op
OverheadActual   3: 268435456 op, 499193987.00 ns, 1.8596 ns/op
OverheadActual   4: 268435456 op, 498949932.00 ns, 1.8587 ns/op
OverheadActual   5: 268435456 op, 499177115.00 ns, 1.8596 ns/op
OverheadActual   6: 268435456 op, 497469601.00 ns, 1.8532 ns/op
OverheadActual   7: 268435456 op, 498125392.00 ns, 1.8557 ns/op
OverheadActual   8: 268435456 op, 498038908.00 ns, 1.8553 ns/op
OverheadActual   9: 268435456 op, 499127437.00 ns, 1.8594 ns/op
OverheadActual  10: 268435456 op, 498411813.00 ns, 1.8567 ns/op
OverheadActual  11: 268435456 op, 499455077.00 ns, 1.8606 ns/op
OverheadActual  12: 268435456 op, 499006190.00 ns, 1.8589 ns/op
OverheadActual  13: 268435456 op, 501136721.00 ns, 1.8669 ns/op
OverheadActual  14: 268435456 op, 499653918.00 ns, 1.8614 ns/op
OverheadActual  15: 268435456 op, 498773897.00 ns, 1.8581 ns/op

WorkloadWarmup   1: 268435456 op, 651681579.00 ns, 2.4277 ns/op
WorkloadWarmup   2: 268435456 op, 650965624.00 ns, 2.4250 ns/op
WorkloadWarmup   3: 268435456 op, 652362598.00 ns, 2.4302 ns/op
WorkloadWarmup   4: 268435456 op, 652277750.00 ns, 2.4299 ns/op
WorkloadWarmup   5: 268435456 op, 649676280.00 ns, 2.4202 ns/op
WorkloadWarmup   6: 268435456 op, 651960011.00 ns, 2.4287 ns/op
WorkloadWarmup   7: 268435456 op, 652744904.00 ns, 2.4317 ns/op
WorkloadWarmup   8: 268435456 op, 651558951.00 ns, 2.4272 ns/op

// BeforeActualRun
WorkloadActual   1: 268435456 op, 651257229.00 ns, 2.4261 ns/op
WorkloadActual   2: 268435456 op, 652620902.00 ns, 2.4312 ns/op
WorkloadActual   3: 268435456 op, 650600093.00 ns, 2.4237 ns/op
WorkloadActual   4: 268435456 op, 650477946.00 ns, 2.4232 ns/op
WorkloadActual   5: 268435456 op, 649281715.00 ns, 2.4188 ns/op
WorkloadActual   6: 268435456 op, 652918888.00 ns, 2.4323 ns/op
WorkloadActual   7: 268435456 op, 651409813.00 ns, 2.4267 ns/op
WorkloadActual   8: 268435456 op, 650450235.00 ns, 2.4231 ns/op
WorkloadActual   9: 268435456 op, 649146673.00 ns, 2.4183 ns/op
WorkloadActual  10: 268435456 op, 651905862.00 ns, 2.4285 ns/op
WorkloadActual  11: 268435456 op, 650571746.00 ns, 2.4236 ns/op
WorkloadActual  12: 268435456 op, 651050949.00 ns, 2.4254 ns/op
WorkloadActual  13: 268435456 op, 652109834.00 ns, 2.4293 ns/op
WorkloadActual  14: 268435456 op, 650973194.00 ns, 2.4251 ns/op
WorkloadActual  15: 268435456 op, 651195549.00 ns, 2.4259 ns/op

// AfterActualRun
WorkloadResult   1: 268435456 op, 152129792.00 ns, 0.5667 ns/op
WorkloadResult   2: 268435456 op, 153493465.00 ns, 0.5718 ns/op
WorkloadResult   3: 268435456 op, 151472656.00 ns, 0.5643 ns/op
WorkloadResult   4: 268435456 op, 151350509.00 ns, 0.5638 ns/op
WorkloadResult   5: 268435456 op, 150154278.00 ns, 0.5594 ns/op
WorkloadResult   6: 268435456 op, 153791451.00 ns, 0.5729 ns/op
WorkloadResult   7: 268435456 op, 152282376.00 ns, 0.5673 ns/op
WorkloadResult   8: 268435456 op, 151322798.00 ns, 0.5637 ns/op
WorkloadResult   9: 268435456 op, 150019236.00 ns, 0.5589 ns/op
WorkloadResult  10: 268435456 op, 152778425.00 ns, 0.5691 ns/op
WorkloadResult  11: 268435456 op, 151444309.00 ns, 0.5642 ns/op
WorkloadResult  12: 268435456 op, 151923512.00 ns, 0.5660 ns/op
WorkloadResult  13: 268435456 op, 152982397.00 ns, 0.5699 ns/op
WorkloadResult  14: 268435456 op, 151845757.00 ns, 0.5657 ns/op
WorkloadResult  15: 268435456 op, 152068112.00 ns, 0.5665 ns/op
// GC:  0 0 0 0 268435456
// Threading:  0 0 268435456

// AfterAll
// Benchmark Process 5037 has exited with code 0.

Mean = 0.566 ns, StdErr = 0.001 ns (0.18%), N = 15, StdDev = 0.004 ns
Min = 0.559 ns, Q1 = 0.564 ns, Median = 0.566 ns, Q3 = 0.568 ns, Max = 0.573 ns
IQR = 0.004 ns, LowerFence = 0.558 ns, UpperFence = 0.575 ns
ConfidenceInterval = [0.562 ns; 0.570 ns] (CI 99.9%), Margin = 0.004 ns (0.75% of Mean)
Skewness = -0.08, Kurtosis = 2.25, MValue = 2

// ** Remained 58 (48.3 %) benchmark(s) to run. Estimated finish 2026-09-13 7:07 (0h 5m from now) **
// **************************
// Benchmark: ValueObjectBenchmarks.Equals_RecordClass: .NET 10.0(Runtime=.NET 10.0, Toolchain=net10.0)
// *** Execute ***
// Launch: 1 / 1
// Execute: dotnet "EricksonLopez.ValueObjects.Benchmarks-.NET 10.0-1.dll" --anonymousPipes 133 134 --benchmarkName EricksonLopez.ValueObjects.Benchmarks.ValueObjectBenchmarks.Equals_RecordClass --job ".NET 10.0" --benchmarkId 26 in /home/runner/work/dotnet-value-objects/dotnet-value-objects/benchmarks/EricksonLopez.ValueObjects.Benchmarks/bin/Release/net10.0/EricksonLopez.ValueObjects.Benchmarks-.NET 10.0-1/bin/Release/net10.0
// Failed to set up high priority (Permission denied). In order to run benchmarks with high priority, make sure you have the right permissions.
// BeforeAnythingElse

// Benchmark Process Environment Information:
// BenchmarkDotNet v0.15.8
// Runtime=.NET 10.0.12 (10.0.12, 10.0.1226.42308), X64 RyuJIT x86-64-v3
// GC=Concurrent Workstation
// HardwareIntrinsics=AVX2+BMI1+BMI2+F16C+FMA+LZCNT+MOVBE,AVX,SSE3+SSSE3+SSE4.1+SSE4.2+POPCNT,X86Base+SSE+SSE2,AES+PCLMUL VectorSize=256
// Job: .NET 10.0

OverheadJitting  1: 1 op, 211835.00 ns, 211.8350 us/op
WorkloadJitting  1: 1 op, 324224.00 ns, 324.2240 us/op

OverheadJitting  2: 16 op, 377544.00 ns, 23.5965 us/op
WorkloadJitting  2: 16 op, 346526.00 ns, 21.6579 us/op

WorkloadPilot    1: 16 op, 1583.00 ns, 98.9375 ns/op
WorkloadPilot    2: 32 op, 1734.00 ns, 54.1875 ns/op
WorkloadPilot    3: 64 op, 5780.00 ns, 90.3125 ns/op
WorkloadPilot    4: 128 op, 3266.00 ns, 25.5156 ns/op
WorkloadPilot    5: 256 op, 5190.00 ns, 20.2734 ns/op
WorkloadPilot    6: 512 op, 9057.00 ns, 17.6895 ns/op
WorkloadPilot    7: 1024 op, 17022.00 ns, 16.6230 ns/op
WorkloadPilot    8: 2048 op, 44242.00 ns, 21.6025 ns/op
WorkloadPilot    9: 4096 op, 63238.00 ns, 15.4390 ns/op
WorkloadPilot   10: 8192 op, 126546.00 ns, 15.4475 ns/op
WorkloadPilot   11: 16384 op, 281736.00 ns, 17.1958 ns/op
WorkloadPilot   12: 32768 op, 546149.00 ns, 16.6671 ns/op
WorkloadPilot   13: 65536 op, 1035461.00 ns, 15.7999 ns/op
WorkloadPilot   14: 131072 op, 2041576.00 ns, 15.5760 ns/op
WorkloadPilot   15: 262144 op, 4085859.00 ns, 15.5863 ns/op
WorkloadPilot   16: 524288 op, 8149105.00 ns, 15.5432 ns/op
WorkloadPilot   17: 1048576 op, 16330270.00 ns, 15.5738 ns/op
WorkloadPilot   18: 2097152 op, 32433337.00 ns, 15.4654 ns/op
WorkloadPilot   19: 4194304 op, 64878355.00 ns, 15.4682 ns/op
WorkloadPilot   20: 8388608 op, 58077184.00 ns, 6.9233 ns/op
WorkloadPilot   21: 16777216 op, 42071128.00 ns, 2.5076 ns/op
WorkloadPilot   22: 33554432 op, 83745265.00 ns, 2.4958 ns/op
WorkloadPilot   23: 67108864 op, 169288212.00 ns, 2.5226 ns/op
WorkloadPilot   24: 134217728 op, 339451948.00 ns, 2.5291 ns/op
WorkloadPilot   25: 268435456 op, 674296804.00 ns, 2.5120 ns/op

OverheadWarmup   1: 268435456 op, 772082130.00 ns, 2.8762 ns/op
OverheadWarmup   2: 268435456 op, 471124841.00 ns, 1.7551 ns/op
OverheadWarmup   3: 268435456 op, 476247007.00 ns, 1.7742 ns/op
OverheadWarmup   4: 268435456 op, 469855064.00 ns, 1.7503 ns/op
OverheadWarmup   5: 268435456 op, 470493260.00 ns, 1.7527 ns/op
OverheadWarmup   6: 268435456 op, 473570994.00 ns, 1.7642 ns/op
OverheadWarmup   7: 268435456 op, 471958377.00 ns, 1.7582 ns/op

OverheadActual   1: 268435456 op, 471123400.00 ns, 1.7551 ns/op
OverheadActual   2: 268435456 op, 471174244.00 ns, 1.7553 ns/op
OverheadActual   3: 268435456 op, 471222725.00 ns, 1.7554 ns/op
OverheadActual   4: 268435456 op, 472218612.00 ns, 1.7592 ns/op
OverheadActual   5: 268435456 op, 471889408.00 ns, 1.7579 ns/op
OverheadActual   6: 268435456 op, 472405661.00 ns, 1.7598 ns/op
OverheadActual   7: 268435456 op, 470833810.00 ns, 1.7540 ns/op
OverheadActual   8: 268435456 op, 472467286.00 ns, 1.7601 ns/op
OverheadActual   9: 268435456 op, 472004884.00 ns, 1.7584 ns/op
OverheadActual  10: 268435456 op, 472234362.00 ns, 1.7592 ns/op
OverheadActual  11: 268435456 op, 472340960.00 ns, 1.7596 ns/op
OverheadActual  12: 268435456 op, 471299839.00 ns, 1.7557 ns/op
OverheadActual  13: 268435456 op, 470372070.00 ns, 1.7523 ns/op
OverheadActual  14: 268435456 op, 472789828.00 ns, 1.7613 ns/op
OverheadActual  15: 268435456 op, 473600243.00 ns, 1.7643 ns/op

WorkloadWarmup   1: 268435456 op, 678275917.00 ns, 2.5268 ns/op
WorkloadWarmup   2: 268435456 op, 677244279.00 ns, 2.5229 ns/op
WorkloadWarmup   3: 268435456 op, 673711992.00 ns, 2.5098 ns/op
WorkloadWarmup   4: 268435456 op, 676191135.00 ns, 2.5190 ns/op
WorkloadWarmup   5: 268435456 op, 673346800.00 ns, 2.5084 ns/op
WorkloadWarmup   6: 268435456 op, 675064945.00 ns, 2.5148 ns/op
WorkloadWarmup   7: 268435456 op, 676770515.00 ns, 2.5212 ns/op
WorkloadWarmup   8: 268435456 op, 674986720.00 ns, 2.5145 ns/op

// BeforeActualRun
WorkloadActual   1: 268435456 op, 675408516.00 ns, 2.5161 ns/op
WorkloadActual   2: 268435456 op, 676872045.00 ns, 2.5215 ns/op
WorkloadActual   3: 268435456 op, 673485830.00 ns, 2.5089 ns/op
WorkloadActual   4: 268435456 op, 674788920.00 ns, 2.5138 ns/op
WorkloadActual   5: 268435456 op, 676560964.00 ns, 2.5204 ns/op
WorkloadActual   6: 268435456 op, 671202918.00 ns, 2.5004 ns/op
WorkloadActual   7: 268435456 op, 673621290.00 ns, 2.5094 ns/op
WorkloadActual   8: 268435456 op, 673154308.00 ns, 2.5077 ns/op
WorkloadActual   9: 268435456 op, 677930749.00 ns, 2.5255 ns/op
WorkloadActual  10: 268435456 op, 675850017.00 ns, 2.5177 ns/op
WorkloadActual  11: 268435456 op, 687220176.00 ns, 2.5601 ns/op
WorkloadActual  12: 268435456 op, 675267090.00 ns, 2.5156 ns/op
WorkloadActual  13: 268435456 op, 674996525.00 ns, 2.5146 ns/op
WorkloadActual  14: 268435456 op, 672167307.00 ns, 2.5040 ns/op
WorkloadActual  15: 268435456 op, 674776044.00 ns, 2.5137 ns/op

// AfterActualRun
WorkloadResult   1: 268435456 op, 203403632.00 ns, 0.7577 ns/op
WorkloadResult   2: 268435456 op, 204867161.00 ns, 0.7632 ns/op
WorkloadResult   3: 268435456 op, 201480946.00 ns, 0.7506 ns/op
WorkloadResult   4: 268435456 op, 202784036.00 ns, 0.7554 ns/op
WorkloadResult   5: 268435456 op, 204556080.00 ns, 0.7620 ns/op
WorkloadResult   6: 268435456 op, 199198034.00 ns, 0.7421 ns/op
WorkloadResult   7: 268435456 op, 201616406.00 ns, 0.7511 ns/op
WorkloadResult   8: 268435456 op, 201149424.00 ns, 0.7493 ns/op
WorkloadResult   9: 268435456 op, 205925865.00 ns, 0.7671 ns/op
WorkloadResult  10: 268435456 op, 203845133.00 ns, 0.7594 ns/op
WorkloadResult  11: 268435456 op, 203262206.00 ns, 0.7572 ns/op
WorkloadResult  12: 268435456 op, 202991641.00 ns, 0.7562 ns/op
WorkloadResult  13: 268435456 op, 200162423.00 ns, 0.7457 ns/op
WorkloadResult  14: 268435456 op, 202771160.00 ns, 0.7554 ns/op
// GC:  0 0 0 0 268435456
// Threading:  0 0 268435456

// AfterAll
// Benchmark Process 5052 has exited with code 0.

Mean = 0.755 ns, StdErr = 0.002 ns (0.24%), N = 14, StdDev = 0.007 ns
Min = 0.742 ns, Q1 = 0.751 ns, Median = 0.756 ns, Q3 = 0.759 ns, Max = 0.767 ns
IQR = 0.008 ns, LowerFence = 0.738 ns, UpperFence = 0.771 ns
ConfidenceInterval = [0.747 ns; 0.763 ns] (CI 99.9%), Margin = 0.008 ns (1.03% of Mean)
Skewness = -0.18, Kurtosis = 2.11, MValue = 2

// ** Remained 57 (47.5 %) benchmark(s) to run. Estimated finish 2026-09-13 7:07 (0h 5m from now) **
// **************************
// Benchmark: ValueObjectBenchmarks.Equals_Struct: .NET 10.0(Runtime=.NET 10.0, Toolchain=net10.0)
// *** Execute ***
// Launch: 1 / 1
// Execute: dotnet "EricksonLopez.ValueObjects.Benchmarks-.NET 10.0-1.dll" --anonymousPipes 133 134 --benchmarkName EricksonLopez.ValueObjects.Benchmarks.ValueObjectBenchmarks.Equals_Struct --job ".NET 10.0" --benchmarkId 27 in /home/runner/work/dotnet-value-objects/dotnet-value-objects/benchmarks/EricksonLopez.ValueObjects.Benchmarks/bin/Release/net10.0/EricksonLopez.ValueObjects.Benchmarks-.NET 10.0-1/bin/Release/net10.0
// Failed to set up high priority (Permission denied). In order to run benchmarks with high priority, make sure you have the right permissions.
// BeforeAnythingElse

// Benchmark Process Environment Information:
// BenchmarkDotNet v0.15.8
// Runtime=.NET 10.0.12 (10.0.12, 10.0.1226.42308), X64 RyuJIT x86-64-v3
// GC=Concurrent Workstation
// HardwareIntrinsics=AVX2+BMI1+BMI2+F16C+FMA+LZCNT+MOVBE,AVX,SSE3+SSSE3+SSE4.1+SSE4.2+POPCNT,X86Base+SSE+SSE2,AES+PCLMUL VectorSize=256
// Job: .NET 10.0

OverheadJitting  1: 1 op, 211965.00 ns, 211.9650 us/op
WorkloadJitting  1: 1 op, 241942.00 ns, 241.9420 us/op

OverheadJitting  2: 16 op, 333071.00 ns, 20.8169 us/op
WorkloadJitting  2: 16 op, 321450.00 ns, 20.0906 us/op

WorkloadPilot    1: 16 op, 891.00 ns, 55.6875 ns/op
WorkloadPilot    2: 32 op, 1002.00 ns, 31.3125 ns/op
WorkloadPilot    3: 64 op, 1212.00 ns, 18.9375 ns/op
WorkloadPilot    4: 128 op, 1714.00 ns, 13.3906 ns/op
WorkloadPilot    5: 256 op, 2775.00 ns, 10.8398 ns/op
WorkloadPilot    6: 512 op, 4869.00 ns, 9.5098 ns/op
WorkloadPilot    7: 1024 op, 9117.00 ns, 8.9033 ns/op
WorkloadPilot    8: 2048 op, 17483.00 ns, 8.5366 ns/op
WorkloadPilot    9: 4096 op, 34204.00 ns, 8.3506 ns/op
WorkloadPilot   10: 8192 op, 67856.00 ns, 8.2832 ns/op
WorkloadPilot   11: 16384 op, 134851.00 ns, 8.2307 ns/op
WorkloadPilot   12: 32768 op, 269573.00 ns, 8.2267 ns/op
WorkloadPilot   13: 65536 op, 555266.00 ns, 8.4727 ns/op
WorkloadPilot   14: 131072 op, 1124297.00 ns, 8.5777 ns/op
WorkloadPilot   15: 262144 op, 2216224.00 ns, 8.4542 ns/op
WorkloadPilot   16: 524288 op, 4372296.00 ns, 8.3395 ns/op
WorkloadPilot   17: 1048576 op, 8774717.00 ns, 8.3682 ns/op
WorkloadPilot   18: 2097152 op, 17353760.00 ns, 8.2749 ns/op
WorkloadPilot   19: 4194304 op, 34714802.00 ns, 8.2767 ns/op
WorkloadPilot   20: 8388608 op, 69371305.00 ns, 8.2697 ns/op
WorkloadPilot   21: 16777216 op, 81111454.00 ns, 4.8346 ns/op
WorkloadPilot   22: 33554432 op, 78041036.00 ns, 2.3258 ns/op
WorkloadPilot   23: 67108864 op, 155589494.00 ns, 2.3185 ns/op
WorkloadPilot   24: 134217728 op, 311525614.00 ns, 2.3210 ns/op
WorkloadPilot   25: 268435456 op, 626498207.00 ns, 2.3339 ns/op

OverheadWarmup   1: 268435456 op, 735781388.00 ns, 2.7410 ns/op
OverheadWarmup   2: 268435456 op, 499018575.00 ns, 1.8590 ns/op
OverheadWarmup   3: 268435456 op, 498525646.00 ns, 1.8572 ns/op
OverheadWarmup   4: 268435456 op, 499580794.00 ns, 1.8611 ns/op
OverheadWarmup   5: 268435456 op, 498577864.00 ns, 1.8573 ns/op
OverheadWarmup   6: 268435456 op, 508082460.00 ns, 1.8928 ns/op
OverheadWarmup   7: 268435456 op, 497035256.00 ns, 1.8516 ns/op

OverheadActual   1: 268435456 op, 498553728.00 ns, 1.8573 ns/op
OverheadActual   2: 268435456 op, 497983235.00 ns, 1.8551 ns/op
OverheadActual   3: 268435456 op, 499267881.00 ns, 1.8599 ns/op
OverheadActual   4: 268435456 op, 510439846.00 ns, 1.9015 ns/op
OverheadActual   5: 268435456 op, 497197759.00 ns, 1.8522 ns/op
OverheadActual   6: 268435456 op, 497661201.00 ns, 1.8539 ns/op
OverheadActual   7: 268435456 op, 498269838.00 ns, 1.8562 ns/op
OverheadActual   8: 268435456 op, 499941455.00 ns, 1.8624 ns/op
OverheadActual   9: 268435456 op, 538188590.00 ns, 2.0049 ns/op
OverheadActual  10: 268435456 op, 499335711.00 ns, 1.8602 ns/op
OverheadActual  11: 268435456 op, 497251695.00 ns, 1.8524 ns/op
OverheadActual  12: 268435456 op, 498142197.00 ns, 1.8557 ns/op
OverheadActual  13: 268435456 op, 498805267.00 ns, 1.8582 ns/op
OverheadActual  14: 268435456 op, 497802456.00 ns, 1.8545 ns/op
OverheadActual  15: 268435456 op, 499643930.00 ns, 1.8613 ns/op

WorkloadWarmup   1: 268435456 op, 622961952.00 ns, 2.3207 ns/op
WorkloadWarmup   2: 268435456 op, 622372843.00 ns, 2.3185 ns/op
WorkloadWarmup   3: 268435456 op, 624845054.00 ns, 2.3277 ns/op
WorkloadWarmup   4: 268435456 op, 623884783.00 ns, 2.3242 ns/op
WorkloadWarmup   5: 268435456 op, 622653471.00 ns, 2.3196 ns/op
WorkloadWarmup   6: 268435456 op, 623160110.00 ns, 2.3215 ns/op
WorkloadWarmup   7: 268435456 op, 622305505.00 ns, 2.3183 ns/op

// BeforeActualRun
WorkloadActual   1: 268435456 op, 623174336.00 ns, 2.3215 ns/op
WorkloadActual   2: 268435456 op, 622611016.00 ns, 2.3194 ns/op
WorkloadActual   3: 268435456 op, 622423665.00 ns, 2.3187 ns/op
WorkloadActual   4: 268435456 op, 623603207.00 ns, 2.3231 ns/op
WorkloadActual   5: 268435456 op, 623735714.00 ns, 2.3236 ns/op
WorkloadActual   6: 268435456 op, 622888663.00 ns, 2.3204 ns/op
WorkloadActual   7: 268435456 op, 623804896.00 ns, 2.3239 ns/op
WorkloadActual   8: 268435456 op, 622493286.00 ns, 2.3190 ns/op
WorkloadActual   9: 268435456 op, 622999771.00 ns, 2.3209 ns/op
WorkloadActual  10: 268435456 op, 623314121.00 ns, 2.3220 ns/op
WorkloadActual  11: 268435456 op, 622729570.00 ns, 2.3198 ns/op
WorkloadActual  12: 268435456 op, 622888146.00 ns, 2.3204 ns/op
WorkloadActual  13: 268435456 op, 625731454.00 ns, 2.3310 ns/op
WorkloadActual  14: 268435456 op, 622841448.00 ns, 2.3203 ns/op
WorkloadActual  15: 268435456 op, 622963486.00 ns, 2.3207 ns/op

// AfterActualRun
WorkloadResult   1: 268435456 op, 124620608.00 ns, 0.4642 ns/op
WorkloadResult   2: 268435456 op, 124057288.00 ns, 0.4621 ns/op
WorkloadResult   3: 268435456 op, 123869937.00 ns, 0.4615 ns/op
WorkloadResult   4: 268435456 op, 125049479.00 ns, 0.4658 ns/op
WorkloadResult   5: 268435456 op, 125181986.00 ns, 0.4663 ns/op
WorkloadResult   6: 268435456 op, 124334935.00 ns, 0.4632 ns/op
WorkloadResult   7: 268435456 op, 125251168.00 ns, 0.4666 ns/op
WorkloadResult   8: 268435456 op, 123939558.00 ns, 0.4617 ns/op
WorkloadResult   9: 268435456 op, 124446043.00 ns, 0.4636 ns/op
WorkloadResult  10: 268435456 op, 124760393.00 ns, 0.4648 ns/op
WorkloadResult  11: 268435456 op, 124175842.00 ns, 0.4626 ns/op
WorkloadResult  12: 268435456 op, 124334418.00 ns, 0.4632 ns/op
WorkloadResult  13: 268435456 op, 124287720.00 ns, 0.4630 ns/op
WorkloadResult  14: 268435456 op, 124409758.00 ns, 0.4635 ns/op
// GC:  0 0 0 0 268435456
// Threading:  0 0 268435456

// AfterAll
// Benchmark Process 5071 has exited with code 0.

Mean = 0.464 ns, StdErr = 0.000 ns (0.09%), N = 14, StdDev = 0.002 ns
Min = 0.461 ns, Q1 = 0.463 ns, Median = 0.463 ns, Q3 = 0.465 ns, Max = 0.467 ns
IQR = 0.002 ns, LowerFence = 0.460 ns, UpperFence = 0.468 ns
ConfidenceInterval = [0.462 ns; 0.466 ns] (CI 99.9%), Margin = 0.002 ns (0.40% of Mean)
Skewness = 0.43, Kurtosis = 1.84, MValue = 2

// ** Remained 56 (46.7 %) benchmark(s) to run. Estimated finish 2026-09-13 7:08 (0h 5m from now) **
// **************************
// Benchmark: ValueObjectBenchmarks.Equals_RecordStruct: .NET 10.0(Runtime=.NET 10.0, Toolchain=net10.0)
// *** Execute ***
// Launch: 1 / 1
// Execute: dotnet "EricksonLopez.ValueObjects.Benchmarks-.NET 10.0-1.dll" --anonymousPipes 133 134 --benchmarkName EricksonLopez.ValueObjects.Benchmarks.ValueObjectBenchmarks.Equals_RecordStruct --job ".NET 10.0" --benchmarkId 28 in /home/runner/work/dotnet-value-objects/dotnet-value-objects/benchmarks/EricksonLopez.ValueObjects.Benchmarks/bin/Release/net10.0/EricksonLopez.ValueObjects.Benchmarks-.NET 10.0-1/bin/Release/net10.0
// Failed to set up high priority (Permission denied). In order to run benchmarks with high priority, make sure you have the right permissions.
// BeforeAnythingElse

// Benchmark Process Environment Information:
// BenchmarkDotNet v0.15.8
// Runtime=.NET 10.0.12 (10.0.12, 10.0.1226.42308), X64 RyuJIT x86-64-v3
// GC=Concurrent Workstation
// HardwareIntrinsics=AVX2+BMI1+BMI2+F16C+FMA+LZCNT+MOVBE,AVX,SSE3+SSSE3+SSE4.1+SSE4.2+POPCNT,X86Base+SSE+SSE2,AES+PCLMUL VectorSize=256
// Job: .NET 10.0

OverheadJitting  1: 1 op, 212397.00 ns, 212.3970 us/op
WorkloadJitting  1: 1 op, 265004.00 ns, 265.0040 us/op

OverheadJitting  2: 16 op, 356245.00 ns, 22.2653 us/op
WorkloadJitting  2: 16 op, 322221.00 ns, 20.1388 us/op

WorkloadPilot    1: 16 op, 1393.00 ns, 87.0625 ns/op
WorkloadPilot    2: 32 op, 1353.00 ns, 42.2813 ns/op
WorkloadPilot    3: 64 op, 1663.00 ns, 25.9844 ns/op
WorkloadPilot    4: 128 op, 2234.00 ns, 17.4531 ns/op
WorkloadPilot    5: 256 op, 3587.00 ns, 14.0117 ns/op
WorkloadPilot    6: 512 op, 6102.00 ns, 11.9180 ns/op
WorkloadPilot    7: 1024 op, 11361.00 ns, 11.0947 ns/op
WorkloadPilot    8: 2048 op, 21630.00 ns, 10.5615 ns/op
WorkloadPilot    9: 4096 op, 42008.00 ns, 10.2559 ns/op
WorkloadPilot   10: 8192 op, 83104.00 ns, 10.1445 ns/op
WorkloadPilot   11: 16384 op, 165038.00 ns, 10.0731 ns/op
WorkloadPilot   12: 32768 op, 329085.00 ns, 10.0429 ns/op
WorkloadPilot   13: 65536 op, 657066.00 ns, 10.0260 ns/op
WorkloadPilot   14: 131072 op, 1366922.00 ns, 10.4288 ns/op
WorkloadPilot   15: 262144 op, 2676546.00 ns, 10.2102 ns/op
WorkloadPilot   16: 524288 op, 5501280.00 ns, 10.4929 ns/op
WorkloadPilot   17: 1048576 op, 10669728.00 ns, 10.1754 ns/op
WorkloadPilot   18: 2097152 op, 21210086.00 ns, 10.1138 ns/op
WorkloadPilot   19: 4194304 op, 42397730.00 ns, 10.1084 ns/op
WorkloadPilot   20: 8388608 op, 81660006.00 ns, 9.7346 ns/op
WorkloadPilot   21: 16777216 op, 36334972.00 ns, 2.1657 ns/op
WorkloadPilot   22: 33554432 op, 73265044.00 ns, 2.1835 ns/op
WorkloadPilot   23: 67108864 op, 146110165.00 ns, 2.1772 ns/op
WorkloadPilot   24: 134217728 op, 293868387.00 ns, 2.1895 ns/op
WorkloadPilot   25: 268435456 op, 587021006.00 ns, 2.1868 ns/op

OverheadWarmup   1: 268435456 op, 735023654.00 ns, 2.7382 ns/op
OverheadWarmup   2: 268435456 op, 497027006.00 ns, 1.8516 ns/op
OverheadWarmup   3: 268435456 op, 497879724.00 ns, 1.8547 ns/op
OverheadWarmup   4: 268435456 op, 496379815.00 ns, 1.8492 ns/op
OverheadWarmup   5: 268435456 op, 497883551.00 ns, 1.8548 ns/op
OverheadWarmup   6: 268435456 op, 497537667.00 ns, 1.8535 ns/op

OverheadActual   1: 268435456 op, 498186747.00 ns, 1.8559 ns/op
OverheadActual   2: 268435456 op, 499045328.00 ns, 1.8591 ns/op
OverheadActual   3: 268435456 op, 498348078.00 ns, 1.8565 ns/op
OverheadActual   4: 268435456 op, 497013839.00 ns, 1.8515 ns/op
OverheadActual   5: 268435456 op, 498005389.00 ns, 1.8552 ns/op
OverheadActual   6: 268435456 op, 503977524.00 ns, 1.8775 ns/op
OverheadActual   7: 268435456 op, 497041731.00 ns, 1.8516 ns/op
OverheadActual   8: 268435456 op, 496040533.00 ns, 1.8479 ns/op
OverheadActual   9: 268435456 op, 498284910.00 ns, 1.8563 ns/op
OverheadActual  10: 268435456 op, 495825332.00 ns, 1.8471 ns/op
OverheadActual  11: 268435456 op, 497743390.00 ns, 1.8542 ns/op
OverheadActual  12: 268435456 op, 518268447.00 ns, 1.9307 ns/op
OverheadActual  13: 268435456 op, 496818625.00 ns, 1.8508 ns/op
OverheadActual  14: 268435456 op, 498335194.00 ns, 1.8564 ns/op
OverheadActual  15: 268435456 op, 496659408.00 ns, 1.8502 ns/op

WorkloadWarmup   1: 268435456 op, 587970091.00 ns, 2.1904 ns/op
WorkloadWarmup   2: 268435456 op, 587117360.00 ns, 2.1872 ns/op
WorkloadWarmup   3: 268435456 op, 587199594.00 ns, 2.1875 ns/op
WorkloadWarmup   4: 268435456 op, 586035783.00 ns, 2.1832 ns/op
WorkloadWarmup   5: 268435456 op, 589682776.00 ns, 2.1967 ns/op
WorkloadWarmup   6: 268435456 op, 586368583.00 ns, 2.1844 ns/op

// BeforeActualRun
WorkloadActual   1: 268435456 op, 628352653.00 ns, 2.3408 ns/op
WorkloadActual   2: 268435456 op, 583546859.00 ns, 2.1739 ns/op
WorkloadActual   3: 268435456 op, 589974099.00 ns, 2.1978 ns/op
WorkloadActual   4: 268435456 op, 584126893.00 ns, 2.1760 ns/op
WorkloadActual   5: 268435456 op, 585319456.00 ns, 2.1805 ns/op
WorkloadActual   6: 268435456 op, 585459928.00 ns, 2.1810 ns/op
WorkloadActual   7: 268435456 op, 586112165.00 ns, 2.1834 ns/op
WorkloadActual   8: 268435456 op, 588013718.00 ns, 2.1905 ns/op
WorkloadActual   9: 268435456 op, 589867893.00 ns, 2.1974 ns/op
WorkloadActual  10: 268435456 op, 584362063.00 ns, 2.1769 ns/op
WorkloadActual  11: 268435456 op, 588258532.00 ns, 2.1914 ns/op
WorkloadActual  12: 268435456 op, 586250846.00 ns, 2.1840 ns/op
WorkloadActual  13: 268435456 op, 583596262.00 ns, 2.1741 ns/op
WorkloadActual  14: 268435456 op, 584741571.00 ns, 2.1783 ns/op
WorkloadActual  15: 268435456 op, 585210807.00 ns, 2.1801 ns/op

// AfterActualRun
WorkloadResult   1: 268435456 op, 85541470.00 ns, 0.3187 ns/op
WorkloadResult   2: 268435456 op, 91968710.00 ns, 0.3426 ns/op
WorkloadResult   3: 268435456 op, 86121504.00 ns, 0.3208 ns/op
WorkloadResult   4: 268435456 op, 87314067.00 ns, 0.3253 ns/op
WorkloadResult   5: 268435456 op, 87454539.00 ns, 0.3258 ns/op
WorkloadResult   6: 268435456 op, 88106776.00 ns, 0.3282 ns/op
WorkloadResult   7: 268435456 op, 90008329.00 ns, 0.3353 ns/op
WorkloadResult   8: 268435456 op, 91862504.00 ns, 0.3422 ns/op
WorkloadResult   9: 268435456 op, 86356674.00 ns, 0.3217 ns/op
WorkloadResult  10: 268435456 op, 90253143.00 ns, 0.3362 ns/op
WorkloadResult  11: 268435456 op, 88245457.00 ns, 0.3287 ns/op
WorkloadResult  12: 268435456 op, 85590873.00 ns, 0.3189 ns/op
WorkloadResult  13: 268435456 op, 86736182.00 ns, 0.3231 ns/op
WorkloadResult  14: 268435456 op, 87205418.00 ns, 0.3249 ns/op
// GC:  0 0 0 0 268435456
// Threading:  0 0 268435456

// AfterAll
// Benchmark Process 5090 has exited with code 0.

Mean = 0.328 ns, StdErr = 0.002 ns (0.66%), N = 14, StdDev = 0.008 ns
Min = 0.319 ns, Q1 = 0.322 ns, Median = 0.326 ns, Q3 = 0.334 ns, Max = 0.343 ns
IQR = 0.012 ns, LowerFence = 0.305 ns, UpperFence = 0.351 ns
ConfidenceInterval = [0.319 ns; 0.337 ns] (CI 99.9%), Margin = 0.009 ns (2.77% of Mean)
Skewness = 0.61, Kurtosis = 1.91, MValue = 2.5

// ** Remained 55 (45.8 %) benchmark(s) to run. Estimated finish 2026-09-13 7:09 (0h 6m from now) **
// **************************
// Benchmark: ValueObjectBenchmarks.Domain_Equals_Money: .NET 10.0(Runtime=.NET 10.0, Toolchain=net10.0)
// *** Execute ***
// Launch: 1 / 1
// Execute: dotnet "EricksonLopez.ValueObjects.Benchmarks-.NET 10.0-1.dll" --anonymousPipes 133 134 --benchmarkName EricksonLopez.ValueObjects.Benchmarks.ValueObjectBenchmarks.Domain_Equals_Money --job ".NET 10.0" --benchmarkId 29 in /home/runner/work/dotnet-value-objects/dotnet-value-objects/benchmarks/EricksonLopez.ValueObjects.Benchmarks/bin/Release/net10.0/EricksonLopez.ValueObjects.Benchmarks-.NET 10.0-1/bin/Release/net10.0
// Failed to set up high priority (Permission denied). In order to run benchmarks with high priority, make sure you have the right permissions.
// BeforeAnythingElse

// Benchmark Process Environment Information:
// BenchmarkDotNet v0.15.8
// Runtime=.NET 10.0.12 (10.0.12, 10.0.1226.42308), X64 RyuJIT x86-64-v3
// GC=Concurrent Workstation
// HardwareIntrinsics=AVX2+BMI1+BMI2+F16C+FMA+LZCNT+MOVBE,AVX,SSE3+SSSE3+SSE4.1+SSE4.2+POPCNT,X86Base+SSE+SSE2,AES+PCLMUL VectorSize=256
// Job: .NET 10.0

OverheadJitting  1: 1 op, 222084.00 ns, 222.0840 us/op
WorkloadJitting  1: 1 op, 589941.00 ns, 589.9410 us/op

OverheadJitting  2: 16 op, 332570.00 ns, 20.7856 us/op
WorkloadJitting  2: 16 op, 356605.00 ns, 22.2878 us/op

WorkloadPilot    1: 16 op, 1904.00 ns, 119.0000 ns/op
WorkloadPilot    2: 32 op, 2355.00 ns, 73.5938 ns/op
WorkloadPilot    3: 64 op, 2405.00 ns, 37.5781 ns/op
WorkloadPilot    4: 128 op, 3677.00 ns, 28.7266 ns/op
WorkloadPilot    5: 256 op, 6161.00 ns, 24.0664 ns/op
WorkloadPilot    6: 512 op, 11552.00 ns, 22.5625 ns/op
WorkloadPilot    7: 1024 op, 21860.00 ns, 21.3477 ns/op
WorkloadPilot    8: 2048 op, 43070.00 ns, 21.0303 ns/op
WorkloadPilot    9: 4096 op, 84978.00 ns, 20.7466 ns/op
WorkloadPilot   10: 8192 op, 195254.00 ns, 23.8347 ns/op
WorkloadPilot   11: 16384 op, 336818.00 ns, 20.5577 ns/op
WorkloadPilot   12: 32768 op, 695017.00 ns, 21.2102 ns/op
WorkloadPilot   13: 65536 op, 1387679.00 ns, 21.1743 ns/op
WorkloadPilot   14: 131072 op, 2761611.00 ns, 21.0694 ns/op
WorkloadPilot   15: 262144 op, 5438295.00 ns, 20.7454 ns/op
WorkloadPilot   16: 524288 op, 10852063.00 ns, 20.6987 ns/op
WorkloadPilot   17: 1048576 op, 21791539.00 ns, 20.7820 ns/op
WorkloadPilot   18: 2097152 op, 43400959.00 ns, 20.6952 ns/op
WorkloadPilot   19: 4194304 op, 86948874.00 ns, 20.7302 ns/op
WorkloadPilot   20: 8388608 op, 124451639.00 ns, 14.8358 ns/op
WorkloadPilot   21: 16777216 op, 117822933.00 ns, 7.0228 ns/op
WorkloadPilot   22: 33554432 op, 234195793.00 ns, 6.9796 ns/op
WorkloadPilot   23: 67108864 op, 468161897.00 ns, 6.9762 ns/op
WorkloadPilot   24: 134217728 op, 935710559.00 ns, 6.9716 ns/op

OverheadWarmup   1: 134217728 op, 343969992.00 ns, 2.5628 ns/op
OverheadWarmup   2: 134217728 op, 249449907.00 ns, 1.8585 ns/op
OverheadWarmup   3: 134217728 op, 248555692.00 ns, 1.8519 ns/op
OverheadWarmup   4: 134217728 op, 248859301.00 ns, 1.8541 ns/op
OverheadWarmup   5: 134217728 op, 248572386.00 ns, 1.8520 ns/op
OverheadWarmup   6: 134217728 op, 248264391.00 ns, 1.8497 ns/op
OverheadWarmup   7: 134217728 op, 249900994.00 ns, 1.8619 ns/op
OverheadWarmup   8: 134217728 op, 248944286.00 ns, 1.8548 ns/op

OverheadActual   1: 134217728 op, 249297569.00 ns, 1.8574 ns/op
OverheadActual   2: 134217728 op, 249104358.00 ns, 1.8560 ns/op
OverheadActual   3: 134217728 op, 248824486.00 ns, 1.8539 ns/op
OverheadActual   4: 134217728 op, 250300800.00 ns, 1.8649 ns/op
OverheadActual   5: 134217728 op, 249285285.00 ns, 1.8573 ns/op
OverheadActual   6: 134217728 op, 251057633.00 ns, 1.8705 ns/op
OverheadActual   7: 134217728 op, 248579899.00 ns, 1.8521 ns/op
OverheadActual   8: 134217728 op, 249647241.00 ns, 1.8600 ns/op
OverheadActual   9: 134217728 op, 249195298.00 ns, 1.8566 ns/op
OverheadActual  10: 134217728 op, 248714761.00 ns, 1.8531 ns/op
OverheadActual  11: 134217728 op, 249598469.00 ns, 1.8597 ns/op
OverheadActual  12: 134217728 op, 248862897.00 ns, 1.8542 ns/op
OverheadActual  13: 134217728 op, 249614590.00 ns, 1.8598 ns/op
OverheadActual  14: 134217728 op, 249346600.00 ns, 1.8578 ns/op
OverheadActual  15: 134217728 op, 249868664.00 ns, 1.8617 ns/op

WorkloadWarmup   1: 134217728 op, 953542941.00 ns, 7.1044 ns/op
WorkloadWarmup   2: 134217728 op, 936101134.00 ns, 6.9745 ns/op
WorkloadWarmup   3: 134217728 op, 937322850.00 ns, 6.9836 ns/op
WorkloadWarmup   4: 134217728 op, 936523122.00 ns, 6.9776 ns/op
WorkloadWarmup   5: 134217728 op, 938197651.00 ns, 6.9901 ns/op
WorkloadWarmup   6: 134217728 op, 935769311.00 ns, 6.9720 ns/op

// BeforeActualRun
WorkloadActual   1: 134217728 op, 936827324.00 ns, 6.9799 ns/op
WorkloadActual   2: 134217728 op, 937006980.00 ns, 6.9812 ns/op
WorkloadActual   3: 134217728 op, 936438439.00 ns, 6.9770 ns/op
WorkloadActual   4: 134217728 op, 936272279.00 ns, 6.9758 ns/op
WorkloadActual   5: 134217728 op, 936034887.00 ns, 6.9740 ns/op
WorkloadActual   6: 134217728 op, 935549159.00 ns, 6.9704 ns/op
WorkloadActual   7: 134217728 op, 936221771.00 ns, 6.9754 ns/op
WorkloadActual   8: 134217728 op, 935798952.00 ns, 6.9722 ns/op
WorkloadActual   9: 134217728 op, 935611533.00 ns, 6.9708 ns/op
WorkloadActual  10: 134217728 op, 938990475.00 ns, 6.9960 ns/op
WorkloadActual  11: 134217728 op, 936157372.00 ns, 6.9749 ns/op
WorkloadActual  12: 134217728 op, 936191425.00 ns, 6.9752 ns/op
WorkloadActual  13: 134217728 op, 935677236.00 ns, 6.9713 ns/op
WorkloadActual  14: 134217728 op, 936068375.00 ns, 6.9743 ns/op
WorkloadActual  15: 134217728 op, 938599740.00 ns, 6.9931 ns/op

// AfterActualRun
WorkloadResult   1: 134217728 op, 687529755.00 ns, 5.1225 ns/op
WorkloadResult   2: 134217728 op, 687709411.00 ns, 5.1238 ns/op
WorkloadResult   3: 134217728 op, 687140870.00 ns, 5.1196 ns/op
WorkloadResult   4: 134217728 op, 686974710.00 ns, 5.1184 ns/op
WorkloadResult   5: 134217728 op, 686737318.00 ns, 5.1166 ns/op
WorkloadResult   6: 134217728 op, 686251590.00 ns, 5.1130 ns/op
WorkloadResult   7: 134217728 op, 686924202.00 ns, 5.1180 ns/op
WorkloadResult   8: 134217728 op, 686501383.00 ns, 5.1148 ns/op
WorkloadResult   9: 134217728 op, 686313964.00 ns, 5.1134 ns/op
WorkloadResult  10: 134217728 op, 686859803.00 ns, 5.1175 ns/op
WorkloadResult  11: 134217728 op, 686893856.00 ns, 5.1178 ns/op
WorkloadResult  12: 134217728 op, 686379667.00 ns, 5.1139 ns/op
WorkloadResult  13: 134217728 op, 686770806.00 ns, 5.1168 ns/op
// GC:  0 0 0 0 134217728
// Threading:  0 0 134217728

// AfterAll
// Benchmark Process 5110 has exited with code 0.

Mean = 5.117 ns, StdErr = 0.001 ns (0.02%), N = 13, StdDev = 0.003 ns
Min = 5.113 ns, Q1 = 5.115 ns, Median = 5.118 ns, Q3 = 5.118 ns, Max = 5.124 ns
IQR = 0.004 ns, LowerFence = 5.110 ns, UpperFence = 5.124 ns
ConfidenceInterval = [5.113 ns; 5.121 ns] (CI 99.9%), Margin = 0.004 ns (0.08% of Mean)
Skewness = 0.45, Kurtosis = 2.17, MValue = 2

// ** Remained 54 (45.0 %) benchmark(s) to run. Estimated finish 2026-09-13 7:09 (0h 6m from now) **
// **************************
// Benchmark: ValueObjectBenchmarks.HashCode_Class: .NET 10.0(Runtime=.NET 10.0, Toolchain=net10.0)
// *** Execute ***
// Launch: 1 / 1
// Execute: dotnet "EricksonLopez.ValueObjects.Benchmarks-.NET 10.0-1.dll" --anonymousPipes 133 134 --benchmarkName EricksonLopez.ValueObjects.Benchmarks.ValueObjectBenchmarks.HashCode_Class --job ".NET 10.0" --benchmarkId 30 in /home/runner/work/dotnet-value-objects/dotnet-value-objects/benchmarks/EricksonLopez.ValueObjects.Benchmarks/bin/Release/net10.0/EricksonLopez.ValueObjects.Benchmarks-.NET 10.0-1/bin/Release/net10.0
// Failed to set up high priority (Permission denied). In order to run benchmarks with high priority, make sure you have the right permissions.
// BeforeAnythingElse

// Benchmark Process Environment Information:
// BenchmarkDotNet v0.15.8
// Runtime=.NET 10.0.12 (10.0.12, 10.0.1226.42308), X64 RyuJIT x86-64-v3
// GC=Concurrent Workstation
// HardwareIntrinsics=AVX2+BMI1+BMI2+F16C+FMA+LZCNT+MOVBE,AVX,SSE3+SSSE3+SSE4.1+SSE4.2+POPCNT,X86Base+SSE+SSE2,AES+PCLMUL VectorSize=256
// Job: .NET 10.0

OverheadJitting  1: 1 op, 222786.00 ns, 222.7860 us/op
WorkloadJitting  1: 1 op, 192900.00 ns, 192.9000 us/op

OverheadJitting  2: 16 op, 328443.00 ns, 20.5277 us/op
WorkloadJitting  2: 16 op, 320348.00 ns, 20.0218 us/op

WorkloadPilot    1: 16 op, 1323.00 ns, 82.6875 ns/op
WorkloadPilot    2: 32 op, 1573.00 ns, 49.1563 ns/op
WorkloadPilot    3: 64 op, 3276.00 ns, 51.1875 ns/op
WorkloadPilot    4: 128 op, 5290.00 ns, 41.3281 ns/op
WorkloadPilot    5: 256 op, 9338.00 ns, 36.4766 ns/op
WorkloadPilot    6: 512 op, 17352.00 ns, 33.8906 ns/op
WorkloadPilot    7: 1024 op, 25257.00 ns, 24.6650 ns/op
WorkloadPilot    8: 2048 op, 49683.00 ns, 24.2593 ns/op
WorkloadPilot    9: 4096 op, 101910.00 ns, 24.8804 ns/op
WorkloadPilot   10: 8192 op, 229258.00 ns, 27.9856 ns/op
WorkloadPilot   11: 16384 op, 427077.00 ns, 26.0667 ns/op
WorkloadPilot   12: 32768 op, 827463.00 ns, 25.2522 ns/op
WorkloadPilot   13: 65536 op, 1658695.00 ns, 25.3097 ns/op
WorkloadPilot   14: 131072 op, 3278286.00 ns, 25.0113 ns/op
WorkloadPilot   15: 262144 op, 6552063.00 ns, 24.9941 ns/op
WorkloadPilot   16: 524288 op, 13058128.00 ns, 24.9064 ns/op
WorkloadPilot   17: 1048576 op, 26026401.00 ns, 24.8207 ns/op
WorkloadPilot   18: 2097152 op, 51558659.00 ns, 24.5851 ns/op
WorkloadPilot   19: 4194304 op, 98576150.00 ns, 23.5024 ns/op
WorkloadPilot   20: 8388608 op, 172387537.00 ns, 20.5502 ns/op
WorkloadPilot   21: 16777216 op, 344859300.00 ns, 20.5552 ns/op
WorkloadPilot   22: 33554432 op, 689977564.00 ns, 20.5629 ns/op

OverheadWarmup   1: 33554432 op, 77798878.00 ns, 2.3186 ns/op
OverheadWarmup   2: 33554432 op, 77765547.00 ns, 2.3176 ns/op
OverheadWarmup   3: 33554432 op, 86377632.00 ns, 2.5743 ns/op
OverheadWarmup   4: 33554432 op, 56748250.00 ns, 1.6912 ns/op
OverheadWarmup   5: 33554432 op, 56859668.00 ns, 1.6946 ns/op
OverheadWarmup   6: 33554432 op, 56873874.00 ns, 1.6950 ns/op
OverheadWarmup   7: 33554432 op, 56767206.00 ns, 1.6918 ns/op

OverheadActual   1: 33554432 op, 56865439.00 ns, 1.6947 ns/op
OverheadActual   2: 33554432 op, 56775150.00 ns, 1.6920 ns/op
OverheadActual   3: 33554432 op, 56746366.00 ns, 1.6912 ns/op
OverheadActual   4: 33554432 op, 57210572.00 ns, 1.7050 ns/op
OverheadActual   5: 33554432 op, 56772455.00 ns, 1.6920 ns/op
OverheadActual   6: 33554432 op, 56794516.00 ns, 1.6926 ns/op
OverheadActual   7: 33554432 op, 57018143.00 ns, 1.6993 ns/op
OverheadActual   8: 33554432 op, 56742659.00 ns, 1.6911 ns/op
OverheadActual   9: 33554432 op, 56750804.00 ns, 1.6913 ns/op
OverheadActual  10: 33554432 op, 56934136.00 ns, 1.6968 ns/op
OverheadActual  11: 33554432 op, 56818331.00 ns, 1.6933 ns/op
OverheadActual  12: 33554432 op, 56934507.00 ns, 1.6968 ns/op
OverheadActual  13: 33554432 op, 56969503.00 ns, 1.6978 ns/op
OverheadActual  14: 33554432 op, 56719437.00 ns, 1.6904 ns/op
OverheadActual  15: 33554432 op, 56750484.00 ns, 1.6913 ns/op

WorkloadWarmup   1: 33554432 op, 691882207.00 ns, 20.6197 ns/op
WorkloadWarmup   2: 33554432 op, 689855317.00 ns, 20.5593 ns/op
WorkloadWarmup   3: 33554432 op, 689678847.00 ns, 20.5540 ns/op
WorkloadWarmup   4: 33554432 op, 689735333.00 ns, 20.5557 ns/op
WorkloadWarmup   5: 33554432 op, 689925147.00 ns, 20.5614 ns/op
WorkloadWarmup   6: 33554432 op, 689580429.00 ns, 20.5511 ns/op
WorkloadWarmup   7: 33554432 op, 692036437.00 ns, 20.6243 ns/op
WorkloadWarmup   8: 33554432 op, 690328164.00 ns, 20.5734 ns/op

// BeforeActualRun
WorkloadActual   1: 33554432 op, 689978091.00 ns, 20.5629 ns/op
WorkloadActual   2: 33554432 op, 690195035.00 ns, 20.5694 ns/op
WorkloadActual   3: 33554432 op, 690296405.00 ns, 20.5724 ns/op
WorkloadActual   4: 33554432 op, 689797013.00 ns, 20.5576 ns/op
WorkloadActual   5: 33554432 op, 690118492.00 ns, 20.5671 ns/op
WorkloadActual   6: 33554432 op, 690133120.00 ns, 20.5676 ns/op
WorkloadActual   7: 33554432 op, 690977816.00 ns, 20.5927 ns/op
WorkloadActual   8: 33554432 op, 693120848.00 ns, 20.6566 ns/op
WorkloadActual   9: 33554432 op, 689979952.00 ns, 20.5630 ns/op
WorkloadActual  10: 33554432 op, 689956505.00 ns, 20.5623 ns/op
WorkloadActual  11: 33554432 op, 689741494.00 ns, 20.5559 ns/op
WorkloadActual  12: 33554432 op, 689772843.00 ns, 20.5568 ns/op
WorkloadActual  13: 33554432 op, 689906632.00 ns, 20.5608 ns/op
WorkloadActual  14: 33554432 op, 689859935.00 ns, 20.5594 ns/op
WorkloadActual  15: 33554432 op, 690047535.00 ns, 20.5650 ns/op

// AfterActualRun
WorkloadResult   1: 33554432 op, 633183575.00 ns, 18.8703 ns/op
WorkloadResult   2: 33554432 op, 633400519.00 ns, 18.8768 ns/op
WorkloadResult   3: 33554432 op, 633501889.00 ns, 18.8798 ns/op
WorkloadResult   4: 33554432 op, 633002497.00 ns, 18.8649 ns/op
WorkloadResult   5: 33554432 op, 633323976.00 ns, 18.8745 ns/op
WorkloadResult   6: 33554432 op, 633338604.00 ns, 18.8750 ns/op
WorkloadResult   7: 33554432 op, 633185436.00 ns, 18.8704 ns/op
WorkloadResult   8: 33554432 op, 633161989.00 ns, 18.8697 ns/op
WorkloadResult   9: 33554432 op, 632946978.00 ns, 18.8633 ns/op
WorkloadResult  10: 33554432 op, 632978327.00 ns, 18.8642 ns/op
WorkloadResult  11: 33554432 op, 633112116.00 ns, 18.8682 ns/op
WorkloadResult  12: 33554432 op, 633065419.00 ns, 18.8668 ns/op
WorkloadResult  13: 33554432 op, 633253019.00 ns, 18.8724 ns/op
// GC:  0 0 0 0 33554432
// Threading:  0 0 33554432

// AfterAll
// Benchmark Process 5150 has exited with code 0.

Mean = 18.870 ns, StdErr = 0.001 ns (0.01%), N = 13, StdDev = 0.005 ns
Min = 18.863 ns, Q1 = 18.867 ns, Median = 18.870 ns, Q3 = 18.875 ns, Max = 18.880 ns
IQR = 0.008 ns, LowerFence = 18.855 ns, UpperFence = 18.886 ns
ConfidenceInterval = [18.864 ns; 18.877 ns] (CI 99.9%), Margin = 0.006 ns (0.03% of Mean)
Skewness = 0.22, Kurtosis = 1.78, MValue = 2

// ** Remained 53 (44.2 %) benchmark(s) to run. Estimated finish 2026-09-13 7:10 (0h 6m from now) **
// **************************
// Benchmark: ValueObjectBenchmarks.HashCode_RecordClass: .NET 10.0(Runtime=.NET 10.0, Toolchain=net10.0)
// *** Execute ***
// Launch: 1 / 1
// Execute: dotnet "EricksonLopez.ValueObjects.Benchmarks-.NET 10.0-1.dll" --anonymousPipes 133 134 --benchmarkName EricksonLopez.ValueObjects.Benchmarks.ValueObjectBenchmarks.HashCode_RecordClass --job ".NET 10.0" --benchmarkId 31 in /home/runner/work/dotnet-value-objects/dotnet-value-objects/benchmarks/EricksonLopez.ValueObjects.Benchmarks/bin/Release/net10.0/EricksonLopez.ValueObjects.Benchmarks-.NET 10.0-1/bin/Release/net10.0
// Failed to set up high priority (Permission denied). In order to run benchmarks with high priority, make sure you have the right permissions.
// BeforeAnythingElse

// Benchmark Process Environment Information:
// BenchmarkDotNet v0.15.8
// Runtime=.NET 10.0.12 (10.0.12, 10.0.1226.42308), X64 RyuJIT x86-64-v3
// GC=Concurrent Workstation
// HardwareIntrinsics=AVX2+BMI1+BMI2+F16C+FMA+LZCNT+MOVBE,AVX,SSE3+SSSE3+SSE4.1+SSE4.2+POPCNT,X86Base+SSE+SSE2,AES+PCLMUL VectorSize=256
// Job: .NET 10.0

OverheadJitting  1: 1 op, 238786.00 ns, 238.7860 us/op
WorkloadJitting  1: 1 op, 190816.00 ns, 190.8160 us/op

OverheadJitting  2: 16 op, 351946.00 ns, 21.9966 us/op
WorkloadJitting  2: 16 op, 350995.00 ns, 21.9372 us/op

WorkloadPilot    1: 16 op, 2565.00 ns, 160.3125 ns/op
WorkloadPilot    2: 32 op, 2785.00 ns, 87.0313 ns/op
WorkloadPilot    3: 64 op, 3898.00 ns, 60.9063 ns/op
WorkloadPilot    4: 128 op, 6271.00 ns, 48.9922 ns/op
WorkloadPilot    5: 256 op, 11061.00 ns, 43.2070 ns/op
WorkloadPilot    6: 512 op, 20538.00 ns, 40.1133 ns/op
WorkloadPilot    7: 1024 op, 39434.00 ns, 38.5098 ns/op
WorkloadPilot    8: 2048 op, 76693.00 ns, 37.4478 ns/op
WorkloadPilot    9: 4096 op, 179515.00 ns, 43.8269 ns/op
WorkloadPilot   10: 8192 op, 321920.00 ns, 39.2969 ns/op
WorkloadPilot   11: 16384 op, 621870.00 ns, 37.9559 ns/op
WorkloadPilot   12: 32768 op, 1240755.00 ns, 37.8648 ns/op
WorkloadPilot   13: 65536 op, 2470388.00 ns, 37.6951 ns/op
WorkloadPilot   14: 131072 op, 4884261.00 ns, 37.2640 ns/op
WorkloadPilot   15: 262144 op, 9767851.00 ns, 37.2614 ns/op
WorkloadPilot   16: 524288 op, 19528149.00 ns, 37.2470 ns/op
WorkloadPilot   17: 1048576 op, 39266180.00 ns, 37.4471 ns/op
WorkloadPilot   18: 2097152 op, 78407817.00 ns, 37.3878 ns/op
WorkloadPilot   19: 4194304 op, 111210921.00 ns, 26.5147 ns/op
WorkloadPilot   20: 8388608 op, 202974894.00 ns, 24.1965 ns/op
WorkloadPilot   21: 16777216 op, 405801392.00 ns, 24.1876 ns/op
WorkloadPilot   22: 33554432 op, 810101462.00 ns, 24.1429 ns/op

OverheadWarmup   1: 33554432 op, 77755330.00 ns, 2.3173 ns/op
OverheadWarmup   2: 33554432 op, 77775548.00 ns, 2.3179 ns/op
OverheadWarmup   3: 33554432 op, 77800374.00 ns, 2.3186 ns/op
OverheadWarmup   4: 33554432 op, 80388793.00 ns, 2.3958 ns/op
OverheadWarmup   5: 33554432 op, 56931364.00 ns, 1.6967 ns/op
OverheadWarmup   6: 33554432 op, 57101621.00 ns, 1.7018 ns/op
OverheadWarmup   7: 33554432 op, 56857045.00 ns, 1.6945 ns/op

OverheadActual   1: 33554432 op, 56875250.00 ns, 1.6950 ns/op
OverheadActual   2: 33554432 op, 56839763.00 ns, 1.6940 ns/op
OverheadActual   3: 33554432 op, 56787566.00 ns, 1.6924 ns/op
OverheadActual   4: 33554432 op, 56876110.00 ns, 1.6950 ns/op
OverheadActual   5: 33554432 op, 56751278.00 ns, 1.6913 ns/op
OverheadActual   6: 33554432 op, 56799388.00 ns, 1.6928 ns/op
OverheadActual   7: 33554432 op, 57583720.00 ns, 1.7161 ns/op
OverheadActual   8: 33554432 op, 56774150.00 ns, 1.6920 ns/op
OverheadActual   9: 33554432 op, 56894954.00 ns, 1.6956 ns/op
OverheadActual  10: 33554432 op, 56900483.00 ns, 1.6958 ns/op
OverheadActual  11: 33554432 op, 56804043.00 ns, 1.6929 ns/op
OverheadActual  12: 33554432 op, 56770140.00 ns, 1.6919 ns/op
OverheadActual  13: 33554432 op, 56999859.00 ns, 1.6987 ns/op
OverheadActual  14: 33554432 op, 56831665.00 ns, 1.6937 ns/op
OverheadActual  15: 33554432 op, 56824972.00 ns, 1.6935 ns/op

WorkloadWarmup   1: 33554432 op, 805774594.00 ns, 24.0140 ns/op
WorkloadWarmup   2: 33554432 op, 804931601.00 ns, 23.9888 ns/op
WorkloadWarmup   3: 33554432 op, 808065877.00 ns, 24.0822 ns/op
WorkloadWarmup   4: 33554432 op, 810840774.00 ns, 24.1649 ns/op
WorkloadWarmup   5: 33554432 op, 810565670.00 ns, 24.1567 ns/op
WorkloadWarmup   6: 33554432 op, 810626113.00 ns, 24.1585 ns/op
WorkloadWarmup   7: 33554432 op, 803682431.00 ns, 23.9516 ns/op

// BeforeActualRun
WorkloadActual   1: 33554432 op, 805505411.00 ns, 24.0059 ns/op
WorkloadActual   2: 33554432 op, 810828822.00 ns, 24.1646 ns/op
WorkloadActual   3: 33554432 op, 829593072.00 ns, 24.7238 ns/op
WorkloadActual   4: 33554432 op, 808970336.00 ns, 24.1092 ns/op
WorkloadActual   5: 33554432 op, 804816628.00 ns, 23.9854 ns/op
WorkloadActual   6: 33554432 op, 804666638.00 ns, 23.9809 ns/op
WorkloadActual   7: 33554432 op, 807143899.00 ns, 24.0548 ns/op
WorkloadActual   8: 33554432 op, 810698811.00 ns, 24.1607 ns/op
WorkloadActual   9: 33554432 op, 810692920.00 ns, 24.1605 ns/op
WorkloadActual  10: 33554432 op, 810691156.00 ns, 24.1605 ns/op
WorkloadActual  11: 33554432 op, 811091874.00 ns, 24.1724 ns/op
WorkloadActual  12: 33554432 op, 805183983.00 ns, 23.9964 ns/op
WorkloadActual  13: 33554432 op, 810742364.00 ns, 24.1620 ns/op
WorkloadActual  14: 33554432 op, 811755870.00 ns, 24.1922 ns/op
WorkloadActual  15: 33554432 op, 804487236.00 ns, 23.9756 ns/op

// AfterActualRun
WorkloadResult   1: 33554432 op, 748673746.00 ns, 22.3122 ns/op
WorkloadResult   2: 33554432 op, 753997157.00 ns, 22.4709 ns/op
WorkloadResult   3: 33554432 op, 752138671.00 ns, 22.4155 ns/op
WorkloadResult   4: 33554432 op, 747984963.00 ns, 22.2917 ns/op
WorkloadResult   5: 33554432 op, 747834973.00 ns, 22.2872 ns/op
WorkloadResult   6: 33554432 op, 750312234.00 ns, 22.3610 ns/op
WorkloadResult   7: 33554432 op, 753867146.00 ns, 22.4670 ns/op
WorkloadResult   8: 33554432 op, 753861255.00 ns, 22.4668 ns/op
WorkloadResult   9: 33554432 op, 753859491.00 ns, 22.4668 ns/op
WorkloadResult  10: 33554432 op, 754260209.00 ns, 22.4787 ns/op
WorkloadResult  11: 33554432 op, 748352318.00 ns, 22.3026 ns/op
WorkloadResult  12: 33554432 op, 753910699.00 ns, 22.4683 ns/op
WorkloadResult  13: 33554432 op, 754924205.00 ns, 22.4985 ns/op
WorkloadResult  14: 33554432 op, 747655571.00 ns, 22.2819 ns/op
// GC:  0 0 0 0 33554432
// Threading:  0 0 33554432

// AfterAll
// Benchmark Process 5165 has exited with code 0.

Mean = 22.398 ns, StdErr = 0.023 ns (0.10%), N = 14, StdDev = 0.086 ns
Min = 22.282 ns, Q1 = 22.305 ns, Median = 22.441 ns, Q3 = 22.468 ns, Max = 22.498 ns
IQR = 0.163 ns, LowerFence = 22.061 ns, UpperFence = 22.712 ns
ConfidenceInterval = [22.301 ns; 22.495 ns] (CI 99.9%), Margin = 0.097 ns (0.43% of Mean)
Skewness = -0.26, Kurtosis = 1.12, MValue = 2

// ** Remained 52 (43.3 %) benchmark(s) to run. Estimated finish 2026-09-13 7:10 (0h 6m from now) **
// **************************
// Benchmark: ValueObjectBenchmarks.HashCode_Struct: .NET 10.0(Runtime=.NET 10.0, Toolchain=net10.0)
// *** Execute ***
// Launch: 1 / 1
// Execute: dotnet "EricksonLopez.ValueObjects.Benchmarks-.NET 10.0-1.dll" --anonymousPipes 133 134 --benchmarkName EricksonLopez.ValueObjects.Benchmarks.ValueObjectBenchmarks.HashCode_Struct --job ".NET 10.0" --benchmarkId 32 in /home/runner/work/dotnet-value-objects/dotnet-value-objects/benchmarks/EricksonLopez.ValueObjects.Benchmarks/bin/Release/net10.0/EricksonLopez.ValueObjects.Benchmarks-.NET 10.0-1/bin/Release/net10.0
// Failed to set up high priority (Permission denied). In order to run benchmarks with high priority, make sure you have the right permissions.
// BeforeAnythingElse

// Benchmark Process Environment Information:
// BenchmarkDotNet v0.15.8
// Runtime=.NET 10.0.12 (10.0.12, 10.0.1226.42308), X64 RyuJIT x86-64-v3
// GC=Concurrent Workstation
// HardwareIntrinsics=AVX2+BMI1+BMI2+F16C+FMA+LZCNT+MOVBE,AVX,SSE3+SSSE3+SSE4.1+SSE4.2+POPCNT,X86Base+SSE+SSE2,AES+PCLMUL VectorSize=256
// Job: .NET 10.0

OverheadJitting  1: 1 op, 213839.00 ns, 213.8390 us/op
WorkloadJitting  1: 1 op, 203289.00 ns, 203.2890 us/op

OverheadJitting  2: 16 op, 373648.00 ns, 23.3530 us/op
WorkloadJitting  2: 16 op, 344783.00 ns, 21.5489 us/op

WorkloadPilot    1: 16 op, 1362.00 ns, 85.1250 ns/op
WorkloadPilot    2: 32 op, 1674.00 ns, 52.3125 ns/op
WorkloadPilot    3: 64 op, 2355.00 ns, 36.7969 ns/op
WorkloadPilot    4: 128 op, 3917.00 ns, 30.6016 ns/op
WorkloadPilot    5: 256 op, 7014.00 ns, 27.3984 ns/op
WorkloadPilot    6: 512 op, 13314.00 ns, 26.0039 ns/op
WorkloadPilot    7: 1024 op, 25778.00 ns, 25.1738 ns/op
WorkloadPilot    8: 2048 op, 51046.00 ns, 24.9248 ns/op
WorkloadPilot    9: 4096 op, 100698.00 ns, 24.5845 ns/op
WorkloadPilot   10: 8192 op, 204622.00 ns, 24.9783 ns/op
WorkloadPilot   11: 16384 op, 431716.00 ns, 26.3499 ns/op
WorkloadPilot   12: 32768 op, 825661.00 ns, 25.1972 ns/op
WorkloadPilot   13: 65536 op, 1615093.00 ns, 24.6444 ns/op
WorkloadPilot   14: 131072 op, 3274450.00 ns, 24.9821 ns/op
WorkloadPilot   15: 262144 op, 6576542.00 ns, 25.0875 ns/op
WorkloadPilot   16: 524288 op, 13177179.00 ns, 25.1335 ns/op
WorkloadPilot   17: 1048576 op, 26327127.00 ns, 25.1075 ns/op
WorkloadPilot   18: 2097152 op, 52420828.00 ns, 24.9962 ns/op
WorkloadPilot   19: 4194304 op, 97376065.00 ns, 23.2163 ns/op
WorkloadPilot   20: 8388608 op, 169902080.00 ns, 20.2539 ns/op
WorkloadPilot   21: 16777216 op, 339151712.00 ns, 20.2150 ns/op
WorkloadPilot   22: 33554432 op, 679037495.00 ns, 20.2369 ns/op

OverheadWarmup   1: 33554432 op, 77644946.00 ns, 2.3140 ns/op
OverheadWarmup   2: 33554432 op, 77758969.00 ns, 2.3174 ns/op
OverheadWarmup   3: 33554432 op, 86225559.00 ns, 2.5697 ns/op
OverheadWarmup   4: 33554432 op, 56753102.00 ns, 1.6914 ns/op
OverheadWarmup   5: 33554432 op, 56999472.00 ns, 1.6987 ns/op
OverheadWarmup   6: 33554432 op, 59051361.00 ns, 1.7599 ns/op
OverheadWarmup   7: 33554432 op, 56905186.00 ns, 1.6959 ns/op

OverheadActual   1: 33554432 op, 56771247.00 ns, 1.6919 ns/op
OverheadActual   2: 33554432 op, 58488776.00 ns, 1.7431 ns/op
OverheadActual   3: 33554432 op, 57913508.00 ns, 1.7260 ns/op
OverheadActual   4: 33554432 op, 56874369.00 ns, 1.6950 ns/op
OverheadActual   5: 33554432 op, 57238810.00 ns, 1.7058 ns/op
OverheadActual   6: 33554432 op, 56837790.00 ns, 1.6939 ns/op
OverheadActual   7: 33554432 op, 56967111.00 ns, 1.6978 ns/op
OverheadActual   8: 33554432 op, 56879087.00 ns, 1.6951 ns/op
OverheadActual   9: 33554432 op, 56872345.00 ns, 1.6949 ns/op
OverheadActual  10: 33554432 op, 56912628.00 ns, 1.6961 ns/op
OverheadActual  11: 33554432 op, 56722154.00 ns, 1.6905 ns/op
OverheadActual  12: 33554432 op, 56864761.00 ns, 1.6947 ns/op
OverheadActual  13: 33554432 op, 56752612.00 ns, 1.6914 ns/op
OverheadActual  14: 33554432 op, 56835426.00 ns, 1.6938 ns/op
OverheadActual  15: 33554432 op, 56763952.00 ns, 1.6917 ns/op

WorkloadWarmup   1: 33554432 op, 678788160.00 ns, 20.2295 ns/op
WorkloadWarmup   2: 33554432 op, 678921609.00 ns, 20.2334 ns/op
WorkloadWarmup   3: 33554432 op, 678738808.00 ns, 20.2280 ns/op
WorkloadWarmup   4: 33554432 op, 678860005.00 ns, 20.2316 ns/op
WorkloadWarmup   5: 33554432 op, 680239874.00 ns, 20.2727 ns/op
WorkloadWarmup   6: 33554432 op, 679054573.00 ns, 20.2374 ns/op

// BeforeActualRun
WorkloadActual   1: 33554432 op, 678786392.00 ns, 20.2294 ns/op
WorkloadActual   2: 33554432 op, 678953845.00 ns, 20.2344 ns/op
WorkloadActual   3: 33554432 op, 679026842.00 ns, 20.2366 ns/op
WorkloadActual   4: 33554432 op, 678480271.00 ns, 20.2203 ns/op
WorkloadActual   5: 33554432 op, 679028955.00 ns, 20.2366 ns/op
WorkloadActual   6: 33554432 op, 678781804.00 ns, 20.2293 ns/op
WorkloadActual   7: 33554432 op, 678532949.00 ns, 20.2219 ns/op
WorkloadActual   8: 33554432 op, 679877207.00 ns, 20.2619 ns/op
WorkloadActual   9: 33554432 op, 678602632.00 ns, 20.2239 ns/op
WorkloadActual  10: 33554432 op, 678607852.00 ns, 20.2241 ns/op
WorkloadActual  11: 33554432 op, 678976641.00 ns, 20.2351 ns/op
WorkloadActual  12: 33554432 op, 678964849.00 ns, 20.2347 ns/op
WorkloadActual  13: 33554432 op, 678478772.00 ns, 20.2202 ns/op
WorkloadActual  14: 33554432 op, 678717888.00 ns, 20.2274 ns/op
WorkloadActual  15: 33554432 op, 678638630.00 ns, 20.2250 ns/op

// AfterActualRun
WorkloadResult   1: 33554432 op, 621914047.00 ns, 18.5345 ns/op
WorkloadResult   2: 33554432 op, 622081500.00 ns, 18.5395 ns/op
WorkloadResult   3: 33554432 op, 622154497.00 ns, 18.5416 ns/op
WorkloadResult   4: 33554432 op, 621607926.00 ns, 18.5254 ns/op
WorkloadResult   5: 33554432 op, 622156610.00 ns, 18.5417 ns/op
WorkloadResult   6: 33554432 op, 621909459.00 ns, 18.5343 ns/op
WorkloadResult   7: 33554432 op, 621660604.00 ns, 18.5269 ns/op
WorkloadResult   8: 33554432 op, 621730287.00 ns, 18.5290 ns/op
WorkloadResult   9: 33554432 op, 621735507.00 ns, 18.5292 ns/op
WorkloadResult  10: 33554432 op, 622104296.00 ns, 18.5402 ns/op
WorkloadResult  11: 33554432 op, 622092504.00 ns, 18.5398 ns/op
WorkloadResult  12: 33554432 op, 621606427.00 ns, 18.5253 ns/op
WorkloadResult  13: 33554432 op, 621845543.00 ns, 18.5324 ns/op
WorkloadResult  14: 33554432 op, 621766285.00 ns, 18.5301 ns/op
// GC:  0 0 0 0 33554432
// Threading:  0 0 33554432

// AfterAll
// Benchmark Process 5181 has exited with code 0.

Mean = 18.534 ns, StdErr = 0.002 ns (0.01%), N = 14, StdDev = 0.006 ns
Min = 18.525 ns, Q1 = 18.529 ns, Median = 18.533 ns, Q3 = 18.540 ns, Max = 18.542 ns
IQR = 0.011 ns, LowerFence = 18.513 ns, UpperFence = 18.556 ns
ConfidenceInterval = [18.527 ns; 18.540 ns] (CI 99.9%), Margin = 0.007 ns (0.04% of Mean)
Skewness = 0.06, Kurtosis = 1.31, MValue = 2

// ** Remained 51 (42.5 %) benchmark(s) to run. Estimated finish 2026-09-13 7:10 (0h 6m from now) **
// **************************
// Benchmark: ValueObjectBenchmarks.HashCode_RecordStruct: .NET 10.0(Runtime=.NET 10.0, Toolchain=net10.0)
// *** Execute ***
// Launch: 1 / 1
// Execute: dotnet "EricksonLopez.ValueObjects.Benchmarks-.NET 10.0-1.dll" --anonymousPipes 133 134 --benchmarkName EricksonLopez.ValueObjects.Benchmarks.ValueObjectBenchmarks.HashCode_RecordStruct --job ".NET 10.0" --benchmarkId 33 in /home/runner/work/dotnet-value-objects/dotnet-value-objects/benchmarks/EricksonLopez.ValueObjects.Benchmarks/bin/Release/net10.0/EricksonLopez.ValueObjects.Benchmarks-.NET 10.0-1/bin/Release/net10.0
// Failed to set up high priority (Permission denied). In order to run benchmarks with high priority, make sure you have the right permissions.
// BeforeAnythingElse

// Benchmark Process Environment Information:
// BenchmarkDotNet v0.15.8
// Runtime=.NET 10.0.12 (10.0.12, 10.0.1226.42308), X64 RyuJIT x86-64-v3
// GC=Concurrent Workstation
// HardwareIntrinsics=AVX2+BMI1+BMI2+F16C+FMA+LZCNT+MOVBE,AVX,SSE3+SSSE3+SSE4.1+SSE4.2+POPCNT,X86Base+SSE+SSE2,AES+PCLMUL VectorSize=256
// Job: .NET 10.0

OverheadJitting  1: 1 op, 234868.00 ns, 234.8680 us/op
WorkloadJitting  1: 1 op, 201646.00 ns, 201.6460 us/op

OverheadJitting  2: 16 op, 358980.00 ns, 22.4363 us/op
WorkloadJitting  2: 16 op, 337971.00 ns, 21.1232 us/op

WorkloadPilot    1: 16 op, 1663.00 ns, 103.9375 ns/op
WorkloadPilot    2: 32 op, 1963.00 ns, 61.3438 ns/op
WorkloadPilot    3: 64 op, 2835.00 ns, 44.2969 ns/op
WorkloadPilot    4: 128 op, 4559.00 ns, 35.6172 ns/op
WorkloadPilot    5: 256 op, 8125.00 ns, 31.7383 ns/op
WorkloadPilot    6: 512 op, 14898.00 ns, 29.0977 ns/op
WorkloadPilot    7: 1024 op, 29215.00 ns, 28.5303 ns/op
WorkloadPilot    8: 2048 op, 56205.00 ns, 27.4438 ns/op
WorkloadPilot    9: 4096 op, 139590.00 ns, 34.0796 ns/op
WorkloadPilot   10: 8192 op, 225872.00 ns, 27.5723 ns/op
WorkloadPilot   11: 16384 op, 452404.00 ns, 27.6125 ns/op
WorkloadPilot   12: 32768 op, 917342.00 ns, 27.9951 ns/op
WorkloadPilot   13: 65536 op, 1822951.00 ns, 27.8160 ns/op
WorkloadPilot   14: 131072 op, 3655479.00 ns, 27.8891 ns/op
WorkloadPilot   15: 262144 op, 7399734.00 ns, 28.2277 ns/op
WorkloadPilot   16: 524288 op, 14544382.00 ns, 27.7412 ns/op
WorkloadPilot   17: 1048576 op, 29037679.00 ns, 27.6925 ns/op
WorkloadPilot   18: 2097152 op, 58133566.00 ns, 27.7202 ns/op
WorkloadPilot   19: 4194304 op, 103078246.00 ns, 24.5758 ns/op
WorkloadPilot   20: 8388608 op, 163332822.00 ns, 19.4708 ns/op
WorkloadPilot   21: 16777216 op, 327293245.00 ns, 19.5082 ns/op
WorkloadPilot   22: 33554432 op, 652128455.00 ns, 19.4349 ns/op

OverheadWarmup   1: 33554432 op, 77762483.00 ns, 2.3175 ns/op
OverheadWarmup   2: 33554432 op, 77880463.00 ns, 2.3210 ns/op
OverheadWarmup   3: 33554432 op, 86341257.00 ns, 2.5732 ns/op
OverheadWarmup   4: 33554432 op, 56806541.00 ns, 1.6930 ns/op
OverheadWarmup   5: 33554432 op, 56744555.00 ns, 1.6911 ns/op
OverheadWarmup   6: 33554432 op, 56772307.00 ns, 1.6919 ns/op
OverheadWarmup   7: 33554432 op, 56801261.00 ns, 1.6928 ns/op
OverheadWarmup   8: 33554432 op, 57440073.00 ns, 1.7118 ns/op
OverheadWarmup   9: 33554432 op, 56913100.00 ns, 1.6961 ns/op

OverheadActual   1: 33554432 op, 56812011.00 ns, 1.6931 ns/op
OverheadActual   2: 33554432 op, 56794949.00 ns, 1.6926 ns/op
OverheadActual   3: 33554432 op, 56777146.00 ns, 1.6921 ns/op
OverheadActual   4: 33554432 op, 56859931.00 ns, 1.6946 ns/op
OverheadActual   5: 33554432 op, 56810097.00 ns, 1.6931 ns/op
OverheadActual   6: 33554432 op, 57159920.00 ns, 1.7035 ns/op
OverheadActual   7: 33554432 op, 57079870.00 ns, 1.7011 ns/op
OverheadActual   8: 33554432 op, 56780873.00 ns, 1.6922 ns/op
OverheadActual   9: 33554432 op, 56887481.00 ns, 1.6954 ns/op
OverheadActual  10: 33554432 op, 56818523.00 ns, 1.6933 ns/op
OverheadActual  11: 33554432 op, 56763511.00 ns, 1.6917 ns/op
OverheadActual  12: 33554432 op, 56837769.00 ns, 1.6939 ns/op
OverheadActual  13: 33554432 op, 56808946.00 ns, 1.6930 ns/op
OverheadActual  14: 33554432 op, 56719268.00 ns, 1.6904 ns/op
OverheadActual  15: 33554432 op, 56783167.00 ns, 1.6923 ns/op

WorkloadWarmup   1: 33554432 op, 652247981.00 ns, 19.4385 ns/op
WorkloadWarmup   2: 33554432 op, 652598964.00 ns, 19.4490 ns/op
WorkloadWarmup   3: 33554432 op, 653584882.00 ns, 19.4783 ns/op
WorkloadWarmup   4: 33554432 op, 652074746.00 ns, 19.4333 ns/op
WorkloadWarmup   5: 33554432 op, 652403228.00 ns, 19.4431 ns/op
WorkloadWarmup   6: 33554432 op, 652159625.00 ns, 19.4359 ns/op

// BeforeActualRun
WorkloadActual   1: 33554432 op, 652329091.00 ns, 19.4409 ns/op
WorkloadActual   2: 33554432 op, 652149235.00 ns, 19.4356 ns/op
WorkloadActual   3: 33554432 op, 652335613.00 ns, 19.4411 ns/op
WorkloadActual   4: 33554432 op, 654284608.00 ns, 19.4992 ns/op
WorkloadActual   5: 33554432 op, 652363695.00 ns, 19.4420 ns/op
WorkloadActual   6: 33554432 op, 653888509.00 ns, 19.4874 ns/op
WorkloadActual   7: 33554432 op, 653519895.00 ns, 19.4764 ns/op
WorkloadActual   8: 33554432 op, 652236374.00 ns, 19.4382 ns/op
WorkloadActual   9: 33554432 op, 651989082.00 ns, 19.4308 ns/op
WorkloadActual  10: 33554432 op, 652048594.00 ns, 19.4326 ns/op
WorkloadActual  11: 33554432 op, 652157987.00 ns, 19.4358 ns/op
WorkloadActual  12: 33554432 op, 653896240.00 ns, 19.4876 ns/op
WorkloadActual  13: 33554432 op, 652134423.00 ns, 19.4351 ns/op
WorkloadActual  14: 33554432 op, 652062308.00 ns, 19.4330 ns/op
WorkloadActual  15: 33554432 op, 651912439.00 ns, 19.4285 ns/op

// AfterActualRun
WorkloadResult   1: 33554432 op, 595518994.00 ns, 17.7478 ns/op
WorkloadResult   2: 33554432 op, 595339138.00 ns, 17.7425 ns/op
WorkloadResult   3: 33554432 op, 595525516.00 ns, 17.7480 ns/op
WorkloadResult   4: 33554432 op, 595553598.00 ns, 17.7489 ns/op
WorkloadResult   5: 33554432 op, 597078412.00 ns, 17.7943 ns/op
WorkloadResult   6: 33554432 op, 596709798.00 ns, 17.7833 ns/op
WorkloadResult   7: 33554432 op, 595426277.00 ns, 17.7451 ns/op
WorkloadResult   8: 33554432 op, 595178985.00 ns, 17.7377 ns/op
WorkloadResult   9: 33554432 op, 595238497.00 ns, 17.7395 ns/op
WorkloadResult  10: 33554432 op, 595347890.00 ns, 17.7427 ns/op
WorkloadResult  11: 33554432 op, 597086143.00 ns, 17.7946 ns/op
WorkloadResult  12: 33554432 op, 595324326.00 ns, 17.7420 ns/op
WorkloadResult  13: 33554432 op, 595252211.00 ns, 17.7399 ns/op
WorkloadResult  14: 33554432 op, 595102342.00 ns, 17.7354 ns/op
// GC:  0 0 0 0 33554432
// Threading:  0 0 33554432

// AfterAll
// Benchmark Process 5196 has exited with code 0.

Mean = 17.753 ns, StdErr = 0.006 ns (0.03%), N = 14, StdDev = 0.021 ns
Min = 17.735 ns, Q1 = 17.740 ns, Median = 17.744 ns, Q3 = 17.749 ns, Max = 17.795 ns
IQR = 0.008 ns, LowerFence = 17.728 ns, UpperFence = 17.761 ns
ConfidenceInterval = [17.729 ns; 17.777 ns] (CI 99.9%), Margin = 0.024 ns (0.13% of Mean)
Skewness = 1.18, Kurtosis = 2.59, MValue = 2

// ** Remained 50 (41.7 %) benchmark(s) to run. Estimated finish 2026-09-13 7:11 (0h 6m from now) **
// **************************
// Benchmark: ValueObjectBenchmarks.DictionaryLookup_RecordClass: .NET 10.0(Runtime=.NET 10.0, Toolchain=net10.0)
// *** Execute ***
// Launch: 1 / 1
// Execute: dotnet "EricksonLopez.ValueObjects.Benchmarks-.NET 10.0-1.dll" --anonymousPipes 133 134 --benchmarkName EricksonLopez.ValueObjects.Benchmarks.ValueObjectBenchmarks.DictionaryLookup_RecordClass --job ".NET 10.0" --benchmarkId 34 in /home/runner/work/dotnet-value-objects/dotnet-value-objects/benchmarks/EricksonLopez.ValueObjects.Benchmarks/bin/Release/net10.0/EricksonLopez.ValueObjects.Benchmarks-.NET 10.0-1/bin/Release/net10.0
// Failed to set up high priority (Permission denied). In order to run benchmarks with high priority, make sure you have the right permissions.
// BeforeAnythingElse

// Benchmark Process Environment Information:
// BenchmarkDotNet v0.15.8
// Runtime=.NET 10.0.12 (10.0.12, 10.0.1226.42308), X64 RyuJIT x86-64-v3
// GC=Concurrent Workstation
// HardwareIntrinsics=AVX2+BMI1+BMI2+F16C+FMA+LZCNT+MOVBE,AVX,SSE3+SSSE3+SSE4.1+SSE4.2+POPCNT,X86Base+SSE+SSE2,AES+PCLMUL VectorSize=256
// Job: .NET 10.0

OverheadJitting  1: 1 op, 212226.00 ns, 212.2260 us/op
WorkloadJitting  1: 1 op, 420825.00 ns, 420.8250 us/op

OverheadJitting  2: 16 op, 363408.00 ns, 22.7130 us/op
WorkloadJitting  2: 16 op, 392182.00 ns, 24.5114 us/op

WorkloadPilot    1: 16 op, 3106.00 ns, 194.1250 ns/op
WorkloadPilot    2: 32 op, 3867.00 ns, 120.8438 ns/op
WorkloadPilot    3: 64 op, 5490.00 ns, 85.7813 ns/op
WorkloadPilot    4: 128 op, 9197.00 ns, 71.8516 ns/op
WorkloadPilot    5: 256 op, 15839.00 ns, 61.8711 ns/op
WorkloadPilot    6: 512 op, 28964.00 ns, 56.5703 ns/op
WorkloadPilot    7: 1024 op, 60182.00 ns, 58.7715 ns/op
WorkloadPilot    8: 2048 op, 112650.00 ns, 55.0049 ns/op
WorkloadPilot    9: 4096 op, 222405.00 ns, 54.2981 ns/op
WorkloadPilot   10: 8192 op, 437255.00 ns, 53.3759 ns/op
WorkloadPilot   11: 16384 op, 884981.00 ns, 54.0150 ns/op
WorkloadPilot   12: 32768 op, 1758701.00 ns, 53.6713 ns/op
WorkloadPilot   13: 65536 op, 3512762.00 ns, 53.6005 ns/op
WorkloadPilot   14: 131072 op, 7061563.00 ns, 53.8755 ns/op
WorkloadPilot   15: 262144 op, 14206821.00 ns, 54.1947 ns/op
WorkloadPilot   16: 524288 op, 28428971.00 ns, 54.2240 ns/op
WorkloadPilot   17: 1048576 op, 56770879.00 ns, 54.1409 ns/op
WorkloadPilot   18: 2097152 op, 91559705.00 ns, 43.6591 ns/op
WorkloadPilot   19: 4194304 op, 118761707.00 ns, 28.3150 ns/op
WorkloadPilot   20: 8388608 op, 234181209.00 ns, 27.9166 ns/op
WorkloadPilot   21: 16777216 op, 466137437.00 ns, 27.7840 ns/op
WorkloadPilot   22: 33554432 op, 929113642.00 ns, 27.6897 ns/op

OverheadWarmup   1: 33554432 op, 77980937.00 ns, 2.3240 ns/op
OverheadWarmup   2: 33554432 op, 77909064.00 ns, 2.3219 ns/op
OverheadWarmup   3: 33554432 op, 90180451.00 ns, 2.6876 ns/op
OverheadWarmup   4: 33554432 op, 57620211.00 ns, 1.7172 ns/op
OverheadWarmup   5: 33554432 op, 56889799.00 ns, 1.6954 ns/op
OverheadWarmup   6: 33554432 op, 56875973.00 ns, 1.6950 ns/op
OverheadWarmup   7: 33554432 op, 56762070.00 ns, 1.6916 ns/op
OverheadWarmup   8: 33554432 op, 57020763.00 ns, 1.6994 ns/op
OverheadWarmup   9: 33554432 op, 57175872.00 ns, 1.7040 ns/op
OverheadWarmup  10: 33554432 op, 56913483.00 ns, 1.6962 ns/op

OverheadActual   1: 33554432 op, 56827894.00 ns, 1.6936 ns/op
OverheadActual   2: 33554432 op, 56853241.00 ns, 1.6944 ns/op
OverheadActual   3: 33554432 op, 57057812.00 ns, 1.7005 ns/op
OverheadActual   4: 33554432 op, 56880401.00 ns, 1.6952 ns/op
OverheadActual   5: 33554432 op, 56793469.00 ns, 1.6926 ns/op
OverheadActual   6: 33554432 op, 57252024.00 ns, 1.7062 ns/op
OverheadActual   7: 33554432 op, 56944340.00 ns, 1.6971 ns/op
OverheadActual   8: 33554432 op, 57124032.00 ns, 1.7024 ns/op
OverheadActual   9: 33554432 op, 56848962.00 ns, 1.6942 ns/op
OverheadActual  10: 33554432 op, 56790784.00 ns, 1.6925 ns/op
OverheadActual  11: 33554432 op, 56776497.00 ns, 1.6921 ns/op
OverheadActual  12: 33554432 op, 56843061.00 ns, 1.6941 ns/op
OverheadActual  13: 33554432 op, 56869240.00 ns, 1.6948 ns/op
OverheadActual  14: 33554432 op, 56830919.00 ns, 1.6937 ns/op
OverheadActual  15: 33554432 op, 56947155.00 ns, 1.6972 ns/op

WorkloadWarmup   1: 33554432 op, 934250957.00 ns, 27.8428 ns/op
WorkloadWarmup   2: 33554432 op, 931014491.00 ns, 27.7464 ns/op
WorkloadWarmup   3: 33554432 op, 931396724.00 ns, 27.7578 ns/op
WorkloadWarmup   4: 33554432 op, 933286742.00 ns, 27.8141 ns/op
WorkloadWarmup   5: 33554432 op, 928622439.00 ns, 27.6751 ns/op
WorkloadWarmup   6: 33554432 op, 938276466.00 ns, 27.9628 ns/op
WorkloadWarmup   7: 33554432 op, 927591774.00 ns, 27.6444 ns/op

// BeforeActualRun
WorkloadActual   1: 33554432 op, 931764458.00 ns, 27.7687 ns/op
WorkloadActual   2: 33554432 op, 930210117.00 ns, 27.7224 ns/op
WorkloadActual   3: 33554432 op, 932390806.00 ns, 27.7874 ns/op
WorkloadActual   4: 33554432 op, 930634469.00 ns, 27.7351 ns/op
WorkloadActual   5: 33554432 op, 935190599.00 ns, 27.8709 ns/op
WorkloadActual   6: 33554432 op, 930320784.00 ns, 27.7257 ns/op
WorkloadActual   7: 33554432 op, 927391249.00 ns, 27.6384 ns/op
WorkloadActual   8: 33554432 op, 934464444.00 ns, 27.8492 ns/op
WorkloadActual   9: 33554432 op, 937470950.00 ns, 27.9388 ns/op
WorkloadActual  10: 33554432 op, 950808939.00 ns, 28.3363 ns/op
WorkloadActual  11: 33554432 op, 930186987.00 ns, 27.7217 ns/op
WorkloadActual  12: 33554432 op, 934343872.00 ns, 27.8456 ns/op
WorkloadActual  13: 33554432 op, 928950720.00 ns, 27.6849 ns/op
WorkloadActual  14: 33554432 op, 944002772.00 ns, 28.1335 ns/op
WorkloadActual  15: 33554432 op, 932588166.00 ns, 27.7933 ns/op

// AfterActualRun
WorkloadResult   1: 33554432 op, 874911217.00 ns, 26.0744 ns/op
WorkloadResult   2: 33554432 op, 873356876.00 ns, 26.0281 ns/op
WorkloadResult   3: 33554432 op, 875537565.00 ns, 26.0931 ns/op
WorkloadResult   4: 33554432 op, 873781228.00 ns, 26.0407 ns/op
WorkloadResult   5: 33554432 op, 878337358.00 ns, 26.1765 ns/op
WorkloadResult   6: 33554432 op, 873467543.00 ns, 26.0314 ns/op
WorkloadResult   7: 33554432 op, 870538008.00 ns, 25.9441 ns/op
WorkloadResult   8: 33554432 op, 877611203.00 ns, 26.1549 ns/op
WorkloadResult   9: 33554432 op, 880617709.00 ns, 26.2445 ns/op
WorkloadResult  10: 33554432 op, 873333746.00 ns, 26.0274 ns/op
WorkloadResult  11: 33554432 op, 877490631.00 ns, 26.1513 ns/op
WorkloadResult  12: 33554432 op, 872097479.00 ns, 25.9905 ns/op
WorkloadResult  13: 33554432 op, 875734925.00 ns, 26.0989 ns/op
// GC:  0 0 0 0 33554432
// Threading:  0 0 33554432

// AfterAll
// Benchmark Process 5205 has exited with code 0.

Mean = 26.081 ns, StdErr = 0.023 ns (0.09%), N = 13, StdDev = 0.083 ns
Min = 25.944 ns, Q1 = 26.028 ns, Median = 26.074 ns, Q3 = 26.151 ns, Max = 26.244 ns
IQR = 0.123 ns, LowerFence = 25.843 ns, UpperFence = 26.336 ns
ConfidenceInterval = [25.981 ns; 26.181 ns] (CI 99.9%), Margin = 0.100 ns (0.38% of Mean)
Skewness = 0.28, Kurtosis = 2.06, MValue = 2

// ** Remained 49 (40.8 %) benchmark(s) to run. Estimated finish 2026-09-13 7:11 (0h 6m from now) **
// **************************
// Benchmark: ValueObjectBenchmarks.DictionaryLookup_RecordStruct: .NET 10.0(Runtime=.NET 10.0, Toolchain=net10.0)
// *** Execute ***
// Launch: 1 / 1
// Execute: dotnet "EricksonLopez.ValueObjects.Benchmarks-.NET 10.0-1.dll" --anonymousPipes 133 134 --benchmarkName EricksonLopez.ValueObjects.Benchmarks.ValueObjectBenchmarks.DictionaryLookup_RecordStruct --job ".NET 10.0" --benchmarkId 35 in /home/runner/work/dotnet-value-objects/dotnet-value-objects/benchmarks/EricksonLopez.ValueObjects.Benchmarks/bin/Release/net10.0/EricksonLopez.ValueObjects.Benchmarks-.NET 10.0-1/bin/Release/net10.0
// Failed to set up high priority (Permission denied). In order to run benchmarks with high priority, make sure you have the right permissions.
// BeforeAnythingElse

// Benchmark Process Environment Information:
// BenchmarkDotNet v0.15.8
// Runtime=.NET 10.0.12 (10.0.12, 10.0.1226.42308), X64 RyuJIT x86-64-v3
// GC=Concurrent Workstation
// HardwareIntrinsics=AVX2+BMI1+BMI2+F16C+FMA+LZCNT+MOVBE,AVX,SSE3+SSSE3+SSE4.1+SSE4.2+POPCNT,X86Base+SSE+SSE2,AES+PCLMUL VectorSize=256
// Job: .NET 10.0

OverheadJitting  1: 1 op, 219309.00 ns, 219.3090 us/op
WorkloadJitting  1: 1 op, 860826.00 ns, 860.8260 us/op

OverheadJitting  2: 16 op, 351005.00 ns, 21.9378 us/op
WorkloadJitting  2: 16 op, 375320.00 ns, 23.4575 us/op

WorkloadPilot    1: 16 op, 3496.00 ns, 218.5000 ns/op
WorkloadPilot    2: 32 op, 5149.00 ns, 160.9063 ns/op
WorkloadPilot    3: 64 op, 7995.00 ns, 124.9219 ns/op
WorkloadPilot    4: 128 op, 14727.00 ns, 115.0547 ns/op
WorkloadPilot    5: 256 op, 26930.00 ns, 105.1953 ns/op
WorkloadPilot    6: 512 op, 66734.00 ns, 130.3398 ns/op
WorkloadPilot    7: 1024 op, 98614.00 ns, 96.3027 ns/op
WorkloadPilot    8: 2048 op, 196326.00 ns, 95.8623 ns/op
WorkloadPilot    9: 4096 op, 420083.00 ns, 102.5593 ns/op
WorkloadPilot   10: 8192 op, 1025353.00 ns, 125.1652 ns/op
WorkloadPilot   11: 16384 op, 1963042.00 ns, 119.8146 ns/op
WorkloadPilot   12: 32768 op, 3741260.00 ns, 114.1742 ns/op
WorkloadPilot   13: 65536 op, 7181489.00 ns, 109.5808 ns/op
WorkloadPilot   14: 131072 op, 14012883.00 ns, 106.9098 ns/op
WorkloadPilot   15: 262144 op, 27622894.00 ns, 105.3730 ns/op
WorkloadPilot   16: 524288 op, 55555093.00 ns, 105.9629 ns/op
WorkloadPilot   17: 1048576 op, 79179460.00 ns, 75.5114 ns/op
WorkloadPilot   18: 2097152 op, 54017006.00 ns, 25.7573 ns/op
WorkloadPilot   19: 4194304 op, 108235749.00 ns, 25.8054 ns/op
WorkloadPilot   20: 8388608 op, 216166845.00 ns, 25.7691 ns/op
WorkloadPilot   21: 16777216 op, 431607428.00 ns, 25.7258 ns/op
WorkloadPilot   22: 33554432 op, 870000908.00 ns, 25.9280 ns/op

OverheadWarmup   1: 33554432 op, 77945789.00 ns, 2.3230 ns/op
OverheadWarmup   2: 33554432 op, 77849118.00 ns, 2.3201 ns/op
OverheadWarmup   3: 33554432 op, 87090258.00 ns, 2.5955 ns/op
OverheadWarmup   4: 33554432 op, 56896251.00 ns, 1.6956 ns/op
OverheadWarmup   5: 33554432 op, 56825849.00 ns, 1.6935 ns/op
OverheadWarmup   6: 33554432 op, 56766448.00 ns, 1.6918 ns/op
OverheadWarmup   7: 33554432 op, 56891191.00 ns, 1.6955 ns/op
OverheadWarmup   8: 33554432 op, 57034598.00 ns, 1.6998 ns/op
OverheadWarmup   9: 33554432 op, 56772079.00 ns, 1.6919 ns/op

OverheadActual   1: 33554432 op, 56916047.00 ns, 1.6962 ns/op
OverheadActual   2: 33554432 op, 57330251.00 ns, 1.7086 ns/op
OverheadActual   3: 33554432 op, 56890540.00 ns, 1.6955 ns/op
OverheadActual   4: 33554432 op, 56791645.00 ns, 1.6925 ns/op
OverheadActual   5: 33554432 op, 56847770.00 ns, 1.6942 ns/op
OverheadActual   6: 33554432 op, 56786355.00 ns, 1.6924 ns/op
OverheadActual   7: 33554432 op, 56983173.00 ns, 1.6982 ns/op
OverheadActual   8: 33554432 op, 57196100.00 ns, 1.7046 ns/op
OverheadActual   9: 33554432 op, 56801584.00 ns, 1.6928 ns/op
OverheadActual  10: 33554432 op, 56841738.00 ns, 1.6940 ns/op
OverheadActual  11: 33554432 op, 56865684.00 ns, 1.6947 ns/op
OverheadActual  12: 33554432 op, 57128173.00 ns, 1.7026 ns/op
OverheadActual  13: 33554432 op, 56968642.00 ns, 1.6978 ns/op
OverheadActual  14: 33554432 op, 56871755.00 ns, 1.6949 ns/op
OverheadActual  15: 33554432 op, 56791135.00 ns, 1.6925 ns/op

WorkloadWarmup   1: 33554432 op, 863732263.00 ns, 25.7412 ns/op
WorkloadWarmup   2: 33554432 op, 863076407.00 ns, 25.7217 ns/op
WorkloadWarmup   3: 33554432 op, 865029010.00 ns, 25.7799 ns/op
WorkloadWarmup   4: 33554432 op, 862993783.00 ns, 25.7192 ns/op
WorkloadWarmup   5: 33554432 op, 862976491.00 ns, 25.7187 ns/op
WorkloadWarmup   6: 33554432 op, 863158842.00 ns, 25.7241 ns/op
WorkloadWarmup   7: 33554432 op, 863189644.00 ns, 25.7251 ns/op
WorkloadWarmup   8: 33554432 op, 864929651.00 ns, 25.7769 ns/op
WorkloadWarmup   9: 33554432 op, 863404291.00 ns, 25.7315 ns/op

// BeforeActualRun
WorkloadActual   1: 33554432 op, 865091859.00 ns, 25.7817 ns/op
WorkloadActual   2: 33554432 op, 863141241.00 ns, 25.7236 ns/op
WorkloadActual   3: 33554432 op, 863379325.00 ns, 25.7307 ns/op
WorkloadActual   4: 33554432 op, 864455713.00 ns, 25.7628 ns/op
WorkloadActual   5: 33554432 op, 867005730.00 ns, 25.8388 ns/op
WorkloadActual   6: 33554432 op, 863773735.00 ns, 25.7425 ns/op
WorkloadActual   7: 33554432 op, 862981980.00 ns, 25.7189 ns/op
WorkloadActual   8: 33554432 op, 863967351.00 ns, 25.7482 ns/op
WorkloadActual   9: 33554432 op, 863005256.00 ns, 25.7196 ns/op
WorkloadActual  10: 33554432 op, 863048877.00 ns, 25.7209 ns/op
WorkloadActual  11: 33554432 op, 864629706.00 ns, 25.7680 ns/op
WorkloadActual  12: 33554432 op, 863057403.00 ns, 25.7211 ns/op
WorkloadActual  13: 33554432 op, 864242243.00 ns, 25.7564 ns/op
WorkloadActual  14: 33554432 op, 863036103.00 ns, 25.7205 ns/op
WorkloadActual  15: 33554432 op, 863177587.00 ns, 25.7247 ns/op

// AfterActualRun
WorkloadResult   1: 33554432 op, 808220104.00 ns, 24.0868 ns/op
WorkloadResult   2: 33554432 op, 806269486.00 ns, 24.0287 ns/op
WorkloadResult   3: 33554432 op, 806507570.00 ns, 24.0358 ns/op
WorkloadResult   4: 33554432 op, 807583958.00 ns, 24.0679 ns/op
WorkloadResult   5: 33554432 op, 806901980.00 ns, 24.0476 ns/op
WorkloadResult   6: 33554432 op, 806110225.00 ns, 24.0240 ns/op
WorkloadResult   7: 33554432 op, 807095596.00 ns, 24.0533 ns/op
WorkloadResult   8: 33554432 op, 806133501.00 ns, 24.0247 ns/op
WorkloadResult   9: 33554432 op, 806177122.00 ns, 24.0260 ns/op
WorkloadResult  10: 33554432 op, 807757951.00 ns, 24.0731 ns/op
WorkloadResult  11: 33554432 op, 806185648.00 ns, 24.0262 ns/op
WorkloadResult  12: 33554432 op, 807370488.00 ns, 24.0615 ns/op
WorkloadResult  13: 33554432 op, 806164348.00 ns, 24.0256 ns/op
WorkloadResult  14: 33554432 op, 806305832.00 ns, 24.0298 ns/op
// GC:  0 0 0 32 33554432
// Threading:  0 0 33554432

// AfterAll
// Benchmark Process 5227 has exited with code 0.

Mean = 24.044 ns, StdErr = 0.006 ns (0.02%), N = 14, StdDev = 0.021 ns
Min = 24.024 ns, Q1 = 24.026 ns, Median = 24.033 ns, Q3 = 24.059 ns, Max = 24.087 ns
IQR = 0.033 ns, LowerFence = 23.976 ns, UpperFence = 24.110 ns
ConfidenceInterval = [24.020 ns; 24.068 ns] (CI 99.9%), Margin = 0.024 ns (0.10% of Mean)
Skewness = 0.66, Kurtosis = 1.85, MValue = 2

// ** Remained 48 (40.0 %) benchmark(s) to run. Estimated finish 2026-09-13 7:12 (0h 6m from now) **
// **************************
// Benchmark: ValueObjectBenchmarks.Domain_Money_Add: .NET 10.0(Runtime=.NET 10.0, Toolchain=net10.0)
// *** Execute ***
// Launch: 1 / 1
// Execute: dotnet "EricksonLopez.ValueObjects.Benchmarks-.NET 10.0-1.dll" --anonymousPipes 133 134 --benchmarkName EricksonLopez.ValueObjects.Benchmarks.ValueObjectBenchmarks.Domain_Money_Add --job ".NET 10.0" --benchmarkId 36 in /home/runner/work/dotnet-value-objects/dotnet-value-objects/benchmarks/EricksonLopez.ValueObjects.Benchmarks/bin/Release/net10.0/EricksonLopez.ValueObjects.Benchmarks-.NET 10.0-1/bin/Release/net10.0
// Failed to set up high priority (Permission denied). In order to run benchmarks with high priority, make sure you have the right permissions.
// BeforeAnythingElse

// Benchmark Process Environment Information:
// BenchmarkDotNet v0.15.8
// Runtime=.NET 10.0.12 (10.0.12, 10.0.1226.42308), X64 RyuJIT x86-64-v3
// GC=Concurrent Workstation
// HardwareIntrinsics=AVX2+BMI1+BMI2+F16C+FMA+LZCNT+MOVBE,AVX,SSE3+SSSE3+SSE4.1+SSE4.2+POPCNT,X86Base+SSE+SSE2,AES+PCLMUL VectorSize=256
// Job: .NET 10.0

OverheadJitting  1: 1 op, 218317.00 ns, 218.3170 us/op
WorkloadJitting  1: 1 op, 577567.00 ns, 577.5670 us/op

OverheadJitting  2: 16 op, 255086.00 ns, 15.9429 us/op
WorkloadJitting  2: 16 op, 227434.00 ns, 14.2146 us/op

WorkloadPilot    1: 16 op, 2955.00 ns, 184.6875 ns/op
WorkloadPilot    2: 32 op, 3686.00 ns, 115.1875 ns/op
WorkloadPilot    3: 64 op, 5560.00 ns, 86.8750 ns/op
WorkloadPilot    4: 128 op, 9347.00 ns, 73.0234 ns/op
WorkloadPilot    5: 256 op, 16922.00 ns, 66.1016 ns/op
WorkloadPilot    6: 512 op, 32000.00 ns, 62.5000 ns/op
WorkloadPilot    7: 1024 op, 62487.00 ns, 61.0225 ns/op
WorkloadPilot    8: 2048 op, 122439.00 ns, 59.7847 ns/op
WorkloadPilot    9: 4096 op, 243214.00 ns, 59.3784 ns/op
WorkloadPilot   10: 8192 op, 508829.00 ns, 62.1129 ns/op
WorkloadPilot   11: 16384 op, 992442.00 ns, 60.5739 ns/op
WorkloadPilot   12: 32768 op, 1956098.00 ns, 59.6954 ns/op
WorkloadPilot   13: 65536 op, 3911105.00 ns, 59.6787 ns/op
WorkloadPilot   14: 131072 op, 7794789.00 ns, 59.4695 ns/op
WorkloadPilot   15: 262144 op, 15575812.00 ns, 59.4170 ns/op
WorkloadPilot   16: 524288 op, 31094830.00 ns, 59.3087 ns/op
WorkloadPilot   17: 1048576 op, 62236736.00 ns, 59.3536 ns/op
WorkloadPilot   18: 2097152 op, 74084165.00 ns, 35.3261 ns/op
WorkloadPilot   19: 4194304 op, 43593732.00 ns, 10.3936 ns/op
WorkloadPilot   20: 8388608 op, 87520737.00 ns, 10.4333 ns/op
WorkloadPilot   21: 16777216 op, 174625078.00 ns, 10.4085 ns/op
WorkloadPilot   22: 33554432 op, 348762487.00 ns, 10.3939 ns/op
WorkloadPilot   23: 67108864 op, 697938535.00 ns, 10.4001 ns/op

OverheadWarmup   1: 67108864 op, 172535460.00 ns, 2.5710 ns/op
OverheadWarmup   2: 67108864 op, 190603662.00 ns, 2.8402 ns/op
OverheadWarmup   3: 67108864 op, 109669219.00 ns, 1.6342 ns/op
OverheadWarmup   4: 67108864 op, 109651086.00 ns, 1.6339 ns/op
OverheadWarmup   5: 67108864 op, 112279539.00 ns, 1.6731 ns/op
OverheadWarmup   6: 67108864 op, 109850889.00 ns, 1.6369 ns/op

OverheadActual   1: 67108864 op, 109608737.00 ns, 1.6333 ns/op
OverheadActual   2: 67108864 op, 109815764.00 ns, 1.6364 ns/op
OverheadActual   3: 67108864 op, 109795625.00 ns, 1.6361 ns/op
OverheadActual   4: 67108864 op, 109857641.00 ns, 1.6370 ns/op
OverheadActual   5: 67108864 op, 109704936.00 ns, 1.6347 ns/op
OverheadActual   6: 67108864 op, 122740601.00 ns, 1.8290 ns/op
OverheadActual   7: 67108864 op, 109709474.00 ns, 1.6348 ns/op
OverheadActual   8: 67108864 op, 109635927.00 ns, 1.6337 ns/op
OverheadActual   9: 67108864 op, 109914898.00 ns, 1.6379 ns/op
OverheadActual  10: 67108864 op, 109617183.00 ns, 1.6334 ns/op
OverheadActual  11: 67108864 op, 109601574.00 ns, 1.6332 ns/op
OverheadActual  12: 67108864 op, 109632371.00 ns, 1.6336 ns/op
OverheadActual  13: 67108864 op, 109632952.00 ns, 1.6337 ns/op
OverheadActual  14: 67108864 op, 109768104.00 ns, 1.6357 ns/op
OverheadActual  15: 67108864 op, 109731957.00 ns, 1.6351 ns/op

WorkloadWarmup   1: 67108864 op, 703169371.00 ns, 10.4780 ns/op
WorkloadWarmup   2: 67108864 op, 696878277.00 ns, 10.3843 ns/op
WorkloadWarmup   3: 67108864 op, 696795604.00 ns, 10.3831 ns/op
WorkloadWarmup   4: 67108864 op, 699561673.00 ns, 10.4243 ns/op
WorkloadWarmup   5: 67108864 op, 697128556.00 ns, 10.3880 ns/op
WorkloadWarmup   6: 67108864 op, 703794298.00 ns, 10.4874 ns/op
WorkloadWarmup   7: 67108864 op, 696720496.00 ns, 10.3819 ns/op

// BeforeActualRun
WorkloadActual   1: 67108864 op, 696748709.00 ns, 10.3824 ns/op
WorkloadActual   2: 67108864 op, 696500206.00 ns, 10.3787 ns/op
WorkloadActual   3: 67108864 op, 696690801.00 ns, 10.3815 ns/op
WorkloadActual   4: 67108864 op, 697278336.00 ns, 10.3903 ns/op
WorkloadActual   5: 67108864 op, 747161172.00 ns, 11.1336 ns/op
WorkloadActual   6: 67108864 op, 697279849.00 ns, 10.3903 ns/op
WorkloadActual   7: 67108864 op, 696861649.00 ns, 10.3840 ns/op
WorkloadActual   8: 67108864 op, 697023678.00 ns, 10.3865 ns/op
WorkloadActual   9: 67108864 op, 696508609.00 ns, 10.3788 ns/op
WorkloadActual  10: 67108864 op, 697001221.00 ns, 10.3861 ns/op
WorkloadActual  11: 67108864 op, 700404874.00 ns, 10.4368 ns/op
WorkloadActual  12: 67108864 op, 697123173.00 ns, 10.3879 ns/op
WorkloadActual  13: 67108864 op, 696887684.00 ns, 10.3844 ns/op
WorkloadActual  14: 67108864 op, 697204455.00 ns, 10.3892 ns/op
WorkloadActual  15: 67108864 op, 698084927.00 ns, 10.4023 ns/op

// AfterActualRun
WorkloadResult   1: 67108864 op, 587039235.00 ns, 8.7476 ns/op
WorkloadResult   2: 67108864 op, 586790732.00 ns, 8.7439 ns/op
WorkloadResult   3: 67108864 op, 586981327.00 ns, 8.7467 ns/op
WorkloadResult   4: 67108864 op, 587568862.00 ns, 8.7555 ns/op
WorkloadResult   5: 67108864 op, 587570375.00 ns, 8.7555 ns/op
WorkloadResult   6: 67108864 op, 587152175.00 ns, 8.7492 ns/op
WorkloadResult   7: 67108864 op, 587314204.00 ns, 8.7517 ns/op
WorkloadResult   8: 67108864 op, 586799135.00 ns, 8.7440 ns/op
WorkloadResult   9: 67108864 op, 587291747.00 ns, 8.7513 ns/op
WorkloadResult  10: 67108864 op, 587413699.00 ns, 8.7531 ns/op
WorkloadResult  11: 67108864 op, 587178210.00 ns, 8.7496 ns/op
WorkloadResult  12: 67108864 op, 587494981.00 ns, 8.7544 ns/op
// GC:  0 0 0 0 67108864
// Threading:  0 0 67108864

// AfterAll
// Benchmark Process 5247 has exited with code 0.

Mean = 8.750 ns, StdErr = 0.001 ns (0.01%), N = 12, StdDev = 0.004 ns
Min = 8.744 ns, Q1 = 8.747 ns, Median = 8.750 ns, Q3 = 8.753 ns, Max = 8.755 ns
IQR = 0.006 ns, LowerFence = 8.738 ns, UpperFence = 8.763 ns
ConfidenceInterval = [8.745 ns; 8.755 ns] (CI 99.9%), Margin = 0.005 ns (0.06% of Mean)
Skewness = -0.2, Kurtosis = 1.56, MValue = 2

// ** Remained 47 (39.2 %) benchmark(s) to run. Estimated finish 2026-09-13 7:12 (0h 6m from now) **
// **************************
// Benchmark: ValueObjectBenchmarks.Domain_Money_Allocate: .NET 10.0(Runtime=.NET 10.0, Toolchain=net10.0)
// *** Execute ***
// Launch: 1 / 1
// Execute: dotnet "EricksonLopez.ValueObjects.Benchmarks-.NET 10.0-1.dll" --anonymousPipes 133 134 --benchmarkName EricksonLopez.ValueObjects.Benchmarks.ValueObjectBenchmarks.Domain_Money_Allocate --job ".NET 10.0" --benchmarkId 37 in /home/runner/work/dotnet-value-objects/dotnet-value-objects/benchmarks/EricksonLopez.ValueObjects.Benchmarks/bin/Release/net10.0/EricksonLopez.ValueObjects.Benchmarks-.NET 10.0-1/bin/Release/net10.0
// Failed to set up high priority (Permission denied). In order to run benchmarks with high priority, make sure you have the right permissions.
// BeforeAnythingElse

// Benchmark Process Environment Information:
// BenchmarkDotNet v0.15.8
// Runtime=.NET 10.0.12 (10.0.12, 10.0.1226.42308), X64 RyuJIT x86-64-v3
// GC=Concurrent Workstation
// HardwareIntrinsics=AVX2+BMI1+BMI2+F16C+FMA+LZCNT+MOVBE,AVX,SSE3+SSSE3+SSE4.1+SSE4.2+POPCNT,X86Base+SSE+SSE2,AES+PCLMUL VectorSize=256
// Job: .NET 10.0

OverheadJitting  1: 1 op, 237914.00 ns, 237.9140 us/op
WorkloadJitting  1: 1 op, 797538.00 ns, 797.5380 us/op

OverheadJitting  2: 16 op, 505864.00 ns, 31.6165 us/op
WorkloadJitting  2: 16 op, 523697.00 ns, 32.7311 us/op

WorkloadPilot    1: 16 op, 16781.00 ns, 1.0488 us/op
WorkloadPilot    2: 32 op, 28163.00 ns, 880.0938 ns/op
WorkloadPilot    3: 64 op, 60824.00 ns, 950.3750 ns/op
WorkloadPilot    4: 128 op, 115436.00 ns, 901.8438 ns/op
WorkloadPilot    5: 256 op, 212457.00 ns, 829.9102 ns/op
WorkloadPilot    6: 512 op, 394276.00 ns, 770.0703 ns/op
WorkloadPilot    7: 1024 op, 808698.00 ns, 789.7441 ns/op
WorkloadPilot    8: 2048 op, 1672980.00 ns, 816.8848 ns/op
WorkloadPilot    9: 4096 op, 3191301.00 ns, 779.1262 ns/op
WorkloadPilot   10: 8192 op, 6445600.00 ns, 786.8164 ns/op
WorkloadPilot   11: 16384 op, 12787297.00 ns, 780.4747 ns/op
WorkloadPilot   12: 32768 op, 25082677.00 ns, 765.4626 ns/op
WorkloadPilot   13: 65536 op, 50595936.00 ns, 772.0327 ns/op
WorkloadPilot   14: 131072 op, 101975978.00 ns, 778.0150 ns/op
WorkloadPilot   15: 262144 op, 103360847.00 ns, 394.2903 ns/op
WorkloadPilot   16: 524288 op, 196123779.00 ns, 374.0764 ns/op
WorkloadPilot   17: 1048576 op, 391326754.00 ns, 373.1983 ns/op
WorkloadPilot   18: 2097152 op, 784908624.00 ns, 374.2736 ns/op

OverheadWarmup   1: 2097152 op, 8431243.00 ns, 4.0203 ns/op
OverheadWarmup   2: 2097152 op, 8397952.00 ns, 4.0045 ns/op
OverheadWarmup   3: 2097152 op, 8306772.00 ns, 3.9610 ns/op
OverheadWarmup   4: 2097152 op, 8295240.00 ns, 3.9555 ns/op
OverheadWarmup   5: 2097152 op, 8340334.00 ns, 3.9770 ns/op
OverheadWarmup   6: 2097152 op, 8305318.00 ns, 3.9603 ns/op
OverheadWarmup   7: 2097152 op, 8306341.00 ns, 3.9608 ns/op
OverheadWarmup   8: 2097152 op, 8319034.00 ns, 3.9668 ns/op
OverheadWarmup   9: 2097152 op, 8362986.00 ns, 3.9878 ns/op
OverheadWarmup  10: 2097152 op, 8315498.00 ns, 3.9651 ns/op

OverheadActual   1: 2097152 op, 8300319.00 ns, 3.9579 ns/op
OverheadActual   2: 2097152 op, 8401958.00 ns, 4.0064 ns/op
OverheadActual   3: 2097152 op, 8336426.00 ns, 3.9751 ns/op
OverheadActual   4: 2097152 op, 8328742.00 ns, 3.9715 ns/op
OverheadActual   5: 2097152 op, 8315097.00 ns, 3.9649 ns/op
OverheadActual   6: 2097152 op, 8354751.00 ns, 3.9839 ns/op
OverheadActual   7: 2097152 op, 8313644.00 ns, 3.9643 ns/op
OverheadActual   8: 2097152 op, 8330656.00 ns, 3.9724 ns/op
OverheadActual   9: 2097152 op, 8308765.00 ns, 3.9619 ns/op
OverheadActual  10: 2097152 op, 8306310.00 ns, 3.9608 ns/op
OverheadActual  11: 2097152 op, 8303405.00 ns, 3.9594 ns/op
OverheadActual  12: 2097152 op, 8506114.00 ns, 4.0560 ns/op
OverheadActual  13: 2097152 op, 8306060.00 ns, 3.9606 ns/op
OverheadActual  14: 2097152 op, 8308073.00 ns, 3.9616 ns/op
OverheadActual  15: 2097152 op, 8307002.00 ns, 3.9611 ns/op

WorkloadWarmup   1: 2097152 op, 790218951.00 ns, 376.8058 ns/op
WorkloadWarmup   2: 2097152 op, 788050397.00 ns, 375.7717 ns/op
WorkloadWarmup   3: 2097152 op, 783519312.00 ns, 373.6111 ns/op
WorkloadWarmup   4: 2097152 op, 783835891.00 ns, 373.7621 ns/op
WorkloadWarmup   5: 2097152 op, 783299092.00 ns, 373.5061 ns/op
WorkloadWarmup   6: 2097152 op, 784342937.00 ns, 374.0039 ns/op
WorkloadWarmup   7: 2097152 op, 783440348.00 ns, 373.5735 ns/op

// BeforeActualRun
WorkloadActual   1: 2097152 op, 784498631.00 ns, 374.0781 ns/op
WorkloadActual   2: 2097152 op, 785618200.00 ns, 374.6119 ns/op
WorkloadActual   3: 2097152 op, 784305341.00 ns, 373.9859 ns/op
WorkloadActual   4: 2097152 op, 785080256.00 ns, 374.3554 ns/op
WorkloadActual   5: 2097152 op, 782919444.00 ns, 373.3251 ns/op
WorkloadActual   6: 2097152 op, 784565180.00 ns, 374.1098 ns/op
WorkloadActual   7: 2097152 op, 784224354.00 ns, 373.9473 ns/op
WorkloadActual   8: 2097152 op, 783424280.00 ns, 373.5658 ns/op
WorkloadActual   9: 2097152 op, 784731598.00 ns, 374.1892 ns/op
WorkloadActual  10: 2097152 op, 783464086.00 ns, 373.5848 ns/op
WorkloadActual  11: 2097152 op, 784418818.00 ns, 374.0400 ns/op
WorkloadActual  12: 2097152 op, 806803346.00 ns, 384.7138 ns/op
WorkloadActual  13: 2097152 op, 784122431.00 ns, 373.8987 ns/op
WorkloadActual  14: 2097152 op, 784223052.00 ns, 373.9467 ns/op
WorkloadActual  15: 2097152 op, 783810871.00 ns, 373.7501 ns/op

// AfterActualRun
WorkloadResult   1: 2097152 op, 776184987.00 ns, 370.1138 ns/op
WorkloadResult   2: 2097152 op, 777304556.00 ns, 370.6477 ns/op
WorkloadResult   3: 2097152 op, 775991697.00 ns, 370.0217 ns/op
WorkloadResult   4: 2097152 op, 776766612.00 ns, 370.3912 ns/op
WorkloadResult   5: 2097152 op, 774605800.00 ns, 369.3608 ns/op
WorkloadResult   6: 2097152 op, 776251536.00 ns, 370.1456 ns/op
WorkloadResult   7: 2097152 op, 775910710.00 ns, 369.9831 ns/op
WorkloadResult   8: 2097152 op, 775110636.00 ns, 369.6016 ns/op
WorkloadResult   9: 2097152 op, 776417954.00 ns, 370.2249 ns/op
WorkloadResult  10: 2097152 op, 775150442.00 ns, 369.6205 ns/op
WorkloadResult  11: 2097152 op, 776105174.00 ns, 370.0758 ns/op
WorkloadResult  12: 2097152 op, 775808787.00 ns, 369.9345 ns/op
WorkloadResult  13: 2097152 op, 775909408.00 ns, 369.9824 ns/op
WorkloadResult  14: 2097152 op, 775497227.00 ns, 369.7859 ns/op
// GC:  12 0 0 201326592 2097152
// Threading:  0 0 2097152

// AfterAll
// Benchmark Process 5260 has exited with code 0.

Mean = 369.992 ns, StdErr = 0.088 ns (0.02%), N = 14, StdDev = 0.331 ns
Min = 369.361 ns, Q1 = 369.823 ns, Median = 370.002 ns, Q3 = 370.138 ns, Max = 370.648 ns
IQR = 0.315 ns, LowerFence = 369.351 ns, UpperFence = 370.610 ns
ConfidenceInterval = [369.619 ns; 370.366 ns] (CI 99.9%), Margin = 0.373 ns (0.10% of Mean)
Skewness = -0.01, Kurtosis = 2.48, MValue = 2

// ** Remained 46 (38.3 %) benchmark(s) to run. Estimated finish 2026-09-13 7:12 (0h 6m from now) **
// **************************
// Benchmark: ValueObjectBenchmarks.Domain_Money_ApplyTax: .NET 10.0(Runtime=.NET 10.0, Toolchain=net10.0)
// *** Execute ***
// Launch: 1 / 1
// Execute: dotnet "EricksonLopez.ValueObjects.Benchmarks-.NET 10.0-1.dll" --anonymousPipes 133 134 --benchmarkName EricksonLopez.ValueObjects.Benchmarks.ValueObjectBenchmarks.Domain_Money_ApplyTax --job ".NET 10.0" --benchmarkId 38 in /home/runner/work/dotnet-value-objects/dotnet-value-objects/benchmarks/EricksonLopez.ValueObjects.Benchmarks/bin/Release/net10.0/EricksonLopez.ValueObjects.Benchmarks-.NET 10.0-1/bin/Release/net10.0
// Failed to set up high priority (Permission denied). In order to run benchmarks with high priority, make sure you have the right permissions.
// BeforeAnythingElse

// Benchmark Process Environment Information:
// BenchmarkDotNet v0.15.8
// Runtime=.NET 10.0.12 (10.0.12, 10.0.1226.42308), X64 RyuJIT x86-64-v3
// GC=Concurrent Workstation
// HardwareIntrinsics=AVX2+BMI1+BMI2+F16C+FMA+LZCNT+MOVBE,AVX,SSE3+SSSE3+SSE4.1+SSE4.2+POPCNT,X86Base+SSE+SSE2,AES+PCLMUL VectorSize=256
// Job: .NET 10.0

OverheadJitting  1: 1 op, 219080.00 ns, 219.0800 us/op
WorkloadJitting  1: 1 op, 518529.00 ns, 518.5290 us/op

OverheadJitting  2: 16 op, 208659.00 ns, 13.0412 us/op
WorkloadJitting  2: 16 op, 224750.00 ns, 14.0469 us/op

WorkloadPilot    1: 16 op, 5060.00 ns, 316.2500 ns/op
WorkloadPilot    2: 32 op, 7444.00 ns, 232.6250 ns/op
WorkloadPilot    3: 64 op, 13335.00 ns, 208.3594 ns/op
WorkloadPilot    4: 128 op, 24576.00 ns, 192.0000 ns/op
WorkloadPilot    5: 256 op, 46678.00 ns, 182.3359 ns/op
WorkloadPilot    6: 512 op, 93154.00 ns, 181.9414 ns/op
WorkloadPilot    7: 1024 op, 189385.00 ns, 184.9463 ns/op
WorkloadPilot    8: 2048 op, 365884.00 ns, 178.6543 ns/op
WorkloadPilot    9: 4096 op, 743881.00 ns, 181.6116 ns/op
WorkloadPilot   10: 8192 op, 1487271.00 ns, 181.5516 ns/op
WorkloadPilot   11: 16384 op, 2971806.00 ns, 181.3846 ns/op
WorkloadPilot   12: 32768 op, 5735123.00 ns, 175.0221 ns/op
WorkloadPilot   13: 65536 op, 11693002.00 ns, 178.4211 ns/op
WorkloadPilot   14: 131072 op, 23296346.00 ns, 177.7370 ns/op
WorkloadPilot   15: 262144 op, 46848993.00 ns, 178.7147 ns/op
WorkloadPilot   16: 524288 op, 96052718.00 ns, 183.2060 ns/op
WorkloadPilot   17: 1048576 op, 61882982.00 ns, 59.0162 ns/op
WorkloadPilot   18: 2097152 op, 119583824.00 ns, 57.0220 ns/op
WorkloadPilot   19: 4194304 op, 239349598.00 ns, 57.0654 ns/op
WorkloadPilot   20: 8388608 op, 486242560.00 ns, 57.9646 ns/op
WorkloadPilot   21: 16777216 op, 956378266.00 ns, 57.0046 ns/op

OverheadWarmup   1: 16777216 op, 43616529.00 ns, 2.5997 ns/op
OverheadWarmup   2: 16777216 op, 43597724.00 ns, 2.5986 ns/op
OverheadWarmup   3: 16777216 op, 43457912.00 ns, 2.5903 ns/op
OverheadWarmup   4: 16777216 op, 43573328.00 ns, 2.5972 ns/op
OverheadWarmup   5: 16777216 op, 43847962.00 ns, 2.6135 ns/op
OverheadWarmup   6: 16777216 op, 43568259.00 ns, 2.5969 ns/op
OverheadWarmup   7: 16777216 op, 44874090.00 ns, 2.6747 ns/op
OverheadWarmup   8: 16777216 op, 27764791.00 ns, 1.6549 ns/op

OverheadActual   1: 16777216 op, 27743201.00 ns, 1.6536 ns/op
OverheadActual   2: 16777216 op, 27737059.00 ns, 1.6533 ns/op
OverheadActual   3: 16777216 op, 27808924.00 ns, 1.6575 ns/op
OverheadActual   4: 16777216 op, 27729325.00 ns, 1.6528 ns/op
OverheadActual   5: 16777216 op, 27856252.00 ns, 1.6604 ns/op
OverheadActual   6: 16777216 op, 27746637.00 ns, 1.6538 ns/op
OverheadActual   7: 16777216 op, 27733262.00 ns, 1.6530 ns/op
OverheadActual   8: 16777216 op, 27787004.00 ns, 1.6562 ns/op
OverheadActual   9: 16777216 op, 27743972.00 ns, 1.6537 ns/op
OverheadActual  10: 16777216 op, 27945019.00 ns, 1.6657 ns/op
OverheadActual  11: 16777216 op, 28195166.00 ns, 1.6806 ns/op
OverheadActual  12: 16777216 op, 27747619.00 ns, 1.6539 ns/op
OverheadActual  13: 16777216 op, 27811198.00 ns, 1.6577 ns/op
OverheadActual  14: 16777216 op, 27968842.00 ns, 1.6671 ns/op
OverheadActual  15: 16777216 op, 27819614.00 ns, 1.6582 ns/op

WorkloadWarmup   1: 16777216 op, 956324529.00 ns, 57.0014 ns/op
WorkloadWarmup   2: 16777216 op, 956384891.00 ns, 57.0050 ns/op
WorkloadWarmup   3: 16777216 op, 956352681.00 ns, 57.0031 ns/op
WorkloadWarmup   4: 16777216 op, 958329378.00 ns, 57.1209 ns/op
WorkloadWarmup   5: 16777216 op, 959998239.00 ns, 57.2204 ns/op
WorkloadWarmup   6: 16777216 op, 956887306.00 ns, 57.0349 ns/op

// BeforeActualRun
WorkloadActual   1: 16777216 op, 956726395.00 ns, 57.0253 ns/op
WorkloadActual   2: 16777216 op, 956597154.00 ns, 57.0176 ns/op
WorkloadActual   3: 16777216 op, 956340685.00 ns, 57.0023 ns/op
WorkloadActual   4: 16777216 op, 957724019.00 ns, 57.0848 ns/op
WorkloadActual   5: 16777216 op, 956870122.00 ns, 57.0339 ns/op
WorkloadActual   6: 16777216 op, 956883978.00 ns, 57.0347 ns/op
WorkloadActual   7: 16777216 op, 956569408.00 ns, 57.0160 ns/op
WorkloadActual   8: 16777216 op, 956951709.00 ns, 57.0388 ns/op
WorkloadActual   9: 16777216 op, 956489122.00 ns, 57.0112 ns/op
WorkloadActual  10: 16777216 op, 956217909.00 ns, 56.9950 ns/op
WorkloadActual  11: 16777216 op, 956047721.00 ns, 56.9849 ns/op
WorkloadActual  12: 16777216 op, 956515348.00 ns, 57.0128 ns/op
WorkloadActual  13: 16777216 op, 957101373.00 ns, 57.0477 ns/op
WorkloadActual  14: 16777216 op, 957463303.00 ns, 57.0693 ns/op
WorkloadActual  15: 16777216 op, 956624903.00 ns, 57.0193 ns/op

// AfterActualRun
WorkloadResult   1: 16777216 op, 928939391.00 ns, 55.3691 ns/op
WorkloadResult   2: 16777216 op, 928810150.00 ns, 55.3614 ns/op
WorkloadResult   3: 16777216 op, 928553681.00 ns, 55.3461 ns/op
WorkloadResult   4: 16777216 op, 929083118.00 ns, 55.3777 ns/op
WorkloadResult   5: 16777216 op, 929096974.00 ns, 55.3785 ns/op
WorkloadResult   6: 16777216 op, 928782404.00 ns, 55.3597 ns/op
WorkloadResult   7: 16777216 op, 929164705.00 ns, 55.3825 ns/op
WorkloadResult   8: 16777216 op, 928702118.00 ns, 55.3550 ns/op
WorkloadResult   9: 16777216 op, 928430905.00 ns, 55.3388 ns/op
WorkloadResult  10: 16777216 op, 928260717.00 ns, 55.3287 ns/op
WorkloadResult  11: 16777216 op, 928728344.00 ns, 55.3565 ns/op
WorkloadResult  12: 16777216 op, 929314369.00 ns, 55.3915 ns/op
WorkloadResult  13: 16777216 op, 929676299.00 ns, 55.4130 ns/op
WorkloadResult  14: 16777216 op, 928837899.00 ns, 55.3631 ns/op
// GC:  0 0 0 0 16777216
// Threading:  0 0 16777216

// AfterAll
// Benchmark Process 5272 has exited with code 0.

Mean = 55.366 ns, StdErr = 0.006 ns (0.01%), N = 14, StdDev = 0.022 ns
Min = 55.329 ns, Q1 = 55.355 ns, Median = 55.362 ns, Q3 = 55.378 ns, Max = 55.413 ns
IQR = 0.023 ns, LowerFence = 55.321 ns, UpperFence = 55.413 ns
ConfidenceInterval = [55.341 ns; 55.391 ns] (CI 99.9%), Margin = 0.025 ns (0.04% of Mean)
Skewness = 0.33, Kurtosis = 2.52, MValue = 2

// ** Remained 45 (37.5 %) benchmark(s) to run. Estimated finish 2026-09-13 7:13 (0h 6m from now) **
// **************************
// Benchmark: ValueObjectBenchmarks.Domain_Parse_BusinessDate: .NET 10.0(Runtime=.NET 10.0, Toolchain=net10.0)
// *** Execute ***
// Launch: 1 / 1
// Execute: dotnet "EricksonLopez.ValueObjects.Benchmarks-.NET 10.0-1.dll" --anonymousPipes 133 134 --benchmarkName EricksonLopez.ValueObjects.Benchmarks.ValueObjectBenchmarks.Domain_Parse_BusinessDate --job ".NET 10.0" --benchmarkId 39 in /home/runner/work/dotnet-value-objects/dotnet-value-objects/benchmarks/EricksonLopez.ValueObjects.Benchmarks/bin/Release/net10.0/EricksonLopez.ValueObjects.Benchmarks-.NET 10.0-1/bin/Release/net10.0
// Failed to set up high priority (Permission denied). In order to run benchmarks with high priority, make sure you have the right permissions.
// BeforeAnythingElse

// Benchmark Process Environment Information:
// BenchmarkDotNet v0.15.8
// Runtime=.NET 10.0.12 (10.0.12, 10.0.1226.42308), X64 RyuJIT x86-64-v3
// GC=Concurrent Workstation
// HardwareIntrinsics=AVX2+BMI1+BMI2+F16C+FMA+LZCNT+MOVBE,AVX,SSE3+SSSE3+SSE4.1+SSE4.2+POPCNT,X86Base+SSE+SSE2,AES+PCLMUL VectorSize=256
// Job: .NET 10.0

OverheadJitting  1: 1 op, 218878.00 ns, 218.8780 us/op
WorkloadJitting  1: 1 op, 8923887.00 ns, 8.9239 ms/op

OverheadJitting  2: 16 op, 232915.00 ns, 14.5572 us/op
WorkloadJitting  2: 16 op, 269283.00 ns, 16.8302 us/op

WorkloadPilot    1: 16 op, 10119.00 ns, 632.4375 ns/op
WorkloadPilot    2: 32 op, 12974.00 ns, 405.4375 ns/op
WorkloadPilot    3: 64 op, 20308.00 ns, 317.3125 ns/op
WorkloadPilot    4: 128 op, 35356.00 ns, 276.2188 ns/op
WorkloadPilot    5: 256 op, 67375.00 ns, 263.1836 ns/op
WorkloadPilot    6: 512 op, 132197.00 ns, 258.1973 ns/op
WorkloadPilot    7: 1024 op, 258062.00 ns, 252.0137 ns/op
WorkloadPilot    8: 2048 op, 505503.00 ns, 246.8276 ns/op
WorkloadPilot    9: 4096 op, 1020114.00 ns, 249.0513 ns/op
WorkloadPilot   10: 8192 op, 2094009.00 ns, 255.6163 ns/op
WorkloadPilot   11: 16384 op, 4114501.00 ns, 251.1292 ns/op
WorkloadPilot   12: 32768 op, 8142890.00 ns, 248.5013 ns/op
WorkloadPilot   13: 65536 op, 16405472.00 ns, 250.3276 ns/op
WorkloadPilot   14: 131072 op, 32588259.00 ns, 248.6287 ns/op
WorkloadPilot   15: 262144 op, 65597784.00 ns, 250.2357 ns/op
WorkloadPilot   16: 524288 op, 113683417.00 ns, 216.8339 ns/op
WorkloadPilot   17: 1048576 op, 136941775.00 ns, 130.5979 ns/op
WorkloadPilot   18: 2097152 op, 273563118.00 ns, 130.4451 ns/op
WorkloadPilot   19: 4194304 op, 547647686.00 ns, 130.5694 ns/op

OverheadWarmup   1: 4194304 op, 14664143.00 ns, 3.4962 ns/op
OverheadWarmup   2: 4194304 op, 14653542.00 ns, 3.4937 ns/op
OverheadWarmup   3: 4194304 op, 14601435.00 ns, 3.4813 ns/op
OverheadWarmup   4: 4194304 op, 14611343.00 ns, 3.4836 ns/op
OverheadWarmup   5: 4194304 op, 14600513.00 ns, 3.4810 ns/op
OverheadWarmup   6: 4194304 op, 14651268.00 ns, 3.4931 ns/op
OverheadWarmup   7: 4194304 op, 14632904.00 ns, 3.4888 ns/op

OverheadActual   1: 4194304 op, 14653341.00 ns, 3.4936 ns/op
OverheadActual   2: 4194304 op, 14663350.00 ns, 3.4960 ns/op
OverheadActual   3: 4194304 op, 14648903.00 ns, 3.4926 ns/op
OverheadActual   4: 4194304 op, 14679801.00 ns, 3.4999 ns/op
OverheadActual   5: 4194304 op, 14624198.00 ns, 3.4867 ns/op
OverheadActual   6: 4194304 op, 14636610.00 ns, 3.4896 ns/op
OverheadActual   7: 4194304 op, 14598269.00 ns, 3.4805 ns/op
OverheadActual   8: 4194304 op, 14602677.00 ns, 3.4815 ns/op
OverheadActual   9: 4194304 op, 14618016.00 ns, 3.4852 ns/op
OverheadActual  10: 4194304 op, 14615712.00 ns, 3.4847 ns/op
OverheadActual  11: 4194304 op, 14612496.00 ns, 3.4839 ns/op
OverheadActual  12: 4194304 op, 14617345.00 ns, 3.4850 ns/op
OverheadActual  13: 4194304 op, 12185465.00 ns, 2.9052 ns/op
OverheadActual  14: 4194304 op, 7031496.00 ns, 1.6764 ns/op
OverheadActual  15: 4194304 op, 6998193.00 ns, 1.6685 ns/op
OverheadActual  16: 4194304 op, 6962206.00 ns, 1.6599 ns/op
OverheadActual  17: 4194304 op, 6973236.00 ns, 1.6625 ns/op
OverheadActual  18: 4194304 op, 6964690.00 ns, 1.6605 ns/op
OverheadActual  19: 4194304 op, 6960433.00 ns, 1.6595 ns/op
OverheadActual  20: 4194304 op, 6959701.00 ns, 1.6593 ns/op

WorkloadWarmup   1: 4194304 op, 550223383.00 ns, 131.1835 ns/op
WorkloadWarmup   2: 4194304 op, 547429148.00 ns, 130.5173 ns/op
WorkloadWarmup   3: 4194304 op, 547539574.00 ns, 130.5436 ns/op
WorkloadWarmup   4: 4194304 op, 547262647.00 ns, 130.4776 ns/op
WorkloadWarmup   5: 4194304 op, 547585910.00 ns, 130.5547 ns/op
WorkloadWarmup   6: 4194304 op, 547357965.00 ns, 130.5003 ns/op

// BeforeActualRun
WorkloadActual   1: 4194304 op, 547003193.00 ns, 130.4157 ns/op
WorkloadActual   2: 4194304 op, 547512463.00 ns, 130.5371 ns/op
WorkloadActual   3: 4194304 op, 547428897.00 ns, 130.5172 ns/op
WorkloadActual   4: 4194304 op, 548182475.00 ns, 130.6969 ns/op
WorkloadActual   5: 4194304 op, 551885000.00 ns, 131.5796 ns/op
WorkloadActual   6: 4194304 op, 547708878.00 ns, 130.5840 ns/op
WorkloadActual   7: 4194304 op, 549151016.00 ns, 130.9278 ns/op
WorkloadActual   8: 4194304 op, 547399412.00 ns, 130.5102 ns/op
WorkloadActual   9: 4194304 op, 548344894.00 ns, 130.7356 ns/op
WorkloadActual  10: 4194304 op, 547399220.00 ns, 130.5101 ns/op
WorkloadActual  11: 4194304 op, 547861393.00 ns, 130.6203 ns/op
WorkloadActual  12: 4194304 op, 547090584.00 ns, 130.4366 ns/op
WorkloadActual  13: 4194304 op, 549390676.00 ns, 130.9849 ns/op
WorkloadActual  14: 4194304 op, 547061110.00 ns, 130.4295 ns/op
WorkloadActual  15: 4194304 op, 547370226.00 ns, 130.5032 ns/op

// AfterActualRun
WorkloadResult   1: 4194304 op, 532395606.50 ns, 126.9330 ns/op
WorkloadResult   2: 4194304 op, 532904876.50 ns, 127.0544 ns/op
WorkloadResult   3: 4194304 op, 532821310.50 ns, 127.0345 ns/op
WorkloadResult   4: 4194304 op, 533574888.50 ns, 127.2142 ns/op
WorkloadResult   5: 4194304 op, 533101291.50 ns, 127.1013 ns/op
WorkloadResult   6: 4194304 op, 534543429.50 ns, 127.4451 ns/op
WorkloadResult   7: 4194304 op, 532791825.50 ns, 127.0275 ns/op
WorkloadResult   8: 4194304 op, 533737307.50 ns, 127.2529 ns/op
WorkloadResult   9: 4194304 op, 532791633.50 ns, 127.0274 ns/op
WorkloadResult  10: 4194304 op, 533253806.50 ns, 127.1376 ns/op
WorkloadResult  11: 4194304 op, 532482997.50 ns, 126.9538 ns/op
WorkloadResult  12: 4194304 op, 534783089.50 ns, 127.5022 ns/op
WorkloadResult  13: 4194304 op, 532453523.50 ns, 126.9468 ns/op
WorkloadResult  14: 4194304 op, 532762639.50 ns, 127.0205 ns/op
// GC:  0 0 0 0 4194304
// Threading:  0 0 4194304

// AfterAll
// Benchmark Process 5287 has exited with code 0.

Mean = 127.118 ns, StdErr = 0.047 ns (0.04%), N = 14, StdDev = 0.178 ns
Min = 126.933 ns, Q1 = 127.022 ns, Median = 127.044 ns, Q3 = 127.195 ns, Max = 127.502 ns
IQR = 0.173 ns, LowerFence = 126.763 ns, UpperFence = 127.454 ns
ConfidenceInterval = [126.918 ns; 127.318 ns] (CI 99.9%), Margin = 0.200 ns (0.16% of Mean)
Skewness = 0.97, Kurtosis = 2.64, MValue = 2

// ** Remained 44 (36.7 %) benchmark(s) to run. Estimated finish 2026-09-13 7:13 (0h 6m from now) **
// Build Error: Standard output: 
  
 Standard error: 
   Determining projects to restore...
/home/runner/work/dotnet-value-objects/dotnet-value-objects/benchmarks/EricksonLopez.ValueObjects.Benchmarks/bin/Release/net10.0/EricksonLopez.ValueObjects.Benchmarks-.NET 8.0-2/BenchmarkDotNet.Autogenerated.csproj : error NU1201: Project EricksonLopez.ValueObjects.Benchmarks is not compatible with net8.0 (.NETCoreApp,Version=v8.0). Project EricksonLopez.ValueObjects.Benchmarks supports: net10.0 (.NETCoreApp,Version=v10.0)
  Failed to restore /home/runner/work/dotnet-value-objects/dotnet-value-objects/benchmarks/EricksonLopez.ValueObjects.Benchmarks/bin/Release/net10.0/EricksonLopez.ValueObjects.Benchmarks-.NET 8.0-2/BenchmarkDotNet.Autogenerated.csproj (in 279 ms).
  5 of 6 projects are up-to-date for restore.

// BenchmarkDotNet has failed to build the auto-generated boilerplate code.
// It can be found in /home/runner/work/dotnet-value-objects/dotnet-value-objects/benchmarks/EricksonLopez.ValueObjects.Benchmarks/bin/Release/net10.0/EricksonLopez.ValueObjects.Benchmarks-.NET 8.0-2
// Please follow the troubleshooting guide: https://benchmarkdotnet.org/articles/guides/troubleshooting.html

// ** Remained 43 (35.8 %) benchmark(s) to run. Estimated finish 2026-09-13 7:13 (0h 6m from now) **
// Build Error: Standard output: 
  
 Standard error: 
   Determining projects to restore...
/home/runner/work/dotnet-value-objects/dotnet-value-objects/benchmarks/EricksonLopez.ValueObjects.Benchmarks/bin/Release/net10.0/EricksonLopez.ValueObjects.Benchmarks-.NET 8.0-2/BenchmarkDotNet.Autogenerated.csproj : error NU1201: Project EricksonLopez.ValueObjects.Benchmarks is not compatible with net8.0 (.NETCoreApp,Version=v8.0). Project EricksonLopez.ValueObjects.Benchmarks supports: net10.0 (.NETCoreApp,Version=v10.0)
  Failed to restore /home/runner/work/dotnet-value-objects/dotnet-value-objects/benchmarks/EricksonLopez.ValueObjects.Benchmarks/bin/Release/net10.0/EricksonLopez.ValueObjects.Benchmarks-.NET 8.0-2/BenchmarkDotNet.Autogenerated.csproj (in 279 ms).
  5 of 6 projects are up-to-date for restore.

// BenchmarkDotNet has failed to build the auto-generated boilerplate code.
// It can be found in /home/runner/work/dotnet-value-objects/dotnet-value-objects/benchmarks/EricksonLopez.ValueObjects.Benchmarks/bin/Release/net10.0/EricksonLopez.ValueObjects.Benchmarks-.NET 8.0-2
// Please follow the troubleshooting guide: https://benchmarkdotnet.org/articles/guides/troubleshooting.html

// ** Remained 42 (35.0 %) benchmark(s) to run. Estimated finish 2026-09-13 7:12 (0h 5m from now) **
// Build Error: Standard output: 
  
 Standard error: 
   Determining projects to restore...
/home/runner/work/dotnet-value-objects/dotnet-value-objects/benchmarks/EricksonLopez.ValueObjects.Benchmarks/bin/Release/net10.0/EricksonLopez.ValueObjects.Benchmarks-.NET 8.0-2/BenchmarkDotNet.Autogenerated.csproj : error NU1201: Project EricksonLopez.ValueObjects.Benchmarks is not compatible with net8.0 (.NETCoreApp,Version=v8.0). Project EricksonLopez.ValueObjects.Benchmarks supports: net10.0 (.NETCoreApp,Version=v10.0)
  Failed to restore /home/runner/work/dotnet-value-objects/dotnet-value-objects/benchmarks/EricksonLopez.ValueObjects.Benchmarks/bin/Release/net10.0/EricksonLopez.ValueObjects.Benchmarks-.NET 8.0-2/BenchmarkDotNet.Autogenerated.csproj (in 279 ms).
  5 of 6 projects are up-to-date for restore.

// BenchmarkDotNet has failed to build the auto-generated boilerplate code.
// It can be found in /home/runner/work/dotnet-value-objects/dotnet-value-objects/benchmarks/EricksonLopez.ValueObjects.Benchmarks/bin/Release/net10.0/EricksonLopez.ValueObjects.Benchmarks-.NET 8.0-2
// Please follow the troubleshooting guide: https://benchmarkdotnet.org/articles/guides/troubleshooting.html

// ** Remained 41 (34.2 %) benchmark(s) to run. Estimated finish 2026-09-13 7:12 (0h 5m from now) **
// Build Error: Standard output: 
  
 Standard error: 
   Determining projects to restore...
/home/runner/work/dotnet-value-objects/dotnet-value-objects/benchmarks/EricksonLopez.ValueObjects.Benchmarks/bin/Release/net10.0/EricksonLopez.ValueObjects.Benchmarks-.NET 8.0-2/BenchmarkDotNet.Autogenerated.csproj : error NU1201: Project EricksonLopez.ValueObjects.Benchmarks is not compatible with net8.0 (.NETCoreApp,Version=v8.0). Project EricksonLopez.ValueObjects.Benchmarks supports: net10.0 (.NETCoreApp,Version=v10.0)
  Failed to restore /home/runner/work/dotnet-value-objects/dotnet-value-objects/benchmarks/EricksonLopez.ValueObjects.Benchmarks/bin/Release/net10.0/EricksonLopez.ValueObjects.Benchmarks-.NET 8.0-2/BenchmarkDotNet.Autogenerated.csproj (in 279 ms).
  5 of 6 projects are up-to-date for restore.

// BenchmarkDotNet has failed to build the auto-generated boilerplate code.
// It can be found in /home/runner/work/dotnet-value-objects/dotnet-value-objects/benchmarks/EricksonLopez.ValueObjects.Benchmarks/bin/Release/net10.0/EricksonLopez.ValueObjects.Benchmarks-.NET 8.0-2
// Please follow the troubleshooting guide: https://benchmarkdotnet.org/articles/guides/troubleshooting.html

// ** Remained 40 (33.3 %) benchmark(s) to run. Estimated finish 2026-09-13 7:12 (0h 5m from now) **
// Build Error: Standard output: 
  
 Standard error: 
   Determining projects to restore...
/home/runner/work/dotnet-value-objects/dotnet-value-objects/benchmarks/EricksonLopez.ValueObjects.Benchmarks/bin/Release/net10.0/EricksonLopez.ValueObjects.Benchmarks-.NET 8.0-2/BenchmarkDotNet.Autogenerated.csproj : error NU1201: Project EricksonLopez.ValueObjects.Benchmarks is not compatible with net8.0 (.NETCoreApp,Version=v8.0). Project EricksonLopez.ValueObjects.Benchmarks supports: net10.0 (.NETCoreApp,Version=v10.0)
  Failed to restore /home/runner/work/dotnet-value-objects/dotnet-value-objects/benchmarks/EricksonLopez.ValueObjects.Benchmarks/bin/Release/net10.0/EricksonLopez.ValueObjects.Benchmarks-.NET 8.0-2/BenchmarkDotNet.Autogenerated.csproj (in 279 ms).
  5 of 6 projects are up-to-date for restore.

// BenchmarkDotNet has failed to build the auto-generated boilerplate code.
// It can be found in /home/runner/work/dotnet-value-objects/dotnet-value-objects/benchmarks/EricksonLopez.ValueObjects.Benchmarks/bin/Release/net10.0/EricksonLopez.ValueObjects.Benchmarks-.NET 8.0-2
// Please follow the troubleshooting guide: https://benchmarkdotnet.org/articles/guides/troubleshooting.html

// ** Remained 39 (32.5 %) benchmark(s) to run. Estimated finish 2026-09-13 7:12 (0h 5m from now) **
// Build Error: Standard output: 
  
 Standard error: 
   Determining projects to restore...
/home/runner/work/dotnet-value-objects/dotnet-value-objects/benchmarks/EricksonLopez.ValueObjects.Benchmarks/bin/Release/net10.0/EricksonLopez.ValueObjects.Benchmarks-.NET 8.0-2/BenchmarkDotNet.Autogenerated.csproj : error NU1201: Project EricksonLopez.ValueObjects.Benchmarks is not compatible with net8.0 (.NETCoreApp,Version=v8.0). Project EricksonLopez.ValueObjects.Benchmarks supports: net10.0 (.NETCoreApp,Version=v10.0)
  Failed to restore /home/runner/work/dotnet-value-objects/dotnet-value-objects/benchmarks/EricksonLopez.ValueObjects.Benchmarks/bin/Release/net10.0/EricksonLopez.ValueObjects.Benchmarks-.NET 8.0-2/BenchmarkDotNet.Autogenerated.csproj (in 279 ms).
  5 of 6 projects are up-to-date for restore.

// BenchmarkDotNet has failed to build the auto-generated boilerplate code.
// It can be found in /home/runner/work/dotnet-value-objects/dotnet-value-objects/benchmarks/EricksonLopez.ValueObjects.Benchmarks/bin/Release/net10.0/EricksonLopez.ValueObjects.Benchmarks-.NET 8.0-2
// Please follow the troubleshooting guide: https://benchmarkdotnet.org/articles/guides/troubleshooting.html

// ** Remained 38 (31.7 %) benchmark(s) to run. Estimated finish 2026-09-13 7:12 (0h 5m from now) **
// Build Error: Standard output: 
  
 Standard error: 
   Determining projects to restore...
/home/runner/work/dotnet-value-objects/dotnet-value-objects/benchmarks/EricksonLopez.ValueObjects.Benchmarks/bin/Release/net10.0/EricksonLopez.ValueObjects.Benchmarks-.NET 8.0-2/BenchmarkDotNet.Autogenerated.csproj : error NU1201: Project EricksonLopez.ValueObjects.Benchmarks is not compatible with net8.0 (.NETCoreApp,Version=v8.0). Project EricksonLopez.ValueObjects.Benchmarks supports: net10.0 (.NETCoreApp,Version=v10.0)
  Failed to restore /home/runner/work/dotnet-value-objects/dotnet-value-objects/benchmarks/EricksonLopez.ValueObjects.Benchmarks/bin/Release/net10.0/EricksonLopez.ValueObjects.Benchmarks-.NET 8.0-2/BenchmarkDotNet.Autogenerated.csproj (in 279 ms).
  5 of 6 projects are up-to-date for restore.

// BenchmarkDotNet has failed to build the auto-generated boilerplate code.
// It can be found in /home/runner/work/dotnet-value-objects/dotnet-value-objects/benchmarks/EricksonLopez.ValueObjects.Benchmarks/bin/Release/net10.0/EricksonLopez.ValueObjects.Benchmarks-.NET 8.0-2
// Please follow the troubleshooting guide: https://benchmarkdotnet.org/articles/guides/troubleshooting.html

// ** Remained 37 (30.8 %) benchmark(s) to run. Estimated finish 2026-09-13 7:11 (0h 4m from now) **
// Build Error: Standard output: 
  
 Standard error: 
   Determining projects to restore...
/home/runner/work/dotnet-value-objects/dotnet-value-objects/benchmarks/EricksonLopez.ValueObjects.Benchmarks/bin/Release/net10.0/EricksonLopez.ValueObjects.Benchmarks-.NET 8.0-2/BenchmarkDotNet.Autogenerated.csproj : error NU1201: Project EricksonLopez.ValueObjects.Benchmarks is not compatible with net8.0 (.NETCoreApp,Version=v8.0). Project EricksonLopez.ValueObjects.Benchmarks supports: net10.0 (.NETCoreApp,Version=v10.0)
  Failed to restore /home/runner/work/dotnet-value-objects/dotnet-value-objects/benchmarks/EricksonLopez.ValueObjects.Benchmarks/bin/Release/net10.0/EricksonLopez.ValueObjects.Benchmarks-.NET 8.0-2/BenchmarkDotNet.Autogenerated.csproj (in 279 ms).
  5 of 6 projects are up-to-date for restore.

// BenchmarkDotNet has failed to build the auto-generated boilerplate code.
// It can be found in /home/runner/work/dotnet-value-objects/dotnet-value-objects/benchmarks/EricksonLopez.ValueObjects.Benchmarks/bin/Release/net10.0/EricksonLopez.ValueObjects.Benchmarks-.NET 8.0-2
// Please follow the troubleshooting guide: https://benchmarkdotnet.org/articles/guides/troubleshooting.html

// ** Remained 36 (30.0 %) benchmark(s) to run. Estimated finish 2026-09-13 7:11 (0h 4m from now) **
// Build Error: Standard output: 
  
 Standard error: 
   Determining projects to restore...
/home/runner/work/dotnet-value-objects/dotnet-value-objects/benchmarks/EricksonLopez.ValueObjects.Benchmarks/bin/Release/net10.0/EricksonLopez.ValueObjects.Benchmarks-.NET 8.0-2/BenchmarkDotNet.Autogenerated.csproj : error NU1201: Project EricksonLopez.ValueObjects.Benchmarks is not compatible with net8.0 (.NETCoreApp,Version=v8.0). Project EricksonLopez.ValueObjects.Benchmarks supports: net10.0 (.NETCoreApp,Version=v10.0)
  Failed to restore /home/runner/work/dotnet-value-objects/dotnet-value-objects/benchmarks/EricksonLopez.ValueObjects.Benchmarks/bin/Release/net10.0/EricksonLopez.ValueObjects.Benchmarks-.NET 8.0-2/BenchmarkDotNet.Autogenerated.csproj (in 279 ms).
  5 of 6 projects are up-to-date for restore.

// BenchmarkDotNet has failed to build the auto-generated boilerplate code.
// It can be found in /home/runner/work/dotnet-value-objects/dotnet-value-objects/benchmarks/EricksonLopez.ValueObjects.Benchmarks/bin/Release/net10.0/EricksonLopez.ValueObjects.Benchmarks-.NET 8.0-2
// Please follow the troubleshooting guide: https://benchmarkdotnet.org/articles/guides/troubleshooting.html

// ** Remained 35 (29.2 %) benchmark(s) to run. Estimated finish 2026-09-13 7:11 (0h 4m from now) **
// Build Error: Standard output: 
  
 Standard error: 
   Determining projects to restore...
/home/runner/work/dotnet-value-objects/dotnet-value-objects/benchmarks/EricksonLopez.ValueObjects.Benchmarks/bin/Release/net10.0/EricksonLopez.ValueObjects.Benchmarks-.NET 8.0-2/BenchmarkDotNet.Autogenerated.csproj : error NU1201: Project EricksonLopez.ValueObjects.Benchmarks is not compatible with net8.0 (.NETCoreApp,Version=v8.0). Project EricksonLopez.ValueObjects.Benchmarks supports: net10.0 (.NETCoreApp,Version=v10.0)
  Failed to restore /home/runner/work/dotnet-value-objects/dotnet-value-objects/benchmarks/EricksonLopez.ValueObjects.Benchmarks/bin/Release/net10.0/EricksonLopez.ValueObjects.Benchmarks-.NET 8.0-2/BenchmarkDotNet.Autogenerated.csproj (in 279 ms).
  5 of 6 projects are up-to-date for restore.

// BenchmarkDotNet has failed to build the auto-generated boilerplate code.
// It can be found in /home/runner/work/dotnet-value-objects/dotnet-value-objects/benchmarks/EricksonLopez.ValueObjects.Benchmarks/bin/Release/net10.0/EricksonLopez.ValueObjects.Benchmarks-.NET 8.0-2
// Please follow the troubleshooting guide: https://benchmarkdotnet.org/articles/guides/troubleshooting.html

// ** Remained 34 (28.3 %) benchmark(s) to run. Estimated finish 2026-09-13 7:11 (0h 4m from now) **
// Build Error: Standard output: 
  
 Standard error: 
   Determining projects to restore...
/home/runner/work/dotnet-value-objects/dotnet-value-objects/benchmarks/EricksonLopez.ValueObjects.Benchmarks/bin/Release/net10.0/EricksonLopez.ValueObjects.Benchmarks-.NET 8.0-2/BenchmarkDotNet.Autogenerated.csproj : error NU1201: Project EricksonLopez.ValueObjects.Benchmarks is not compatible with net8.0 (.NETCoreApp,Version=v8.0). Project EricksonLopez.ValueObjects.Benchmarks supports: net10.0 (.NETCoreApp,Version=v10.0)
  Failed to restore /home/runner/work/dotnet-value-objects/dotnet-value-objects/benchmarks/EricksonLopez.ValueObjects.Benchmarks/bin/Release/net10.0/EricksonLopez.ValueObjects.Benchmarks-.NET 8.0-2/BenchmarkDotNet.Autogenerated.csproj (in 279 ms).
  5 of 6 projects are up-to-date for restore.

// BenchmarkDotNet has failed to build the auto-generated boilerplate code.
// It can be found in /home/runner/work/dotnet-value-objects/dotnet-value-objects/benchmarks/EricksonLopez.ValueObjects.Benchmarks/bin/Release/net10.0/EricksonLopez.ValueObjects.Benchmarks-.NET 8.0-2
// Please follow the troubleshooting guide: https://benchmarkdotnet.org/articles/guides/troubleshooting.html

// ** Remained 33 (27.5 %) benchmark(s) to run. Estimated finish 2026-09-13 7:11 (0h 4m from now) **
// Build Error: Standard output: 
  
 Standard error: 
   Determining projects to restore...
/home/runner/work/dotnet-value-objects/dotnet-value-objects/benchmarks/EricksonLopez.ValueObjects.Benchmarks/bin/Release/net10.0/EricksonLopez.ValueObjects.Benchmarks-.NET 8.0-2/BenchmarkDotNet.Autogenerated.csproj : error NU1201: Project EricksonLopez.ValueObjects.Benchmarks is not compatible with net8.0 (.NETCoreApp,Version=v8.0). Project EricksonLopez.ValueObjects.Benchmarks supports: net10.0 (.NETCoreApp,Version=v10.0)
  Failed to restore /home/runner/work/dotnet-value-objects/dotnet-value-objects/benchmarks/EricksonLopez.ValueObjects.Benchmarks/bin/Release/net10.0/EricksonLopez.ValueObjects.Benchmarks-.NET 8.0-2/BenchmarkDotNet.Autogenerated.csproj (in 279 ms).
  5 of 6 projects are up-to-date for restore.

// BenchmarkDotNet has failed to build the auto-generated boilerplate code.
// It can be found in /home/runner/work/dotnet-value-objects/dotnet-value-objects/benchmarks/EricksonLopez.ValueObjects.Benchmarks/bin/Release/net10.0/EricksonLopez.ValueObjects.Benchmarks-.NET 8.0-2
// Please follow the troubleshooting guide: https://benchmarkdotnet.org/articles/guides/troubleshooting.html

// ** Remained 32 (26.7 %) benchmark(s) to run. Estimated finish 2026-09-13 7:10 (0h 4m from now) **
// Build Error: Standard output: 
  
 Standard error: 
   Determining projects to restore...
/home/runner/work/dotnet-value-objects/dotnet-value-objects/benchmarks/EricksonLopez.ValueObjects.Benchmarks/bin/Release/net10.0/EricksonLopez.ValueObjects.Benchmarks-.NET 8.0-2/BenchmarkDotNet.Autogenerated.csproj : error NU1201: Project EricksonLopez.ValueObjects.Benchmarks is not compatible with net8.0 (.NETCoreApp,Version=v8.0). Project EricksonLopez.ValueObjects.Benchmarks supports: net10.0 (.NETCoreApp,Version=v10.0)
  Failed to restore /home/runner/work/dotnet-value-objects/dotnet-value-objects/benchmarks/EricksonLopez.ValueObjects.Benchmarks/bin/Release/net10.0/EricksonLopez.ValueObjects.Benchmarks-.NET 8.0-2/BenchmarkDotNet.Autogenerated.csproj (in 279 ms).
  5 of 6 projects are up-to-date for restore.

// BenchmarkDotNet has failed to build the auto-generated boilerplate code.
// It can be found in /home/runner/work/dotnet-value-objects/dotnet-value-objects/benchmarks/EricksonLopez.ValueObjects.Benchmarks/bin/Release/net10.0/EricksonLopez.ValueObjects.Benchmarks-.NET 8.0-2
// Please follow the troubleshooting guide: https://benchmarkdotnet.org/articles/guides/troubleshooting.html

// ** Remained 31 (25.8 %) benchmark(s) to run. Estimated finish 2026-09-13 7:10 (0h 3m from now) **
// Build Error: Standard output: 
  
 Standard error: 
   Determining projects to restore...
/home/runner/work/dotnet-value-objects/dotnet-value-objects/benchmarks/EricksonLopez.ValueObjects.Benchmarks/bin/Release/net10.0/EricksonLopez.ValueObjects.Benchmarks-.NET 8.0-2/BenchmarkDotNet.Autogenerated.csproj : error NU1201: Project EricksonLopez.ValueObjects.Benchmarks is not compatible with net8.0 (.NETCoreApp,Version=v8.0). Project EricksonLopez.ValueObjects.Benchmarks supports: net10.0 (.NETCoreApp,Version=v10.0)
  Failed to restore /home/runner/work/dotnet-value-objects/dotnet-value-objects/benchmarks/EricksonLopez.ValueObjects.Benchmarks/bin/Release/net10.0/EricksonLopez.ValueObjects.Benchmarks-.NET 8.0-2/BenchmarkDotNet.Autogenerated.csproj (in 279 ms).
  5 of 6 projects are up-to-date for restore.

// BenchmarkDotNet has failed to build the auto-generated boilerplate code.
// It can be found in /home/runner/work/dotnet-value-objects/dotnet-value-objects/benchmarks/EricksonLopez.ValueObjects.Benchmarks/bin/Release/net10.0/EricksonLopez.ValueObjects.Benchmarks-.NET 8.0-2
// Please follow the troubleshooting guide: https://benchmarkdotnet.org/articles/guides/troubleshooting.html

// ** Remained 30 (25.0 %) benchmark(s) to run. Estimated finish 2026-09-13 7:10 (0h 3m from now) **
// Build Error: Standard output: 
  
 Standard error: 
   Determining projects to restore...
/home/runner/work/dotnet-value-objects/dotnet-value-objects/benchmarks/EricksonLopez.ValueObjects.Benchmarks/bin/Release/net10.0/EricksonLopez.ValueObjects.Benchmarks-.NET 8.0-2/BenchmarkDotNet.Autogenerated.csproj : error NU1201: Project EricksonLopez.ValueObjects.Benchmarks is not compatible with net8.0 (.NETCoreApp,Version=v8.0). Project EricksonLopez.ValueObjects.Benchmarks supports: net10.0 (.NETCoreApp,Version=v10.0)
  Failed to restore /home/runner/work/dotnet-value-objects/dotnet-value-objects/benchmarks/EricksonLopez.ValueObjects.Benchmarks/bin/Release/net10.0/EricksonLopez.ValueObjects.Benchmarks-.NET 8.0-2/BenchmarkDotNet.Autogenerated.csproj (in 279 ms).
  5 of 6 projects are up-to-date for restore.

// BenchmarkDotNet has failed to build the auto-generated boilerplate code.
// It can be found in /home/runner/work/dotnet-value-objects/dotnet-value-objects/benchmarks/EricksonLopez.ValueObjects.Benchmarks/bin/Release/net10.0/EricksonLopez.ValueObjects.Benchmarks-.NET 8.0-2
// Please follow the troubleshooting guide: https://benchmarkdotnet.org/articles/guides/troubleshooting.html

// ** Remained 29 (24.2 %) benchmark(s) to run. Estimated finish 2026-09-13 7:10 (0h 3m from now) **
// Build Error: Standard output: 
  
 Standard error: 
   Determining projects to restore...
/home/runner/work/dotnet-value-objects/dotnet-value-objects/benchmarks/EricksonLopez.ValueObjects.Benchmarks/bin/Release/net10.0/EricksonLopez.ValueObjects.Benchmarks-.NET 8.0-2/BenchmarkDotNet.Autogenerated.csproj : error NU1201: Project EricksonLopez.ValueObjects.Benchmarks is not compatible with net8.0 (.NETCoreApp,Version=v8.0). Project EricksonLopez.ValueObjects.Benchmarks supports: net10.0 (.NETCoreApp,Version=v10.0)
  Failed to restore /home/runner/work/dotnet-value-objects/dotnet-value-objects/benchmarks/EricksonLopez.ValueObjects.Benchmarks/bin/Release/net10.0/EricksonLopez.ValueObjects.Benchmarks-.NET 8.0-2/BenchmarkDotNet.Autogenerated.csproj (in 279 ms).
  5 of 6 projects are up-to-date for restore.

// BenchmarkDotNet has failed to build the auto-generated boilerplate code.
// It can be found in /home/runner/work/dotnet-value-objects/dotnet-value-objects/benchmarks/EricksonLopez.ValueObjects.Benchmarks/bin/Release/net10.0/EricksonLopez.ValueObjects.Benchmarks-.NET 8.0-2
// Please follow the troubleshooting guide: https://benchmarkdotnet.org/articles/guides/troubleshooting.html

// ** Remained 28 (23.3 %) benchmark(s) to run. Estimated finish 2026-09-13 7:10 (0h 3m from now) **
// Build Error: Standard output: 
  
 Standard error: 
   Determining projects to restore...
/home/runner/work/dotnet-value-objects/dotnet-value-objects/benchmarks/EricksonLopez.ValueObjects.Benchmarks/bin/Release/net10.0/EricksonLopez.ValueObjects.Benchmarks-.NET 8.0-2/BenchmarkDotNet.Autogenerated.csproj : error NU1201: Project EricksonLopez.ValueObjects.Benchmarks is not compatible with net8.0 (.NETCoreApp,Version=v8.0). Project EricksonLopez.ValueObjects.Benchmarks supports: net10.0 (.NETCoreApp,Version=v10.0)
  Failed to restore /home/runner/work/dotnet-value-objects/dotnet-value-objects/benchmarks/EricksonLopez.ValueObjects.Benchmarks/bin/Release/net10.0/EricksonLopez.ValueObjects.Benchmarks-.NET 8.0-2/BenchmarkDotNet.Autogenerated.csproj (in 279 ms).
  5 of 6 projects are up-to-date for restore.

// BenchmarkDotNet has failed to build the auto-generated boilerplate code.
// It can be found in /home/runner/work/dotnet-value-objects/dotnet-value-objects/benchmarks/EricksonLopez.ValueObjects.Benchmarks/bin/Release/net10.0/EricksonLopez.ValueObjects.Benchmarks-.NET 8.0-2
// Please follow the troubleshooting guide: https://benchmarkdotnet.org/articles/guides/troubleshooting.html

// ** Remained 27 (22.5 %) benchmark(s) to run. Estimated finish 2026-09-13 7:10 (0h 3m from now) **
// Build Error: Standard output: 
  
 Standard error: 
   Determining projects to restore...
/home/runner/work/dotnet-value-objects/dotnet-value-objects/benchmarks/EricksonLopez.ValueObjects.Benchmarks/bin/Release/net10.0/EricksonLopez.ValueObjects.Benchmarks-.NET 8.0-2/BenchmarkDotNet.Autogenerated.csproj : error NU1201: Project EricksonLopez.ValueObjects.Benchmarks is not compatible with net8.0 (.NETCoreApp,Version=v8.0). Project EricksonLopez.ValueObjects.Benchmarks supports: net10.0 (.NETCoreApp,Version=v10.0)
  Failed to restore /home/runner/work/dotnet-value-objects/dotnet-value-objects/benchmarks/EricksonLopez.ValueObjects.Benchmarks/bin/Release/net10.0/EricksonLopez.ValueObjects.Benchmarks-.NET 8.0-2/BenchmarkDotNet.Autogenerated.csproj (in 279 ms).
  5 of 6 projects are up-to-date for restore.

// BenchmarkDotNet has failed to build the auto-generated boilerplate code.
// It can be found in /home/runner/work/dotnet-value-objects/dotnet-value-objects/benchmarks/EricksonLopez.ValueObjects.Benchmarks/bin/Release/net10.0/EricksonLopez.ValueObjects.Benchmarks-.NET 8.0-2
// Please follow the troubleshooting guide: https://benchmarkdotnet.org/articles/guides/troubleshooting.html

// ** Remained 26 (21.7 %) benchmark(s) to run. Estimated finish 2026-09-13 7:10 (0h 3m from now) **
// Build Error: Standard output: 
  
 Standard error: 
   Determining projects to restore...
/home/runner/work/dotnet-value-objects/dotnet-value-objects/benchmarks/EricksonLopez.ValueObjects.Benchmarks/bin/Release/net10.0/EricksonLopez.ValueObjects.Benchmarks-.NET 8.0-2/BenchmarkDotNet.Autogenerated.csproj : error NU1201: Project EricksonLopez.ValueObjects.Benchmarks is not compatible with net8.0 (.NETCoreApp,Version=v8.0). Project EricksonLopez.ValueObjects.Benchmarks supports: net10.0 (.NETCoreApp,Version=v10.0)
  Failed to restore /home/runner/work/dotnet-value-objects/dotnet-value-objects/benchmarks/EricksonLopez.ValueObjects.Benchmarks/bin/Release/net10.0/EricksonLopez.ValueObjects.Benchmarks-.NET 8.0-2/BenchmarkDotNet.Autogenerated.csproj (in 279 ms).
  5 of 6 projects are up-to-date for restore.

// BenchmarkDotNet has failed to build the auto-generated boilerplate code.
// It can be found in /home/runner/work/dotnet-value-objects/dotnet-value-objects/benchmarks/EricksonLopez.ValueObjects.Benchmarks/bin/Release/net10.0/EricksonLopez.ValueObjects.Benchmarks-.NET 8.0-2
// Please follow the troubleshooting guide: https://benchmarkdotnet.org/articles/guides/troubleshooting.html

// ** Remained 25 (20.8 %) benchmark(s) to run. Estimated finish 2026-09-13 7:09 (0h 2m from now) **
// Build Error: Standard output: 
  
 Standard error: 
   Determining projects to restore...
/home/runner/work/dotnet-value-objects/dotnet-value-objects/benchmarks/EricksonLopez.ValueObjects.Benchmarks/bin/Release/net10.0/EricksonLopez.ValueObjects.Benchmarks-.NET 8.0-2/BenchmarkDotNet.Autogenerated.csproj : error NU1201: Project EricksonLopez.ValueObjects.Benchmarks is not compatible with net8.0 (.NETCoreApp,Version=v8.0). Project EricksonLopez.ValueObjects.Benchmarks supports: net10.0 (.NETCoreApp,Version=v10.0)
  Failed to restore /home/runner/work/dotnet-value-objects/dotnet-value-objects/benchmarks/EricksonLopez.ValueObjects.Benchmarks/bin/Release/net10.0/EricksonLopez.ValueObjects.Benchmarks-.NET 8.0-2/BenchmarkDotNet.Autogenerated.csproj (in 279 ms).
  5 of 6 projects are up-to-date for restore.

// BenchmarkDotNet has failed to build the auto-generated boilerplate code.
// It can be found in /home/runner/work/dotnet-value-objects/dotnet-value-objects/benchmarks/EricksonLopez.ValueObjects.Benchmarks/bin/Release/net10.0/EricksonLopez.ValueObjects.Benchmarks-.NET 8.0-2
// Please follow the troubleshooting guide: https://benchmarkdotnet.org/articles/guides/troubleshooting.html

// ** Remained 24 (20.0 %) benchmark(s) to run. Estimated finish 2026-09-13 7:09 (0h 2m from now) **
// Build Error: Standard output: 
  
 Standard error: 
   Determining projects to restore...
/home/runner/work/dotnet-value-objects/dotnet-value-objects/benchmarks/EricksonLopez.ValueObjects.Benchmarks/bin/Release/net10.0/EricksonLopez.ValueObjects.Benchmarks-.NET 8.0-2/BenchmarkDotNet.Autogenerated.csproj : error NU1201: Project EricksonLopez.ValueObjects.Benchmarks is not compatible with net8.0 (.NETCoreApp,Version=v8.0). Project EricksonLopez.ValueObjects.Benchmarks supports: net10.0 (.NETCoreApp,Version=v10.0)
  Failed to restore /home/runner/work/dotnet-value-objects/dotnet-value-objects/benchmarks/EricksonLopez.ValueObjects.Benchmarks/bin/Release/net10.0/EricksonLopez.ValueObjects.Benchmarks-.NET 8.0-2/BenchmarkDotNet.Autogenerated.csproj (in 279 ms).
  5 of 6 projects are up-to-date for restore.

// BenchmarkDotNet has failed to build the auto-generated boilerplate code.
// It can be found in /home/runner/work/dotnet-value-objects/dotnet-value-objects/benchmarks/EricksonLopez.ValueObjects.Benchmarks/bin/Release/net10.0/EricksonLopez.ValueObjects.Benchmarks-.NET 8.0-2
// Please follow the troubleshooting guide: https://benchmarkdotnet.org/articles/guides/troubleshooting.html

// ** Remained 23 (19.2 %) benchmark(s) to run. Estimated finish 2026-09-13 7:09 (0h 2m from now) **
// Build Error: Standard output: 
  
 Standard error: 
   Determining projects to restore...
/home/runner/work/dotnet-value-objects/dotnet-value-objects/benchmarks/EricksonLopez.ValueObjects.Benchmarks/bin/Release/net10.0/EricksonLopez.ValueObjects.Benchmarks-.NET 8.0-2/BenchmarkDotNet.Autogenerated.csproj : error NU1201: Project EricksonLopez.ValueObjects.Benchmarks is not compatible with net8.0 (.NETCoreApp,Version=v8.0). Project EricksonLopez.ValueObjects.Benchmarks supports: net10.0 (.NETCoreApp,Version=v10.0)
  Failed to restore /home/runner/work/dotnet-value-objects/dotnet-value-objects/benchmarks/EricksonLopez.ValueObjects.Benchmarks/bin/Release/net10.0/EricksonLopez.ValueObjects.Benchmarks-.NET 8.0-2/BenchmarkDotNet.Autogenerated.csproj (in 279 ms).
  5 of 6 projects are up-to-date for restore.

// BenchmarkDotNet has failed to build the auto-generated boilerplate code.
// It can be found in /home/runner/work/dotnet-value-objects/dotnet-value-objects/benchmarks/EricksonLopez.ValueObjects.Benchmarks/bin/Release/net10.0/EricksonLopez.ValueObjects.Benchmarks-.NET 8.0-2
// Please follow the troubleshooting guide: https://benchmarkdotnet.org/articles/guides/troubleshooting.html

// ** Remained 22 (18.3 %) benchmark(s) to run. Estimated finish 2026-09-13 7:09 (0h 2m from now) **
// Build Error: Standard output: 
  
 Standard error: 
   Determining projects to restore...
/home/runner/work/dotnet-value-objects/dotnet-value-objects/benchmarks/EricksonLopez.ValueObjects.Benchmarks/bin/Release/net10.0/EricksonLopez.ValueObjects.Benchmarks-.NET 9.0-3/BenchmarkDotNet.Autogenerated.csproj : error NU1201: Project EricksonLopez.ValueObjects.Benchmarks is not compatible with net9.0 (.NETCoreApp,Version=v9.0). Project EricksonLopez.ValueObjects.Benchmarks supports: net10.0 (.NETCoreApp,Version=v10.0)
  Failed to restore /home/runner/work/dotnet-value-objects/dotnet-value-objects/benchmarks/EricksonLopez.ValueObjects.Benchmarks/bin/Release/net10.0/EricksonLopez.ValueObjects.Benchmarks-.NET 9.0-3/BenchmarkDotNet.Autogenerated.csproj (in 274 ms).
  5 of 6 projects are up-to-date for restore.

// BenchmarkDotNet has failed to build the auto-generated boilerplate code.
// It can be found in /home/runner/work/dotnet-value-objects/dotnet-value-objects/benchmarks/EricksonLopez.ValueObjects.Benchmarks/bin/Release/net10.0/EricksonLopez.ValueObjects.Benchmarks-.NET 9.0-3
// Please follow the troubleshooting guide: https://benchmarkdotnet.org/articles/guides/troubleshooting.html

// ** Remained 21 (17.5 %) benchmark(s) to run. Estimated finish 2026-09-13 7:09 (0h 2m from now) **
// Build Error: Standard output: 
  
 Standard error: 
   Determining projects to restore...
/home/runner/work/dotnet-value-objects/dotnet-value-objects/benchmarks/EricksonLopez.ValueObjects.Benchmarks/bin/Release/net10.0/EricksonLopez.ValueObjects.Benchmarks-.NET 9.0-3/BenchmarkDotNet.Autogenerated.csproj : error NU1201: Project EricksonLopez.ValueObjects.Benchmarks is not compatible with net9.0 (.NETCoreApp,Version=v9.0). Project EricksonLopez.ValueObjects.Benchmarks supports: net10.0 (.NETCoreApp,Version=v10.0)
  Failed to restore /home/runner/work/dotnet-value-objects/dotnet-value-objects/benchmarks/EricksonLopez.ValueObjects.Benchmarks/bin/Release/net10.0/EricksonLopez.ValueObjects.Benchmarks-.NET 9.0-3/BenchmarkDotNet.Autogenerated.csproj (in 274 ms).
  5 of 6 projects are up-to-date for restore.

// BenchmarkDotNet has failed to build the auto-generated boilerplate code.
// It can be found in /home/runner/work/dotnet-value-objects/dotnet-value-objects/benchmarks/EricksonLopez.ValueObjects.Benchmarks/bin/Release/net10.0/EricksonLopez.ValueObjects.Benchmarks-.NET 9.0-3
// Please follow the troubleshooting guide: https://benchmarkdotnet.org/articles/guides/troubleshooting.html

// ** Remained 20 (16.7 %) benchmark(s) to run. Estimated finish 2026-09-13 7:09 (0h 2m from now) **
// Build Error: Standard output: 
  
 Standard error: 
   Determining projects to restore...
/home/runner/work/dotnet-value-objects/dotnet-value-objects/benchmarks/EricksonLopez.ValueObjects.Benchmarks/bin/Release/net10.0/EricksonLopez.ValueObjects.Benchmarks-.NET 9.0-3/BenchmarkDotNet.Autogenerated.csproj : error NU1201: Project EricksonLopez.ValueObjects.Benchmarks is not compatible with net9.0 (.NETCoreApp,Version=v9.0). Project EricksonLopez.ValueObjects.Benchmarks supports: net10.0 (.NETCoreApp,Version=v10.0)
  Failed to restore /home/runner/work/dotnet-value-objects/dotnet-value-objects/benchmarks/EricksonLopez.ValueObjects.Benchmarks/bin/Release/net10.0/EricksonLopez.ValueObjects.Benchmarks-.NET 9.0-3/BenchmarkDotNet.Autogenerated.csproj (in 274 ms).
  5 of 6 projects are up-to-date for restore.

// BenchmarkDotNet has failed to build the auto-generated boilerplate code.
// It can be found in /home/runner/work/dotnet-value-objects/dotnet-value-objects/benchmarks/EricksonLopez.ValueObjects.Benchmarks/bin/Release/net10.0/EricksonLopez.ValueObjects.Benchmarks-.NET 9.0-3
// Please follow the troubleshooting guide: https://benchmarkdotnet.org/articles/guides/troubleshooting.html

// ** Remained 19 (15.8 %) benchmark(s) to run. Estimated finish 2026-09-13 7:09 (0h 2m from now) **
// Build Error: Standard output: 
  
 Standard error: 
   Determining projects to restore...
/home/runner/work/dotnet-value-objects/dotnet-value-objects/benchmarks/EricksonLopez.ValueObjects.Benchmarks/bin/Release/net10.0/EricksonLopez.ValueObjects.Benchmarks-.NET 9.0-3/BenchmarkDotNet.Autogenerated.csproj : error NU1201: Project EricksonLopez.ValueObjects.Benchmarks is not compatible with net9.0 (.NETCoreApp,Version=v9.0). Project EricksonLopez.ValueObjects.Benchmarks supports: net10.0 (.NETCoreApp,Version=v10.0)
  Failed to restore /home/runner/work/dotnet-value-objects/dotnet-value-objects/benchmarks/EricksonLopez.ValueObjects.Benchmarks/bin/Release/net10.0/EricksonLopez.ValueObjects.Benchmarks-.NET 9.0-3/BenchmarkDotNet.Autogenerated.csproj (in 274 ms).
  5 of 6 projects are up-to-date for restore.

// BenchmarkDotNet has failed to build the auto-generated boilerplate code.
// It can be found in /home/runner/work/dotnet-value-objects/dotnet-value-objects/benchmarks/EricksonLopez.ValueObjects.Benchmarks/bin/Release/net10.0/EricksonLopez.ValueObjects.Benchmarks-.NET 9.0-3
// Please follow the troubleshooting guide: https://benchmarkdotnet.org/articles/guides/troubleshooting.html

// ** Remained 18 (15.0 %) benchmark(s) to run. Estimated finish 2026-09-13 7:08 (0h 1m from now) **
// Build Error: Standard output: 
  
 Standard error: 
   Determining projects to restore...
/home/runner/work/dotnet-value-objects/dotnet-value-objects/benchmarks/EricksonLopez.ValueObjects.Benchmarks/bin/Release/net10.0/EricksonLopez.ValueObjects.Benchmarks-.NET 9.0-3/BenchmarkDotNet.Autogenerated.csproj : error NU1201: Project EricksonLopez.ValueObjects.Benchmarks is not compatible with net9.0 (.NETCoreApp,Version=v9.0). Project EricksonLopez.ValueObjects.Benchmarks supports: net10.0 (.NETCoreApp,Version=v10.0)
  Failed to restore /home/runner/work/dotnet-value-objects/dotnet-value-objects/benchmarks/EricksonLopez.ValueObjects.Benchmarks/bin/Release/net10.0/EricksonLopez.ValueObjects.Benchmarks-.NET 9.0-3/BenchmarkDotNet.Autogenerated.csproj (in 274 ms).
  5 of 6 projects are up-to-date for restore.

// BenchmarkDotNet has failed to build the auto-generated boilerplate code.
// It can be found in /home/runner/work/dotnet-value-objects/dotnet-value-objects/benchmarks/EricksonLopez.ValueObjects.Benchmarks/bin/Release/net10.0/EricksonLopez.ValueObjects.Benchmarks-.NET 9.0-3
// Please follow the troubleshooting guide: https://benchmarkdotnet.org/articles/guides/troubleshooting.html

// ** Remained 17 (14.2 %) benchmark(s) to run. Estimated finish 2026-09-13 7:08 (0h 1m from now) **
// Build Error: Standard output: 
  
 Standard error: 
   Determining projects to restore...
/home/runner/work/dotnet-value-objects/dotnet-value-objects/benchmarks/EricksonLopez.ValueObjects.Benchmarks/bin/Release/net10.0/EricksonLopez.ValueObjects.Benchmarks-.NET 9.0-3/BenchmarkDotNet.Autogenerated.csproj : error NU1201: Project EricksonLopez.ValueObjects.Benchmarks is not compatible with net9.0 (.NETCoreApp,Version=v9.0). Project EricksonLopez.ValueObjects.Benchmarks supports: net10.0 (.NETCoreApp,Version=v10.0)
  Failed to restore /home/runner/work/dotnet-value-objects/dotnet-value-objects/benchmarks/EricksonLopez.ValueObjects.Benchmarks/bin/Release/net10.0/EricksonLopez.ValueObjects.Benchmarks-.NET 9.0-3/BenchmarkDotNet.Autogenerated.csproj (in 274 ms).
  5 of 6 projects are up-to-date for restore.

// BenchmarkDotNet has failed to build the auto-generated boilerplate code.
// It can be found in /home/runner/work/dotnet-value-objects/dotnet-value-objects/benchmarks/EricksonLopez.ValueObjects.Benchmarks/bin/Release/net10.0/EricksonLopez.ValueObjects.Benchmarks-.NET 9.0-3
// Please follow the troubleshooting guide: https://benchmarkdotnet.org/articles/guides/troubleshooting.html

// ** Remained 16 (13.3 %) benchmark(s) to run. Estimated finish 2026-09-13 7:08 (0h 1m from now) **
// Build Error: Standard output: 
  
 Standard error: 
   Determining projects to restore...
/home/runner/work/dotnet-value-objects/dotnet-value-objects/benchmarks/EricksonLopez.ValueObjects.Benchmarks/bin/Release/net10.0/EricksonLopez.ValueObjects.Benchmarks-.NET 9.0-3/BenchmarkDotNet.Autogenerated.csproj : error NU1201: Project EricksonLopez.ValueObjects.Benchmarks is not compatible with net9.0 (.NETCoreApp,Version=v9.0). Project EricksonLopez.ValueObjects.Benchmarks supports: net10.0 (.NETCoreApp,Version=v10.0)
  Failed to restore /home/runner/work/dotnet-value-objects/dotnet-value-objects/benchmarks/EricksonLopez.ValueObjects.Benchmarks/bin/Release/net10.0/EricksonLopez.ValueObjects.Benchmarks-.NET 9.0-3/BenchmarkDotNet.Autogenerated.csproj (in 274 ms).
  5 of 6 projects are up-to-date for restore.

// BenchmarkDotNet has failed to build the auto-generated boilerplate code.
// It can be found in /home/runner/work/dotnet-value-objects/dotnet-value-objects/benchmarks/EricksonLopez.ValueObjects.Benchmarks/bin/Release/net10.0/EricksonLopez.ValueObjects.Benchmarks-.NET 9.0-3
// Please follow the troubleshooting guide: https://benchmarkdotnet.org/articles/guides/troubleshooting.html

// ** Remained 15 (12.5 %) benchmark(s) to run. Estimated finish 2026-09-13 7:08 (0h 1m from now) **
// Build Error: Standard output: 
  
 Standard error: 
   Determining projects to restore...
/home/runner/work/dotnet-value-objects/dotnet-value-objects/benchmarks/EricksonLopez.ValueObjects.Benchmarks/bin/Release/net10.0/EricksonLopez.ValueObjects.Benchmarks-.NET 9.0-3/BenchmarkDotNet.Autogenerated.csproj : error NU1201: Project EricksonLopez.ValueObjects.Benchmarks is not compatible with net9.0 (.NETCoreApp,Version=v9.0). Project EricksonLopez.ValueObjects.Benchmarks supports: net10.0 (.NETCoreApp,Version=v10.0)
  Failed to restore /home/runner/work/dotnet-value-objects/dotnet-value-objects/benchmarks/EricksonLopez.ValueObjects.Benchmarks/bin/Release/net10.0/EricksonLopez.ValueObjects.Benchmarks-.NET 9.0-3/BenchmarkDotNet.Autogenerated.csproj (in 274 ms).
  5 of 6 projects are up-to-date for restore.

// BenchmarkDotNet has failed to build the auto-generated boilerplate code.
// It can be found in /home/runner/work/dotnet-value-objects/dotnet-value-objects/benchmarks/EricksonLopez.ValueObjects.Benchmarks/bin/Release/net10.0/EricksonLopez.ValueObjects.Benchmarks-.NET 9.0-3
// Please follow the troubleshooting guide: https://benchmarkdotnet.org/articles/guides/troubleshooting.html

// ** Remained 14 (11.7 %) benchmark(s) to run. Estimated finish 2026-09-13 7:08 (0h 1m from now) **
// Build Error: Standard output: 
  
 Standard error: 
   Determining projects to restore...
/home/runner/work/dotnet-value-objects/dotnet-value-objects/benchmarks/EricksonLopez.ValueObjects.Benchmarks/bin/Release/net10.0/EricksonLopez.ValueObjects.Benchmarks-.NET 9.0-3/BenchmarkDotNet.Autogenerated.csproj : error NU1201: Project EricksonLopez.ValueObjects.Benchmarks is not compatible with net9.0 (.NETCoreApp,Version=v9.0). Project EricksonLopez.ValueObjects.Benchmarks supports: net10.0 (.NETCoreApp,Version=v10.0)
  Failed to restore /home/runner/work/dotnet-value-objects/dotnet-value-objects/benchmarks/EricksonLopez.ValueObjects.Benchmarks/bin/Release/net10.0/EricksonLopez.ValueObjects.Benchmarks-.NET 9.0-3/BenchmarkDotNet.Autogenerated.csproj (in 274 ms).
  5 of 6 projects are up-to-date for restore.

// BenchmarkDotNet has failed to build the auto-generated boilerplate code.
// It can be found in /home/runner/work/dotnet-value-objects/dotnet-value-objects/benchmarks/EricksonLopez.ValueObjects.Benchmarks/bin/Release/net10.0/EricksonLopez.ValueObjects.Benchmarks-.NET 9.0-3
// Please follow the troubleshooting guide: https://benchmarkdotnet.org/articles/guides/troubleshooting.html

// ** Remained 13 (10.8 %) benchmark(s) to run. Estimated finish 2026-09-13 7:08 (0h 1m from now) **
// Build Error: Standard output: 
  
 Standard error: 
   Determining projects to restore...
/home/runner/work/dotnet-value-objects/dotnet-value-objects/benchmarks/EricksonLopez.ValueObjects.Benchmarks/bin/Release/net10.0/EricksonLopez.ValueObjects.Benchmarks-.NET 9.0-3/BenchmarkDotNet.Autogenerated.csproj : error NU1201: Project EricksonLopez.ValueObjects.Benchmarks is not compatible with net9.0 (.NETCoreApp,Version=v9.0). Project EricksonLopez.ValueObjects.Benchmarks supports: net10.0 (.NETCoreApp,Version=v10.0)
  Failed to restore /home/runner/work/dotnet-value-objects/dotnet-value-objects/benchmarks/EricksonLopez.ValueObjects.Benchmarks/bin/Release/net10.0/EricksonLopez.ValueObjects.Benchmarks-.NET 9.0-3/BenchmarkDotNet.Autogenerated.csproj (in 274 ms).
  5 of 6 projects are up-to-date for restore.

// BenchmarkDotNet has failed to build the auto-generated boilerplate code.
// It can be found in /home/runner/work/dotnet-value-objects/dotnet-value-objects/benchmarks/EricksonLopez.ValueObjects.Benchmarks/bin/Release/net10.0/EricksonLopez.ValueObjects.Benchmarks-.NET 9.0-3
// Please follow the troubleshooting guide: https://benchmarkdotnet.org/articles/guides/troubleshooting.html

// ** Remained 12 (10.0 %) benchmark(s) to run. Estimated finish 2026-09-13 7:08 (0h 1m from now) **
// Build Error: Standard output: 
  
 Standard error: 
   Determining projects to restore...
/home/runner/work/dotnet-value-objects/dotnet-value-objects/benchmarks/EricksonLopez.ValueObjects.Benchmarks/bin/Release/net10.0/EricksonLopez.ValueObjects.Benchmarks-.NET 9.0-3/BenchmarkDotNet.Autogenerated.csproj : error NU1201: Project EricksonLopez.ValueObjects.Benchmarks is not compatible with net9.0 (.NETCoreApp,Version=v9.0). Project EricksonLopez.ValueObjects.Benchmarks supports: net10.0 (.NETCoreApp,Version=v10.0)
  Failed to restore /home/runner/work/dotnet-value-objects/dotnet-value-objects/benchmarks/EricksonLopez.ValueObjects.Benchmarks/bin/Release/net10.0/EricksonLopez.ValueObjects.Benchmarks-.NET 9.0-3/BenchmarkDotNet.Autogenerated.csproj (in 274 ms).
  5 of 6 projects are up-to-date for restore.

// BenchmarkDotNet has failed to build the auto-generated boilerplate code.
// It can be found in /home/runner/work/dotnet-value-objects/dotnet-value-objects/benchmarks/EricksonLopez.ValueObjects.Benchmarks/bin/Release/net10.0/EricksonLopez.ValueObjects.Benchmarks-.NET 9.0-3
// Please follow the troubleshooting guide: https://benchmarkdotnet.org/articles/guides/troubleshooting.html

// ** Remained 11 (9.2 %) benchmark(s) to run. Estimated finish 2026-09-13 7:08 (0h 1m from now) **
// Build Error: Standard output: 
  
 Standard error: 
   Determining projects to restore...
/home/runner/work/dotnet-value-objects/dotnet-value-objects/benchmarks/EricksonLopez.ValueObjects.Benchmarks/bin/Release/net10.0/EricksonLopez.ValueObjects.Benchmarks-.NET 9.0-3/BenchmarkDotNet.Autogenerated.csproj : error NU1201: Project EricksonLopez.ValueObjects.Benchmarks is not compatible with net9.0 (.NETCoreApp,Version=v9.0). Project EricksonLopez.ValueObjects.Benchmarks supports: net10.0 (.NETCoreApp,Version=v10.0)
  Failed to restore /home/runner/work/dotnet-value-objects/dotnet-value-objects/benchmarks/EricksonLopez.ValueObjects.Benchmarks/bin/Release/net10.0/EricksonLopez.ValueObjects.Benchmarks-.NET 9.0-3/BenchmarkDotNet.Autogenerated.csproj (in 274 ms).
  5 of 6 projects are up-to-date for restore.

// BenchmarkDotNet has failed to build the auto-generated boilerplate code.
// It can be found in /home/runner/work/dotnet-value-objects/dotnet-value-objects/benchmarks/EricksonLopez.ValueObjects.Benchmarks/bin/Release/net10.0/EricksonLopez.ValueObjects.Benchmarks-.NET 9.0-3
// Please follow the troubleshooting guide: https://benchmarkdotnet.org/articles/guides/troubleshooting.html

// ** Remained 10 (8.3 %) benchmark(s) to run. Estimated finish 2026-09-13 7:07 (0h 1m from now) **
// Build Error: Standard output: 
  
 Standard error: 
   Determining projects to restore...
/home/runner/work/dotnet-value-objects/dotnet-value-objects/benchmarks/EricksonLopez.ValueObjects.Benchmarks/bin/Release/net10.0/EricksonLopez.ValueObjects.Benchmarks-.NET 9.0-3/BenchmarkDotNet.Autogenerated.csproj : error NU1201: Project EricksonLopez.ValueObjects.Benchmarks is not compatible with net9.0 (.NETCoreApp,Version=v9.0). Project EricksonLopez.ValueObjects.Benchmarks supports: net10.0 (.NETCoreApp,Version=v10.0)
  Failed to restore /home/runner/work/dotnet-value-objects/dotnet-value-objects/benchmarks/EricksonLopez.ValueObjects.Benchmarks/bin/Release/net10.0/EricksonLopez.ValueObjects.Benchmarks-.NET 9.0-3/BenchmarkDotNet.Autogenerated.csproj (in 274 ms).
  5 of 6 projects are up-to-date for restore.

// BenchmarkDotNet has failed to build the auto-generated boilerplate code.
// It can be found in /home/runner/work/dotnet-value-objects/dotnet-value-objects/benchmarks/EricksonLopez.ValueObjects.Benchmarks/bin/Release/net10.0/EricksonLopez.ValueObjects.Benchmarks-.NET 9.0-3
// Please follow the troubleshooting guide: https://benchmarkdotnet.org/articles/guides/troubleshooting.html

// ** Remained 9 (7.5 %) benchmark(s) to run. Estimated finish 2026-09-13 7:07 (0h 0m from now) **
// Build Error: Standard output: 
  
 Standard error: 
   Determining projects to restore...
/home/runner/work/dotnet-value-objects/dotnet-value-objects/benchmarks/EricksonLopez.ValueObjects.Benchmarks/bin/Release/net10.0/EricksonLopez.ValueObjects.Benchmarks-.NET 9.0-3/BenchmarkDotNet.Autogenerated.csproj : error NU1201: Project EricksonLopez.ValueObjects.Benchmarks is not compatible with net9.0 (.NETCoreApp,Version=v9.0). Project EricksonLopez.ValueObjects.Benchmarks supports: net10.0 (.NETCoreApp,Version=v10.0)
  Failed to restore /home/runner/work/dotnet-value-objects/dotnet-value-objects/benchmarks/EricksonLopez.ValueObjects.Benchmarks/bin/Release/net10.0/EricksonLopez.ValueObjects.Benchmarks-.NET 9.0-3/BenchmarkDotNet.Autogenerated.csproj (in 274 ms).
  5 of 6 projects are up-to-date for restore.

// BenchmarkDotNet has failed to build the auto-generated boilerplate code.
// It can be found in /home/runner/work/dotnet-value-objects/dotnet-value-objects/benchmarks/EricksonLopez.ValueObjects.Benchmarks/bin/Release/net10.0/EricksonLopez.ValueObjects.Benchmarks-.NET 9.0-3
// Please follow the troubleshooting guide: https://benchmarkdotnet.org/articles/guides/troubleshooting.html

// ** Remained 8 (6.7 %) benchmark(s) to run. Estimated finish 2026-09-13 7:07 (0h 0m from now) **
// Build Error: Standard output: 
  
 Standard error: 
   Determining projects to restore...
/home/runner/work/dotnet-value-objects/dotnet-value-objects/benchmarks/EricksonLopez.ValueObjects.Benchmarks/bin/Release/net10.0/EricksonLopez.ValueObjects.Benchmarks-.NET 9.0-3/BenchmarkDotNet.Autogenerated.csproj : error NU1201: Project EricksonLopez.ValueObjects.Benchmarks is not compatible with net9.0 (.NETCoreApp,Version=v9.0). Project EricksonLopez.ValueObjects.Benchmarks supports: net10.0 (.NETCoreApp,Version=v10.0)
  Failed to restore /home/runner/work/dotnet-value-objects/dotnet-value-objects/benchmarks/EricksonLopez.ValueObjects.Benchmarks/bin/Release/net10.0/EricksonLopez.ValueObjects.Benchmarks-.NET 9.0-3/BenchmarkDotNet.Autogenerated.csproj (in 274 ms).
  5 of 6 projects are up-to-date for restore.

// BenchmarkDotNet has failed to build the auto-generated boilerplate code.
// It can be found in /home/runner/work/dotnet-value-objects/dotnet-value-objects/benchmarks/EricksonLopez.ValueObjects.Benchmarks/bin/Release/net10.0/EricksonLopez.ValueObjects.Benchmarks-.NET 9.0-3
// Please follow the troubleshooting guide: https://benchmarkdotnet.org/articles/guides/troubleshooting.html

// ** Remained 7 (5.8 %) benchmark(s) to run. Estimated finish 2026-09-13 7:07 (0h 0m from now) **
// Build Error: Standard output: 
  
 Standard error: 
   Determining projects to restore...
/home/runner/work/dotnet-value-objects/dotnet-value-objects/benchmarks/EricksonLopez.ValueObjects.Benchmarks/bin/Release/net10.0/EricksonLopez.ValueObjects.Benchmarks-.NET 9.0-3/BenchmarkDotNet.Autogenerated.csproj : error NU1201: Project EricksonLopez.ValueObjects.Benchmarks is not compatible with net9.0 (.NETCoreApp,Version=v9.0). Project EricksonLopez.ValueObjects.Benchmarks supports: net10.0 (.NETCoreApp,Version=v10.0)
  Failed to restore /home/runner/work/dotnet-value-objects/dotnet-value-objects/benchmarks/EricksonLopez.ValueObjects.Benchmarks/bin/Release/net10.0/EricksonLopez.ValueObjects.Benchmarks-.NET 9.0-3/BenchmarkDotNet.Autogenerated.csproj (in 274 ms).
  5 of 6 projects are up-to-date for restore.

// BenchmarkDotNet has failed to build the auto-generated boilerplate code.
// It can be found in /home/runner/work/dotnet-value-objects/dotnet-value-objects/benchmarks/EricksonLopez.ValueObjects.Benchmarks/bin/Release/net10.0/EricksonLopez.ValueObjects.Benchmarks-.NET 9.0-3
// Please follow the troubleshooting guide: https://benchmarkdotnet.org/articles/guides/troubleshooting.html

// ** Remained 6 (5.0 %) benchmark(s) to run. Estimated finish 2026-09-13 7:07 (0h 0m from now) **
// Build Error: Standard output: 
  
 Standard error: 
   Determining projects to restore...
/home/runner/work/dotnet-value-objects/dotnet-value-objects/benchmarks/EricksonLopez.ValueObjects.Benchmarks/bin/Release/net10.0/EricksonLopez.ValueObjects.Benchmarks-.NET 9.0-3/BenchmarkDotNet.Autogenerated.csproj : error NU1201: Project EricksonLopez.ValueObjects.Benchmarks is not compatible with net9.0 (.NETCoreApp,Version=v9.0). Project EricksonLopez.ValueObjects.Benchmarks supports: net10.0 (.NETCoreApp,Version=v10.0)
  Failed to restore /home/runner/work/dotnet-value-objects/dotnet-value-objects/benchmarks/EricksonLopez.ValueObjects.Benchmarks/bin/Release/net10.0/EricksonLopez.ValueObjects.Benchmarks-.NET 9.0-3/BenchmarkDotNet.Autogenerated.csproj (in 274 ms).
  5 of 6 projects are up-to-date for restore.

// BenchmarkDotNet has failed to build the auto-generated boilerplate code.
// It can be found in /home/runner/work/dotnet-value-objects/dotnet-value-objects/benchmarks/EricksonLopez.ValueObjects.Benchmarks/bin/Release/net10.0/EricksonLopez.ValueObjects.Benchmarks-.NET 9.0-3
// Please follow the troubleshooting guide: https://benchmarkdotnet.org/articles/guides/troubleshooting.html

// ** Remained 5 (4.2 %) benchmark(s) to run. Estimated finish 2026-09-13 7:07 (0h 0m from now) **
// Build Error: Standard output: 
  
 Standard error: 
   Determining projects to restore...
/home/runner/work/dotnet-value-objects/dotnet-value-objects/benchmarks/EricksonLopez.ValueObjects.Benchmarks/bin/Release/net10.0/EricksonLopez.ValueObjects.Benchmarks-.NET 9.0-3/BenchmarkDotNet.Autogenerated.csproj : error NU1201: Project EricksonLopez.ValueObjects.Benchmarks is not compatible with net9.0 (.NETCoreApp,Version=v9.0). Project EricksonLopez.ValueObjects.Benchmarks supports: net10.0 (.NETCoreApp,Version=v10.0)
  Failed to restore /home/runner/work/dotnet-value-objects/dotnet-value-objects/benchmarks/EricksonLopez.ValueObjects.Benchmarks/bin/Release/net10.0/EricksonLopez.ValueObjects.Benchmarks-.NET 9.0-3/BenchmarkDotNet.Autogenerated.csproj (in 274 ms).
  5 of 6 projects are up-to-date for restore.

// BenchmarkDotNet has failed to build the auto-generated boilerplate code.
// It can be found in /home/runner/work/dotnet-value-objects/dotnet-value-objects/benchmarks/EricksonLopez.ValueObjects.Benchmarks/bin/Release/net10.0/EricksonLopez.ValueObjects.Benchmarks-.NET 9.0-3
// Please follow the troubleshooting guide: https://benchmarkdotnet.org/articles/guides/troubleshooting.html

// ** Remained 4 (3.3 %) benchmark(s) to run. Estimated finish 2026-09-13 7:07 (0h 0m from now) **
// Build Error: Standard output: 
  
 Standard error: 
   Determining projects to restore...
/home/runner/work/dotnet-value-objects/dotnet-value-objects/benchmarks/EricksonLopez.ValueObjects.Benchmarks/bin/Release/net10.0/EricksonLopez.ValueObjects.Benchmarks-.NET 9.0-3/BenchmarkDotNet.Autogenerated.csproj : error NU1201: Project EricksonLopez.ValueObjects.Benchmarks is not compatible with net9.0 (.NETCoreApp,Version=v9.0). Project EricksonLopez.ValueObjects.Benchmarks supports: net10.0 (.NETCoreApp,Version=v10.0)
  Failed to restore /home/runner/work/dotnet-value-objects/dotnet-value-objects/benchmarks/EricksonLopez.ValueObjects.Benchmarks/bin/Release/net10.0/EricksonLopez.ValueObjects.Benchmarks-.NET 9.0-3/BenchmarkDotNet.Autogenerated.csproj (in 274 ms).
  5 of 6 projects are up-to-date for restore.

// BenchmarkDotNet has failed to build the auto-generated boilerplate code.
// It can be found in /home/runner/work/dotnet-value-objects/dotnet-value-objects/benchmarks/EricksonLopez.ValueObjects.Benchmarks/bin/Release/net10.0/EricksonLopez.ValueObjects.Benchmarks-.NET 9.0-3
// Please follow the troubleshooting guide: https://benchmarkdotnet.org/articles/guides/troubleshooting.html

// ** Remained 3 (2.5 %) benchmark(s) to run. Estimated finish 2026-09-13 7:07 (0h 0m from now) **
// Build Error: Standard output: 
  
 Standard error: 
   Determining projects to restore...
/home/runner/work/dotnet-value-objects/dotnet-value-objects/benchmarks/EricksonLopez.ValueObjects.Benchmarks/bin/Release/net10.0/EricksonLopez.ValueObjects.Benchmarks-.NET 9.0-3/BenchmarkDotNet.Autogenerated.csproj : error NU1201: Project EricksonLopez.ValueObjects.Benchmarks is not compatible with net9.0 (.NETCoreApp,Version=v9.0). Project EricksonLopez.ValueObjects.Benchmarks supports: net10.0 (.NETCoreApp,Version=v10.0)
  Failed to restore /home/runner/work/dotnet-value-objects/dotnet-value-objects/benchmarks/EricksonLopez.ValueObjects.Benchmarks/bin/Release/net10.0/EricksonLopez.ValueObjects.Benchmarks-.NET 9.0-3/BenchmarkDotNet.Autogenerated.csproj (in 274 ms).
  5 of 6 projects are up-to-date for restore.

// BenchmarkDotNet has failed to build the auto-generated boilerplate code.
// It can be found in /home/runner/work/dotnet-value-objects/dotnet-value-objects/benchmarks/EricksonLopez.ValueObjects.Benchmarks/bin/Release/net10.0/EricksonLopez.ValueObjects.Benchmarks-.NET 9.0-3
// Please follow the troubleshooting guide: https://benchmarkdotnet.org/articles/guides/troubleshooting.html

// ** Remained 2 (1.7 %) benchmark(s) to run. Estimated finish 2026-09-13 7:07 (0h 0m from now) **
// Build Error: Standard output: 
  
 Standard error: 
   Determining projects to restore...
/home/runner/work/dotnet-value-objects/dotnet-value-objects/benchmarks/EricksonLopez.ValueObjects.Benchmarks/bin/Release/net10.0/EricksonLopez.ValueObjects.Benchmarks-.NET 9.0-3/BenchmarkDotNet.Autogenerated.csproj : error NU1201: Project EricksonLopez.ValueObjects.Benchmarks is not compatible with net9.0 (.NETCoreApp,Version=v9.0). Project EricksonLopez.ValueObjects.Benchmarks supports: net10.0 (.NETCoreApp,Version=v10.0)
  Failed to restore /home/runner/work/dotnet-value-objects/dotnet-value-objects/benchmarks/EricksonLopez.ValueObjects.Benchmarks/bin/Release/net10.0/EricksonLopez.ValueObjects.Benchmarks-.NET 9.0-3/BenchmarkDotNet.Autogenerated.csproj (in 274 ms).
  5 of 6 projects are up-to-date for restore.

// BenchmarkDotNet has failed to build the auto-generated boilerplate code.
// It can be found in /home/runner/work/dotnet-value-objects/dotnet-value-objects/benchmarks/EricksonLopez.ValueObjects.Benchmarks/bin/Release/net10.0/EricksonLopez.ValueObjects.Benchmarks-.NET 9.0-3
// Please follow the troubleshooting guide: https://benchmarkdotnet.org/articles/guides/troubleshooting.html

// ** Remained 1 (0.8 %) benchmark(s) to run. Estimated finish 2026-09-13 7:07 (0h 0m from now) **
// Build Error: Standard output: 
  
 Standard error: 
   Determining projects to restore...
/home/runner/work/dotnet-value-objects/dotnet-value-objects/benchmarks/EricksonLopez.ValueObjects.Benchmarks/bin/Release/net10.0/EricksonLopez.ValueObjects.Benchmarks-.NET 9.0-3/BenchmarkDotNet.Autogenerated.csproj : error NU1201: Project EricksonLopez.ValueObjects.Benchmarks is not compatible with net9.0 (.NETCoreApp,Version=v9.0). Project EricksonLopez.ValueObjects.Benchmarks supports: net10.0 (.NETCoreApp,Version=v10.0)
  Failed to restore /home/runner/work/dotnet-value-objects/dotnet-value-objects/benchmarks/EricksonLopez.ValueObjects.Benchmarks/bin/Release/net10.0/EricksonLopez.ValueObjects.Benchmarks-.NET 9.0-3/BenchmarkDotNet.Autogenerated.csproj (in 274 ms).
  5 of 6 projects are up-to-date for restore.

// BenchmarkDotNet has failed to build the auto-generated boilerplate code.
// It can be found in /home/runner/work/dotnet-value-objects/dotnet-value-objects/benchmarks/EricksonLopez.ValueObjects.Benchmarks/bin/Release/net10.0/EricksonLopez.ValueObjects.Benchmarks-.NET 9.0-3
// Please follow the troubleshooting guide: https://benchmarkdotnet.org/articles/guides/troubleshooting.html

// ** Remained 0 (0.0 %) benchmark(s) to run. Estimated finish 2026-09-13 7:06 (0h 0m from now) **
// ***** BenchmarkRunner: Finish  *****

// * Export *
  benchmarks/results/results/EricksonLopez.ValueObjects.Benchmarks.ValueObjectBenchmarks-report.csv
  benchmarks/results/results/EricksonLopez.ValueObjects.Benchmarks.ValueObjectBenchmarks-report-github.md
  benchmarks/results/results/EricksonLopez.ValueObjects.Benchmarks.ValueObjectBenchmarks-report.html
  benchmarks/results/results/EricksonLopez.ValueObjects.Benchmarks.ValueObjectBenchmarks-report-full-compressed.json
  benchmarks/results/results/EricksonLopez.ValueObjects.Benchmarks.ValueObjectBenchmarks-report-default.md

// * Detailed results *
ValueObjectBenchmarks.Create_Class: .NET 10.0(Runtime=.NET 10.0, Toolchain=net10.0)
Runtime = .NET 10.0.12 (10.0.12, 10.0.1226.42308), X64 RyuJIT x86-64-v3; GC = Concurrent Workstation
Mean = 6.103 ns, StdErr = 0.016 ns (0.26%), N = 15, StdDev = 0.060 ns
Min = 6.014 ns, Q1 = 6.057 ns, Median = 6.101 ns, Q3 = 6.137 ns, Max = 6.233 ns
IQR = 0.080 ns, LowerFence = 5.936 ns, UpperFence = 6.257 ns
ConfidenceInterval = [6.038 ns; 6.167 ns] (CI 99.9%), Margin = 0.065 ns (1.06% of Mean)
Skewness = 0.44, Kurtosis = 2.2, MValue = 2
-------------------- Histogram --------------------
[5.981 ns ; 6.265 ns) | @@@@@@@@@@@@@@@
---------------------------------------------------

ValueObjectBenchmarks.Create_Class: .NET 8.0(Runtime=.NET 8.0, Toolchain=net8.0)
Runtime = ; GC = 
There are not any results runs

ValueObjectBenchmarks.Create_Class: .NET 9.0(Runtime=.NET 9.0, Toolchain=net9.0)
Runtime = ; GC = 
There are not any results runs

ValueObjectBenchmarks.Create_RecordClass: .NET 10.0(Runtime=.NET 10.0, Toolchain=net10.0)
Runtime = .NET 10.0.12 (10.0.12, 10.0.1226.42308), X64 RyuJIT x86-64-v3; GC = Concurrent Workstation
Mean = 6.494 ns, StdErr = 0.043 ns (0.66%), N = 15, StdDev = 0.167 ns
Min = 6.208 ns, Q1 = 6.393 ns, Median = 6.465 ns, Q3 = 6.603 ns, Max = 6.812 ns
IQR = 0.210 ns, LowerFence = 6.078 ns, UpperFence = 6.918 ns
ConfidenceInterval = [6.316 ns; 6.673 ns] (CI 99.9%), Margin = 0.179 ns (2.75% of Mean)
Skewness = 0.19, Kurtosis = 2.04, MValue = 2
-------------------- Histogram --------------------
[6.192 ns ; 6.391 ns) | @@@
[6.391 ns ; 6.569 ns) | @@@@@@@@
[6.569 ns ; 6.814 ns) | @@@@
---------------------------------------------------

ValueObjectBenchmarks.Create_RecordClass: .NET 8.0(Runtime=.NET 8.0, Toolchain=net8.0)
Runtime = ; GC = 
There are not any results runs

ValueObjectBenchmarks.Create_RecordClass: .NET 9.0(Runtime=.NET 9.0, Toolchain=net9.0)
Runtime = ; GC = 
There are not any results runs

ValueObjectBenchmarks.Create_Struct: .NET 10.0(Runtime=.NET 10.0, Toolchain=net10.0)
Runtime = .NET 10.0.12 (10.0.12, 10.0.1226.42308), X64 RyuJIT x86-64-v3; GC = Concurrent Workstation
Mean = 0.001 ns, StdErr = 0.000 ns (23.44%), N = 13, StdDev = 0.001 ns
Min = 0.000 ns, Q1 = 0.000 ns, Median = 0.001 ns, Q3 = 0.002 ns, Max = 0.003 ns
IQR = 0.002 ns, LowerFence = -0.002 ns, UpperFence = 0.004 ns
ConfidenceInterval = [-0.000 ns; 0.003 ns] (CI 99.9%), Margin = 0.001 ns (101.23% of Mean)
Skewness = 0.24, Kurtosis = 1.51, MValue = 2
-------------------- Histogram --------------------
[0.000 ns ; 0.001 ns) | @@@@@@
[0.001 ns ; 0.003 ns) | @@@@@
[0.003 ns ; 0.004 ns) | @@
---------------------------------------------------

ValueObjectBenchmarks.Create_Struct: .NET 8.0(Runtime=.NET 8.0, Toolchain=net8.0)
Runtime = ; GC = 
There are not any results runs

ValueObjectBenchmarks.Create_Struct: .NET 9.0(Runtime=.NET 9.0, Toolchain=net9.0)
Runtime = ; GC = 
There are not any results runs

ValueObjectBenchmarks.Create_RecordStruct: .NET 10.0(Runtime=.NET 10.0, Toolchain=net10.0)
Runtime = .NET 10.0.12 (10.0.12, 10.0.1226.42308), X64 RyuJIT x86-64-v3; GC = Concurrent Workstation
Mean = 0.001 ns, StdErr = 0.000 ns (60.45%), N = 12, StdDev = 0.001 ns
Min = 0.000 ns, Q1 = 0.000 ns, Median = 0.000 ns, Q3 = 0.001 ns, Max = 0.005 ns
IQR = 0.001 ns, LowerFence = -0.001 ns, UpperFence = 0.002 ns
ConfidenceInterval = [-0.001 ns; 0.003 ns] (CI 99.9%), Margin = 0.002 ns (268.21% of Mean)
Skewness = 2.06, Kurtosis = 6.22, MValue = 2.44
-------------------- Histogram --------------------
[0.000 ns ; 0.002 ns) | @@@@@@@@@@@
[0.002 ns ; 0.003 ns) | 
[0.003 ns ; 0.004 ns) | 
[0.004 ns ; 0.006 ns) | @
---------------------------------------------------

ValueObjectBenchmarks.Create_RecordStruct: .NET 8.0(Runtime=.NET 8.0, Toolchain=net8.0)
Runtime = ; GC = 
There are not any results runs

ValueObjectBenchmarks.Create_RecordStruct: .NET 9.0(Runtime=.NET 9.0, Toolchain=net9.0)
Runtime = ; GC = 
There are not any results runs

ValueObjectBenchmarks.Domain_Create_Email: .NET 10.0(Runtime=.NET 10.0, Toolchain=net10.0)
Runtime = .NET 10.0.12 (10.0.12, 10.0.1226.42308), X64 RyuJIT x86-64-v3; GC = Concurrent Workstation
Mean = 166.922 ns, StdErr = 0.069 ns (0.04%), N = 13, StdDev = 0.249 ns
Min = 166.465 ns, Q1 = 166.804 ns, Median = 166.948 ns, Q3 = 167.101 ns, Max = 167.381 ns
IQR = 0.298 ns, LowerFence = 166.358 ns, UpperFence = 167.548 ns
ConfidenceInterval = [166.624 ns; 167.220 ns] (CI 99.9%), Margin = 0.298 ns (0.18% of Mean)
Skewness = -0.2, Kurtosis = 2.28, MValue = 2
-------------------- Histogram --------------------
[166.326 ns ; 167.520 ns) | @@@@@@@@@@@@@
---------------------------------------------------

ValueObjectBenchmarks.Domain_Create_Email: .NET 8.0(Runtime=.NET 8.0, Toolchain=net8.0)
Runtime = ; GC = 
There are not any results runs

ValueObjectBenchmarks.Domain_Create_Email: .NET 9.0(Runtime=.NET 9.0, Toolchain=net9.0)
Runtime = ; GC = 
There are not any results runs

ValueObjectBenchmarks.Domain_Create_Money: .NET 10.0(Runtime=.NET 10.0, Toolchain=net10.0)
Runtime = .NET 10.0.12 (10.0.12, 10.0.1226.42308), X64 RyuJIT x86-64-v3; GC = Concurrent Workstation
Mean = 11.119 ns, StdErr = 0.002 ns (0.02%), N = 13, StdDev = 0.009 ns
Min = 11.108 ns, Q1 = 11.113 ns, Median = 11.117 ns, Q3 = 11.121 ns, Max = 11.138 ns
IQR = 0.008 ns, LowerFence = 11.102 ns, UpperFence = 11.132 ns
ConfidenceInterval = [11.108 ns; 11.130 ns] (CI 99.9%), Margin = 0.011 ns (0.09% of Mean)
Skewness = 0.86, Kurtosis = 2.51, MValue = 2
-------------------- Histogram --------------------
[11.104 ns ; 11.144 ns) | @@@@@@@@@@@@@
---------------------------------------------------

ValueObjectBenchmarks.Domain_Create_Money: .NET 8.0(Runtime=.NET 8.0, Toolchain=net8.0)
Runtime = ; GC = 
There are not any results runs

ValueObjectBenchmarks.Domain_Create_Money: .NET 9.0(Runtime=.NET 9.0, Toolchain=net9.0)
Runtime = ; GC = 
There are not any results runs

ValueObjectBenchmarks.Domain_Create_Percentage: .NET 10.0(Runtime=.NET 10.0, Toolchain=net10.0)
Runtime = .NET 10.0.12 (10.0.12, 10.0.1226.42308), X64 RyuJIT x86-64-v3; GC = Concurrent Workstation
Mean = 7.434 ns, StdErr = 0.003 ns (0.04%), N = 13, StdDev = 0.011 ns
Min = 7.422 ns, Q1 = 7.423 ns, Median = 7.432 ns, Q3 = 7.441 ns, Max = 7.460 ns
IQR = 0.018 ns, LowerFence = 7.396 ns, UpperFence = 7.467 ns
ConfidenceInterval = [7.420 ns; 7.448 ns] (CI 99.9%), Margin = 0.014 ns (0.18% of Mean)
Skewness = 0.71, Kurtosis = 2.43, MValue = 2
-------------------- Histogram --------------------
[7.416 ns ; 7.466 ns) | @@@@@@@@@@@@@
---------------------------------------------------

ValueObjectBenchmarks.Domain_Create_Percentage: .NET 8.0(Runtime=.NET 8.0, Toolchain=net8.0)
Runtime = ; GC = 
There are not any results runs

ValueObjectBenchmarks.Domain_Create_Percentage: .NET 9.0(Runtime=.NET 9.0, Toolchain=net9.0)
Runtime = ; GC = 
There are not any results runs

ValueObjectBenchmarks.Equals_Class: .NET 10.0(Runtime=.NET 10.0, Toolchain=net10.0)
Runtime = .NET 10.0.12 (10.0.12, 10.0.1226.42308), X64 RyuJIT x86-64-v3; GC = Concurrent Workstation
Mean = 0.566 ns, StdErr = 0.001 ns (0.18%), N = 15, StdDev = 0.004 ns
Min = 0.559 ns, Q1 = 0.564 ns, Median = 0.566 ns, Q3 = 0.568 ns, Max = 0.573 ns
IQR = 0.004 ns, LowerFence = 0.558 ns, UpperFence = 0.575 ns
ConfidenceInterval = [0.562 ns; 0.570 ns] (CI 99.9%), Margin = 0.004 ns (0.75% of Mean)
Skewness = -0.08, Kurtosis = 2.25, MValue = 2
-------------------- Histogram --------------------
[0.557 ns ; 0.575 ns) | @@@@@@@@@@@@@@@
---------------------------------------------------

ValueObjectBenchmarks.Equals_Class: .NET 8.0(Runtime=.NET 8.0, Toolchain=net8.0)
Runtime = ; GC = 
There are not any results runs

ValueObjectBenchmarks.Equals_Class: .NET 9.0(Runtime=.NET 9.0, Toolchain=net9.0)
Runtime = ; GC = 
There are not any results runs

ValueObjectBenchmarks.Equals_RecordClass: .NET 10.0(Runtime=.NET 10.0, Toolchain=net10.0)
Runtime = .NET 10.0.12 (10.0.12, 10.0.1226.42308), X64 RyuJIT x86-64-v3; GC = Concurrent Workstation
Mean = 0.755 ns, StdErr = 0.002 ns (0.24%), N = 14, StdDev = 0.007 ns
Min = 0.742 ns, Q1 = 0.751 ns, Median = 0.756 ns, Q3 = 0.759 ns, Max = 0.767 ns
IQR = 0.008 ns, LowerFence = 0.738 ns, UpperFence = 0.771 ns
ConfidenceInterval = [0.747 ns; 0.763 ns] (CI 99.9%), Margin = 0.008 ns (1.03% of Mean)
Skewness = -0.18, Kurtosis = 2.11, MValue = 2
-------------------- Histogram --------------------
[0.738 ns ; 0.771 ns) | @@@@@@@@@@@@@@
---------------------------------------------------

ValueObjectBenchmarks.Equals_RecordClass: .NET 8.0(Runtime=.NET 8.0, Toolchain=net8.0)
Runtime = ; GC = 
There are not any results runs

ValueObjectBenchmarks.Equals_RecordClass: .NET 9.0(Runtime=.NET 9.0, Toolchain=net9.0)
Runtime = ; GC = 
There are not any results runs

ValueObjectBenchmarks.Equals_Struct: .NET 10.0(Runtime=.NET 10.0, Toolchain=net10.0)
Runtime = .NET 10.0.12 (10.0.12, 10.0.1226.42308), X64 RyuJIT x86-64-v3; GC = Concurrent Workstation
Mean = 0.464 ns, StdErr = 0.000 ns (0.09%), N = 14, StdDev = 0.002 ns
Min = 0.461 ns, Q1 = 0.463 ns, Median = 0.463 ns, Q3 = 0.465 ns, Max = 0.467 ns
IQR = 0.002 ns, LowerFence = 0.460 ns, UpperFence = 0.468 ns
ConfidenceInterval = [0.462 ns; 0.466 ns] (CI 99.9%), Margin = 0.002 ns (0.40% of Mean)
Skewness = 0.43, Kurtosis = 1.84, MValue = 2
-------------------- Histogram --------------------
[0.461 ns ; 0.468 ns) | @@@@@@@@@@@@@@
---------------------------------------------------

ValueObjectBenchmarks.Equals_Struct: .NET 8.0(Runtime=.NET 8.0, Toolchain=net8.0)
Runtime = ; GC = 
There are not any results runs

ValueObjectBenchmarks.Equals_Struct: .NET 9.0(Runtime=.NET 9.0, Toolchain=net9.0)
Runtime = ; GC = 
There are not any results runs

ValueObjectBenchmarks.Equals_RecordStruct: .NET 10.0(Runtime=.NET 10.0, Toolchain=net10.0)
Runtime = .NET 10.0.12 (10.0.12, 10.0.1226.42308), X64 RyuJIT x86-64-v3; GC = Concurrent Workstation
Mean = 0.328 ns, StdErr = 0.002 ns (0.66%), N = 14, StdDev = 0.008 ns
Min = 0.319 ns, Q1 = 0.322 ns, Median = 0.326 ns, Q3 = 0.334 ns, Max = 0.343 ns
IQR = 0.012 ns, LowerFence = 0.305 ns, UpperFence = 0.351 ns
ConfidenceInterval = [0.319 ns; 0.337 ns] (CI 99.9%), Margin = 0.009 ns (2.77% of Mean)
Skewness = 0.61, Kurtosis = 1.91, MValue = 2.5
-------------------- Histogram --------------------
[0.318 ns ; 0.327 ns) | @@@@@@@@
[0.327 ns ; 0.335 ns) | @@
[0.335 ns ; 0.343 ns) | @@@@
---------------------------------------------------

ValueObjectBenchmarks.Equals_RecordStruct: .NET 8.0(Runtime=.NET 8.0, Toolchain=net8.0)
Runtime = ; GC = 
There are not any results runs

ValueObjectBenchmarks.Equals_RecordStruct: .NET 9.0(Runtime=.NET 9.0, Toolchain=net9.0)
Runtime = ; GC = 
There are not any results runs

ValueObjectBenchmarks.Domain_Equals_Money: .NET 10.0(Runtime=.NET 10.0, Toolchain=net10.0)
Runtime = .NET 10.0.12 (10.0.12, 10.0.1226.42308), X64 RyuJIT x86-64-v3; GC = Concurrent Workstation
Mean = 5.117 ns, StdErr = 0.001 ns (0.02%), N = 13, StdDev = 0.003 ns
Min = 5.113 ns, Q1 = 5.115 ns, Median = 5.118 ns, Q3 = 5.118 ns, Max = 5.124 ns
IQR = 0.004 ns, LowerFence = 5.110 ns, UpperFence = 5.124 ns
ConfidenceInterval = [5.113 ns; 5.121 ns] (CI 99.9%), Margin = 0.004 ns (0.08% of Mean)
Skewness = 0.45, Kurtosis = 2.17, MValue = 2
-------------------- Histogram --------------------
[5.111 ns ; 5.126 ns) | @@@@@@@@@@@@@
---------------------------------------------------

ValueObjectBenchmarks.Domain_Equals_Money: .NET 8.0(Runtime=.NET 8.0, Toolchain=net8.0)
Runtime = ; GC = 
There are not any results runs

ValueObjectBenchmarks.Domain_Equals_Money: .NET 9.0(Runtime=.NET 9.0, Toolchain=net9.0)
Runtime = ; GC = 
There are not any results runs

ValueObjectBenchmarks.HashCode_Class: .NET 10.0(Runtime=.NET 10.0, Toolchain=net10.0)
Runtime = .NET 10.0.12 (10.0.12, 10.0.1226.42308), X64 RyuJIT x86-64-v3; GC = Concurrent Workstation
Mean = 18.870 ns, StdErr = 0.001 ns (0.01%), N = 13, StdDev = 0.005 ns
Min = 18.863 ns, Q1 = 18.867 ns, Median = 18.870 ns, Q3 = 18.875 ns, Max = 18.880 ns
IQR = 0.008 ns, LowerFence = 18.855 ns, UpperFence = 18.886 ns
ConfidenceInterval = [18.864 ns; 18.877 ns] (CI 99.9%), Margin = 0.006 ns (0.03% of Mean)
Skewness = 0.22, Kurtosis = 1.78, MValue = 2
-------------------- Histogram --------------------
[18.860 ns ; 18.883 ns) | @@@@@@@@@@@@@
---------------------------------------------------

ValueObjectBenchmarks.HashCode_Class: .NET 8.0(Runtime=.NET 8.0, Toolchain=net8.0)
Runtime = ; GC = 
There are not any results runs

ValueObjectBenchmarks.HashCode_Class: .NET 9.0(Runtime=.NET 9.0, Toolchain=net9.0)
Runtime = ; GC = 
There are not any results runs

ValueObjectBenchmarks.HashCode_RecordClass: .NET 10.0(Runtime=.NET 10.0, Toolchain=net10.0)
Runtime = .NET 10.0.12 (10.0.12, 10.0.1226.42308), X64 RyuJIT x86-64-v3; GC = Concurrent Workstation
Mean = 22.398 ns, StdErr = 0.023 ns (0.10%), N = 14, StdDev = 0.086 ns
Min = 22.282 ns, Q1 = 22.305 ns, Median = 22.441 ns, Q3 = 22.468 ns, Max = 22.498 ns
IQR = 0.163 ns, LowerFence = 22.061 ns, UpperFence = 22.712 ns
ConfidenceInterval = [22.301 ns; 22.495 ns] (CI 99.9%), Margin = 0.097 ns (0.43% of Mean)
Skewness = -0.26, Kurtosis = 1.12, MValue = 2
-------------------- Histogram --------------------
[22.235 ns ; 22.545 ns) | @@@@@@@@@@@@@@
---------------------------------------------------

ValueObjectBenchmarks.HashCode_RecordClass: .NET 8.0(Runtime=.NET 8.0, Toolchain=net8.0)
Runtime = ; GC = 
There are not any results runs

ValueObjectBenchmarks.HashCode_RecordClass: .NET 9.0(Runtime=.NET 9.0, Toolchain=net9.0)
Runtime = ; GC = 
There are not any results runs

ValueObjectBenchmarks.HashCode_Struct: .NET 10.0(Runtime=.NET 10.0, Toolchain=net10.0)
Runtime = .NET 10.0.12 (10.0.12, 10.0.1226.42308), X64 RyuJIT x86-64-v3; GC = Concurrent Workstation
Mean = 18.534 ns, StdErr = 0.002 ns (0.01%), N = 14, StdDev = 0.006 ns
Min = 18.525 ns, Q1 = 18.529 ns, Median = 18.533 ns, Q3 = 18.540 ns, Max = 18.542 ns
IQR = 0.011 ns, LowerFence = 18.513 ns, UpperFence = 18.556 ns
ConfidenceInterval = [18.527 ns; 18.540 ns] (CI 99.9%), Margin = 0.007 ns (0.04% of Mean)
Skewness = 0.06, Kurtosis = 1.31, MValue = 2
-------------------- Histogram --------------------
[18.522 ns ; 18.545 ns) | @@@@@@@@@@@@@@
---------------------------------------------------

ValueObjectBenchmarks.HashCode_Struct: .NET 8.0(Runtime=.NET 8.0, Toolchain=net8.0)
Runtime = ; GC = 
There are not any results runs

ValueObjectBenchmarks.HashCode_Struct: .NET 9.0(Runtime=.NET 9.0, Toolchain=net9.0)
Runtime = ; GC = 
There are not any results runs

ValueObjectBenchmarks.HashCode_RecordStruct: .NET 10.0(Runtime=.NET 10.0, Toolchain=net10.0)
Runtime = .NET 10.0.12 (10.0.12, 10.0.1226.42308), X64 RyuJIT x86-64-v3; GC = Concurrent Workstation
Mean = 17.753 ns, StdErr = 0.006 ns (0.03%), N = 14, StdDev = 0.021 ns
Min = 17.735 ns, Q1 = 17.740 ns, Median = 17.744 ns, Q3 = 17.749 ns, Max = 17.795 ns
IQR = 0.008 ns, LowerFence = 17.728 ns, UpperFence = 17.761 ns
ConfidenceInterval = [17.729 ns; 17.777 ns] (CI 99.9%), Margin = 0.024 ns (0.13% of Mean)
Skewness = 1.18, Kurtosis = 2.59, MValue = 2
-------------------- Histogram --------------------
[17.724 ns ; 17.806 ns) | @@@@@@@@@@@@@@
---------------------------------------------------

ValueObjectBenchmarks.HashCode_RecordStruct: .NET 8.0(Runtime=.NET 8.0, Toolchain=net8.0)
Runtime = ; GC = 
There are not any results runs

ValueObjectBenchmarks.HashCode_RecordStruct: .NET 9.0(Runtime=.NET 9.0, Toolchain=net9.0)
Runtime = ; GC = 
There are not any results runs

ValueObjectBenchmarks.DictionaryLookup_RecordClass: .NET 10.0(Runtime=.NET 10.0, Toolchain=net10.0)
Runtime = .NET 10.0.12 (10.0.12, 10.0.1226.42308), X64 RyuJIT x86-64-v3; GC = Concurrent Workstation
Mean = 26.081 ns, StdErr = 0.023 ns (0.09%), N = 13, StdDev = 0.083 ns
Min = 25.944 ns, Q1 = 26.028 ns, Median = 26.074 ns, Q3 = 26.151 ns, Max = 26.244 ns
IQR = 0.123 ns, LowerFence = 25.843 ns, UpperFence = 26.336 ns
ConfidenceInterval = [25.981 ns; 26.181 ns] (CI 99.9%), Margin = 0.100 ns (0.38% of Mean)
Skewness = 0.28, Kurtosis = 2.06, MValue = 2
-------------------- Histogram --------------------
[25.898 ns ; 26.291 ns) | @@@@@@@@@@@@@
---------------------------------------------------

ValueObjectBenchmarks.DictionaryLookup_RecordClass: .NET 8.0(Runtime=.NET 8.0, Toolchain=net8.0)
Runtime = ; GC = 
There are not any results runs

ValueObjectBenchmarks.DictionaryLookup_RecordClass: .NET 9.0(Runtime=.NET 9.0, Toolchain=net9.0)
Runtime = ; GC = 
There are not any results runs

ValueObjectBenchmarks.DictionaryLookup_RecordStruct: .NET 10.0(Runtime=.NET 10.0, Toolchain=net10.0)
Runtime = .NET 10.0.12 (10.0.12, 10.0.1226.42308), X64 RyuJIT x86-64-v3; GC = Concurrent Workstation
Mean = 24.044 ns, StdErr = 0.006 ns (0.02%), N = 14, StdDev = 0.021 ns
Min = 24.024 ns, Q1 = 24.026 ns, Median = 24.033 ns, Q3 = 24.059 ns, Max = 24.087 ns
IQR = 0.033 ns, LowerFence = 23.976 ns, UpperFence = 24.110 ns
ConfidenceInterval = [24.020 ns; 24.068 ns] (CI 99.9%), Margin = 0.024 ns (0.10% of Mean)
Skewness = 0.66, Kurtosis = 1.85, MValue = 2
-------------------- Histogram --------------------
[24.012 ns ; 24.099 ns) | @@@@@@@@@@@@@@
---------------------------------------------------

ValueObjectBenchmarks.DictionaryLookup_RecordStruct: .NET 8.0(Runtime=.NET 8.0, Toolchain=net8.0)
Runtime = ; GC = 
There are not any results runs

ValueObjectBenchmarks.DictionaryLookup_RecordStruct: .NET 9.0(Runtime=.NET 9.0, Toolchain=net9.0)
Runtime = ; GC = 
There are not any results runs

ValueObjectBenchmarks.Domain_Money_Add: .NET 10.0(Runtime=.NET 10.0, Toolchain=net10.0)
Runtime = .NET 10.0.12 (10.0.12, 10.0.1226.42308), X64 RyuJIT x86-64-v3; GC = Concurrent Workstation
Mean = 8.750 ns, StdErr = 0.001 ns (0.01%), N = 12, StdDev = 0.004 ns
Min = 8.744 ns, Q1 = 8.747 ns, Median = 8.750 ns, Q3 = 8.753 ns, Max = 8.755 ns
IQR = 0.006 ns, LowerFence = 8.738 ns, UpperFence = 8.763 ns
ConfidenceInterval = [8.745 ns; 8.755 ns] (CI 99.9%), Margin = 0.005 ns (0.06% of Mean)
Skewness = -0.2, Kurtosis = 1.56, MValue = 2
-------------------- Histogram --------------------
[8.742 ns ; 8.758 ns) | @@@@@@@@@@@@
---------------------------------------------------

ValueObjectBenchmarks.Domain_Money_Add: .NET 8.0(Runtime=.NET 8.0, Toolchain=net8.0)
Runtime = ; GC = 
There are not any results runs

ValueObjectBenchmarks.Domain_Money_Add: .NET 9.0(Runtime=.NET 9.0, Toolchain=net9.0)
Runtime = ; GC = 
There are not any results runs

ValueObjectBenchmarks.Domain_Money_Allocate: .NET 10.0(Runtime=.NET 10.0, Toolchain=net10.0)
Runtime = .NET 10.0.12 (10.0.12, 10.0.1226.42308), X64 RyuJIT x86-64-v3; GC = Concurrent Workstation
Mean = 369.992 ns, StdErr = 0.088 ns (0.02%), N = 14, StdDev = 0.331 ns
Min = 369.361 ns, Q1 = 369.823 ns, Median = 370.002 ns, Q3 = 370.138 ns, Max = 370.648 ns
IQR = 0.315 ns, LowerFence = 369.351 ns, UpperFence = 370.610 ns
ConfidenceInterval = [369.619 ns; 370.366 ns] (CI 99.9%), Margin = 0.373 ns (0.10% of Mean)
Skewness = -0.01, Kurtosis = 2.48, MValue = 2
-------------------- Histogram --------------------
[369.180 ns ; 370.828 ns) | @@@@@@@@@@@@@@
---------------------------------------------------

ValueObjectBenchmarks.Domain_Money_Allocate: .NET 8.0(Runtime=.NET 8.0, Toolchain=net8.0)
Runtime = ; GC = 
There are not any results runs

ValueObjectBenchmarks.Domain_Money_Allocate: .NET 9.0(Runtime=.NET 9.0, Toolchain=net9.0)
Runtime = ; GC = 
There are not any results runs

ValueObjectBenchmarks.Domain_Money_ApplyTax: .NET 10.0(Runtime=.NET 10.0, Toolchain=net10.0)
Runtime = .NET 10.0.12 (10.0.12, 10.0.1226.42308), X64 RyuJIT x86-64-v3; GC = Concurrent Workstation
Mean = 55.366 ns, StdErr = 0.006 ns (0.01%), N = 14, StdDev = 0.022 ns
Min = 55.329 ns, Q1 = 55.355 ns, Median = 55.362 ns, Q3 = 55.378 ns, Max = 55.413 ns
IQR = 0.023 ns, LowerFence = 55.321 ns, UpperFence = 55.413 ns
ConfidenceInterval = [55.341 ns; 55.391 ns] (CI 99.9%), Margin = 0.025 ns (0.04% of Mean)
Skewness = 0.33, Kurtosis = 2.52, MValue = 2
-------------------- Histogram --------------------
[55.317 ns ; 55.425 ns) | @@@@@@@@@@@@@@
---------------------------------------------------

ValueObjectBenchmarks.Domain_Money_ApplyTax: .NET 8.0(Runtime=.NET 8.0, Toolchain=net8.0)
Runtime = ; GC = 
There are not any results runs

ValueObjectBenchmarks.Domain_Money_ApplyTax: .NET 9.0(Runtime=.NET 9.0, Toolchain=net9.0)
Runtime = ; GC = 
There are not any results runs

ValueObjectBenchmarks.Domain_Parse_BusinessDate: .NET 10.0(Runtime=.NET 10.0, Toolchain=net10.0)
Runtime = .NET 10.0.12 (10.0.12, 10.0.1226.42308), X64 RyuJIT x86-64-v3; GC = Concurrent Workstation
Mean = 127.118 ns, StdErr = 0.047 ns (0.04%), N = 14, StdDev = 0.178 ns
Min = 126.933 ns, Q1 = 127.022 ns, Median = 127.044 ns, Q3 = 127.195 ns, Max = 127.502 ns
IQR = 0.173 ns, LowerFence = 126.763 ns, UpperFence = 127.454 ns
ConfidenceInterval = [126.918 ns; 127.318 ns] (CI 99.9%), Margin = 0.200 ns (0.16% of Mean)
Skewness = 0.97, Kurtosis = 2.64, MValue = 2
-------------------- Histogram --------------------
[126.836 ns ; 127.599 ns) | @@@@@@@@@@@@@@
---------------------------------------------------

ValueObjectBenchmarks.Domain_Parse_BusinessDate: .NET 8.0(Runtime=.NET 8.0, Toolchain=net8.0)
Runtime = ; GC = 
There are not any results runs

ValueObjectBenchmarks.Domain_Parse_BusinessDate: .NET 9.0(Runtime=.NET 9.0, Toolchain=net9.0)
Runtime = ; GC = 
There are not any results runs

// * Summary *

BenchmarkDotNet v0.15.8, Linux Ubuntu 24.04.5 LTS (Noble Numbat)
AMD EPYC 7763 2.45GHz, 1 CPU, 4 logical and 2 physical cores
.NET SDK 10.0.401
  [Host]    : .NET 10.0.12 (10.0.12, 10.0.1226.42308), X64 RyuJIT x86-64-v3
  .NET 10.0 : .NET 10.0.12 (10.0.12, 10.0.1226.42308), X64 RyuJIT x86-64-v3


| Method                        | Job       | Runtime   | Mean        | Error     | StdDev    | Median      | Ratio | RatioSD | Gen0   | Allocated | Alloc Ratio |
|------------------------------ |---------- |---------- |------------:|----------:|----------:|------------:|------:|--------:|-------:|----------:|------------:|
| Create_Class                  | .NET 10.0 | .NET 10.0 |   6.1026 ns | 0.0645 ns | 0.0603 ns |   6.1009 ns |     ? |       ? | 0.0014 |      24 B |           ? |
| Create_Class                  | .NET 8.0  | .NET 8.0  |          NA |        NA |        NA |          NA |     ? |       ? |     NA |        NA |           ? |
| Create_Class                  | .NET 9.0  | .NET 9.0  |          NA |        NA |        NA |          NA |     ? |       ? |     NA |        NA |           ? |
|                               |           |           |             |           |           |             |       |         |        |           |             |
| Create_RecordClass            | .NET 10.0 | .NET 10.0 |   6.4942 ns | 0.1785 ns | 0.1670 ns |   6.4646 ns |     ? |       ? | 0.0014 |      24 B |           ? |
| Create_RecordClass            | .NET 8.0  | .NET 8.0  |          NA |        NA |        NA |          NA |     ? |       ? |     NA |        NA |           ? |
| Create_RecordClass            | .NET 9.0  | .NET 9.0  |          NA |        NA |        NA |          NA |     ? |       ? |     NA |        NA |           ? |
|                               |           |           |             |           |           |             |       |         |        |           |             |
| Create_Struct                 | .NET 10.0 | .NET 10.0 |   0.0014 ns | 0.0014 ns | 0.0011 ns |   0.0015 ns |     ? |       ? |      - |         - |           ? |
| Create_Struct                 | .NET 8.0  | .NET 8.0  |          NA |        NA |        NA |          NA |     ? |       ? |     NA |        NA |           ? |
| Create_Struct                 | .NET 9.0  | .NET 9.0  |          NA |        NA |        NA |          NA |     ? |       ? |     NA |        NA |           ? |
|                               |           |           |             |           |           |             |       |         |        |           |             |
| Create_RecordStruct           | .NET 10.0 | .NET 10.0 |   0.0007 ns | 0.0019 ns | 0.0015 ns |   0.0000 ns |     ? |       ? |      - |         - |           ? |
| Create_RecordStruct           | .NET 8.0  | .NET 8.0  |          NA |        NA |        NA |          NA |     ? |       ? |     NA |        NA |           ? |
| Create_RecordStruct           | .NET 9.0  | .NET 9.0  |          NA |        NA |        NA |          NA |     ? |       ? |     NA |        NA |           ? |
|                               |           |           |             |           |           |             |       |         |        |           |             |
| Domain_Create_Email           | .NET 10.0 | .NET 10.0 | 166.9218 ns | 0.2979 ns | 0.2487 ns | 166.9475 ns |     ? |       ? | 0.0091 |     152 B |           ? |
| Domain_Create_Email           | .NET 8.0  | .NET 8.0  |          NA |        NA |        NA |          NA |     ? |       ? |     NA |        NA |           ? |
| Domain_Create_Email           | .NET 9.0  | .NET 9.0  |          NA |        NA |        NA |          NA |     ? |       ? |     NA |        NA |           ? |
|                               |           |           |             |           |           |             |       |         |        |           |             |
| Domain_Create_Money           | .NET 10.0 | .NET 10.0 |  11.1190 ns | 0.0106 ns | 0.0088 ns |  11.1174 ns |     ? |       ? |      - |         - |           ? |
| Domain_Create_Money           | .NET 8.0  | .NET 8.0  |          NA |        NA |        NA |          NA |     ? |       ? |     NA |        NA |           ? |
| Domain_Create_Money           | .NET 9.0  | .NET 9.0  |          NA |        NA |        NA |          NA |     ? |       ? |     NA |        NA |           ? |
|                               |           |           |             |           |           |             |       |         |        |           |             |
| Domain_Create_Percentage      | .NET 10.0 | .NET 10.0 |   7.4341 ns | 0.0137 ns | 0.0114 ns |   7.4317 ns |     ? |       ? |      - |         - |           ? |
| Domain_Create_Percentage      | .NET 8.0  | .NET 8.0  |          NA |        NA |        NA |          NA |     ? |       ? |     NA |        NA |           ? |
| Domain_Create_Percentage      | .NET 9.0  | .NET 9.0  |          NA |        NA |        NA |          NA |     ? |       ? |     NA |        NA |           ? |
|                               |           |           |             |           |           |             |       |         |        |           |             |
| Equals_Class                  | .NET 10.0 | .NET 10.0 |   0.5660 ns | 0.0042 ns | 0.0040 ns |   0.5660 ns |     ? |       ? |      - |         - |           ? |
| Equals_Class                  | .NET 8.0  | .NET 8.0  |          NA |        NA |        NA |          NA |     ? |       ? |     NA |        NA |           ? |
| Equals_Class                  | .NET 9.0  | .NET 9.0  |          NA |        NA |        NA |          NA |     ? |       ? |     NA |        NA |           ? |
|                               |           |           |             |           |           |             |       |         |        |           |             |
| Equals_RecordClass            | .NET 10.0 | .NET 10.0 |   0.7552 ns | 0.0078 ns | 0.0069 ns |   0.7558 ns |     ? |       ? |      - |         - |           ? |
| Equals_RecordClass            | .NET 8.0  | .NET 8.0  |          NA |        NA |        NA |          NA |     ? |       ? |     NA |        NA |           ? |
| Equals_RecordClass            | .NET 9.0  | .NET 9.0  |          NA |        NA |        NA |          NA |     ? |       ? |     NA |        NA |           ? |
|                               |           |           |             |           |           |             |       |         |        |           |             |
| Equals_Struct                 | .NET 10.0 | .NET 10.0 |   0.4637 ns | 0.0019 ns | 0.0016 ns |   0.4633 ns |     ? |       ? |      - |         - |           ? |
| Equals_Struct                 | .NET 8.0  | .NET 8.0  |          NA |        NA |        NA |          NA |     ? |       ? |     NA |        NA |           ? |
| Equals_Struct                 | .NET 9.0  | .NET 9.0  |          NA |        NA |        NA |          NA |     ? |       ? |     NA |        NA |           ? |
|                               |           |           |             |           |           |             |       |         |        |           |             |
| Equals_RecordStruct           | .NET 10.0 | .NET 10.0 |   0.3280 ns | 0.0091 ns | 0.0081 ns |   0.3255 ns |     ? |       ? |      - |         - |           ? |
| Equals_RecordStruct           | .NET 8.0  | .NET 8.0  |          NA |        NA |        NA |          NA |     ? |       ? |     NA |        NA |           ? |
| Equals_RecordStruct           | .NET 9.0  | .NET 9.0  |          NA |        NA |        NA |          NA |     ? |       ? |     NA |        NA |           ? |
|                               |           |           |             |           |           |             |       |         |        |           |             |
| Domain_Equals_Money           | .NET 10.0 | .NET 10.0 |   5.1174 ns | 0.0039 ns | 0.0033 ns |   5.1175 ns |     ? |       ? |      - |         - |           ? |
| Domain_Equals_Money           | .NET 8.0  | .NET 8.0  |          NA |        NA |        NA |          NA |     ? |       ? |     NA |        NA |           ? |
| Domain_Equals_Money           | .NET 9.0  | .NET 9.0  |          NA |        NA |        NA |          NA |     ? |       ? |     NA |        NA |           ? |
|                               |           |           |             |           |           |             |       |         |        |           |             |
| HashCode_Class                | .NET 10.0 | .NET 10.0 |  18.8705 ns | 0.0061 ns | 0.0051 ns |  18.8703 ns |     ? |       ? |      - |         - |           ? |
| HashCode_Class                | .NET 8.0  | .NET 8.0  |          NA |        NA |        NA |          NA |     ? |       ? |     NA |        NA |           ? |
| HashCode_Class                | .NET 9.0  | .NET 9.0  |          NA |        NA |        NA |          NA |     ? |       ? |     NA |        NA |           ? |
|                               |           |           |             |           |           |             |       |         |        |           |             |
| HashCode_RecordClass          | .NET 10.0 | .NET 10.0 |  22.3978 ns | 0.0971 ns | 0.0861 ns |  22.4411 ns |     ? |       ? |      - |         - |           ? |
| HashCode_RecordClass          | .NET 8.0  | .NET 8.0  |          NA |        NA |        NA |          NA |     ? |       ? |     NA |        NA |           ? |
| HashCode_RecordClass          | .NET 9.0  | .NET 9.0  |          NA |        NA |        NA |          NA |     ? |       ? |     NA |        NA |           ? |
|                               |           |           |             |           |           |             |       |         |        |           |             |
| HashCode_Struct               | .NET 10.0 | .NET 10.0 |  18.5336 ns | 0.0069 ns | 0.0061 ns |  18.5334 ns |     ? |       ? |      - |         - |           ? |
| HashCode_Struct               | .NET 8.0  | .NET 8.0  |          NA |        NA |        NA |          NA |     ? |       ? |     NA |        NA |           ? |
| HashCode_Struct               | .NET 9.0  | .NET 9.0  |          NA |        NA |        NA |          NA |     ? |       ? |     NA |        NA |           ? |
|                               |           |           |             |           |           |             |       |         |        |           |             |
| HashCode_RecordStruct         | .NET 10.0 | .NET 10.0 |  17.7530 ns | 0.0237 ns | 0.0210 ns |  17.7439 ns |     ? |       ? |      - |         - |           ? |
| HashCode_RecordStruct         | .NET 8.0  | .NET 8.0  |          NA |        NA |        NA |          NA |     ? |       ? |     NA |        NA |           ? |
| HashCode_RecordStruct         | .NET 9.0  | .NET 9.0  |          NA |        NA |        NA |          NA |     ? |       ? |     NA |        NA |           ? |
|                               |           |           |             |           |           |             |       |         |        |           |             |
| DictionaryLookup_RecordClass  | .NET 10.0 | .NET 10.0 |  26.0812 ns | 0.0999 ns | 0.0834 ns |  26.0744 ns |     ? |       ? |      - |         - |           ? |
| DictionaryLookup_RecordClass  | .NET 8.0  | .NET 8.0  |          NA |        NA |        NA |          NA |     ? |       ? |     NA |        NA |           ? |
| DictionaryLookup_RecordClass  | .NET 9.0  | .NET 9.0  |          NA |        NA |        NA |          NA |     ? |       ? |     NA |        NA |           ? |
|                               |           |           |             |           |           |             |       |         |        |           |             |
| DictionaryLookup_RecordStruct | .NET 10.0 | .NET 10.0 |  24.0436 ns | 0.0241 ns | 0.0213 ns |  24.0328 ns |     ? |       ? |      - |         - |           ? |
| DictionaryLookup_RecordStruct | .NET 8.0  | .NET 8.0  |          NA |        NA |        NA |          NA |     ? |       ? |     NA |        NA |           ? |
| DictionaryLookup_RecordStruct | .NET 9.0  | .NET 9.0  |          NA |        NA |        NA |          NA |     ? |       ? |     NA |        NA |           ? |
|                               |           |           |             |           |           |             |       |         |        |           |             |
| Domain_Money_Add              | .NET 10.0 | .NET 10.0 |   8.7502 ns | 0.0052 ns | 0.0041 ns |   8.7505 ns |     ? |       ? |      - |         - |           ? |
| Domain_Money_Add              | .NET 8.0  | .NET 8.0  |          NA |        NA |        NA |          NA |     ? |       ? |     NA |        NA |           ? |
| Domain_Money_Add              | .NET 9.0  | .NET 9.0  |          NA |        NA |        NA |          NA |     ? |       ? |     NA |        NA |           ? |
|                               |           |           |             |           |           |             |       |         |        |           |             |
| Domain_Money_Allocate         | .NET 10.0 | .NET 10.0 | 369.9921 ns | 0.3734 ns | 0.3310 ns | 370.0024 ns |     ? |       ? | 0.0057 |      96 B |           ? |
| Domain_Money_Allocate         | .NET 8.0  | .NET 8.0  |          NA |        NA |        NA |          NA |     ? |       ? |     NA |        NA |           ? |
| Domain_Money_Allocate         | .NET 9.0  | .NET 9.0  |          NA |        NA |        NA |          NA |     ? |       ? |     NA |        NA |           ? |
|                               |           |           |             |           |           |             |       |         |        |           |             |
| Domain_Money_ApplyTax         | .NET 10.0 | .NET 10.0 |  55.3658 ns | 0.0247 ns | 0.0219 ns |  55.3622 ns |     ? |       ? |      - |         - |           ? |
| Domain_Money_ApplyTax         | .NET 8.0  | .NET 8.0  |          NA |        NA |        NA |          NA |     ? |       ? |     NA |        NA |           ? |
| Domain_Money_ApplyTax         | .NET 9.0  | .NET 9.0  |          NA |        NA |        NA |          NA |     ? |       ? |     NA |        NA |           ? |
|                               |           |           |             |           |           |             |       |         |        |           |             |
| Domain_Parse_BusinessDate     | .NET 10.0 | .NET 10.0 | 127.1179 ns | 0.2004 ns | 0.1776 ns | 127.0445 ns |     ? |       ? |      - |         - |           ? |
| Domain_Parse_BusinessDate     | .NET 8.0  | .NET 8.0  |          NA |        NA |        NA |          NA |     ? |       ? |     NA |        NA |           ? |
| Domain_Parse_BusinessDate     | .NET 9.0  | .NET 9.0  |          NA |        NA |        NA |          NA |     ? |       ? |     NA |        NA |           ? |

Benchmarks with issues:
  ValueObjectBenchmarks.Create_Class: .NET 8.0(Runtime=.NET 8.0, Toolchain=net8.0)
  ValueObjectBenchmarks.Create_Class: .NET 9.0(Runtime=.NET 9.0, Toolchain=net9.0)
  ValueObjectBenchmarks.Create_RecordClass: .NET 8.0(Runtime=.NET 8.0, Toolchain=net8.0)
  ValueObjectBenchmarks.Create_RecordClass: .NET 9.0(Runtime=.NET 9.0, Toolchain=net9.0)
  ValueObjectBenchmarks.Create_Struct: .NET 8.0(Runtime=.NET 8.0, Toolchain=net8.0)
  ValueObjectBenchmarks.Create_Struct: .NET 9.0(Runtime=.NET 9.0, Toolchain=net9.0)
  ValueObjectBenchmarks.Create_RecordStruct: .NET 8.0(Runtime=.NET 8.0, Toolchain=net8.0)
  ValueObjectBenchmarks.Create_RecordStruct: .NET 9.0(Runtime=.NET 9.0, Toolchain=net9.0)
  ValueObjectBenchmarks.Domain_Create_Email: .NET 8.0(Runtime=.NET 8.0, Toolchain=net8.0)
  ValueObjectBenchmarks.Domain_Create_Email: .NET 9.0(Runtime=.NET 9.0, Toolchain=net9.0)
  ValueObjectBenchmarks.Domain_Create_Money: .NET 8.0(Runtime=.NET 8.0, Toolchain=net8.0)
  ValueObjectBenchmarks.Domain_Create_Money: .NET 9.0(Runtime=.NET 9.0, Toolchain=net9.0)
  ValueObjectBenchmarks.Domain_Create_Percentage: .NET 8.0(Runtime=.NET 8.0, Toolchain=net8.0)
  ValueObjectBenchmarks.Domain_Create_Percentage: .NET 9.0(Runtime=.NET 9.0, Toolchain=net9.0)
  ValueObjectBenchmarks.Equals_Class: .NET 8.0(Runtime=.NET 8.0, Toolchain=net8.0)
  ValueObjectBenchmarks.Equals_Class: .NET 9.0(Runtime=.NET 9.0, Toolchain=net9.0)
  ValueObjectBenchmarks.Equals_RecordClass: .NET 8.0(Runtime=.NET 8.0, Toolchain=net8.0)
  ValueObjectBenchmarks.Equals_RecordClass: .NET 9.0(Runtime=.NET 9.0, Toolchain=net9.0)
  ValueObjectBenchmarks.Equals_Struct: .NET 8.0(Runtime=.NET 8.0, Toolchain=net8.0)
  ValueObjectBenchmarks.Equals_Struct: .NET 9.0(Runtime=.NET 9.0, Toolchain=net9.0)
  ValueObjectBenchmarks.Equals_RecordStruct: .NET 8.0(Runtime=.NET 8.0, Toolchain=net8.0)
  ValueObjectBenchmarks.Equals_RecordStruct: .NET 9.0(Runtime=.NET 9.0, Toolchain=net9.0)
  ValueObjectBenchmarks.Domain_Equals_Money: .NET 8.0(Runtime=.NET 8.0, Toolchain=net8.0)
  ValueObjectBenchmarks.Domain_Equals_Money: .NET 9.0(Runtime=.NET 9.0, Toolchain=net9.0)
  ValueObjectBenchmarks.HashCode_Class: .NET 8.0(Runtime=.NET 8.0, Toolchain=net8.0)
  ValueObjectBenchmarks.HashCode_Class: .NET 9.0(Runtime=.NET 9.0, Toolchain=net9.0)
  ValueObjectBenchmarks.HashCode_RecordClass: .NET 8.0(Runtime=.NET 8.0, Toolchain=net8.0)
  ValueObjectBenchmarks.HashCode_RecordClass: .NET 9.0(Runtime=.NET 9.0, Toolchain=net9.0)
  ValueObjectBenchmarks.HashCode_Struct: .NET 8.0(Runtime=.NET 8.0, Toolchain=net8.0)
  ValueObjectBenchmarks.HashCode_Struct: .NET 9.0(Runtime=.NET 9.0, Toolchain=net9.0)
  ValueObjectBenchmarks.HashCode_RecordStruct: .NET 8.0(Runtime=.NET 8.0, Toolchain=net8.0)
  ValueObjectBenchmarks.HashCode_RecordStruct: .NET 9.0(Runtime=.NET 9.0, Toolchain=net9.0)
  ValueObjectBenchmarks.DictionaryLookup_RecordClass: .NET 8.0(Runtime=.NET 8.0, Toolchain=net8.0)
  ValueObjectBenchmarks.DictionaryLookup_RecordClass: .NET 9.0(Runtime=.NET 9.0, Toolchain=net9.0)
  ValueObjectBenchmarks.DictionaryLookup_RecordStruct: .NET 8.0(Runtime=.NET 8.0, Toolchain=net8.0)
  ValueObjectBenchmarks.DictionaryLookup_RecordStruct: .NET 9.0(Runtime=.NET 9.0, Toolchain=net9.0)
  ValueObjectBenchmarks.Domain_Money_Add: .NET 8.0(Runtime=.NET 8.0, Toolchain=net8.0)
  ValueObjectBenchmarks.Domain_Money_Add: .NET 9.0(Runtime=.NET 9.0, Toolchain=net9.0)
  ValueObjectBenchmarks.Domain_Money_Allocate: .NET 8.0(Runtime=.NET 8.0, Toolchain=net8.0)
  ValueObjectBenchmarks.Domain_Money_Allocate: .NET 9.0(Runtime=.NET 9.0, Toolchain=net9.0)
  ValueObjectBenchmarks.Domain_Money_ApplyTax: .NET 8.0(Runtime=.NET 8.0, Toolchain=net8.0)
  ValueObjectBenchmarks.Domain_Money_ApplyTax: .NET 9.0(Runtime=.NET 9.0, Toolchain=net9.0)
  ValueObjectBenchmarks.Domain_Parse_BusinessDate: .NET 8.0(Runtime=.NET 8.0, Toolchain=net8.0)
  ValueObjectBenchmarks.Domain_Parse_BusinessDate: .NET 9.0(Runtime=.NET 9.0, Toolchain=net9.0)

// * Warnings *
ZeroMeasurement
  ValueObjectBenchmarks.Create_Struct: .NET 10.0       -> The method duration is indistinguishable from the empty method duration
  ValueObjectBenchmarks.Create_RecordStruct: .NET 10.0 -> The method duration is indistinguishable from the empty method duration
BaselineCustomAnalyzer
  Summary -> A question mark '?' symbol indicates that it was not possible to compute the (Ratio, RatioSD, Alloc Ratio) column(s) because the baseline or benchmark could not be found, or the baseline value is too close to zero.

// * Hints *
Outliers
  ValueObjectBenchmarks.Create_Struct: .NET 10.0                 -> 2 outliers were removed (1.66 ns, 1.66 ns)
  ValueObjectBenchmarks.Create_RecordStruct: .NET 10.0           -> 3 outliers were removed (1.67 ns..1.69 ns)
  ValueObjectBenchmarks.Domain_Create_Email: .NET 10.0           -> 2 outliers were removed (170.12 ns, 176.62 ns)
  ValueObjectBenchmarks.Domain_Create_Money: .NET 10.0           -> 2 outliers were removed (12.86 ns, 12.87 ns)
  ValueObjectBenchmarks.Domain_Create_Percentage: .NET 10.0      -> 2 outliers were removed (9.14 ns, 9.50 ns)
  ValueObjectBenchmarks.Equals_RecordClass: .NET 10.0            -> 1 outlier  was  removed (2.56 ns)
  ValueObjectBenchmarks.Equals_Struct: .NET 10.0                 -> 1 outlier  was  removed (2.33 ns)
  ValueObjectBenchmarks.Equals_RecordStruct: .NET 10.0           -> 1 outlier  was  removed (2.34 ns)
  ValueObjectBenchmarks.Domain_Equals_Money: .NET 10.0           -> 2 outliers were removed (6.99 ns, 7.00 ns)
  ValueObjectBenchmarks.HashCode_Class: .NET 10.0                -> 2 outliers were removed (20.59 ns, 20.66 ns)
  ValueObjectBenchmarks.HashCode_RecordClass: .NET 10.0          -> 1 outlier  was  removed (24.72 ns)
  ValueObjectBenchmarks.HashCode_Struct: .NET 10.0               -> 1 outlier  was  removed (20.26 ns)
  ValueObjectBenchmarks.HashCode_RecordStruct: .NET 10.0         -> 1 outlier  was  removed (19.50 ns)
  ValueObjectBenchmarks.DictionaryLookup_RecordClass: .NET 10.0  -> 2 outliers were removed (28.13 ns, 28.34 ns)
  ValueObjectBenchmarks.DictionaryLookup_RecordStruct: .NET 10.0 -> 1 outlier  was  removed (25.84 ns)
  ValueObjectBenchmarks.Domain_Money_Add: .NET 10.0              -> 3 outliers were removed (10.40 ns..11.13 ns)
  ValueObjectBenchmarks.Domain_Money_Allocate: .NET 10.0         -> 1 outlier  was  removed, 2 outliers were detected (373.33 ns, 384.71 ns)
  ValueObjectBenchmarks.Domain_Money_ApplyTax: .NET 10.0         -> 1 outlier  was  removed (57.08 ns)
  ValueObjectBenchmarks.Domain_Parse_BusinessDate: .NET 10.0     -> 1 outlier  was  removed (131.58 ns)

// * Legends *
  Mean        : Arithmetic mean of all measurements
  Error       : Half of 99.9% confidence interval
  StdDev      : Standard deviation of all measurements
  Median      : Value separating the higher half of all measurements (50th percentile)
  Ratio       : Mean of the ratio distribution ([Current]/[Baseline])
  RatioSD     : Standard deviation of the ratio distribution ([Current]/[Baseline])
  Gen0        : GC Generation 0 collects per 1000 operations
  Allocated   : Allocated memory per single operation (managed only, inclusive, 1KB = 1024B)
  Alloc Ratio : Allocated memory ratio distribution ([Current]/[Baseline])
  1 ns        : 1 Nanosecond (0.000000001 sec)

// * Diagnostic Output - MemoryDiagnoser *


// ***** BenchmarkRunner: End *****
Run time: 00:09:04 (544.41 sec), executed benchmarks: 22

Global total time: 00:11:40 (700.41 sec), executed benchmarks: 40
// * Artifacts cleanup *
Artifacts cleanup is finished
